hour,request_count,total_tokens,input_tokens,output_tokens,estimated_cost,success_rate,error_rate,rate_limit_rate,server_error_rate,p50_latency_ms,p95_latency_ms,p99_latency_ms,p95_first_token_latency_ms,queue_p95_ms,active_customers,active_keys,distinct_ips,safety_hit_rate,retry_rate,cache_hit_rate,fallback_rate,reasoning_tokens,tokens_per_request,output_input_ratio,cost_per_request,cost_per_success,reasoning_token_share
2026-04-23 00:00:00,26,18249,12934,5315,0.0219,100.0,0.0,0.0,0.0,6455.5,7656.25,7721.0,6705.0,138.0,10,16,21,0.0,0.0,19.2308,0.0,882,701.8846,0.4109,0.0008,0.0008,16.5945
2026-04-23 01:00:00,24,13624,8715,4909,0.0163,95.8333,4.1667,0.0,0.0,6571.5,10113.75,10544.57,9491.45,128.85,10,17,15,0.0,8.3333,20.8333,0.0,887,567.6667,0.5633,0.0007,0.0007,18.0689
2026-04-23 02:00:00,22,15572,10439,5133,0.0193,100.0,0.0,0.0,0.0,6890.5,10466.65,11529.35,9638.25,156.9,9,18,15,4.5455,0.0,22.7273,0.0,701,707.8182,0.4917,0.0009,0.0009,13.6567
2026-04-23 03:00:00,20,14833,10953,3880,0.0188,100.0,0.0,0.0,0.0,6576.0,7832.7,8420.94,7269.35,149.85,9,13,16,0.0,5.0,15.0,0.0,803,741.65,0.3542,0.0009,0.0009,20.6959
2026-04-23 04:00:00,20,11856,7858,3998,0.0142,95.0,5.0,0.0,0.0,6743.5,10727.7,10875.14,9953.05,151.25,10,15,12,0.0,0.0,20.0,0.0,733,592.8,0.5088,0.0007,0.0007,18.3342
2026-04-23 05:00:00,30,20684,14267,6417,0.0248,100.0,0.0,0.0,0.0,6628.0,8529.0,9418.47,8142.8,171.9,9,18,16,0.0,0.0,13.3333,0.0,994,689.4667,0.4498,0.0008,0.0008,15.4901
2026-04-23 06:00:00,75,54712,40774,13938,0.0687,94.6667,5.3333,2.6667,2.6667,6630.0,9740.6,10339.28,8792.3,156.1,10,23,31,1.3333,2.6667,16.0,0.0,2151,729.4933,0.3418,0.0009,0.001,15.4326
2026-04-23 07:00:00,76,53551,39110,14441,0.0704,98.6842,1.3158,0.0,0.0,6514.0,9377.75,9950.5,8938.25,145.0,10,28,34,0.0,3.9474,26.3158,0.0,2398,704.6184,0.3692,0.0009,0.0009,16.6055
2026-04-23 08:00:00,72,51423,36994,14429,0.0636,91.6667,8.3333,0.0,5.5556,6546.5,8353.65,9677.0,7421.5,148.85,9,26,29,0.0,5.5556,23.6111,0.0,2269,714.2083,0.39,0.0009,0.001,15.7253
2026-04-23 09:00:00,113,69258,48348,20910,0.085,99.115,0.885,0.0,0.0,6519.0,9592.0,10096.72,8978.2,143.2,9,26,34,0.0,6.1947,15.9292,0.0,3374,612.9027,0.4325,0.0008,0.0008,16.1358
2026-04-23 10:00:00,135,97331,67157,30174,0.1223,95.5556,4.4444,0.0,2.963,6708.0,8744.3,10698.94,7561.9,169.6,10,30,40,0.7407,8.1481,21.4815,0.7407,4708,720.9704,0.4493,0.0009,0.0009,15.6028
2026-04-23 11:00:00,101,67413,48319,19094,0.084,94.0594,5.9406,0.9901,2.9703,6534.0,8427.0,10547.0,7842.0,140.0,10,30,37,0.9901,1.9802,18.8119,0.0,3029,667.4554,0.3952,0.0008,0.0009,15.8636
2026-04-23 12:00:00,118,85894,60372,25522,0.1101,93.2203,6.7797,1.6949,5.0847,6622.0,8821.9,10844.39,8231.6,157.45,10,29,37,1.6949,5.9322,21.1864,0.0,3755,727.9153,0.4227,0.0009,0.001,14.7128
2026-04-23 13:00:00,96,65107,45784,19323,0.0812,95.8333,4.1667,0.0,3.125,6598.0,8332.25,10075.15,7544.75,174.0,10,25,30,0.0,7.2917,15.625,0.0,2913,678.1979,0.422,0.0008,0.0009,15.0753
2026-04-23 14:00:00,110,70622,48185,22437,0.0873,94.5455,5.4545,0.0,2.7273,6505.5,8956.2,10318.21,7878.6,148.1,10,26,34,0.9091,3.6364,20.0,0.0,3338,642.0182,0.4656,0.0008,0.0008,14.8772
2026-04-23 15:00:00,136,88577,63791,24786,0.1104,95.5882,4.4118,2.9412,0.7353,6510.5,8575.25,9378.55,7866.0,154.25,10,28,32,0.7353,3.6765,18.3824,0.0,3910,651.3015,0.3886,0.0008,0.0008,15.775
2026-04-23 16:00:00,133,92250,66033,26217,0.1154,96.2406,3.7594,2.2556,0.7519,6452.0,8707.2,10848.8,8204.8,170.0,10,30,41,0.0,3.7594,18.0451,0.0,3976,693.609,0.397,0.0009,0.0009,15.1657
2026-04-23 17:00:00,117,78627,54274,24353,0.0973,94.8718,5.1282,1.7094,2.5641,6473.0,8530.2,10749.96,7282.2,146.8,10,27,34,1.7094,5.1282,17.094,0.0,3762,672.0256,0.4487,0.0008,0.0009,15.4478
2026-04-23 18:00:00,80,55926,39850,16076,0.0691,96.25,3.75,0.0,3.75,6449.5,9782.8,10862.8,9363.25,156.15,10,24,29,0.0,1.25,17.5,0.0,2665,699.075,0.4034,0.0009,0.0009,16.5775
2026-04-23 19:00:00,91,60217,42103,18114,0.0742,100.0,0.0,0.0,0.0,6402.0,10088.0,10717.5,9636.0,165.0,10,29,33,0.0,4.3956,12.0879,0.0,2657,661.7253,0.4302,0.0008,0.0008,14.6682
2026-04-23 20:00:00,54,37366,25667,11699,0.046,90.7407,9.2593,0.0,1.8519,6650.0,8892.15,9805.36,8253.55,195.45,10,28,27,3.7037,1.8519,20.3704,0.0,1636,691.963,0.4558,0.0009,0.0009,13.9841
2026-04-23 21:00:00,79,54581,37591,16990,0.0707,93.6709,6.3291,2.5316,1.2658,6543.0,8389.8,9828.0,7688.4,152.8,10,25,33,1.2658,5.0633,15.1899,0.0,2698,690.8987,0.452,0.0009,0.001,15.8799
2026-04-23 22:00:00,33,26969,20867,6102,0.0328,96.9697,3.0303,0.0,3.0303,6616.0,9949.8,11002.16,9446.0,170.4,9,17,21,3.0303,3.0303,12.1212,3.0303,1006,817.2424,0.2924,0.001,0.001,16.4864
2026-04-23 23:00:00,33,22006,15311,6695,0.027,96.9697,3.0303,0.0,3.0303,6922.0,9008.8,9977.68,8203.0,149.2,10,19,20,6.0606,9.0909,21.2121,0.0,936,666.8485,0.4373,0.0008,0.0008,13.9806
2026-04-24 00:00:00,31,22954,16337,6617,0.0311,96.7742,3.2258,0.0,3.2258,6519.0,9157.5,10104.2,8418.5,140.0,7,18,19,0.0,6.4516,16.129,0.0,962,740.4516,0.405,0.001,0.001,14.5383
2026-04-24 01:00:00,34,24145,16770,7375,0.0296,97.0588,2.9412,0.0,2.9412,6656.0,9168.3,12048.42,8293.3,150.5,10,21,20,0.0,5.8824,8.8235,0.0,1110,710.1471,0.4398,0.0009,0.0009,15.0508
2026-04-24 02:00:00,20,12372,8818,3554,0.0172,95.0,5.0,5.0,0.0,6403.5,8892.5,10040.1,8195.9,132.1,8,16,16,0.0,10.0,30.0,0.0,577,618.6,0.403,0.0009,0.0009,16.2352
2026-04-24 03:00:00,25,13850,8273,5577,0.0175,92.0,8.0,0.0,4.0,6746.0,8855.0,9128.56,7538.8,141.2,9,17,17,0.0,8.0,8.0,0.0,747,554.0,0.6741,0.0007,0.0008,13.3943
2026-04-24 04:00:00,17,9831,6216,3615,0.012,100.0,0.0,0.0,0.0,6484.0,8665.4,9117.88,7408.2,192.8,7,12,13,0.0,5.8824,5.8824,0.0,587,578.2941,0.5816,0.0007,0.0007,16.2379
2026-04-24 05:00:00,23,15662,11594,4068,0.0188,95.6522,4.3478,4.3478,0.0,6336.0,7320.9,7789.3,6998.6,114.8,8,17,17,0.0,4.3478,26.087,0.0,620,680.9565,0.3509,0.0008,0.0009,15.2409
2026-04-24 06:00:00,81,58442,41484,16958,0.0776,93.8272,6.1728,0.0,3.7037,6461.0,8667.0,9929.2,7790.0,149.0,9,23,28,0.0,0.0,12.3457,0.0,2834,721.5062,0.4088,0.001,0.001,16.7119
2026-04-24 07:00:00,72,52401,37192,15209,0.0688,97.2222,2.7778,1.3889,0.0,6468.0,8492.85,9785.23,7659.4,172.4,10,24,33,0.0,4.1667,16.6667,0.0,2415,727.7917,0.4089,0.001,0.001,15.8788
2026-04-24 08:00:00,58,43193,29874,13319,0.053,93.1034,6.8966,1.7241,3.4483,6681.0,7967.2,8860.2,6753.4,146.25,10,24,28,0.0,8.6207,32.7586,0.0,2115,744.7069,0.4458,0.0009,0.001,15.8796
2026-04-24 09:00:00,112,74356,50063,24293,0.0939,96.4286,3.5714,0.8929,1.7857,6665.0,8789.5,10072.2,8136.9,135.15,10,29,37,1.7857,6.25,22.3214,0.0,4132,663.8929,0.4852,0.0008,0.0009,17.009
2026-04-24 10:00:00,121,86199,61308,24891,0.1083,96.6942,3.3058,1.6529,0.8264,6490.0,8882.0,11037.2,8134.0,193.0,10,29,38,0.8264,4.1322,18.1818,0.0,3997,712.3884,0.406,0.0009,0.0009,16.058
2026-04-24 11:00:00,118,78936,57304,21632,0.103,98.3051,1.6949,0.0,1.6949,6516.5,9461.0,10534.44,9181.8,178.15,10,29,38,3.3898,5.0847,15.2542,1.6949,3430,668.9492,0.3775,0.0009,0.0009,15.8561
2026-04-24 12:00:00,99,65993,46612,19381,0.0813,93.9394,6.0606,0.0,4.0404,6576.0,9089.6,10156.32,8471.3,193.1,10,26,32,2.0202,3.0303,18.1818,0.0,3283,666.596,0.4158,0.0008,0.0009,16.9393
2026-04-24 13:00:00,131,93669,69329,24340,0.1199,93.1298,6.8702,0.7634,3.8168,6468.0,8189.5,10037.4,7176.0,181.0,10,29,39,3.0534,3.8168,16.7939,0.0,3751,715.0305,0.3511,0.0009,0.001,15.4108
2026-04-24 14:00:00,124,87863,62669,25194,0.1079,94.3548,5.6452,0.8065,1.6129,6594.0,8902.7,9992.09,8393.9,184.85,10,27,37,0.8065,4.0323,14.5161,0.0,3971,708.5726,0.402,0.0009,0.0009,15.7617
2026-04-24 15:00:00,114,77268,53938,23330,0.0974,98.2456,1.7544,0.8772,0.0,6574.0,9557.1,10595.18,9017.15,174.35,10,29,41,1.7544,4.386,22.807,0.0,4001,677.7895,0.4325,0.0009,0.0009,17.1496
2026-04-24 16:00:00,96,66770,47182,19588,0.0864,95.8333,4.1667,0.0,2.0833,6565.5,9419.5,10079.5,8076.5,163.25,10,26,30,2.0833,13.5417,19.7917,0.0,3487,695.5208,0.4152,0.0009,0.0009,17.8017
2026-04-24 17:00:00,131,89629,63423,26206,0.1121,94.6565,5.3435,0.7634,1.5267,6482.0,9081.0,10546.1,7818.5,159.5,10,30,38,1.5267,4.5802,17.5573,0.7634,4316,684.1908,0.4132,0.0009,0.0009,16.4695
2026-04-24 18:00:00,72,47236,31911,15325,0.0577,88.8889,11.1111,6.9444,2.7778,6748.5,10107.75,10353.4,9445.2,144.45,10,24,35,0.0,5.5556,16.6667,0.0,2192,656.0556,0.4802,0.0008,0.0009,14.3034
2026-04-24 19:00:00,85,60525,42475,18050,0.0758,92.9412,7.0588,2.3529,3.5294,6460.0,9682.6,10432.84,9227.2,153.8,10,27,34,0.0,2.3529,11.7647,0.0,2760,712.0588,0.425,0.0009,0.001,15.2909
2026-04-24 20:00:00,67,48820,35023,13797,0.0592,94.0299,5.9701,1.4925,2.9851,6362.0,8915.4,9534.9,7802.2,173.7,10,28,29,0.0,5.9701,14.9254,0.0,2421,728.6567,0.3939,0.0009,0.0009,17.5473
2026-04-24 21:00:00,78,56650,40553,16097,0.072,91.0256,8.9744,2.5641,2.5641,6554.0,8362.0,10012.97,7322.65,165.3,10,26,34,2.5641,2.5641,24.359,1.2821,2578,726.2821,0.3969,0.0009,0.001,16.0154
2026-04-24 22:00:00,52,32258,22153,10105,0.0415,94.2308,5.7692,0.0,3.8462,6409.5,9527.9,10164.01,8494.75,148.8,10,26,25,3.8462,5.7692,19.2308,0.0,1475,620.3462,0.4561,0.0008,0.0008,14.5967
2026-04-24 23:00:00,36,26985,17658,9327,0.0332,97.2222,2.7778,0.0,0.0,6571.5,10134.25,10365.55,9188.0,163.0,10,21,20,0.0,2.7778,27.7778,0.0,1611,749.5833,0.5282,0.0009,0.0009,17.2724
2026-04-25 00:00:00,15,8111,4807,3304,0.0099,100.0,0.0,0.0,0.0,6262.0,8615.9,10202.38,7130.4,105.5,6,12,11,0.0,0.0,20.0,0.0,657,540.7333,0.6873,0.0007,0.0007,19.885
2026-04-25 01:00:00,18,10898,7488,3410,0.0133,100.0,0.0,0.0,0.0,6290.5,7855.3,8387.06,7167.55,209.65,7,11,11,0.0,0.0,27.7778,0.0,561,605.4444,0.4554,0.0007,0.0007,16.4516
2026-04-25 02:00:00,15,11552,8330,3222,0.0143,93.3333,6.6667,0.0,0.0,6941.0,8891.5,9751.1,8109.0,153.9,8,10,13,0.0,6.6667,26.6667,0.0,562,770.1333,0.3868,0.001,0.001,17.4426
2026-04-25 03:00:00,13,7839,5125,2714,0.0098,92.3077,7.6923,7.6923,0.0,6676.0,8514.2,9034.04,7705.6,155.4,8,10,11,0.0,0.0,15.3846,0.0,545,603.0,0.5296,0.0008,0.0008,20.0811
2026-04-25 04:00:00,17,10989,7277,3712,0.0132,100.0,0.0,0.0,0.0,6887.0,10056.2,10194.44,9620.6,137.2,7,12,12,0.0,5.8824,5.8824,0.0,736,646.4118,0.5101,0.0008,0.0008,19.8276
2026-04-25 05:00:00,17,14823,11754,3069,0.0192,100.0,0.0,0.0,0.0,6333.0,7907.6,8072.72,7353.8,166.8,8,12,13,0.0,5.8824,11.7647,0.0,489,871.9412,0.2611,0.0011,0.0011,15.9335
2026-04-25 06:00:00,62,44229,32641,11588,0.055,95.1613,4.8387,1.6129,0.0,6364.5,7887.85,10037.34,6992.9,156.95,10,26,28,0.0,8.0645,19.3548,0.0,1922,713.371,0.355,0.0009,0.0009,16.5861
2026-04-25 07:00:00,64,46030,33466,12564,0.0602,95.3125,4.6875,1.5625,1.5625,6358.0,9089.95,10498.94,8913.05,163.95,10,27,32,1.5625,1.5625,21.875,0.0,1927,719.2188,0.3754,0.0009,0.001,15.3375
2026-04-25 08:00:00,52,37868,26748,11120,0.0502,100.0,0.0,0.0,0.0,6614.0,9258.5,10545.24,8519.45,161.3,10,24,28,1.9231,1.9231,15.3846,0.0,1796,728.2308,0.4157,0.001,0.001,16.1511
2026-04-25 09:00:00,87,60950,44103,16847,0.0771,94.2529,5.7471,2.2989,3.4483,6484.0,8700.8,9795.8,7838.0,173.5,10,27,32,1.1494,3.4483,14.9425,0.0,2449,700.5747,0.382,0.0009,0.0009,14.5367
2026-04-25 10:00:00,88,57457,40904,16553,0.0693,97.7273,2.2727,1.1364,1.1364,6465.0,8723.8,11388.42,8282.75,138.55,10,26,32,0.0,4.5455,12.5,0.0,2827,652.9205,0.4047,0.0008,0.0008,17.0785
2026-04-25 11:00:00,104,77874,57532,20342,0.096,96.1538,3.8462,0.9615,1.9231,6461.5,8787.85,10012.89,8207.85,181.05,10,27,40,0.9615,6.7308,19.2308,0.9615,3513,748.7885,0.3536,0.0009,0.001,17.2697
2026-04-25 12:00:00,97,59035,42383,16652,0.0759,94.8454,5.1546,2.0619,1.0309,6387.0,8093.2,9957.08,7596.8,153.6,10,28,38,1.0309,6.1856,21.6495,0.0,2476,608.6082,0.3929,0.0008,0.0008,14.8691
2026-04-25 13:00:00,90,59871,41702,18169,0.0745,97.7778,2.2222,1.1111,1.1111,6585.5,9428.9,10825.15,7935.15,165.85,10,29,33,1.1111,1.1111,20.0,0.0,2733,665.2333,0.4357,0.0008,0.0008,15.0421
2026-04-25 14:00:00,87,62773,43077,19696,0.0767,97.7011,2.2989,0.0,1.1494,6497.0,8948.4,9680.1,7489.8,140.1,10,28,31,1.1494,3.4483,21.8391,0.0,3187,721.5287,0.4572,0.0009,0.0009,16.181
2026-04-25 15:00:00,78,55796,39132,16664,0.0689,91.0256,8.9744,1.2821,3.8462,6495.5,8396.75,9849.83,7215.25,155.35,10,27,32,1.2821,1.2821,11.5385,0.0,2531,715.3333,0.4258,0.0009,0.001,15.1884
2026-04-25 16:00:00,80,50191,31785,18406,0.0658,95.0,5.0,1.25,2.5,6636.5,9716.25,10064.37,8899.4,218.1,9,25,31,1.25,2.5,23.75,0.0,2867,627.3875,0.5791,0.0008,0.0009,15.5764
2026-04-25 17:00:00,93,62094,44286,17808,0.0778,95.6989,4.3011,2.1505,2.1505,6466.0,10096.6,10984.12,9463.4,155.8,10,28,30,1.0753,10.7527,18.2796,0.0,3074,667.6774,0.4021,0.0008,0.0009,17.2619
2026-04-25 18:00:00,61,44357,31656,12701,0.0552,95.082,4.918,0.0,4.918,6327.0,9186.0,10850.6,9132.0,128.0,9,22,27,0.0,3.2787,19.6721,0.0,2122,727.1639,0.4012,0.0009,0.001,16.7073
2026-04-25 19:00:00,49,30598,21259,9339,0.039,85.7143,14.2857,4.0816,4.0816,6377.0,8048.4,8901.4,7522.6,172.8,10,22,26,2.0408,12.2449,18.3673,0.0,1639,624.449,0.4393,0.0008,0.0009,17.5501
2026-04-25 20:00:00,41,29945,22396,7549,0.0369,100.0,0.0,0.0,0.0,6518.0,8298.0,8887.4,7687.0,160.0,9,18,23,0.0,0.0,14.6341,0.0,1377,730.3659,0.3371,0.0009,0.0009,18.2408
2026-04-25 21:00:00,42,28571,21094,7477,0.036,90.4762,9.5238,2.381,4.7619,6320.0,7673.9,9996.41,6846.55,116.7,9,23,23,0.0,7.1429,14.2857,0.0,1101,680.2619,0.3545,0.0009,0.0009,14.7252
2026-04-25 22:00:00,28,19394,13907,5487,0.0265,92.8571,7.1429,0.0,7.1429,6465.5,7995.35,8260.9,6831.95,211.3,10,18,21,0.0,7.1429,17.8571,0.0,895,692.6429,0.3945,0.0009,0.001,16.3113
2026-04-25 23:00:00,39,24902,17691,7211,0.0337,92.3077,7.6923,2.5641,2.5641,6507.0,8993.6,10482.46,8336.2,146.4,9,18,19,2.5641,0.0,25.641,0.0,1135,638.5128,0.4076,0.0009,0.0009,15.7398
2026-04-26 00:00:00,17,11507,7331,4176,0.0147,100.0,0.0,0.0,0.0,6647.0,7647.4,7741.48,7031.6,74.4,8,12,14,5.8824,0.0,11.7647,0.0,605,676.8824,0.5696,0.0009,0.0009,14.4875
2026-04-26 01:00:00,22,16785,12308,4477,0.0217,100.0,0.0,0.0,0.0,6535.0,7975.95,9210.29,7322.9,113.1,7,12,16,0.0,4.5455,22.7273,0.0,693,762.9545,0.3637,0.001,0.001,15.4791
2026-04-26 02:00:00,23,12923,8632,4291,0.0155,95.6522,4.3478,0.0,0.0,6614.0,8226.8,9088.5,7380.2,203.7,8,17,16,0.0,0.0,13.0435,0.0,750,561.8696,0.4971,0.0007,0.0007,17.4784
2026-04-26 03:00:00,20,12744,8969,3775,0.0158,100.0,0.0,0.0,0.0,6530.0,8239.45,8337.49,7051.25,158.9,8,15,13,5.0,5.0,10.0,0.0,557,637.2,0.4209,0.0008,0.0008,14.755
2026-04-26 04:00:00,22,17163,12778,4385,0.0212,90.9091,9.0909,4.5455,0.0,6551.5,7514.35,7803.82,6798.85,237.65,10,16,16,0.0,0.0,13.6364,4.5455,658,780.1364,0.3432,0.001,0.0011,15.0057
2026-04-26 05:00:00,9,5360,3611,1749,0.0064,88.8889,11.1111,0.0,0.0,6351.0,8680.8,8764.96,7588.4,75.4,5,8,8,0.0,11.1111,55.5556,0.0,262,595.5556,0.4844,0.0007,0.0008,14.98
2026-04-26 06:00:00,53,37898,26021,11877,0.0496,92.4528,7.5472,1.8868,3.7736,6403.0,8775.4,12581.64,7749.4,173.6,10,24,26,1.8868,5.6604,15.0943,0.0,1797,715.0566,0.4564,0.0009,0.001,15.1301
2026-04-26 07:00:00,67,44866,31094,13772,0.0574,92.5373,7.4627,1.4925,1.4925,6639.0,9891.4,10807.18,9029.7,151.1,10,23,24,1.4925,5.9701,23.8806,1.4925,2383,669.6418,0.4429,0.0009,0.0009,17.3032
2026-04-26 08:00:00,54,39880,28507,11373,0.0514,90.7407,9.2593,0.0,5.5556,6406.5,7662.45,9470.86,6836.75,180.25,10,23,26,0.0,9.2593,9.2593,0.0,1828,738.5185,0.399,0.001,0.001,16.0732
2026-04-26 09:00:00,95,70156,49437,20719,0.0884,94.7368,5.2632,1.0526,0.0,6663.0,9291.1,9681.88,7971.5,173.2,10,30,36,3.1579,2.1053,21.0526,0.0,3059,738.4842,0.4191,0.0009,0.001,14.7642
2026-04-26 10:00:00,100,63775,45261,18514,0.0809,97.0,3.0,0.0,1.0,6444.5,8173.65,9182.34,7576.7,151.6,10,28,38,1.0,1.0,22.0,0.0,2815,637.75,0.409,0.0008,0.0008,15.2047
2026-04-26 11:00:00,99,66434,46476,19958,0.0818,92.9293,7.0707,2.0202,5.0505,6468.0,9077.5,11356.36,8442.2,164.6,10,29,38,2.0202,5.0505,16.1616,0.0,3341,671.0505,0.4294,0.0008,0.0009,16.7402
2026-04-26 12:00:00,82,58564,41672,16892,0.0748,97.561,2.439,0.0,2.439,6425.0,8517.15,10068.2,8008.25,153.95,10,27,31,1.2195,8.5366,19.5122,0.0,2749,714.1951,0.4054,0.0009,0.0009,16.274
2026-04-26 13:00:00,82,58077,41298,16779,0.0722,95.122,4.878,1.2195,3.6585,6487.0,8240.55,9179.01,7100.1,149.0,10,24,30,0.0,4.878,17.0732,0.0,2643,708.2561,0.4063,0.0009,0.0009,15.7518
2026-04-26 14:00:00,95,68238,48893,19345,0.0862,95.7895,4.2105,0.0,3.1579,6516.0,8620.7,10262.8,7770.3,151.3,9,25,32,1.0526,3.1579,21.0526,1.0526,3539,718.2947,0.3957,0.0009,0.0009,18.2941
2026-04-26 15:00:00,106,71671,50721,20950,0.092,96.2264,3.7736,0.0,0.9434,6548.0,9145.25,10734.15,8189.0,143.25,10,29,36,0.0,2.8302,19.8113,0.0,3074,676.1415,0.413,0.0009,0.0009,14.673
2026-04-26 16:00:00,86,58855,40479,18376,0.0774,96.5116,3.4884,0.0,0.0,6428.0,7979.75,8636.9,7265.75,170.0,10,27,34,0.0,4.6512,19.7674,0.0,2857,684.3605,0.454,0.0009,0.0009,15.5475
2026-04-26 17:00:00,67,46108,30940,15168,0.0566,94.0299,5.9701,1.4925,1.4925,6750.0,9465.4,10352.88,8256.3,159.0,10,24,31,0.0,2.9851,22.3881,0.0,2428,688.1791,0.4902,0.0008,0.0009,16.0074
2026-04-26 18:00:00,66,45866,32221,13645,0.0599,96.9697,3.0303,3.0303,0.0,6451.0,8593.75,10477.5,8010.25,191.25,10,26,30,1.5152,3.0303,15.1515,0.0,1957,694.9394,0.4235,0.0009,0.0009,14.3422
2026-04-26 19:00:00,67,44340,31370,12970,0.0566,97.0149,2.9851,0.0,2.9851,6281.0,8584.8,10599.3,8026.3,143.5,10,25,28,1.4925,2.9851,13.4328,0.0,2011,661.791,0.4135,0.0008,0.0009,15.505
2026-04-26 20:00:00,56,41789,30048,11741,0.0514,92.8571,7.1429,1.7857,1.7857,6517.0,9108.0,10436.6,7936.25,137.5,10,25,27,0.0,5.3571,26.7857,0.0,1997,746.2321,0.3907,0.0009,0.001,17.0088
2026-04-26 21:00:00,61,36681,24505,12176,0.0461,93.4426,6.5574,1.6393,3.2787,6525.0,8587.0,9735.4,7461.0,143.0,10,24,28,0.0,6.5574,21.3115,0.0,1742,601.3279,0.4969,0.0008,0.0008,14.3068
2026-04-26 22:00:00,22,15767,12131,3636,0.0215,95.4545,4.5455,0.0,4.5455,6481.5,8389.6,9163.4,7921.15,115.15,9,17,15,0.0,0.0,4.5455,0.0,598,716.6818,0.2997,0.001,0.001,16.4466
2026-04-26 23:00:00,33,21547,14659,6888,0.0264,90.9091,9.0909,0.0,6.0606,6530.0,8811.4,10255.88,8010.6,144.8,9,19,22,3.0303,3.0303,18.1818,0.0,1050,652.9394,0.4699,0.0008,0.0009,15.2439
2026-04-27 00:00:00,26,16254,11226,5028,0.0202,96.1538,3.8462,0.0,3.8462,6224.0,8355.25,8981.5,6257.75,140.5,8,16,17,0.0,0.0,26.9231,0.0,802,625.1538,0.4479,0.0008,0.0008,15.9507
2026-04-27 01:00:00,21,12339,8908,3431,0.0148,100.0,0.0,0.0,0.0,6273.0,8000.0,9316.0,7504.0,158.0,9,16,14,0.0,4.7619,9.5238,0.0,586,587.5714,0.3852,0.0007,0.0007,17.0796
2026-04-27 02:00:00,41,27477,19090,8387,0.0372,100.0,0.0,0.0,0.0,6382.0,8126.0,9217.4,7312.0,137.0,10,21,25,0.0,2.439,14.6341,0.0,1404,670.1707,0.4393,0.0009,0.0009,16.7402
2026-04-27 03:00:00,29,20179,13109,7070,0.0275,100.0,0.0,0.0,0.0,6470.0,8804.0,9591.12,7219.0,179.2,8,16,18,3.4483,3.4483,20.6897,0.0,1085,695.8276,0.5393,0.0009,0.0009,15.3465
2026-04-27 04:00:00,19,13883,10318,3565,0.0185,94.7368,5.2632,5.2632,0.0,6243.0,7717.5,8325.9,7252.3,144.2,8,13,11,0.0,0.0,5.2632,0.0,544,730.6842,0.3455,0.001,0.001,15.2595
2026-04-27 05:00:00,27,18398,11588,6810,0.0222,100.0,0.0,0.0,0.0,6792.0,9713.2,10117.08,9079.9,191.5,9,16,14,0.0,7.4074,18.5185,0.0,1048,681.4074,0.5877,0.0008,0.0008,15.3891
2026-04-27 06:00:00,67,42649,29968,12681,0.0534,92.5373,7.4627,0.0,1.4925,6328.0,9996.1,11329.08,9417.4,195.3,10,24,28,5.9701,7.4627,17.9104,0.0,2013,636.5522,0.4232,0.0008,0.0009,15.8741
2026-04-27 07:00:00,69,45112,31287,13825,0.0549,100.0,0.0,0.0,0.0,6517.0,8245.0,10313.08,7001.2,163.2,10,26,28,0.0,1.4493,17.3913,0.0,2228,653.7971,0.4419,0.0008,0.0008,16.1157
2026-04-27 08:00:00,76,50400,36437,13963,0.0622,94.7368,5.2632,1.3158,3.9474,6473.5,8156.5,9646.0,7349.25,149.5,10,27,33,1.3158,1.3158,19.7368,0.0,2223,663.1579,0.3832,0.0008,0.0009,15.9206
2026-04-27 09:00:00,116,84625,61167,23458,0.1058,95.6897,4.3103,1.7241,1.7241,6439.0,8350.0,9927.35,7338.75,183.25,10,27,36,0.0,2.5862,23.2759,0.8621,3485,729.5259,0.3835,0.0009,0.001,14.8563
2026-04-27 10:00:00,126,91542,64041,27501,0.1139,96.8254,3.1746,1.5873,0.0,6478.5,8545.5,10305.25,7395.25,157.0,10,29,36,0.7937,3.1746,18.254,0.0,4408,726.5238,0.4294,0.0009,0.0009,16.0285
2026-04-27 11:00:00,135,94462,65919,28543,0.1186,95.5556,4.4444,0.7407,2.963,6370.0,8588.2,10388.62,7737.6,189.3,10,30,39,2.2222,5.1852,17.037,0.0,4363,699.7185,0.433,0.0009,0.0009,15.2857
2026-04-27 12:00:00,137,92001,63293,28708,0.1146,94.8905,5.1095,0.0,2.9197,6392.0,8475.8,10083.92,7742.2,178.8,10,29,38,1.4599,2.9197,21.1679,0.0,4426,671.5401,0.4536,0.0008,0.0009,15.4173
2026-04-27 13:00:00,152,108257,76448,31809,0.1344,98.6842,1.3158,0.6579,0.0,6423.0,9185.75,9887.5,8318.45,132.3,10,29,40,1.3158,4.6053,21.7105,0.6579,5046,712.2171,0.4161,0.0009,0.0009,15.8634
2026-04-27 14:00:00,137,95718,69590,26128,0.122,94.8905,5.1095,2.9197,1.4599,6456.0,8104.2,9536.96,7194.2,194.6,10,28,40,2.1898,4.3796,16.0584,0.0,4441,698.6715,0.3755,0.0009,0.0009,16.9971
2026-04-27 15:00:00,123,83144,58754,24390,0.1026,95.935,4.065,0.813,1.626,6450.0,9662.1,10829.1,9318.6,161.8,10,28,38,0.813,3.252,21.9512,0.0,4023,675.9675,0.4151,0.0008,0.0009,16.4945
2026-04-27 16:00:00,119,79537,55561,23976,0.0966,89.0756,10.9244,1.6807,5.8824,6541.0,9215.0,10983.48,8787.8,171.8,10,30,40,0.8403,3.3613,17.6471,0.0,3837,668.3782,0.4315,0.0008,0.0009,16.0035
2026-04-27 17:00:00,116,80832,57791,23041,0.1024,93.1034,6.8966,0.8621,2.5862,6384.0,9755.0,10528.8,9102.5,154.0,10,29,36,0.0,4.3103,12.069,0.8621,3825,696.8276,0.3987,0.0009,0.0009,16.6008
2026-04-27 18:00:00,95,64879,45597,19282,0.0801,92.6316,7.3684,2.1053,3.1579,6454.0,7834.1,9215.22,7148.2,130.6,10,28,36,1.0526,2.1053,9.4737,0.0,3289,682.9368,0.4229,0.0008,0.0009,17.0574
2026-04-27 19:00:00,70,46818,34068,12750,0.0573,97.1429,2.8571,0.0,1.4286,6689.5,8741.4,9813.79,7727.1,185.55,10,26,29,0.0,1.4286,25.7143,0.0,2024,668.8286,0.3743,0.0008,0.0008,15.8745
2026-04-27 20:00:00,78,58033,42271,15762,0.0736,94.8718,5.1282,2.5641,1.2821,6568.5,10105.45,11733.74,9485.35,155.6,10,27,33,1.2821,1.2821,16.6667,0.0,2295,744.0128,0.3729,0.0009,0.001,14.5603
2026-04-27 21:00:00,80,50037,33919,16118,0.0607,93.75,6.25,1.25,2.5,6529.0,8133.6,9682.28,7599.85,150.3,10,28,32,0.0,5.0,16.25,0.0,2732,625.4625,0.4752,0.0008,0.0008,16.95
2026-04-27 22:00:00,42,31337,22819,8518,0.0396,97.619,2.381,0.0,2.381,6479.5,8713.75,9601.57,7698.45,156.2,10,22,26,2.381,7.1429,19.0476,0.0,1408,746.119,0.3733,0.0009,0.001,16.5297
2026-04-27 23:00:00,44,31641,21487,10154,0.0395,95.4545,4.5455,2.2727,2.2727,6507.0,7774.55,8210.37,7091.7,187.45,10,21,24,0.0,2.2727,20.4545,0.0,1450,719.1136,0.4726,0.0009,0.0009,14.2801
2026-04-28 00:00:00,22,13459,7880,5579,0.0162,100.0,0.0,0.0,0.0,6525.0,8353.65,8571.03,7319.7,169.05,8,15,12,0.0,0.0,31.8182,0.0,939,611.7727,0.708,0.0007,0.0007,16.831
2026-04-28 01:00:00,16,9461,6564,2897,0.0135,100.0,0.0,0.0,0.0,6009.0,8509.25,9551.45,7501.25,136.5,6,10,12,0.0,12.5,12.5,0.0,523,591.3125,0.4413,0.0008,0.0008,18.0532
2026-04-28 02:00:00,25,17226,11531,5695,0.0212,96.0,4.0,0.0,0.0,6287.0,8570.6,9737.72,7886.6,153.8,9,19,16,0.0,4.0,32.0,0.0,855,689.04,0.4939,0.0008,0.0009,15.0132
2026-04-28 03:00:00,10,5309,3402,1907,0.0064,100.0,0.0,0.0,0.0,6465.0,7800.35,8260.07,7222.8,157.85,7,9,8,0.0,10.0,40.0,0.0,278,530.9,0.5606,0.0006,0.0006,14.5779
2026-04-28 04:00:00,23,13765,9453,4312,0.0171,100.0,0.0,0.0,0.0,6300.0,9021.5,10075.32,8563.5,149.8,8,15,13,0.0,0.0,17.3913,0.0,668,598.4783,0.4562,0.0007,0.0007,15.4917
2026-04-28 05:00:00,30,23031,16545,6486,0.0293,96.6667,3.3333,0.0,3.3333,6457.0,9351.85,10227.98,8325.6,168.45,10,20,19,0.0,6.6667,16.6667,0.0,1049,767.7,0.392,0.001,0.001,16.1733
2026-04-28 06:00:00,91,58983,40250,18733,0.0726,97.8022,2.1978,0.0,1.0989,6355.0,9490.5,11095.7,8570.0,139.0,10,27,36,0.0,2.1978,19.7802,0.0,2966,648.1648,0.4654,0.0008,0.0008,15.833
2026-04-28 07:00:00,91,63134,44492,18642,0.0788,97.8022,2.1978,0.0,2.1978,6487.0,9750.5,10654.3,9067.0,160.5,10,28,31,0.0,3.2967,14.2857,0.0,3173,693.7802,0.419,0.0009,0.0009,17.0207
2026-04-28 08:00:00,64,46115,32254,13861,0.0564,98.4375,1.5625,0.0,1.5625,6283.5,9375.05,10944.93,8902.95,160.75,9,20,27,1.5625,3.125,18.75,0.0,2058,720.5469,0.4297,0.0009,0.0009,14.8474
2026-04-28 09:00:00,102,70082,49794,20288,0.0878,98.0392,1.9608,0.0,1.9608,6436.5,9675.25,10000.98,9477.55,145.9,10,28,34,2.9412,4.902,20.5882,0.0,3383,687.0784,0.4074,0.0009,0.0009,16.6749
2026-04-28 10:00:00,132,89027,62412,26615,0.1107,96.2121,3.7879,0.7576,1.5152,6363.5,8964.9,10349.96,7966.25,154.45,10,27,38,1.5152,4.5455,18.1818,0.0,4150,674.447,0.4264,0.0008,0.0009,15.5927
2026-04-28 11:00:00,151,101395,71174,30221,0.1319,96.6887,3.3113,0.6623,1.3245,6325.0,9475.0,10480.0,9035.0,168.5,10,30,36,1.9868,2.649,13.245,0.0,4735,671.4901,0.4246,0.0009,0.0009,15.6679
2026-04-28 12:00:00,142,107920,79321,28599,0.1384,95.0704,4.9296,0.7042,2.8169,6359.0,7969.3,9190.54,7423.6,158.65,10,30,35,1.4085,2.8169,16.1972,0.7042,4808,760.0,0.3605,0.001,0.001,16.8118
2026-04-28 13:00:00,121,84763,60596,24167,0.1059,96.6942,3.3058,0.8264,0.8264,6409.0,9707.0,10999.8,9313.0,163.0,10,27,37,0.0,6.6116,10.7438,0.8264,3716,700.5207,0.3988,0.0009,0.0009,15.3763
2026-04-28 14:00:00,136,94689,67941,26748,0.1193,97.0588,2.9412,0.0,1.4706,6380.0,8075.75,9583.4,7362.25,129.0,10,29,34,1.4706,7.3529,17.6471,0.0,4298,696.2426,0.3937,0.0009,0.0009,16.0685
2026-04-28 15:00:00,124,89793,62232,27561,0.1128,95.9677,4.0323,1.6129,0.8065,6487.0,8715.3,9530.76,7610.9,155.7,10,29,35,0.8065,4.8387,16.129,0.8065,4448,724.1371,0.4429,0.0009,0.0009,16.1387
2026-04-28 16:00:00,123,91837,66388,25449,0.1204,96.748,3.252,0.813,1.626,6433.0,7863.9,9439.16,7313.5,163.0,10,29,36,1.626,2.439,19.5122,0.0,4225,746.6423,0.3833,0.001,0.001,16.6018
2026-04-28 17:00:00,132,93550,66035,27515,0.1168,93.9394,6.0606,1.5152,2.2727,6394.0,8861.8,9898.8,8168.85,155.25,10,27,37,0.0,4.5455,23.4848,0.0,4338,708.7121,0.4167,0.0009,0.0009,15.7659
2026-04-28 18:00:00,75,52919,35465,17454,0.0671,93.3333,6.6667,0.0,2.6667,6604.0,10163.3,11177.26,9192.0,142.9,10,27,27,0.0,1.3333,14.6667,0.0,2804,705.5867,0.4921,0.0009,0.001,16.0651
2026-04-28 19:00:00,83,55349,37155,18194,0.0674,97.5904,2.4096,1.2048,1.2048,6520.0,8728.5,10226.08,8439.2,220.4,10,26,35,0.0,1.2048,19.2771,0.0,2962,666.8554,0.4897,0.0008,0.0008,16.2801
2026-04-28 20:00:00,72,48678,34311,14367,0.0617,95.8333,4.1667,1.3889,1.3889,6315.5,7428.65,8522.95,7036.85,143.3,10,23,30,0.0,2.7778,11.1111,0.0,2309,676.0833,0.4187,0.0009,0.0009,16.0716
2026-04-28 21:00:00,80,56107,38656,17451,0.0679,95.0,5.0,0.0,2.5,6460.0,9877.85,10694.61,8845.85,142.5,10,28,36,0.0,1.25,15.0,0.0,3034,701.3375,0.4514,0.0008,0.0009,17.3858
2026-04-28 22:00:00,34,25018,18010,7008,0.0345,97.0588,2.9412,0.0,2.9412,6408.0,8908.5,9842.27,7909.65,169.4,8,20,18,0.0,11.7647,20.5882,0.0,1163,735.8235,0.3891,0.001,0.001,16.5953
2026-04-28 23:00:00,47,31627,21534,10093,0.0385,93.617,6.383,0.0,4.2553,6331.0,10352.4,11162.7,9566.7,101.0,9,21,24,0.0,4.2553,23.4043,0.0,1562,672.9149,0.4687,0.0008,0.0009,15.4761
2026-04-29 00:00:00,27,22886,17415,5471,0.0275,92.5926,7.4074,7.4074,0.0,6294.0,8054.3,9639.14,7568.3,173.8,10,18,19,0.0,3.7037,14.8148,0.0,965,847.6296,0.3142,0.001,0.0011,17.6385
2026-04-29 01:00:00,29,19998,13503,6495,0.0245,93.1034,6.8966,3.4483,0.0,6577.0,9905.2,10093.92,8951.6,124.0,10,22,20,0.0,3.4483,24.1379,0.0,1026,689.5862,0.481,0.0008,0.0009,15.7968
2026-04-29 02:00:00,19,12563,8674,3889,0.0154,94.7368,5.2632,0.0,0.0,6515.0,8440.9,9448.18,7840.1,152.1,8,14,15,0.0,0.0,21.0526,0.0,630,661.2105,0.4484,0.0008,0.0009,16.1995
2026-04-29 03:00:00,21,15179,10056,5123,0.0196,95.2381,4.7619,0.0,4.7619,6324.0,7695.0,9599.0,7349.0,90.0,7,16,18,4.7619,4.7619,19.0476,0.0,712,722.8095,0.5094,0.0009,0.001,13.8981
2026-04-29 04:00:00,35,26967,19452,7515,0.0344,100.0,0.0,0.0,0.0,6423.0,7824.4,9394.4,7088.6,186.5,9,20,17,0.0,5.7143,14.2857,0.0,1212,770.4857,0.3863,0.001,0.001,16.1277
2026-04-29 05:00:00,34,22330,16164,6166,0.0276,97.0588,2.9412,0.0,2.9412,6391.0,8717.9,9577.67,7904.0,181.6,9,19,20,0.0,2.9412,11.7647,0.0,1161,656.7647,0.3815,0.0008,0.0008,18.8291
2026-04-29 06:00:00,80,49386,34898,14488,0.061,93.75,6.25,2.5,1.25,6256.5,8064.25,9375.54,7022.5,161.05,10,27,34,1.25,6.25,16.25,0.0,2209,617.325,0.4152,0.0008,0.0008,15.2471
2026-04-29 07:00:00,82,54418,37704,16714,0.0693,95.122,4.878,0.0,3.6585,6358.5,8249.0,9958.49,7782.55,163.85,10,27,31,0.0,4.878,12.1951,0.0,2351,663.6341,0.4433,0.0008,0.0009,14.0661
2026-04-29 08:00:00,75,52579,36340,16239,0.0647,96.0,4.0,0.0,2.6667,6347.0,8028.3,9492.62,7158.8,208.7,9,27,32,1.3333,1.3333,12.0,0.0,2300,701.0533,0.4469,0.0009,0.0009,14.1634
2026-04-29 09:00:00,140,94277,66777,27500,0.1219,99.2857,0.7143,0.7143,0.0,6255.0,9139.5,10154.55,9024.5,183.35,10,30,44,0.0,3.5714,17.8571,0.0,4308,673.4071,0.4118,0.0009,0.0009,15.6655
2026-04-29 10:00:00,129,89326,64980,24346,0.1152,96.8992,3.1008,1.5504,1.5504,6314.0,9168.6,10828.36,8952.6,142.4,10,30,37,2.3256,3.1008,14.7287,0.7752,3845,692.4496,0.3747,0.0009,0.0009,15.7931
2026-04-29 11:00:00,123,85844,62344,23500,0.1084,94.3089,5.6911,1.626,3.252,6409.0,7712.4,10159.44,7286.4,140.0,10,30,37,2.439,8.9431,15.4472,0.813,3537,697.9187,0.3769,0.0009,0.0009,15.0511
2026-04-29 12:00:00,133,93419,63888,29531,0.1154,94.7368,5.2632,1.5038,0.7519,6318.0,8566.6,9920.12,7844.2,168.8,10,29,39,0.0,5.2632,15.7895,0.0,4630,702.3985,0.4622,0.0009,0.0009,15.6784
2026-04-29 13:00:00,139,92829,62461,30368,0.1139,97.8417,2.1583,1.4388,0.7194,6382.0,8998.6,9890.52,8292.5,151.0,10,27,38,2.1583,5.036,17.2662,0.0,4929,667.8345,0.4862,0.0008,0.0008,16.2309
2026-04-29 14:00:00,112,77809,54862,22947,0.0979,92.8571,7.1429,1.7857,3.5714,6500.5,9255.4,10514.21,9211.9,162.0,10,28,39,0.8929,4.4643,19.6429,0.0,3752,694.7232,0.4183,0.0009,0.0009,16.3507
2026-04-29 15:00:00,153,101237,70922,30315,0.1257,93.4641,6.5359,1.3072,2.6144,6341.0,9439.0,10593.92,8965.8,150.0,10,30,37,0.6536,4.5752,22.8758,0.0,4658,661.6797,0.4274,0.0008,0.0009,15.3653
2026-04-29 16:00:00,118,78010,52488,25522,0.0949,94.0678,5.9322,0.0,1.6949,6449.5,8484.5,10157.86,8209.7,143.45,10,29,40,0.0,1.6949,20.339,0.0,3704,661.1017,0.4862,0.0008,0.0009,14.513
2026-04-29 17:00:00,141,102596,73979,28617,0.1291,95.7447,4.2553,0.0,2.8369,6378.0,8870.0,9900.4,7658.0,170.0,10,29,36,0.0,2.8369,14.8936,0.0,4538,727.6312,0.3868,0.0009,0.001,15.8577
2026-04-29 18:00:00,84,59947,43455,16492,0.0779,88.0952,11.9048,1.1905,5.9524,6355.5,8169.35,10154.57,7333.9,127.25,10,27,30,3.5714,5.9524,15.4762,0.0,2511,713.6548,0.3795,0.0009,0.0011,15.2256
2026-04-29 19:00:00,75,48270,32952,15318,0.0598,97.3333,2.6667,0.0,2.6667,6509.0,10034.6,10432.08,9365.2,136.3,10,25,31,1.3333,5.3333,14.6667,0.0,2367,643.6,0.4649,0.0008,0.0008,15.4524
2026-04-29 20:00:00,71,52918,36048,16870,0.0671,95.7746,4.2254,0.0,1.4085,6486.0,9174.5,10180.6,8813.0,165.0,10,27,30,1.4085,1.4085,14.0845,0.0,3052,745.3239,0.468,0.0009,0.001,18.0913
2026-04-29 21:00:00,72,47983,34708,13275,0.0595,97.2222,2.7778,1.3889,1.3889,6326.5,9534.5,10349.35,8880.35,164.3,10,25,30,1.3889,0.0,12.5,0.0,1770,666.4306,0.3825,0.0008,0.0009,13.3333
2026-04-29 22:00:00,42,28282,20301,7981,0.0368,95.2381,4.7619,2.381,0.0,6337.0,7121.4,9544.97,6981.95,158.6,9,20,20,2.381,4.7619,21.4286,0.0,1197,673.381,0.3931,0.0009,0.0009,14.9981
2026-04-29 23:00:00,49,42264,29765,12499,0.0526,97.9592,2.0408,2.0408,0.0,6437.0,8527.2,10280.32,7853.4,186.8,10,24,26,2.0408,8.1633,18.3673,0.0,1725,862.5306,0.4199,0.0011,0.0011,13.8011
2026-04-30 00:00:00,21,15077,11051,4026,0.0206,95.2381,4.7619,0.0,0.0,6132.0,8102.0,9071.6,7732.0,117.0,10,14,17,0.0,4.7619,19.0476,0.0,726,717.9524,0.3643,0.001,0.001,18.0328
2026-04-30 01:00:00,27,20268,14929,5339,0.0252,92.5926,7.4074,0.0,3.7037,6197.0,8812.3,9653.6,8503.9,194.6,9,16,16,0.0,3.7037,7.4074,0.0,766,750.6667,0.3576,0.0009,0.001,14.3473
2026-04-30 02:00:00,24,16636,11635,5001,0.0212,91.6667,8.3333,4.1667,0.0,6328.5,7838.45,9737.66,6909.4,165.1,9,19,16,4.1667,4.1667,20.8333,0.0,737,693.1667,0.4298,0.0009,0.001,14.7371
2026-04-30 03:00:00,34,22915,16321,6594,0.0281,97.0588,2.9412,2.9412,0.0,6359.0,8616.05,9494.23,8314.25,162.35,10,19,23,0.0,0.0,11.7647,0.0,1117,673.9706,0.404,0.0008,0.0009,16.9396
2026-04-30 04:00:00,21,12652,9207,3445,0.0163,100.0,0.0,0.0,0.0,6282.0,7307.0,7619.8,6843.0,166.0,7,13,11,0.0,4.7619,23.8095,0.0,596,602.4762,0.3742,0.0008,0.0008,17.3004
2026-04-30 05:00:00,21,14635,10522,4113,0.0186,80.9524,19.0476,4.7619,9.5238,6469.0,8026.0,9038.8,7518.0,96.0,9,13,15,0.0,9.5238,23.8095,0.0,693,696.9048,0.3909,0.0009,0.0011,16.849
2026-04-30 06:00:00,58,36243,24569,11674,0.0448,94.8276,5.1724,0.0,3.4483,6367.5,8484.85,8914.59,7496.55,112.3,8,19,21,0.0,3.4483,15.5172,0.0,1708,624.8793,0.4752,0.0008,0.0008,14.6308
2026-04-30 07:00:00,72,46523,31577,14946,0.0604,97.2222,2.7778,0.0,2.7778,6348.5,9276.5,9848.82,8686.2,154.5,10,24,29,1.3889,5.5556,29.1667,0.0,2166,646.1528,0.4733,0.0008,0.0009,14.4922
2026-04-30 08:00:00,68,44967,29323,15644,0.0561,91.1765,8.8235,1.4706,5.8824,6310.5,8046.05,10565.25,7465.45,164.2,10,27,31,0.0,1.4706,11.7647,1.4706,2646,661.2794,0.5335,0.0008,0.0009,16.9138
2026-04-30 09:00:00,132,91710,65253,26457,0.1154,95.4545,4.5455,1.5152,0.7576,6390.0,8501.65,10408.32,8168.8,172.6,10,30,38,0.7576,4.5455,20.4545,0.0,4005,694.7727,0.4055,0.0009,0.0009,15.1378
2026-04-30 10:00:00,124,81100,54506,26594,0.1018,92.7419,7.2581,1.6129,1.6129,6375.5,8859.3,10028.97,8154.9,141.4,10,29,41,1.6129,8.0645,22.5806,0.0,4109,654.0323,0.4879,0.0008,0.0009,15.4509
2026-04-30 11:00:00,101,73307,54600,18707,0.0933,99.0099,0.9901,0.9901,0.0,6367.0,8861.0,9987.0,7928.0,152.0,10,29,33,0.9901,0.9901,16.8317,0.0,2925,725.8119,0.3426,0.0009,0.0009,15.6359
2026-04-30 12:00:00,107,71106,50697,20409,0.0883,93.4579,6.5421,2.8037,2.8037,6354.0,8838.7,9545.62,8232.5,153.7,10,28,38,2.8037,4.6729,21.4953,0.9346,3118,664.5421,0.4026,0.0008,0.0009,15.2776
2026-04-30 13:00:00,112,77298,54570,22728,0.0945,94.6429,5.3571,0.8929,3.5714,6401.0,8933.7,10491.7,7883.6,193.9,10,29,33,2.6786,4.4643,18.75,0.0,3598,690.1607,0.4165,0.0008,0.0009,15.8307
2026-04-30 14:00:00,120,83422,59604,23818,0.1041,92.5,7.5,4.1667,2.5,6360.5,8952.7,9575.68,8788.2,149.1,10,28,36,2.5,2.5,14.1667,0.0,3841,695.1833,0.3996,0.0009,0.0009,16.1265
2026-04-30 15:00:00,87,56693,38993,17700,0.0745,97.7011,2.2989,0.0,1.1494,6264.0,8269.3,10676.1,7671.4,138.1,10,27,31,1.1494,1.1494,18.3908,0.0,2882,651.6437,0.4539,0.0009,0.0009,16.2825
2026-04-30 16:00:00,131,87425,58128,29297,0.1085,95.4198,4.5802,0.7634,2.2901,6311.0,9577.0,10590.6,8599.0,177.5,10,30,33,0.7634,3.8168,17.5573,0.0,4849,667.3664,0.504,0.0008,0.0009,16.5512
2026-04-30 17:00:00,116,72538,51885,20653,0.0926,93.1034,6.8966,0.8621,1.7241,6293.5,9149.0,10284.7,8694.0,161.75,10,30,36,0.8621,5.1724,18.1034,0.0,3214,625.3276,0.3981,0.0008,0.0009,15.5619
2026-04-30 18:00:00,67,43531,30854,12677,0.0562,97.0149,2.9851,1.4925,0.0,6232.0,7669.4,8279.18,6877.6,173.0,9,24,30,0.0,2.9851,17.9104,0.0,2041,649.7164,0.4109,0.0008,0.0009,16.1
2026-04-30 19:00:00,74,50563,36169,14394,0.0638,95.9459,4.0541,2.7027,0.0,6272.0,8343.3,9866.18,7711.8,157.35,10,25,29,1.3514,2.7027,16.2162,0.0,2449,683.2838,0.398,0.0009,0.0009,17.014
2026-04-30 20:00:00,70,50960,37655,13305,0.0636,97.1429,2.8571,0.0,1.4286,6283.5,9279.5,10504.88,9049.4,174.95,10,26,33,0.0,8.5714,12.8571,0.0,2095,728.0,0.3533,0.0009,0.0009,15.746
2026-04-30 21:00:00,85,62593,44750,17843,0.0787,97.6471,2.3529,0.0,1.1765,6262.0,9131.2,10031.16,8705.2,133.6,10,28,31,2.3529,2.3529,21.1765,0.0,2756,736.3882,0.3987,0.0009,0.0009,15.4458
2026-04-30 22:00:00,31,18423,12394,6029,0.0243,100.0,0.0,0.0,0.0,6247.0,7362.5,8823.1,7227.5,167.0,8,17,16,0.0,0.0,12.9032,0.0,984,594.2903,0.4864,0.0008,0.0008,16.3211
2026-04-30 23:00:00,32,18829,12546,6283,0.024,96.875,3.125,0.0,3.125,6387.0,9199.35,9886.22,8957.2,108.75,7,16,17,3.125,0.0,12.5,0.0,979,588.4062,0.5008,0.0008,0.0008,15.5817
2026-05-01 00:00:00,19,12924,9438,3486,0.0163,89.4737,10.5263,10.5263,0.0,6188.0,7547.8,8655.16,7145.5,129.7,10,13,12,0.0,10.5263,5.2632,0.0,583,680.2105,0.3694,0.0009,0.001,16.724
2026-05-01 01:00:00,14,11499,8830,2669,0.0138,85.7143,14.2857,0.0,7.1429,6194.5,7990.45,9429.29,7569.45,129.0,7,12,12,0.0,0.0,0.0,0.0,507,821.3571,0.3023,0.001,0.0011,18.9959
2026-05-01 02:00:00,18,15082,10754,4328,0.0186,94.4444,5.5556,0.0,0.0,6169.5,9417.0,9838.6,7940.3,97.35,7,14,13,0.0,11.1111,5.5556,0.0,706,837.8889,0.4025,0.001,0.0011,16.3124
2026-05-01 03:00:00,28,19176,13005,6171,0.0239,96.4286,3.5714,0.0,0.0,6421.5,7784.6,9577.17,6987.0,159.05,10,19,19,0.0,3.5714,17.8571,0.0,944,684.8571,0.4745,0.0009,0.0009,15.2974
2026-05-01 04:00:00,22,15692,10469,5223,0.0196,95.4545,4.5455,0.0,4.5455,6388.0,8063.7,8243.32,6998.55,148.55,8,15,13,0.0,4.5455,18.1818,0.0,878,713.2727,0.4989,0.0009,0.0009,16.8103
2026-05-01 05:00:00,18,14021,9194,4827,0.0183,100.0,0.0,0.0,0.0,6466.0,8859.9,9734.38,7969.7,106.3,8,13,16,5.5556,11.1111,27.7778,0.0,643,778.9444,0.525,0.001,0.001,13.3209
2026-05-01 06:00:00,59,40479,29001,11478,0.051,94.9153,5.0847,0.0,1.6949,6350.0,9357.8,9985.58,9009.7,227.1,10,25,26,1.6949,0.0,11.8644,0.0,1843,686.0847,0.3958,0.0009,0.0009,16.0568
2026-05-01 07:00:00,50,30963,22311,8652,0.0417,98.0,2.0,0.0,2.0,6236.5,8569.15,9196.01,8514.4,120.0,8,20,22,2.0,2.0,26.0,0.0,1360,619.26,0.3878,0.0008,0.0009,15.7189
2026-05-01 08:00:00,67,46058,33657,12401,0.0564,92.5373,7.4627,1.4925,2.9851,6234.0,8214.7,8906.2,7401.6,151.8,10,27,29,0.0,5.9701,25.3731,1.4925,1866,687.4328,0.3685,0.0008,0.0009,15.0472
2026-05-01 09:00:00,105,73912,52334,21578,0.0914,95.2381,4.7619,2.8571,0.0,6290.0,7747.8,10059.36,7067.4,210.8,10,26,35,2.8571,5.7143,22.8571,0.0,3659,703.9238,0.4123,0.0009,0.0009,16.9571
2026-05-01 10:00:00,124,88537,60315,28222,0.1106,96.7742,3.2258,0.8065,0.8065,6444.5,7852.55,8440.25,6942.8,156.55,10,29,38,0.8065,3.2258,20.1613,0.0,4453,714.0081,0.4679,0.0009,0.0009,15.7785
2026-05-01 11:00:00,91,60543,42205,18338,0.0757,96.7033,3.2967,0.0,1.0989,6163.0,7582.0,9648.5,7311.5,160.5,10,28,30,0.0,4.3956,14.2857,0.0,2806,665.3077,0.4345,0.0008,0.0009,15.3016
2026-05-01 12:00:00,101,69174,49010,20164,0.0875,96.0396,3.9604,0.9901,0.9901,6229.0,8402.0,9653.0,7676.0,161.0,10,25,34,1.9802,3.9604,23.7624,0.0,3444,684.8911,0.4114,0.0009,0.0009,17.0799
2026-05-01 13:00:00,95,66794,46423,20371,0.085,95.7895,4.2105,1.0526,1.0526,6278.0,9436.2,10754.1,8972.4,156.3,10,28,30,0.0,7.3684,13.6842,0.0,2948,703.0947,0.4388,0.0009,0.0009,14.4716
2026-05-01 14:00:00,111,75419,52231,23188,0.0942,91.8919,8.1081,0.0,6.3063,6321.0,8004.0,10060.7,7663.5,155.5,10,28,35,3.6036,4.5045,19.8198,0.0,3385,679.4505,0.444,0.0008,0.0009,14.5981
2026-05-01 15:00:00,101,65483,46476,19007,0.083,99.0099,0.9901,0.0,0.9901,6435.0,9468.0,10390.0,9057.0,147.0,10,25,30,0.9901,1.9802,15.8416,0.0,3254,648.3465,0.409,0.0008,0.0008,17.12
2026-05-01 16:00:00,104,72785,52592,20193,0.0894,95.1923,4.8077,0.9615,2.8846,6309.0,9064.3,9701.31,8849.35,131.55,10,27,35,1.9231,3.8462,18.2692,0.0,3287,699.8558,0.384,0.0009,0.0009,16.2779
2026-05-01 17:00:00,91,65402,46470,18932,0.0802,96.7033,3.2967,0.0,0.0,6396.0,8489.5,10333.0,8271.0,146.5,10,29,36,1.0989,4.3956,20.8791,0.0,3028,718.7033,0.4074,0.0009,0.0009,15.9941
2026-05-01 18:00:00,68,44831,31344,13487,0.0556,100.0,0.0,0.0,0.0,6201.5,8183.55,9438.17,7405.0,175.35,10,26,31,1.4706,4.4118,14.7059,0.0,1925,659.2794,0.4303,0.0008,0.0008,14.273
2026-05-01 19:00:00,67,38302,25775,12527,0.0479,100.0,0.0,0.0,0.0,6234.0,8345.4,9614.6,7629.4,140.2,9,23,26,1.4925,4.4776,11.9403,0.0,1906,571.6716,0.486,0.0007,0.0007,15.2151
2026-05-01 20:00:00,48,34104,22953,11151,0.0414,97.9167,2.0833,2.0833,0.0,6448.5,8148.6,9331.26,7373.0,176.05,9,21,22,0.0,10.4167,20.8333,0.0,1915,710.5,0.4858,0.0009,0.0009,17.1733
2026-05-01 21:00:00,62,41893,29296,12597,0.056,98.3871,1.6129,0.0,1.6129,6187.5,8448.25,9536.74,7753.75,181.4,10,25,31,0.0,1.6129,12.9032,0.0,1964,675.6935,0.43,0.0009,0.0009,15.591
2026-05-01 22:00:00,28,16349,11011,5338,0.0206,92.8571,7.1429,3.5714,3.5714,6342.5,8785.9,9520.64,8755.9,147.25,10,18,18,3.5714,3.5714,10.7143,0.0,900,583.8929,0.4848,0.0007,0.0008,16.8602
2026-05-01 23:00:00,26,16835,12303,4532,0.0213,96.1538,3.8462,0.0,0.0,6235.5,7132.0,7499.5,6230.75,128.75,10,20,16,3.8462,7.6923,26.9231,0.0,639,647.5,0.3684,0.0008,0.0009,14.0997
2026-05-02 00:00:00,11,6529,4287,2242,0.0088,90.9091,9.0909,9.0909,0.0,4315.0,6315.5,6498.3,6285.5,105.5,7,11,10,0.0,18.1818,9.0909,0.0,348,593.5455,0.523,0.0008,0.0009,15.5219
2026-05-02 01:00:00,14,8535,5789,2746,0.011,92.8571,7.1429,0.0,7.1429,4506.0,4863.6,4871.92,4797.45,106.85,7,9,11,0.0,7.1429,14.2857,0.0,417,609.6429,0.4743,0.0008,0.0008,15.1857
2026-05-02 02:00:00,11,7883,5925,1958,0.0101,100.0,0.0,0.0,0.0,4410.0,6212.0,6593.6,6182.0,198.5,5,7,9,0.0,0.0,27.2727,0.0,305,716.6364,0.3305,0.0009,0.0009,15.5771
2026-05-02 03:00:00,12,8081,5259,2822,0.0097,100.0,0.0,0.0,0.0,4634.0,5012.35,5048.87,4763.75,175.05,8,11,11,0.0,0.0,25.0,0.0,414,673.4167,0.5366,0.0008,0.0008,14.6704
2026-05-02 04:00:00,15,12639,8275,4364,0.0169,93.3333,6.6667,0.0,6.6667,4770.0,5852.9,5871.38,4751.6,148.5,8,12,12,0.0,0.0,0.0,0.0,824,842.6,0.5274,0.0011,0.0012,18.8818
2026-05-02 05:00:00,21,13192,8855,4337,0.016,100.0,0.0,0.0,0.0,4591.0,4868.0,5268.8,4763.0,237.0,8,14,14,0.0,0.0,14.2857,0.0,616,628.1905,0.4898,0.0008,0.0008,14.2034
2026-05-02 06:00:00,48,32181,21933,10248,0.0397,89.5833,10.4167,0.0,10.4167,4716.0,5969.85,7096.72,5903.45,175.85,9,19,22,0.0,6.25,25.0,0.0,1558,670.4375,0.4672,0.0008,0.0009,15.203
2026-05-02 07:00:00,47,35244,25368,9876,0.0435,87.234,12.766,4.2553,8.5106,4589.0,5562.4,6049.12,5171.0,191.1,10,22,26,0.0,6.383,14.8936,0.0,1648,749.8723,0.3893,0.0009,0.0011,16.6869
2026-05-02 08:00:00,42,28618,19647,8971,0.0349,88.0952,11.9048,0.0,4.7619,4604.5,5119.5,5788.48,4738.65,174.9,10,25,21,0.0,11.9048,21.4286,0.0,1562,681.381,0.4566,0.0008,0.0009,17.4117
2026-05-02 09:00:00,58,40803,27711,13092,0.0502,94.8276,5.1724,3.4483,1.7241,4567.5,5842.25,6407.57,5668.35,148.6,10,23,25,1.7241,6.8966,18.9655,0.0,1989,703.5,0.4724,0.0009,0.0009,15.1925
2026-05-02 10:00:00,57,35615,24614,11001,0.0438,94.7368,5.2632,3.5088,0.0,4553.0,5811.4,7033.16,5781.4,143.6,9,24,24,1.7544,1.7544,22.807,0.0,1748,624.8246,0.4469,0.0008,0.0008,15.8895
2026-05-02 11:00:00,76,51884,37461,14423,0.0642,89.4737,10.5263,1.3158,6.5789,4547.0,5234.0,6160.75,5192.5,195.75,10,28,24,0.0,6.5789,22.3684,0.0,2305,682.6842,0.385,0.0008,0.0009,15.9814
2026-05-02 12:00:00,72,44879,29487,15392,0.0565,93.0556,6.9444,0.0,4.1667,4547.5,5676.7,6965.73,5483.1,201.8,10,23,25,0.0,1.3889,16.6667,0.0,2581,623.3194,0.522,0.0008,0.0008,16.7685
2026-05-02 13:00:00,58,35431,23821,11610,0.0445,86.2069,13.7931,3.4483,6.8966,4598.5,5940.0,6971.33,5484.15,153.9,10,27,28,0.0,3.4483,20.6897,0.0,1915,610.8793,0.4874,0.0008,0.0009,16.4944
2026-05-02 14:00:00,70,48621,35189,13432,0.0637,90.0,10.0,2.8571,4.2857,4493.5,5896.85,6543.59,5417.6,170.55,10,26,26,0.0,5.7143,27.1429,0.0,2407,694.5857,0.3817,0.0009,0.001,17.9199
2026-05-02 15:00:00,58,42738,30817,11921,0.0513,86.2069,13.7931,1.7241,10.3448,4510.0,6068.5,6783.92,5913.55,156.3,10,28,28,0.0,8.6207,18.9655,0.0,1894,736.8621,0.3868,0.0009,0.001,15.8879
2026-05-02 16:00:00,80,53137,37749,15388,0.0681,95.0,5.0,0.0,2.5,4556.5,6381.1,7429.05,6287.5,141.65,10,28,34,1.25,6.25,31.25,0.0,2528,664.2125,0.4076,0.0009,0.0009,16.4284
2026-05-02 17:00:00,59,39776,27738,12038,0.0494,89.8305,10.1695,5.0847,1.6949,4573.0,6276.0,6747.08,6246.0,164.4,9,21,27,3.3898,3.3898,18.6441,0.0,1747,674.1695,0.434,0.0008,0.0009,14.5124
2026-05-02 18:00:00,37,21381,14907,6474,0.027,91.8919,8.1081,0.0,5.4054,4459.0,5205.2,5654.8,4842.0,155.8,10,21,24,2.7027,5.4054,27.027,0.0,1043,577.8649,0.4343,0.0007,0.0008,16.1106
2026-05-02 19:00:00,40,28778,20993,7785,0.0381,92.5,7.5,5.0,2.5,4442.0,5536.25,6991.29,5086.35,149.0,9,21,23,0.0,5.0,20.0,0.0,1201,719.45,0.3708,0.001,0.001,15.4271
2026-05-02 20:00:00,45,27034,18740,8294,0.035,95.5556,4.4444,0.0,4.4444,4538.0,6674.0,6986.84,6644.0,215.4,10,21,26,0.0,2.2222,17.7778,0.0,1270,600.7556,0.4426,0.0008,0.0008,15.3123
2026-05-02 21:00:00,42,27811,20227,7584,0.0334,95.2381,4.7619,0.0,2.381,4517.5,5560.85,6385.22,5090.5,187.4,10,21,24,0.0,4.7619,26.1905,0.0,1191,662.1667,0.3749,0.0008,0.0008,15.7041
2026-05-02 22:00:00,16,9680,6233,3447,0.0124,87.5,12.5,0.0,6.25,4621.5,5780.75,6723.35,5750.75,159.75,7,13,13,0.0,6.25,18.75,0.0,611,605.0,0.553,0.0008,0.0009,17.7256
2026-05-02 23:00:00,13,7171,4780,2391,0.0101,84.6154,15.3846,7.6923,0.0,4337.0,5116.0,5380.0,4755.4,169.6,6,11,12,0.0,0.0,23.0769,0.0,365,551.6154,0.5002,0.0008,0.0009,15.2656
2026-05-03 00:00:00,15,7935,5729,2206,0.0101,93.3333,6.6667,0.0,6.6667,6011.0,6539.1,6565.42,5699.5,155.6,4,8,10,0.0,6.6667,20.0,0.0,403,529.0,0.3851,0.0007,0.0007,18.2684
2026-05-03 01:00:00,17,11488,8062,3426,0.0138,94.1176,5.8824,5.8824,0.0,6193.0,8037.4,9005.08,7555.8,146.6,9,12,12,0.0,5.8824,11.7647,0.0,505,675.7647,0.425,0.0008,0.0009,14.7402
2026-05-03 02:00:00,11,8452,6026,2426,0.0112,100.0,0.0,0.0,0.0,6887.0,8538.5,9462.1,8117.0,222.0,6,9,10,0.0,9.0909,18.1818,0.0,371,768.3636,0.4026,0.001,0.001,15.2927
2026-05-03 03:00:00,15,8850,5921,2929,0.013,100.0,0.0,0.0,0.0,5966.0,7600.1,8449.62,7310.5,162.1,9,12,12,0.0,0.0,13.3333,0.0,433,590.0,0.4947,0.0009,0.0009,14.7832
2026-05-03 04:00:00,12,7449,4159,3290,0.0093,100.0,0.0,0.0,0.0,6155.0,7949.3,8888.26,6729.0,106.95,6,9,9,0.0,0.0,16.6667,8.3333,503,620.75,0.7911,0.0008,0.0008,15.2888
2026-05-03 05:00:00,18,13666,9635,4031,0.0176,100.0,0.0,0.0,0.0,6010.0,7405.45,9121.09,6930.1,153.15,9,15,13,0.0,0.0,16.6667,0.0,547,759.2222,0.4184,0.001,0.001,13.5698
2026-05-03 06:00:00,45,29589,20328,9261,0.0374,95.5556,4.4444,0.0,2.2222,6426.0,9014.2,9877.08,8806.2,160.8,10,23,26,4.4444,6.6667,24.4444,0.0,1599,657.5333,0.4556,0.0008,0.0009,17.266
2026-05-03 07:00:00,43,31436,22271,9165,0.04,93.0233,6.9767,2.3256,2.3256,6177.0,8960.7,9527.14,8810.0,140.4,7,19,19,0.0,6.9767,9.3023,0.0,1584,731.0698,0.4115,0.0009,0.001,17.2831
2026-05-03 08:00:00,39,27723,19481,8242,0.0337,94.8718,5.1282,2.5641,0.0,6347.0,7385.7,8933.96,7003.4,120.9,10,23,23,0.0,2.5641,12.8205,0.0,1172,710.8462,0.4231,0.0009,0.0009,14.2198
2026-05-03 09:00:00,83,55208,39538,15670,0.0722,96.3855,3.6145,1.2048,2.4096,6185.0,9070.2,10527.82,9018.3,148.3,10,28,33,1.2048,2.4096,20.4819,0.0,2362,665.1566,0.3963,0.0009,0.0009,15.0734
2026-05-03 10:00:00,71,45435,31063,14372,0.0556,97.1831,2.8169,1.4085,0.0,6087.0,7223.5,9101.5,6861.5,157.0,10,26,28,1.4085,0.0,8.4507,0.0,1997,639.9296,0.4627,0.0008,0.0008,13.8951
2026-05-03 11:00:00,84,55604,38613,16991,0.074,95.2381,4.7619,1.1905,3.5714,6219.0,8039.7,9660.05,7427.45,146.0,10,26,31,0.0,4.7619,29.7619,0.0,2898,661.9524,0.44,0.0009,0.0009,17.0561
2026-05-03 12:00:00,73,46535,33026,13509,0.0573,98.6301,1.3699,1.3699,0.0,6109.0,7506.4,8134.16,6856.8,118.2,10,24,29,1.3699,2.7397,10.9589,0.0,2237,637.4658,0.409,0.0008,0.0008,16.5593
2026-05-03 13:00:00,76,53640,37275,16365,0.0656,97.3684,2.6316,1.3158,1.3158,6234.5,9460.5,10030.75,8929.5,176.0,10,26,26,2.6316,1.3158,13.1579,1.3158,2457,705.7895,0.439,0.0009,0.0009,15.0137
2026-05-03 14:00:00,77,56590,39478,17112,0.069,94.8052,5.1948,1.2987,2.5974,6313.0,9304.0,9747.2,8443.0,178.0,10,26,31,0.0,3.8961,19.4805,0.0,2747,734.9351,0.4335,0.0009,0.0009,16.0531
2026-05-03 15:00:00,66,45509,31202,14307,0.0571,93.9394,6.0606,0.0,1.5152,6201.0,8022.75,10211.3,7294.5,162.5,10,23,28,0.0,4.5455,22.7273,0.0,2569,689.5303,0.4585,0.0009,0.0009,17.9562
2026-05-03 16:00:00,76,54223,36800,17423,0.0693,94.7368,5.2632,1.3158,2.6316,6398.5,8678.25,9711.75,8313.75,165.0,9,26,28,1.3158,10.5263,22.3684,0.0,2630,713.4605,0.4735,0.0009,0.001,15.095
2026-05-03 17:00:00,79,48404,35188,13216,0.0603,97.4684,2.5316,0.0,1.2658,6136.0,8378.6,9686.34,8001.2,139.2,10,28,33,0.0,2.5316,18.9873,0.0,1972,612.7089,0.3756,0.0008,0.0008,14.9213
2026-05-03 18:00:00,48,31982,21412,10570,0.04,97.9167,2.0833,2.0833,0.0,6305.5,9644.0,10508.87,9219.85,117.6,9,22,24,2.0833,6.25,25.0,0.0,1602,666.2917,0.4936,0.0008,0.0009,15.1561
2026-05-03 19:00:00,48,31876,21259,10617,0.0408,97.9167,2.0833,0.0,2.0833,6136.0,8591.35,9306.39,8025.95,214.9,10,20,24,0.0,4.1667,14.5833,0.0,1843,664.0833,0.4994,0.0009,0.0009,17.359
2026-05-03 20:00:00,46,30291,20851,9440,0.0379,95.6522,4.3478,0.0,4.3478,6136.0,8108.25,8308.4,6654.75,182.5,10,24,27,0.0,4.3478,23.913,0.0,1479,658.5,0.4527,0.0008,0.0009,15.6674
2026-05-03 21:00:00,59,37515,25253,12262,0.0474,89.8305,10.1695,1.6949,3.3898,6173.0,7738.6,9579.12,6885.6,156.9,10,23,29,1.6949,8.4746,15.2542,0.0,1785,635.8475,0.4856,0.0008,0.0009,14.5572
2026-05-03 22:00:00,29,18123,13076,5047,0.0227,100.0,0.0,0.0,0.0,6170.0,7619.4,8386.12,7359.4,121.6,9,17,21,6.8966,3.4483,31.0345,0.0,719,624.931,0.386,0.0008,0.0008,14.2461
2026-05-03 23:00:00,23,13761,9325,4436,0.0176,95.6522,4.3478,0.0,4.3478,6134.0,9436.4,9591.8,9155.1,92.6,9,13,12,4.3478,4.3478,13.0435,0.0,766,598.3043,0.4757,0.0008,0.0008,17.2678
2026-05-04 00:00:00,26,20093,13518,6575,0.0262,96.1538,3.8462,0.0,3.8462,6216.0,7203.0,7494.25,6404.75,126.5,9,14,16,0.0,3.8462,23.0769,0.0,1228,772.8077,0.4864,0.001,0.001,18.6768
2026-05-04 01:00:00,17,11596,8165,3431,0.0139,94.1176,5.8824,0.0,0.0,6143.0,8042.4,9035.68,7434.0,158.6,8,15,13,0.0,5.8824,23.5294,0.0,580,682.1176,0.4202,0.0008,0.0009,16.9047
2026-05-04 02:00:00,15,10407,6743,3664,0.0133,86.6667,13.3333,0.0,13.3333,6261.0,7971.0,8710.2,7004.4,166.7,8,13,10,0.0,0.0,26.6667,0.0,490,693.8,0.5434,0.0009,0.001,13.3734
2026-05-04 03:00:00,140,95149,65726,29423,0.118,90.0,10.0,10.0,0.0,6343.5,10269.25,17347.38,9196.8,154.15,8,13,29,0.0,24.2857,17.8571,0.0,4305,679.6357,0.4477,0.0008,0.0009,14.6314
2026-05-04 04:00:00,33,24470,18420,6050,0.0315,96.9697,3.0303,0.0,3.0303,6147.0,8054.8,8112.08,7939.4,168.4,10,21,20,0.0,6.0606,15.1515,0.0,1058,741.5152,0.3284,0.001,0.001,17.4876
2026-05-04 05:00:00,24,16527,11153,5374,0.0198,95.8333,4.1667,0.0,0.0,6310.0,8002.05,9224.98,7386.65,106.5,8,15,18,0.0,8.3333,4.1667,0.0,1003,688.625,0.4818,0.0008,0.0009,18.6639
2026-05-04 06:00:00,67,44647,33834,10813,0.0573,100.0,0.0,0.0,0.0,5968.0,7155.4,7296.72,6751.6,146.2,10,24,25,2.9851,5.9701,13.4328,1.4925,1573,666.3731,0.3196,0.0009,0.0009,14.5473
2026-05-04 07:00:00,76,52427,33534,18893,0.0672,96.0526,3.9474,1.3158,1.3158,6212.5,9360.0,9908.25,8850.5,141.75,10,25,30,0.0,2.6316,22.3684,0.0,3188,689.8289,0.5634,0.0009,0.0009,16.874
2026-05-04 08:00:00,67,45317,30618,14699,0.0573,95.5224,4.4776,4.4776,0.0,6234.0,8980.3,9840.18,8645.3,162.2,10,25,24,2.9851,2.9851,11.9403,0.0,2097,676.3731,0.4801,0.0009,0.0009,14.2663
2026-05-04 09:00:00,125,77713,51996,25717,0.0995,96.0,4.0,1.6,1.6,6087.0,8606.4,9162.0,7884.8,194.8,10,30,35,0.0,2.4,16.0,0.0,3949,621.704,0.4946,0.0008,0.0008,15.3556
2026-05-04 10:00:00,131,85027,58336,26691,0.1072,96.1832,3.8168,0.7634,1.5267,6129.0,7472.0,9848.8,7095.0,161.0,10,30,41,3.0534,3.8168,19.084,0.0,4139,649.0611,0.4575,0.0008,0.0009,15.5071
2026-05-04 11:00:00,124,86268,61781,24487,0.1081,95.9677,4.0323,0.8065,3.2258,6076.5,7836.35,9062.2,7368.45,138.55,10,29,32,2.4194,3.2258,18.5484,0.8065,3919,695.7097,0.3964,0.0009,0.0009,16.0044
2026-05-04 12:00:00,107,75660,54778,20882,0.0981,96.2617,3.7383,0.0,0.9346,6125.0,8579.1,9528.46,8421.5,156.2,10,29,34,0.0,6.5421,18.6916,0.9346,3446,707.1028,0.3812,0.0009,0.001,16.5023
2026-05-04 13:00:00,128,85471,61125,24346,0.1091,94.5312,5.4688,0.7812,1.5625,6178.5,8500.0,9975.91,8265.15,172.95,10,30,34,3.9062,4.6875,16.4062,1.5625,4035,667.7422,0.3983,0.0009,0.0009,16.5736
2026-05-04 14:00:00,123,82645,56478,26167,0.1038,100.0,0.0,0.0,0.0,6289.0,8174.6,8897.94,7850.8,164.0,10,27,34,3.252,1.626,11.3821,0.0,4515,671.9106,0.4633,0.0008,0.0008,17.2546
2026-05-04 15:00:00,119,81698,57059,24639,0.1021,96.6387,3.3613,0.8403,2.521,6268.0,8803.6,9356.54,8424.4,145.1,10,28,37,0.8403,2.521,11.7647,0.0,4211,686.5378,0.4318,0.0009,0.0009,17.0908
2026-05-04 16:00:00,114,82384,59556,22828,0.1093,92.9825,7.0175,1.7544,4.386,6158.0,8966.8,9848.9,8617.25,149.7,10,27,33,0.0,3.5088,17.5439,0.0,3616,722.6667,0.3833,0.001,0.001,15.8402
2026-05-04 17:00:00,139,98446,67455,30991,0.1244,97.1223,2.8777,0.7194,2.1583,6250.0,8785.7,9852.34,8528.1,160.4,10,28,42,1.4388,7.1942,12.2302,0.0,4979,708.2446,0.4594,0.0009,0.0009,16.066
2026-05-04 18:00:00,81,56485,39983,16502,0.072,100.0,0.0,0.0,0.0,6103.0,7832.0,8788.8,6996.0,162.0,10,28,31,0.0,7.4074,20.9877,1.2346,2710,697.3457,0.4127,0.0009,0.0009,16.4223
2026-05-04 19:00:00,76,46658,31993,14665,0.057,97.3684,2.6316,1.3158,1.3158,6197.5,8201.0,9623.75,7186.5,194.75,10,26,29,0.0,1.3158,18.4211,0.0,2243,613.9211,0.4584,0.0007,0.0008,15.2949
2026-05-04 20:00:00,61,41134,27206,13928,0.0509,93.4426,6.5574,1.6393,3.2787,6317.0,9172.0,9484.8,8261.0,191.0,10,26,25,0.0,4.918,24.5902,0.0,2144,674.3279,0.5119,0.0008,0.0009,15.3935
2026-05-04 21:00:00,76,53708,37653,16055,0.0674,100.0,0.0,0.0,0.0,6192.5,7733.0,8961.0,7175.75,185.0,10,29,32,1.3158,2.6316,17.1053,0.0,2646,706.6842,0.4264,0.0009,0.0009,16.4808
2026-05-04 22:00:00,37,24761,16967,7794,0.0316,94.5946,5.4054,0.0,5.4054,6163.0,7196.8,8544.32,7107.6,152.4,9,21,24,0.0,0.0,27.027,0.0,1273,669.2162,0.4594,0.0009,0.0009,16.3331
2026-05-04 23:00:00,36,26133,19825,6308,0.0324,97.2222,2.7778,0.0,2.7778,6066.5,8900.0,9827.75,8759.75,135.0,10,18,22,0.0,0.0,11.1111,0.0,1088,725.9167,0.3182,0.0009,0.0009,17.2479
2026-05-05 00:00:00,24,17501,13543,3958,0.0214,91.6667,8.3333,4.1667,0.0,13848.5,23430.4,24384.62,14257.05,141.0,10,16,18,0.0,0.0,20.8333,0.0,621,729.2083,0.2923,0.0009,0.001,15.6897
2026-05-05 01:00:00,31,25756,18437,7319,0.0309,90.3226,9.6774,3.2258,3.2258,12105.0,18767.0,19349.5,10566.0,131.0,10,20,20,0.0,12.9032,9.6774,0.0,1298,830.8387,0.397,0.001,0.0011,17.7347
2026-05-05 02:00:00,16,10597,7683,2914,0.0132,87.5,12.5,6.25,0.0,10509.5,20047.25,20441.45,12259.25,166.25,8,14,13,0.0,6.25,12.5,0.0,379,662.3125,0.3793,0.0008,0.0009,13.0062
2026-05-05 03:00:00,26,17174,12314,4860,0.0206,88.4615,11.5385,0.0,11.5385,14955.0,22034.75,23200.75,14059.5,137.5,10,19,19,0.0,11.5385,19.2308,0.0,793,660.5385,0.3947,0.0008,0.0009,16.3169
2026-05-05 04:00:00,29,19981,13942,6039,0.0263,89.6552,10.3448,0.0,6.8966,12280.0,19016.4,22636.64,11369.6,214.8,10,19,21,6.8966,3.4483,6.8966,0.0,856,689.0,0.4332,0.0009,0.001,14.1745
2026-05-05 05:00:00,28,19830,14821,5009,0.0263,89.2857,10.7143,3.5714,3.5714,12334.0,17640.3,20211.76,11113.2,115.2,8,18,18,0.0,10.7143,21.4286,0.0,706,708.2143,0.338,0.0009,0.0011,14.0946
2026-05-05 06:00:00,69,49020,33950,15070,0.0633,94.2029,5.7971,0.0,2.8986,13337.0,20568.0,22959.92,13143.8,181.0,10,26,31,0.0,4.3478,14.4928,0.0,2261,710.4348,0.4439,0.0009,0.001,15.0033
2026-05-05 07:00:00,64,39870,26542,13328,0.0505,93.75,6.25,0.0,4.6875,12001.5,22360.8,26883.95,13445.7,169.55,9,23,30,0.0,3.125,18.75,0.0,2044,622.9688,0.5021,0.0008,0.0008,15.3361
2026-05-05 08:00:00,76,48192,34446,13746,0.0592,90.7895,9.2105,2.6316,3.9474,12433.5,19359.0,22242.25,12003.25,187.0,10,26,34,2.6316,6.5789,25.0,0.0,2149,634.1053,0.3991,0.0008,0.0009,15.6336
2026-05-05 09:00:00,118,83953,58181,25772,0.104,93.2203,6.7797,1.6949,1.6949,11422.5,18700.35,21871.12,11465.5,198.5,10,28,36,1.6949,2.5424,16.1017,0.0,3885,711.4661,0.443,0.0009,0.0009,15.0745
2026-05-05 10:00:00,133,95951,68906,27045,0.121,96.2406,3.7594,1.5038,0.7519,12225.0,20601.4,24176.92,12897.8,166.0,10,27,36,1.5038,3.0075,13.5338,0.0,4317,721.4361,0.3925,0.0009,0.0009,15.9623
2026-05-05 11:00:00,121,82569,58209,24360,0.1025,88.4298,11.5702,4.1322,3.3058,10817.0,19212.0,24105.2,12521.0,168.0,10,29,38,0.8264,6.6116,21.4876,0.0,3994,682.3884,0.4185,0.0008,0.001,16.3957
2026-05-05 12:00:00,133,92570,64588,27982,0.1227,96.2406,3.7594,1.5038,1.5038,11337.0,22071.0,23834.32,13939.0,150.6,10,27,40,3.0075,3.7594,23.3083,0.7519,4418,696.015,0.4332,0.0009,0.001,15.7887
2026-05-05 13:00:00,125,83842,60654,23188,0.1082,92.0,8.0,0.0,4.0,11993.0,22938.2,24487.56,14383.8,145.8,10,30,33,1.6,7.2,17.6,1.6,3833,670.736,0.3823,0.0009,0.0009,16.5301
2026-05-05 14:00:00,124,86381,61806,24575,0.1098,94.3548,5.6452,2.4194,1.6129,11765.5,22542.4,24979.7,13964.65,159.0,10,29,39,0.0,4.0323,21.7742,0.0,4107,696.621,0.3976,0.0009,0.0009,16.7121
2026-05-05 15:00:00,111,81321,57656,23665,0.1045,88.2883,11.7117,2.7027,4.5045,11904.0,19569.5,23443.5,12146.5,143.5,10,29,34,0.9009,8.1081,18.9189,0.0,3658,732.6216,0.4105,0.0009,0.0011,15.4574
2026-05-05 16:00:00,136,88801,62728,26073,0.1112,93.3824,6.6176,0.0,1.4706,11729.0,20281.0,24302.45,12502.0,162.25,10,28,43,0.7353,8.0882,16.9118,0.7353,3933,652.9485,0.4157,0.0008,0.0009,15.0846
2026-05-05 17:00:00,108,74326,53054,21272,0.0908,92.5926,7.4074,0.9259,6.4815,12152.0,20836.4,23676.58,12962.55,150.45,10,29,36,2.7778,3.7037,18.5185,0.0,3534,688.2037,0.4009,0.0008,0.0009,16.6134
2026-05-05 18:00:00,71,47029,35213,11816,0.059,94.3662,5.6338,1.4085,0.0,12607.0,20519.5,25293.6,12845.5,132.0,10,26,30,0.0,2.8169,22.5352,0.0,1820,662.3803,0.3356,0.0008,0.0009,15.4028
2026-05-05 19:00:00,70,49228,33212,16016,0.0646,94.2857,5.7143,4.2857,0.0,13004.5,20616.95,23642.45,12648.25,175.7,10,28,31,0.0,5.7143,17.1429,0.0,2905,703.2571,0.4822,0.0009,0.001,18.1381
2026-05-05 20:00:00,88,63429,45701,17728,0.0834,92.0455,7.9545,1.1364,2.2727,11152.5,21604.65,23233.53,13983.5,180.6,10,29,34,2.2727,9.0909,17.0455,0.0,2598,720.7841,0.3879,0.0009,0.001,14.6548
2026-05-05 21:00:00,78,51122,35817,15305,0.0638,91.0256,8.9744,1.2821,6.4103,11564.5,21974.6,25757.9,14056.1,132.95,10,27,35,1.2821,5.1282,11.5385,0.0,2274,655.4103,0.4273,0.0008,0.0009,14.8579
2026-05-05 22:00:00,57,37447,25952,11495,0.0463,87.7193,12.2807,1.7544,5.2632,12484.0,20363.8,24093.6,13072.4,155.8,10,27,25,0.0,5.2632,26.3158,0.0,1833,656.9649,0.4429,0.0008,0.0009,15.9461
2026-05-05 23:00:00,45,30072,20296,9776,0.0374,95.5556,4.4444,0.0,2.2222,13034.0,22066.4,23720.04,13990.4,158.8,10,21,22,0.0,0.0,24.4444,0.0,1613,668.2667,0.4817,0.0008,0.0009,16.4996
2026-05-06 00:00:00,22,14671,10021,4650,0.0181,90.9091,9.0909,0.0,9.0909,17083.0,23289.35,29007.86,13108.75,141.05,8,18,16,0.0,4.5455,18.1818,0.0,702,666.8636,0.464,0.0008,0.0009,15.0968
2026-05-06 01:00:00,30,22307,15328,6979,0.0273,93.3333,6.6667,0.0,3.3333,16410.0,25775.4,29199.83,14555.4,165.75,10,15,21,0.0,3.3333,20.0,0.0,1357,743.5667,0.4553,0.0009,0.001,19.444
2026-05-06 02:00:00,28,20178,14200,5978,0.0252,100.0,0.0,0.0,0.0,14928.0,26546.25,29530.9,14918.4,179.95,10,17,18,0.0,0.0,14.2857,0.0,1104,720.6429,0.421,0.0009,0.0009,18.4677
2026-05-06 03:00:00,32,20131,13666,6465,0.0242,100.0,0.0,0.0,0.0,14406.0,27935.0,28760.81,15391.15,256.0,10,22,22,6.25,12.5,12.5,3.125,939,629.0938,0.4731,0.0008,0.0008,14.5244
2026-05-06 04:00:00,31,20545,13931,6614,0.0256,93.5484,6.4516,3.2258,3.2258,14193.0,22401.5,23676.2,12639.0,184.5,10,21,21,0.0,6.4516,12.9032,0.0,1109,662.7419,0.4748,0.0008,0.0009,16.7675
2026-05-06 05:00:00,28,17950,12304,5646,0.0215,92.8571,7.1429,0.0,3.5714,13533.5,27156.1,28946.45,14891.55,162.55,9,20,17,0.0,7.1429,10.7143,0.0,783,641.0714,0.4589,0.0008,0.0008,13.8682
2026-05-06 06:00:00,80,51484,34354,17130,0.0652,92.5,7.5,1.25,2.5,14243.5,24684.15,28938.55,12853.0,177.15,10,28,33,1.25,5.0,16.25,0.0,2679,643.55,0.4986,0.0008,0.0009,15.6392
2026-05-06 07:00:00,107,74387,53638,20749,0.0956,93.4579,6.5421,0.9346,3.7383,12117.0,25375.9,29276.06,13101.7,170.4,10,29,38,2.8037,6.5421,19.6262,0.0,2860,695.2056,0.3868,0.0009,0.001,13.7838
2026-05-06 08:00:00,87,60675,43173,17502,0.0784,94.2529,5.7471,1.1494,3.4483,14228.0,27407.4,30285.12,15476.0,165.9,10,26,33,1.1494,4.5977,18.3908,0.0,2940,697.4138,0.4054,0.0009,0.001,16.7981
2026-05-06 09:00:00,150,103896,73895,30001,0.1285,96.6667,3.3333,0.6667,2.0,15466.0,26727.75,30757.15,14912.5,194.3,10,29,39,2.0,2.6667,19.3333,0.0,4385,692.64,0.406,0.0009,0.0009,14.6162
2026-05-06 10:00:00,127,88521,61995,26526,0.1147,89.7638,10.2362,1.5748,3.937,15164.0,28680.3,31848.8,16220.2,149.2,10,29,36,3.1496,5.5118,18.1102,0.0,4322,697.0157,0.4279,0.0009,0.001,16.2934
2026-05-06 11:00:00,134,89154,61178,27976,0.1095,90.2985,9.7015,2.9851,2.9851,14086.0,23888.95,29059.91,13313.05,160.7,10,27,36,0.7463,7.4627,17.9104,0.0,4696,665.3284,0.4573,0.0008,0.0009,16.7858
2026-05-06 12:00:00,134,91960,65428,26532,0.1181,97.0149,2.9851,0.0,1.4925,13373.5,23654.35,31199.98,12869.1,159.0,10,30,37,0.7463,2.9851,17.9104,0.0,4371,686.2687,0.4055,0.0009,0.0009,16.4744
2026-05-06 13:00:00,129,84282,57359,26923,0.1046,89.9225,10.0775,3.876,3.876,14606.0,27869.6,31519.0,15478.2,164.6,10,29,36,3.1008,6.9767,16.2791,0.7752,4116,653.3488,0.4694,0.0008,0.0009,15.288
2026-05-06 14:00:00,134,97801,70404,27397,0.1276,89.5522,10.4478,1.4925,3.7313,12231.5,25473.4,29958.67,13877.2,144.15,10,29,39,1.4925,6.7164,17.1642,0.0,4158,729.8582,0.3891,0.001,0.0011,15.1768
2026-05-06 15:00:00,148,102224,69951,32273,0.1257,96.6216,3.3784,0.0,0.6757,14864.5,27553.65,30125.82,15049.65,162.95,10,29,34,1.3514,6.7568,14.1892,0.0,5145,690.7027,0.4614,0.0008,0.0009,15.9421
2026-05-06 16:00:00,116,80186,55900,24286,0.0996,94.8276,5.1724,0.8621,2.5862,14253.5,27051.5,28660.0,15302.0,188.75,10,30,39,0.8621,3.4483,20.6897,0.0,3941,691.2586,0.4345,0.0009,0.0009,16.2275
2026-05-06 17:00:00,134,97808,69105,28703,0.1203,94.7761,5.2239,0.7463,2.9851,13887.0,24841.8,31576.45,13083.55,159.05,10,28,43,2.2388,5.2239,23.8806,0.0,4705,729.9104,0.4154,0.0009,0.0009,16.392
2026-05-06 18:00:00,69,42324,29724,12600,0.0538,97.1014,2.8986,1.4493,1.4493,13568.0,24706.2,26573.48,13275.8,171.4,10,23,29,1.4493,2.8986,21.7391,0.0,1817,613.3913,0.4239,0.0008,0.0008,14.4206
2026-05-06 19:00:00,81,57340,41130,16210,0.0708,96.2963,3.7037,0.0,2.4691,15398.0,23447.0,29963.8,13035.0,165.0,10,26,31,2.4691,2.4691,18.5185,0.0,2831,707.9012,0.3941,0.0009,0.0009,17.4645
2026-05-06 20:00:00,93,65154,47348,17806,0.083,96.7742,3.2258,2.1505,1.0753,15571.0,25489.4,28194.08,13842.2,157.4,10,29,32,1.0753,4.3011,21.5054,0.0,2784,700.5806,0.3761,0.0009,0.0009,15.6352
2026-05-06 21:00:00,84,54608,37683,16925,0.0664,97.619,2.381,0.0,1.1905,15102.5,23817.35,30009.7,13024.45,154.05,10,26,31,0.0,9.5238,9.5238,0.0,3078,650.0952,0.4491,0.0008,0.0008,18.1861
2026-05-06 22:00:00,47,31855,22772,9083,0.0394,93.617,6.383,2.1277,0.0,16084.0,24506.2,27276.68,13280.6,158.7,10,23,22,2.1277,6.383,21.2766,0.0,1383,677.766,0.3989,0.0008,0.0009,15.2262
2026-05-06 23:00:00,43,30797,22499,8298,0.0382,95.3488,4.6512,2.3256,2.3256,13564.0,28896.2,31368.58,16213.4,214.0,9,22,25,2.3256,0.0,18.6047,0.0,1210,716.2093,0.3688,0.0009,0.0009,14.5818
2026-05-07 00:00:00,18,12278,9014,3264,0.0154,94.4444,5.5556,5.5556,0.0,11329.0,20465.85,22817.97,12689.6,113.15,8,11,11,0.0,5.5556,22.2222,0.0,555,682.1111,0.3621,0.0009,0.0009,17.0037
2026-05-07 01:00:00,35,23314,16059,7255,0.0329,91.4286,8.5714,0.0,5.7143,10864.0,17561.4,22232.18,11132.8,129.5,9,18,20,2.8571,5.7143,11.4286,0.0,1249,666.1143,0.4518,0.0009,0.001,17.2157
2026-05-07 02:00:00,29,19976,14063,5913,0.0258,89.6552,10.3448,0.0,6.8966,10544.0,18169.2,21347.68,11632.6,153.2,9,18,20,3.4483,10.3448,17.2414,0.0,936,688.8276,0.4205,0.0009,0.001,15.8295
2026-05-07 03:00:00,28,19017,14194,4823,0.0262,89.2857,10.7143,3.5714,0.0,11350.5,17233.15,17548.25,11036.85,184.4,10,19,22,0.0,0.0,10.7143,0.0,776,679.1786,0.3398,0.0009,0.001,16.0896
2026-05-07 04:00:00,33,23026,16383,6643,0.0279,93.9394,6.0606,3.0303,0.0,12259.0,23523.6,24105.96,14685.0,161.0,10,17,24,0.0,3.0303,12.1212,0.0,1063,697.7576,0.4055,0.0008,0.0009,16.0018
2026-05-07 05:00:00,22,14135,9370,4765,0.0182,90.9091,9.0909,4.5455,0.0,10652.0,16434.2,17479.37,10050.8,152.0,9,14,13,0.0,0.0,9.0909,0.0,799,642.5,0.5085,0.0008,0.0009,16.7681
2026-05-07 06:00:00,82,55456,39667,15789,0.0722,93.9024,6.0976,0.0,3.6585,10306.5,18809.4,22017.12,11131.85,171.85,10,24,32,0.0,6.0976,23.1707,0.0,2303,676.2927,0.398,0.0009,0.0009,14.5861
2026-05-07 07:00:00,73,49103,37428,11675,0.064,93.1507,6.8493,2.7397,2.7397,11728.0,18294.0,22683.96,10789.2,196.6,9,25,30,0.0,4.1096,21.9178,0.0,1818,672.6438,0.3119,0.0009,0.0009,15.5717
2026-05-07 08:00:00,84,55825,39883,15942,0.0704,91.6667,8.3333,0.0,4.7619,10665.0,19031.95,21095.89,12055.75,132.85,10,27,34,1.1905,4.7619,15.4762,2.381,2655,664.5833,0.3997,0.0008,0.0009,16.6541
2026-05-07 09:00:00,101,72229,50442,21787,0.0897,93.0693,6.9307,0.9901,2.9703,10818.0,20078.0,22582.0,12872.0,151.0,10,28,31,0.0,2.9703,17.8218,0.0,3476,715.1386,0.4319,0.0009,0.001,15.9545
2026-05-07 10:00:00,125,86964,60000,26964,0.1141,88.8,11.2,2.4,4.8,11095.0,18379.8,20688.76,11151.4,156.4,10,28,38,0.8,7.2,16.8,0.0,4191,695.712,0.4494,0.0009,0.001,15.5429
2026-05-07 11:00:00,102,71801,50574,21227,0.0953,94.1176,5.8824,1.9608,0.9804,10681.5,18057.4,23161.64,11561.35,192.7,10,28,35,1.9608,3.9216,24.5098,0.0,3208,703.9314,0.4197,0.0009,0.001,15.1128
2026-05-07 12:00:00,116,81628,57835,23793,0.1012,88.7931,11.2069,5.1724,3.4483,11784.0,22080.0,23844.75,13764.5,149.5,10,28,39,1.7241,6.0345,22.4138,0.0,3424,703.6897,0.4114,0.0009,0.001,14.3908
2026-05-07 13:00:00,137,99663,71494,28169,0.1218,90.5109,9.4891,0.7299,5.1095,12481.0,19412.0,24387.0,12778.2,143.8,10,29,38,0.7299,7.2993,16.7883,0.0,4454,727.4672,0.394,0.0009,0.001,15.8117
2026-05-07 14:00:00,137,90855,64568,26287,0.1122,96.3504,3.6496,1.4599,0.7299,11299.0,19475.4,23768.64,12408.6,158.6,10,29,41,2.1898,7.2993,12.4088,0.0,4164,663.1752,0.4071,0.0008,0.0009,15.8405
2026-05-07 15:00:00,123,83421,61058,22363,0.1108,94.3089,5.6911,0.813,2.439,10884.0,18815.5,23086.5,11596.9,164.3,10,29,43,0.0,2.439,18.6992,0.0,3502,678.2195,0.3663,0.0009,0.001,15.6598
2026-05-07 16:00:00,129,83326,56668,26658,0.1056,93.7984,6.2016,2.3256,2.3256,11541.0,20154.8,21984.6,13039.8,162.8,10,27,39,0.7752,8.5271,19.3798,0.0,4738,645.938,0.4704,0.0008,0.0009,17.7733
2026-05-07 17:00:00,119,83094,60655,22439,0.1024,92.437,7.563,3.3613,2.521,12080.0,22216.5,24092.34,14259.3,156.6,10,30,40,1.6807,7.563,15.1261,0.0,3280,698.2689,0.3699,0.0009,0.0009,14.6174
2026-05-07 18:00:00,77,60301,43583,16718,0.0748,93.5065,6.4935,1.2987,5.1948,12551.0,19528.0,21886.0,12312.8,142.8,10,28,33,0.0,6.4935,16.8831,0.0,2867,783.1299,0.3836,0.001,0.001,17.1492
2026-05-07 19:00:00,61,40313,28973,11340,0.051,86.8852,13.1148,1.6393,8.1967,11840.0,22343.0,23389.2,14570.0,148.0,10,24,29,0.0,6.5574,19.6721,0.0,1928,660.8689,0.3914,0.0008,0.001,17.0018
2026-05-07 20:00:00,86,60905,42190,18715,0.0759,93.0233,6.9767,4.6512,0.0,11048.0,20151.25,23693.45,11953.5,203.75,10,25,30,1.1628,2.3256,20.9302,0.0,3033,708.1977,0.4436,0.0009,0.0009,16.2063
2026-05-07 21:00:00,71,46701,34652,12049,0.0604,92.9577,7.0423,1.4085,2.8169,10751.0,18407.0,22337.2,11631.5,207.5,10,27,32,1.4085,7.0423,15.493,0.0,1736,657.7606,0.3477,0.0009,0.0009,14.4078
2026-05-07 22:00:00,42,26618,18700,7918,0.0319,85.7143,14.2857,0.0,11.9048,12131.0,20254.85,23816.5,13357.7,137.1,9,20,22,2.381,7.1429,16.6667,0.0,1250,633.7619,0.4234,0.0008,0.0009,15.7868
2026-05-07 23:00:00,28,19268,14052,5216,0.0249,96.4286,3.5714,0.0,0.0,9716.0,19789.85,24870.26,12658.1,163.7,10,18,20,0.0,3.5714,32.1429,0.0,718,688.1429,0.3712,0.0009,0.0009,13.7653
2026-05-08 00:00:00,21,16087,11152,4935,0.0215,95.2381,4.7619,0.0,4.7619,5896.0,7922.0,8795.6,7482.0,77.0,9,13,16,0.0,9.5238,14.2857,0.0,728,766.0476,0.4425,0.001,0.0011,14.7518
2026-05-08 01:00:00,27,18895,13568,5327,0.0238,88.8889,11.1111,0.0,7.4074,6110.0,9067.2,9166.02,9037.2,215.8,10,16,16,0.0,7.4074,22.2222,0.0,852,699.8148,0.3926,0.0009,0.001,15.994
2026-05-08 02:00:00,19,12352,9150,3202,0.0154,94.7368,5.2632,0.0,0.0,6318.0,7379.4,8260.68,7349.4,145.5,8,15,14,5.2632,0.0,5.2632,0.0,459,650.1053,0.3499,0.0008,0.0009,14.3348
2026-05-08 03:00:00,17,12413,9192,3221,0.0169,88.2353,11.7647,0.0,5.8824,5721.0,7612.8,8632.96,6685.0,116.6,9,16,14,0.0,5.8824,17.6471,0.0,412,730.1765,0.3504,0.001,0.0011,12.7911
2026-05-08 04:00:00,18,10152,6438,3714,0.0124,100.0,0.0,0.0,0.0,6040.5,8479.2,8879.04,8449.2,111.4,6,9,13,0.0,5.5556,5.5556,0.0,472,564.0,0.5769,0.0007,0.0007,12.7087
2026-05-08 05:00:00,19,14641,10040,4601,0.0181,100.0,0.0,0.0,0.0,6124.0,7403.2,7714.24,6689.9,199.2,7,15,12,5.2632,5.2632,36.8421,0.0,570,770.5789,0.4583,0.001,0.001,12.3886
2026-05-08 06:00:00,80,52954,36736,16218,0.0659,97.5,2.5,0.0,2.5,6131.0,7953.45,9248.42,7106.9,195.6,9,22,28,1.25,5.0,15.0,0.0,2794,661.925,0.4415,0.0008,0.0008,17.2278
2026-05-08 07:00:00,67,46772,32663,14109,0.0625,97.0149,2.9851,0.0,1.4925,5964.0,7166.5,9098.86,6923.9,182.1,10,27,29,1.4925,5.9701,14.9254,0.0,2182,698.0896,0.432,0.0009,0.001,15.4653
2026-05-08 08:00:00,74,51672,38516,13156,0.0638,97.2973,2.7027,0.0,2.7027,5906.0,7988.15,9039.04,7324.4,170.75,10,27,31,2.7027,4.0541,12.1622,0.0,2031,698.2703,0.3416,0.0009,0.0009,15.4378
2026-05-08 09:00:00,117,78421,54411,24010,0.0966,97.4359,2.5641,0.0,0.8547,6076.0,7654.8,9303.48,7408.0,168.0,10,28,35,0.8547,4.2735,18.8034,0.8547,4006,670.265,0.4413,0.0008,0.0008,16.6847
2026-05-08 10:00:00,112,75715,54594,21121,0.0958,94.6429,5.3571,1.7857,3.5714,5974.0,7348.2,9093.74,7082.55,176.15,9,26,32,1.7857,4.4643,14.2857,0.0,3323,676.0268,0.3869,0.0009,0.0009,15.7332
2026-05-08 11:00:00,111,79456,54827,24629,0.0994,97.2973,2.7027,0.9009,1.8018,6080.0,8375.5,9333.8,7655.5,164.5,10,29,38,1.8018,0.9009,18.018,0.0,3611,715.8198,0.4492,0.0009,0.0009,14.6616
2026-05-08 12:00:00,113,78374,52709,25665,0.1027,94.6903,5.3097,0.885,3.5398,6078.0,7404.6,9261.76,7002.2,153.8,10,29,39,2.6549,3.5398,18.5841,0.0,3914,693.5752,0.4869,0.0009,0.001,15.2503
2026-05-08 13:00:00,110,71853,51897,19956,0.0931,96.3636,3.6364,0.9091,0.9091,5888.5,8440.3,9723.39,7943.45,138.75,10,26,32,0.9091,1.8182,14.5455,0.0,3068,653.2091,0.3845,0.0008,0.0009,15.3738
2026-05-08 14:00:00,127,89190,61615,27575,0.1119,96.8504,3.1496,0.0,0.7874,5994.0,7162.5,8870.38,6707.1,156.4,10,27,38,0.7874,4.7244,18.8976,0.0,4409,702.2835,0.4475,0.0009,0.0009,15.9891
2026-05-08 15:00:00,133,94311,67289,27022,0.1185,93.985,6.015,0.7519,1.5038,6106.0,8578.2,9267.56,8455.6,156.4,10,27,40,0.7519,3.0075,15.0376,0.0,4261,709.1053,0.4016,0.0009,0.0009,15.7686
2026-05-08 16:00:00,108,75256,53610,21646,0.0942,95.3704,4.6296,0.9259,1.8519,5919.5,7626.3,9268.03,6798.2,143.4,10,28,35,1.8519,6.4815,18.5185,0.9259,3696,696.8148,0.4038,0.0009,0.0009,17.0747
2026-05-08 17:00:00,103,69267,48560,20707,0.0869,94.1748,5.8252,0.0,2.9126,6091.0,8445.5,9337.12,8381.6,131.7,10,28,34,0.0,3.8835,21.3592,0.0,2901,672.4951,0.4264,0.0008,0.0009,14.0098
2026-05-08 18:00:00,61,39779,27996,11783,0.0529,95.082,4.918,3.2787,0.0,5960.0,8892.0,9392.6,8422.0,155.0,10,25,27,0.0,1.6393,22.9508,0.0,1759,652.1148,0.4209,0.0009,0.0009,14.9283
2026-05-08 19:00:00,64,44767,31718,13049,0.0544,98.4375,1.5625,0.0,1.5625,6083.5,8721.6,9614.96,8691.6,167.55,10,23,31,0.0,3.125,9.375,0.0,2069,699.4844,0.4114,0.0008,0.0009,15.8556
2026-05-08 20:00:00,70,46176,30642,15534,0.0579,95.7143,4.2857,0.0,2.8571,6042.5,8687.35,9965.36,8657.35,176.55,10,26,30,1.4286,7.1429,22.8571,1.4286,2270,659.6571,0.507,0.0008,0.0009,14.6131
2026-05-08 21:00:00,56,40957,29690,11267,0.0491,94.6429,5.3571,0.0,5.3571,6008.0,8074.0,9163.75,7650.25,176.5,10,25,29,3.5714,5.3571,12.5,0.0,1886,731.375,0.3795,0.0009,0.0009,16.7391
2026-05-08 22:00:00,37,26522,17315,9207,0.0334,100.0,0.0,0.0,0.0,5978.0,7389.8,8867.08,6654.4,163.6,10,21,27,2.7027,2.7027,13.5135,0.0,1464,716.8108,0.5317,0.0009,0.0009,15.9009
2026-05-08 23:00:00,32,21962,14901,7061,0.0264,100.0,0.0,0.0,0.0,6203.0,8514.4,9937.97,7750.15,149.7,8,16,19,0.0,3.125,18.75,0.0,1055,686.3125,0.4739,0.0008,0.0008,14.9412
2026-05-09 00:00:00,12,6854,4080,2774,0.0082,91.6667,8.3333,8.3333,0.0,6321.5,7371.6,7841.52,6451.35,157.1,7,11,10,0.0,0.0,25.0,0.0,464,571.1667,0.6799,0.0007,0.0007,16.7267
2026-05-09 01:00:00,18,14230,10741,3489,0.018,100.0,0.0,0.0,0.0,5905.0,7122.95,7961.39,7092.95,134.05,9,11,11,0.0,5.5556,11.1111,0.0,581,790.5556,0.3248,0.001,0.001,16.6523
2026-05-09 02:00:00,18,12964,8998,3966,0.0163,94.4444,5.5556,0.0,0.0,5987.0,8490.55,8597.31,8424.0,156.45,8,14,14,0.0,0.0,11.1111,0.0,616,720.2222,0.4408,0.0009,0.001,15.532
2026-05-09 03:00:00,7,3042,2151,891,0.0042,85.7143,14.2857,14.2857,0.0,5942.0,6050.5,6068.5,3350.3,118.7,5,7,6,0.0,0.0,14.2857,0.0,172,434.5714,0.4142,0.0006,0.0007,19.3042
2026-05-09 04:00:00,16,10207,7896,2311,0.0134,87.5,12.5,0.0,0.0,5705.0,6584.75,6641.75,6247.5,182.5,8,13,12,6.25,0.0,37.5,0.0,345,637.9375,0.2927,0.0008,0.001,14.9286
2026-05-09 05:00:00,23,14288,10235,4053,0.0175,100.0,0.0,0.0,0.0,5943.0,6435.1,6886.36,5956.5,108.8,8,17,17,0.0,0.0,8.6957,0.0,629,621.2174,0.396,0.0008,0.0008,15.5194
2026-05-09 06:00:00,50,35162,25172,9990,0.0426,98.0,2.0,0.0,0.0,6051.0,7320.5,8925.82,6949.55,149.5,10,23,26,4.0,8.0,14.0,0.0,1550,703.24,0.3969,0.0009,0.0009,15.5155
2026-05-09 07:00:00,50,30347,21209,9138,0.0397,94.0,6.0,2.0,2.0,5890.0,8110.7,9111.82,8010.05,160.65,10,24,26,0.0,6.0,24.0,0.0,1321,606.94,0.4309,0.0008,0.0008,14.4561
2026-05-09 08:00:00,63,40910,28290,12620,0.0516,95.2381,4.7619,1.5873,3.1746,5898.0,7530.1,9860.44,6911.6,139.9,10,26,30,3.1746,6.3492,12.6984,0.0,2005,649.3651,0.4461,0.0008,0.0009,15.8875
2026-05-09 09:00:00,90,59703,42011,17692,0.0749,94.4444,5.5556,2.2222,2.2222,5968.0,7687.15,8728.79,6914.8,218.05,10,28,31,1.1111,3.3333,16.6667,0.0,2979,663.3667,0.4211,0.0008,0.0009,16.8381
2026-05-09 10:00:00,91,64596,45744,18852,0.0809,94.5055,5.4945,0.0,4.3956,5956.0,7378.0,8371.5,6740.0,155.5,10,27,34,0.0,3.2967,15.3846,0.0,2792,709.8462,0.4121,0.0009,0.0009,14.8101
2026-05-09 11:00:00,81,59230,41742,17488,0.0757,96.2963,3.7037,1.2346,1.2346,6023.0,7625.0,8252.2,6988.0,141.0,10,27,28,0.0,2.4691,18.5185,0.0,3041,731.2346,0.419,0.0009,0.001,17.3891
2026-05-09 12:00:00,85,57474,40592,16882,0.0709,98.8235,1.1765,0.0,1.1765,5892.0,7255.6,9880.36,6886.2,147.0,10,28,31,2.3529,4.7059,14.1176,0.0,2656,676.1647,0.4159,0.0008,0.0008,15.7327
2026-05-09 13:00:00,91,62773,44329,18444,0.0829,94.5055,5.4945,3.2967,1.0989,5973.0,7205.5,8139.4,6766.5,163.5,10,28,34,0.0,6.5934,20.8791,0.0,2961,689.8132,0.4161,0.0009,0.001,16.054
2026-05-09 14:00:00,84,55300,38453,16847,0.069,98.8095,1.1905,0.0,0.0,5978.5,7779.15,8527.93,7278.45,159.1,10,25,31,1.1905,5.9524,17.8571,0.0,2808,658.3333,0.4381,0.0008,0.0008,16.6677
2026-05-09 15:00:00,72,45057,30172,14885,0.0567,98.6111,1.3889,0.0,0.0,6006.0,8100.15,9253.95,7819.35,143.7,10,25,29,2.7778,2.7778,16.6667,0.0,2367,625.7917,0.4933,0.0008,0.0008,15.9019
2026-05-09 16:00:00,82,58443,40702,17741,0.0726,95.122,4.878,0.0,3.6585,5918.0,7940.35,9479.24,7085.65,145.9,10,25,29,1.2195,1.2195,23.1707,0.0,2748,712.7195,0.4359,0.0009,0.0009,15.4895
2026-05-09 17:00:00,82,62203,44371,17832,0.0788,97.561,2.439,0.0,1.2195,5963.5,8226.95,9567.06,7787.9,204.55,10,27,32,1.2195,1.2195,18.2927,0.0,2677,758.5732,0.4019,0.001,0.001,15.0123
2026-05-09 18:00:00,59,40806,28159,12647,0.0525,96.6102,3.3898,0.0,3.3898,6007.0,8164.8,8880.64,7930.5,159.5,9,23,27,0.0,1.6949,16.9492,0.0,2110,691.6271,0.4491,0.0009,0.0009,16.6838
2026-05-09 19:00:00,52,33223,24449,8774,0.0424,92.3077,7.6923,0.0,1.9231,5951.5,7502.7,9335.41,7229.05,182.25,9,23,24,3.8462,3.8462,17.3077,0.0,1505,638.9038,0.3589,0.0008,0.0009,17.153
2026-05-09 20:00:00,46,27708,20037,7671,0.0378,93.4783,6.5217,2.1739,2.1739,5760.5,8656.0,9397.1,8626.0,139.25,10,21,23,0.0,4.3478,13.0435,0.0,1360,602.3478,0.3828,0.0008,0.0009,17.7291
2026-05-09 21:00:00,62,45980,33992,11988,0.0633,90.3226,9.6774,3.2258,6.4516,5883.5,7331.1,8510.48,7027.1,149.75,10,23,25,0.0,8.0645,24.1935,0.0,1686,741.6129,0.3527,0.001,0.0011,14.0641
2026-05-09 22:00:00,18,11835,8657,3178,0.0151,100.0,0.0,0.0,0.0,5931.5,8339.55,9289.51,8309.55,157.05,8,15,12,0.0,0.0,16.6667,0.0,517,657.5,0.3671,0.0008,0.0008,16.2681
2026-05-09 23:00:00,17,15035,12363,2672,0.018,100.0,0.0,0.0,0.0,5788.0,6668.6,6753.72,6638.6,113.8,9,15,16,0.0,0.0,41.1765,0.0,460,884.4118,0.2161,0.0011,0.0011,17.2156
2026-05-10 00:00:00,16,11860,7824,4036,0.0147,93.75,6.25,0.0,0.0,6020.0,8270.75,9220.55,7220.0,159.75,8,14,12,0.0,6.25,18.75,0.0,654,741.25,0.5158,0.0009,0.001,16.2042
2026-05-10 01:00:00,16,12964,9829,3135,0.017,100.0,0.0,0.0,0.0,5965.5,8235.25,8732.65,8066.5,144.25,8,14,10,0.0,0.0,31.25,0.0,504,810.25,0.319,0.0011,0.0011,16.0766
2026-05-10 02:00:00,19,11848,7374,4474,0.0158,94.7368,5.2632,0.0,5.2632,5841.0,7172.2,7346.44,7142.2,145.5,8,14,14,5.2632,0.0,10.5263,0.0,657,623.5789,0.6067,0.0008,0.0009,14.6848
2026-05-10 03:00:00,10,8535,6065,2470,0.0105,100.0,0.0,0.0,0.0,5788.5,7356.75,7610.55,6634.8,196.5,6,10,8,0.0,0.0,20.0,0.0,394,853.5,0.4073,0.001,0.001,15.9514
2026-05-10 04:00:00,25,17044,11919,5125,0.0205,96.0,4.0,0.0,4.0,5993.0,7840.4,8422.28,7424.4,174.8,10,18,16,0.0,12.0,16.0,0.0,770,681.76,0.43,0.0008,0.0009,15.0244
2026-05-10 05:00:00,17,10626,7055,3571,0.014,82.3529,17.6471,0.0,5.8824,5688.0,8370.4,8682.08,7387.8,150.4,7,12,10,0.0,11.7647,41.1765,0.0,522,625.0588,0.5062,0.0008,0.001,14.6178
2026-05-10 06:00:00,54,34404,21893,12511,0.042,96.2963,3.7037,0.0,1.8519,6068.0,6835.9,8603.98,6718.2,181.65,10,21,26,1.8519,5.5556,16.6667,0.0,2094,637.1111,0.5715,0.0008,0.0008,16.7373
2026-05-10 07:00:00,60,40617,28141,12476,0.0498,98.3333,1.6667,0.0,1.6667,5934.5,7823.85,8846.46,6465.2,202.75,10,22,29,0.0,3.3333,23.3333,0.0,2146,676.95,0.4433,0.0008,0.0008,17.201
2026-05-10 08:00:00,61,47843,35752,12091,0.06,96.7213,3.2787,3.2787,0.0,6017.0,7362.0,8701.6,6955.0,173.0,10,24,28,0.0,0.0,16.3934,0.0,1759,784.3115,0.3382,0.001,0.001,14.548
2026-05-10 09:00:00,85,55108,39870,15238,0.0693,95.2941,4.7059,0.0,3.5294,5876.0,7406.6,9268.24,7376.6,187.6,10,26,35,0.0,3.5294,22.3529,0.0,2665,648.3294,0.3822,0.0008,0.0009,17.4892
2026-05-10 10:00:00,81,58935,43049,15886,0.0745,93.8272,6.1728,2.4691,2.4691,6173.0,8053.0,9163.6,8023.0,158.0,10,26,31,2.4691,7.4074,18.5185,0.0,2539,727.5926,0.369,0.0009,0.001,15.9826
2026-05-10 11:00:00,94,63410,44714,18696,0.0801,100.0,0.0,0.0,0.0,6036.5,8326.85,9573.33,8296.85,180.8,10,28,35,2.1277,2.1277,17.0213,0.0,2922,674.5745,0.4181,0.0009,0.0009,15.629
2026-05-10 12:00:00,82,51685,34968,16717,0.0653,97.561,2.439,0.0,1.2195,5966.0,8276.7,8770.36,7766.4,150.95,10,24,33,0.0,6.0976,18.2927,0.0,2761,630.3049,0.4781,0.0008,0.0008,16.5161
2026-05-10 13:00:00,90,62335,45994,16341,0.0748,96.6667,3.3333,0.0,2.2222,5891.0,7632.0,9297.5,7602.0,172.55,10,28,33,1.1111,3.3333,17.7778,0.0,2982,692.6111,0.3553,0.0008,0.0009,18.2486
2026-05-10 14:00:00,89,61641,43387,18254,0.0745,96.6292,3.3708,1.1236,1.1236,5911.0,8403.4,9331.92,8258.8,136.6,10,23,31,1.1236,1.1236,23.5955,0.0,2824,692.5955,0.4207,0.0008,0.0009,15.4706
2026-05-10 15:00:00,91,61397,42015,19382,0.0772,92.3077,7.6923,0.0,3.2967,6007.0,7811.0,8737.5,7295.5,180.5,10,27,31,0.0,4.3956,17.5824,0.0,2914,674.6923,0.4613,0.0008,0.0009,15.0346
2026-05-10 16:00:00,83,52105,35087,17018,0.0638,92.7711,7.2289,1.2048,1.2048,6154.0,8057.9,9311.02,8027.9,157.6,10,27,35,1.2048,4.8193,15.6627,0.0,2781,627.7711,0.485,0.0008,0.0008,16.3415
2026-05-10 17:00:00,87,59782,43245,16537,0.0746,94.2529,5.7471,0.0,2.2989,5886.0,6950.2,9302.5,6549.2,154.7,10,22,30,1.1494,4.5977,26.4368,0.0,2763,687.1494,0.3824,0.0009,0.0009,16.708
2026-05-10 18:00:00,47,33583,24355,9228,0.0422,97.8723,2.1277,2.1277,0.0,5898.0,7523.4,8097.94,7151.7,138.0,9,24,24,4.2553,2.1277,14.8936,0.0,1435,714.5319,0.3789,0.0009,0.0009,15.5505
2026-05-10 19:00:00,60,42381,28933,13448,0.0529,91.6667,8.3333,5.0,1.6667,5986.5,7962.85,9441.73,7932.85,142.1,9,22,29,0.0,6.6667,18.3333,0.0,1976,706.35,0.4648,0.0009,0.001,14.6936
2026-05-10 20:00:00,46,34129,22519,11610,0.0421,97.8261,2.1739,0.0,0.0,6053.0,8846.25,9235.05,8734.5,141.5,10,25,27,2.1739,2.1739,19.5652,0.0,1958,741.9348,0.5156,0.0009,0.0009,16.8648
2026-05-10 21:00:00,51,32851,21961,10890,0.0401,98.0392,1.9608,0.0,0.0,5879.0,8204.0,9773.0,8012.0,146.0,10,25,21,0.0,0.0,17.6471,0.0,1657,644.1373,0.4959,0.0008,0.0008,15.2158
2026-05-10 22:00:00,37,27250,20005,7245,0.0338,94.5946,5.4054,0.0,2.7027,6011.0,8045.4,8653.4,7823.4,125.0,9,22,25,0.0,5.4054,27.027,0.0,1109,736.4865,0.3622,0.0009,0.001,15.3071
2026-05-10 23:00:00,26,17697,13210,4487,0.0228,100.0,0.0,0.0,0.0,5856.5,6848.5,7014.25,6509.75,137.5,9,17,18,0.0,0.0,11.5385,0.0,725,680.6538,0.3397,0.0009,0.0009,16.1578
2026-05-11 00:00:00,42,30056,21742,8314,0.0367,95.2381,4.7619,0.0,4.7619,5914.0,8287.25,9702.52,8257.25,171.55,10,22,23,0.0,2.381,26.1905,0.0,1297,715.619,0.3824,0.0009,0.0009,15.6002
2026-05-11 01:00:00,39,26318,18209,8109,0.0316,97.4359,2.5641,2.5641,0.0,5943.0,8073.1,9147.1,7469.8,180.2,10,21,25,2.5641,0.0,20.5128,0.0,1273,674.8205,0.4453,0.0008,0.0008,15.6986
2026-05-11 02:00:00,42,28746,20976,7770,0.0357,95.2381,4.7619,2.381,2.381,5881.0,7804.5,9029.12,7761.2,171.6,10,22,24,0.0,2.381,11.9048,0.0,1335,684.4286,0.3704,0.0008,0.0009,17.1815
2026-05-11 03:00:00,28,24078,16442,7636,0.0289,100.0,0.0,0.0,0.0,6109.0,7095.35,7432.39,6372.3,231.4,8,17,22,0.0,0.0,28.5714,0.0,1284,859.9286,0.4644,0.001,0.001,16.8151
2026-05-11 04:00:00,46,31905,21819,10086,0.0402,100.0,0.0,0.0,0.0,5947.0,6677.5,7050.0,6559.0,161.25,9,25,29,0.0,0.0,15.2174,0.0,1585,693.587,0.4623,0.0009,0.0009,15.7149
2026-05-11 05:00:00,44,34944,26357,8587,0.0433,100.0,0.0,0.0,0.0,6094.5,8210.75,8800.54,7880.3,116.8,8,21,20,4.5455,11.3636,9.0909,0.0,1378,794.1818,0.3258,0.001,0.001,16.0475
2026-05-11 06:00:00,118,77983,55563,22420,0.0977,93.2203,6.7797,3.3898,0.8475,5938.5,8104.65,9153.15,7736.15,164.05,10,27,35,2.5424,5.9322,15.2542,0.0,3248,660.8729,0.4035,0.0008,0.0009,14.4871
2026-05-11 07:00:00,126,84293,57900,26393,0.106,95.2381,4.7619,2.381,0.7937,5895.5,7491.0,8603.75,6938.0,176.25,10,27,39,1.5873,3.1746,21.4286,0.7937,4557,668.9921,0.4558,0.0008,0.0009,17.2659
2026-05-11 08:00:00,117,86357,63281,23076,0.1095,95.7265,4.2735,0.0,2.5641,5890.0,7093.8,8397.88,6898.6,166.2,10,28,37,4.2735,3.4188,18.8034,0.0,3705,738.094,0.3647,0.0009,0.001,16.0556
2026-05-11 09:00:00,181,120570,84635,35935,0.15,96.1326,3.8674,1.105,0.5525,5926.0,8053.0,9288.2,7006.0,167.0,10,29,40,1.105,3.3149,17.1271,0.5525,5668,666.1326,0.4246,0.0008,0.0009,15.7729
2026-05-11 10:00:00,205,144883,102226,42657,0.1904,97.561,2.439,0.4878,0.9756,5920.0,8085.4,9228.08,7875.8,175.2,10,30,40,0.0,3.9024,15.122,0.0,6839,706.7463,0.4173,0.0009,0.001,16.0325
2026-05-11 11:00:00,211,146249,103515,42734,0.1813,96.2085,3.7915,0.4739,0.9479,5954.0,8121.5,9581.5,7785.5,161.0,10,29,39,0.4739,4.2654,20.3791,0.0,6708,693.1232,0.4128,0.0009,0.0009,15.6971
2026-05-11 12:00:00,176,116822,81122,35700,0.1456,97.1591,2.8409,0.5682,1.1364,5911.0,7678.5,9202.75,7318.75,161.0,10,30,42,1.1364,3.9773,11.3636,0.0,5152,663.7614,0.4401,0.0008,0.0009,14.4314
2026-05-11 13:00:00,213,144055,98635,45420,0.1817,97.1831,2.8169,0.4695,0.939,5959.0,8152.4,9063.92,7881.4,165.0,10,30,39,0.4695,3.2864,15.0235,0.4695,7325,676.3146,0.4605,0.0009,0.0009,16.1273
2026-05-11 14:00:00,175,119533,81489,38044,0.1515,96.5714,3.4286,0.5714,2.2857,5989.0,8219.8,9470.96,7748.1,154.3,10,30,40,0.5714,5.7143,23.4286,0.0,6624,683.0457,0.4669,0.0009,0.0009,17.4114
2026-05-11 15:00:00,209,140206,100522,39684,0.1763,96.1722,3.8278,0.4785,2.3923,5910.0,8621.4,9267.76,8516.4,175.6,10,30,42,0.9569,1.9139,14.8325,0.0,6612,670.8421,0.3948,0.0008,0.0009,16.6616
2026-05-11 16:00:00,194,136748,98136,38612,0.1732,95.3608,4.6392,0.5155,3.6082,5923.0,7076.75,9171.85,6977.95,158.95,10,30,45,1.0309,5.6701,15.9794,0.5155,6337,704.8866,0.3935,0.0009,0.0009,16.412
2026-05-11 17:00:00,219,147448,102754,44694,0.1862,95.4338,4.5662,1.3699,1.8265,5921.0,7898.0,9010.88,7686.3,159.2,10,29,48,0.9132,4.5662,15.9817,0.0,6901,673.2785,0.435,0.0009,0.0009,15.4406
2026-05-11 18:00:00,110,77298,54750,22548,0.0951,98.1818,1.8182,0.9091,0.0,5932.0,8337.55,9074.09,8148.25,154.4,10,27,40,0.9091,4.5455,13.6364,0.0,3696,702.7091,0.4118,0.0009,0.0009,16.3917
2026-05-11 19:00:00,129,88545,64155,24390,0.1087,96.124,3.876,0.7752,1.5504,5920.0,8623.0,9338.28,8593.0,185.8,10,29,38,1.5504,2.3256,18.6047,0.0,3942,686.3953,0.3802,0.0008,0.0009,16.1624
2026-05-11 20:00:00,105,72814,52187,20627,0.0904,98.0952,1.9048,0.0,0.9524,5928.0,8020.2,8573.08,7781.4,169.8,10,28,38,0.9524,0.9524,16.1905,0.0,2961,693.4667,0.3953,0.0009,0.0009,14.355
2026-05-11 21:00:00,107,72238,50191,22047,0.0942,92.5234,7.4766,0.9346,1.8692,5909.0,7959.7,9270.78,7838.5,157.5,10,29,31,0.0,1.8692,14.0187,1.8692,3648,675.1215,0.4393,0.0009,0.001,16.5465
2026-05-11 22:00:00,60,34423,22318,12105,0.0434,93.3333,6.6667,0.0,6.6667,5860.0,8530.55,9290.94,8366.9,147.5,10,24,30,0.0,5.0,11.6667,0.0,1927,573.7167,0.5424,0.0007,0.0008,15.919
2026-05-11 23:00:00,54,36226,24404,11822,0.0449,96.2963,3.7037,0.0,1.8519,6017.5,9457.35,9799.52,8747.7,186.1,10,22,28,0.0,0.0,18.5185,0.0,1840,670.8519,0.4844,0.0008,0.0009,15.5642
2026-05-12 00:00:00,26,15632,9642,5990,0.0188,96.1538,3.8462,0.0,0.0,5960.5,6750.5,6788.0,6158.0,180.75,9,17,17,3.8462,3.8462,15.3846,0.0,911,601.2308,0.6212,0.0007,0.0008,15.2087
2026-05-12 01:00:00,24,19637,13613,6024,0.0236,95.8333,4.1667,0.0,0.0,6120.5,8477.9,8741.18,8277.5,115.1,9,19,13,4.1667,0.0,25.0,0.0,957,818.2083,0.4425,0.001,0.001,15.8865
2026-05-12 02:00:00,29,21838,16083,5755,0.0266,100.0,0.0,0.0,0.0,5889.0,8152.0,8948.08,8122.0,123.0,9,18,19,0.0,0.0,17.2414,0.0,1031,753.0345,0.3578,0.0009,0.0009,17.9149
2026-05-12 03:00:00,25,16630,12441,4189,0.0216,92.0,8.0,0.0,4.0,5769.0,7183.2,8330.72,6723.0,181.6,9,16,17,0.0,0.0,20.0,0.0,766,665.2,0.3367,0.0009,0.0009,18.286
2026-05-12 04:00:00,22,12740,8826,3914,0.0163,90.9091,9.0909,4.5455,4.5455,5891.0,8570.15,8762.81,8540.15,148.4,9,16,17,0.0,9.0909,27.2727,0.0,641,579.0909,0.4435,0.0007,0.0008,16.3771
2026-05-12 05:00:00,22,15083,11252,3831,0.0181,95.4545,4.5455,4.5455,0.0,5941.5,7251.55,8669.52,7110.45,112.8,7,15,17,0.0,4.5455,31.8182,0.0,530,685.5909,0.3405,0.0008,0.0009,13.8345
2026-05-12 06:00:00,66,47640,34112,13528,0.0626,93.9394,6.0606,1.5152,1.5152,5899.0,7534.25,8864.25,7424.75,146.75,10,26,32,3.0303,3.0303,19.697,0.0,1986,721.8182,0.3966,0.0009,0.001,14.6807
2026-05-12 07:00:00,62,48171,35869,12302,0.0641,96.7742,3.2258,0.0,3.2258,5865.0,7076.65,8071.5,6567.7,178.55,10,27,30,0.0,1.6129,19.3548,0.0,1983,776.9516,0.343,0.001,0.0011,16.1193
2026-05-12 08:00:00,61,39600,27993,11607,0.0498,96.7213,3.2787,1.6393,1.6393,5900.0,8145.0,9228.2,7806.0,198.0,10,25,27,1.6393,4.918,14.7541,0.0,1887,649.1803,0.4146,0.0008,0.0008,16.2574
2026-05-12 09:00:00,122,80886,56436,24450,0.1042,95.9016,4.0984,1.6393,0.8197,5947.0,7491.6,9340.74,7447.85,175.8,10,30,39,0.8197,5.7377,22.1311,0.0,3813,663.0,0.4332,0.0009,0.0009,15.5951
2026-05-12 10:00:00,126,88007,62915,25092,0.1084,94.4444,5.5556,1.5873,0.7937,5911.5,8156.0,9201.5,7971.5,137.0,10,29,36,1.5873,3.1746,19.8413,0.0,3757,698.4683,0.3988,0.0009,0.0009,14.9729
2026-05-12 11:00:00,96,66438,44261,22177,0.0844,97.9167,2.0833,0.0,0.0,5930.0,7767.5,8938.65,7279.75,162.75,10,28,32,1.0417,1.0417,26.0417,0.0,3537,692.0625,0.5011,0.0009,0.0009,15.949
2026-05-12 12:00:00,130,84436,61323,23113,0.1051,94.6154,5.3846,1.5385,3.0769,5854.0,8122.0,8800.01,8092.0,189.4,10,28,36,0.0,3.8462,19.2308,0.0,3545,649.5077,0.3769,0.0008,0.0009,15.3377
2026-05-12 13:00:00,126,80120,53278,26842,0.1039,97.619,2.381,1.5873,0.0,5935.0,7457.0,9300.25,7060.25,145.0,10,26,39,0.7937,6.3492,23.8095,0.0,4265,635.873,0.5038,0.0008,0.0008,15.8893
2026-05-12 14:00:00,124,82514,58173,24341,0.1025,98.3871,1.6129,0.0,0.0,6041.5,8204.4,9226.44,8164.8,152.1,10,29,39,0.8065,4.0323,20.1613,0.0,3938,665.4355,0.4184,0.0008,0.0008,16.1785
2026-05-12 15:00:00,131,88480,64543,23937,0.1108,96.9466,3.0534,0.0,0.7634,5844.0,8133.5,9165.9,7302.0,147.5,10,30,38,0.0,3.8168,16.0305,0.0,4094,675.4198,0.3709,0.0008,0.0009,17.1032
2026-05-12 16:00:00,137,99109,69677,29432,0.1258,94.1606,5.8394,0.7299,2.1898,5871.0,7794.6,8936.16,6756.2,152.0,10,30,38,2.1898,5.8394,18.9781,0.0,4705,723.4234,0.4224,0.0009,0.001,15.986
2026-05-12 17:00:00,119,80628,57188,23440,0.1011,97.479,2.521,0.8403,0.8403,5864.0,7115.9,8942.26,6405.9,152.2,10,28,35,0.8403,5.8824,20.1681,0.8403,3456,677.5462,0.4099,0.0008,0.0009,14.744
2026-05-12 18:00:00,63,45662,31935,13727,0.0563,92.0635,7.9365,3.1746,3.1746,6194.0,8838.1,9305.26,8566.5,147.4,10,26,29,4.7619,4.7619,17.4603,0.0,2209,724.7937,0.4298,0.0009,0.001,16.0924
2026-05-12 19:00:00,71,55308,41045,14263,0.0723,97.1831,2.8169,1.4085,1.4085,5839.0,7136.0,8970.2,6358.0,158.0,10,26,27,1.4085,4.2254,28.169,1.4085,2256,778.9859,0.3475,0.001,0.001,15.8171
2026-05-12 20:00:00,63,42324,31016,11308,0.0525,96.8254,3.1746,1.5873,0.0,5848.0,7094.0,8277.36,7056.4,148.7,10,24,28,0.0,1.5873,26.9841,0.0,1930,671.8095,0.3646,0.0008,0.0009,17.0676
2026-05-12 21:00:00,67,43302,29899,13403,0.0534,95.5224,4.4776,0.0,2.9851,6031.0,7387.1,9234.96,7163.2,165.2,10,26,31,2.9851,2.9851,17.9104,0.0,2295,646.2985,0.4483,0.0008,0.0008,17.123
2026-05-12 22:00:00,34,23567,16893,6674,0.0297,91.1765,8.8235,0.0,5.8824,5860.0,7388.9,8139.89,6857.15,140.15,9,17,23,2.9412,0.0,11.7647,0.0,922,693.1471,0.3951,0.0009,0.001,13.8148
2026-05-12 23:00:00,34,22910,16847,6063,0.0292,94.1176,5.8824,5.8824,0.0,6012.0,7094.35,7976.6,7064.35,142.75,9,17,21,0.0,5.8824,23.5294,0.0,776,673.8235,0.3599,0.0009,0.0009,12.7989
2026-05-13 00:00:00,23,19501,14339,5162,0.0243,95.6522,4.3478,0.0,0.0,6024.0,6894.5,7620.6,6826.6,153.0,10,14,13,0.0,0.0,21.7391,0.0,805,847.8696,0.36,0.0011,0.0011,15.5947
2026-05-13 01:00:00,20,16291,11165,5126,0.0209,95.0,5.0,0.0,5.0,6151.5,7419.05,7663.01,6847.0,250.05,8,13,15,0.0,0.0,25.0,0.0,783,814.55,0.4591,0.001,0.0011,15.2751
2026-05-13 02:00:00,24,20800,15520,5280,0.025,100.0,0.0,0.0,0.0,6105.0,7232.05,7644.33,7049.25,132.35,5,13,14,4.1667,12.5,16.6667,0.0,955,866.6667,0.3402,0.001,0.001,18.0871
2026-05-13 03:00:00,33,24425,18053,6372,0.0293,93.9394,6.0606,0.0,6.0606,5839.0,6654.2,6847.12,6008.4,154.8,8,18,17,0.0,6.0606,15.1515,0.0,1097,740.1515,0.353,0.0009,0.0009,17.2159
2026-05-13 04:00:00,31,19965,13905,6060,0.0246,100.0,0.0,0.0,0.0,5830.0,6828.0,7066.9,6634.5,155.5,8,18,22,6.4516,0.0,25.8065,0.0,957,644.0323,0.4358,0.0008,0.0008,15.7921
2026-05-13 05:00:00,23,13793,9696,4097,0.0166,100.0,0.0,0.0,0.0,5979.0,8146.1,8642.86,7982.0,131.7,9,17,19,0.0,0.0,21.7391,0.0,654,599.6957,0.4225,0.0007,0.0007,15.9629
2026-05-13 06:00:00,69,55196,39168,16028,0.0692,98.5507,1.4493,0.0,0.0,5937.0,7342.8,8270.6,7103.2,183.0,10,24,26,0.0,5.7971,8.6957,0.0,2786,799.942,0.4092,0.001,0.001,17.3821
2026-05-13 07:00:00,72,47936,32288,15648,0.059,97.2222,2.7778,0.0,1.3889,5873.5,7669.6,8467.04,7402.95,161.4,10,26,29,0.0,4.1667,13.8889,0.0,2543,665.7778,0.4846,0.0008,0.0008,16.2513
2026-05-13 08:00:00,77,54729,37445,17284,0.07,92.2078,7.7922,1.2987,3.8961,5998.0,7736.0,9500.12,7354.8,148.2,10,27,33,2.5974,3.8961,12.987,0.0,2670,710.7662,0.4616,0.0009,0.001,15.4478
2026-05-13 09:00:00,118,84001,59608,24393,0.1094,96.6102,3.3898,0.8475,1.6949,5810.5,7389.9,8972.35,6861.75,178.15,10,30,38,0.0,4.2373,20.339,0.8475,3840,711.8729,0.4092,0.0009,0.001,15.7422
2026-05-13 10:00:00,116,84883,61242,23641,0.1068,95.6897,4.3103,0.8621,2.5862,5890.5,7314.5,8890.0,7020.0,156.75,10,29,38,0.0,5.1724,19.8276,0.0,3627,731.75,0.386,0.0009,0.001,15.342
2026-05-13 11:00:00,110,77804,55003,22801,0.0989,97.2727,2.7273,0.9091,0.9091,5944.5,8383.85,9464.19,8283.2,190.05,10,29,38,4.5455,3.6364,13.6364,0.0,3431,707.3091,0.4145,0.0009,0.0009,15.0476
2026-05-13 12:00:00,104,72450,50516,21934,0.0915,97.1154,2.8846,0.9615,0.9615,5892.0,7382.2,8565.87,7178.25,144.35,10,27,31,0.9615,3.8462,12.5,0.0,3756,696.6346,0.4342,0.0009,0.0009,17.1241
2026-05-13 13:00:00,113,77855,55466,22389,0.0965,95.5752,4.4248,0.0,3.5398,5871.0,8061.6,9066.64,7871.4,186.4,10,28,39,3.5398,7.9646,18.5841,0.0,3975,688.9823,0.4037,0.0009,0.0009,17.7543
2026-05-13 14:00:00,92,63179,44434,18745,0.0788,98.913,1.087,1.087,0.0,5987.5,8510.7,8932.44,8042.9,162.7,10,28,31,1.087,2.1739,13.0435,0.0,3079,686.7283,0.4219,0.0009,0.0009,16.4257
2026-05-13 15:00:00,110,79905,59463,20442,0.1016,97.2727,2.7273,0.0,0.0,5896.5,7956.8,9109.2,7926.8,165.3,10,29,34,0.0,3.6364,22.7273,0.0,3216,726.4091,0.3438,0.0009,0.0009,15.7323
2026-05-13 16:00:00,111,77172,55213,21959,0.0965,96.3964,3.6036,0.9009,0.9009,5919.0,7703.5,8960.7,7311.5,183.0,10,30,36,0.9009,6.3063,18.9189,0.0,3736,695.2432,0.3977,0.0009,0.0009,17.0135
2026-05-13 17:00:00,136,90227,62006,28221,0.113,97.0588,2.9412,0.0,1.4706,5891.0,7277.75,8968.6,7133.5,158.75,10,29,37,1.4706,0.0,13.2353,0.0,4432,663.4338,0.4551,0.0008,0.0009,15.7046
2026-05-13 18:00:00,53,37070,25974,11096,0.0462,96.2264,3.7736,1.8868,1.8868,5871.0,8495.0,9351.0,8151.0,136.6,10,23,27,3.7736,3.7736,13.2075,0.0,1718,699.434,0.4272,0.0009,0.0009,15.4831
2026-05-13 19:00:00,87,55084,36932,18152,0.0672,97.7011,2.2989,0.0,2.2989,6026.0,8502.7,9105.06,8472.7,178.9,10,27,29,2.2989,3.4483,13.7931,0.0,2800,633.1494,0.4915,0.0008,0.0008,15.4253
2026-05-13 20:00:00,78,54624,38814,15810,0.072,93.5897,6.4103,0.0,1.2821,6003.5,7848.5,8458.29,7358.0,167.05,10,27,31,2.5641,6.4103,16.6667,0.0,2243,700.3077,0.4073,0.0009,0.001,14.1872
2026-05-13 21:00:00,67,42475,29896,12579,0.0536,100.0,0.0,0.0,0.0,5993.0,8337.0,8872.52,8172.9,141.1,10,23,26,0.0,1.4925,17.9104,0.0,1971,633.9552,0.4208,0.0008,0.0008,15.669
2026-05-13 22:00:00,36,24968,18340,6628,0.03,97.2222,2.7778,2.7778,0.0,5978.5,7491.75,8627.1,7012.75,159.5,9,21,20,0.0,2.7778,27.7778,0.0,1106,693.5556,0.3614,0.0008,0.0009,16.6868
2026-05-13 23:00:00,36,23452,16242,7210,0.0296,97.2222,2.7778,2.7778,0.0,5999.0,8000.0,8823.9,7970.0,147.0,10,21,22,0.0,2.7778,27.7778,0.0,1142,651.4444,0.4439,0.0008,0.0008,15.8391
2026-05-14 00:00:00,28,17466,11810,5656,0.022,100.0,0.0,0.0,0.0,6125.5,7530.6,8596.4,7484.15,137.5,9,17,16,0.0,3.5714,21.4286,0.0,885,623.7857,0.4789,0.0008,0.0008,15.6471
2026-05-14 01:00:00,28,16690,11056,5634,0.02,96.4286,3.5714,0.0,0.0,6038.0,7994.5,8777.32,7846.85,112.45,9,16,17,0.0,0.0,14.2857,0.0,872,596.0714,0.5096,0.0007,0.0007,15.4775
2026-05-14 02:00:00,25,14632,10369,4263,0.0183,96.0,4.0,4.0,0.0,5823.0,8060.0,9045.68,8000.2,153.2,10,16,14,0.0,4.0,12.0,0.0,570,585.28,0.4111,0.0007,0.0008,13.3709
2026-05-14 03:00:00,29,18387,12216,6171,0.0249,96.5517,3.4483,3.4483,0.0,6014.0,7711.8,8266.12,7363.4,151.6,9,20,18,0.0,10.3448,24.1379,0.0,1064,634.0345,0.5052,0.0009,0.0009,17.2419
2026-05-14 04:00:00,23,15110,11119,3991,0.0183,100.0,0.0,0.0,0.0,6061.0,7878.6,8373.62,7848.6,144.7,9,17,15,0.0,8.6957,17.3913,0.0,598,656.9565,0.3589,0.0008,0.0008,14.9837
2026-05-14 05:00:00,32,21502,15080,6422,0.0269,93.75,6.25,0.0,3.125,5997.0,8782.95,9327.18,8746.2,191.7,9,18,21,0.0,6.25,12.5,0.0,1057,671.9375,0.4259,0.0008,0.0009,16.459
2026-05-14 06:00:00,96,67115,46417,20698,0.083,100.0,0.0,0.0,0.0,5986.0,8358.75,9132.25,8328.75,135.75,10,25,31,0.0,5.2083,16.6667,0.0,3409,699.1146,0.4459,0.0009,0.0009,16.4702
2026-05-14 07:00:00,80,57574,38175,19399,0.0732,96.25,3.75,0.0,1.25,5959.0,8911.75,9562.86,8789.35,158.15,10,25,29,0.0,5.0,17.5,0.0,3303,719.675,0.5082,0.0009,0.001,17.0267
2026-05-14 08:00:00,68,51687,38935,12752,0.064,95.5882,4.4118,1.4706,1.4706,5820.5,7531.9,9320.28,7315.95,146.3,10,26,30,2.9412,7.3529,16.1765,1.4706,2209,760.1029,0.3275,0.0009,0.001,17.3228
2026-05-14 09:00:00,143,97723,66655,31068,0.1244,96.5035,3.4965,0.6993,2.0979,5969.0,7653.1,8847.02,7616.8,168.9,10,29,40,0.0,6.993,14.6853,0.6993,4971,683.3776,0.4661,0.0009,0.0009,16.0004
2026-05-14 10:00:00,129,92958,65686,27272,0.1169,96.8992,3.1008,0.0,2.3256,5909.0,8154.2,9766.68,7765.0,173.8,10,27,37,1.5504,4.6512,11.6279,0.0,4291,720.6047,0.4152,0.0009,0.0009,15.7341
2026-05-14 11:00:00,117,90312,63896,26416,0.1169,98.2906,1.7094,0.8547,0.8547,6011.0,8548.0,9488.24,8191.4,134.6,10,30,38,0.0,5.1282,17.9487,0.0,4501,771.8974,0.4134,0.001,0.001,17.0389
2026-05-14 12:00:00,132,84988,60991,23997,0.1052,98.4848,1.5152,0.0,0.7576,5878.5,8012.75,8713.16,7828.55,154.35,10,29,38,0.7576,6.0606,25.0,0.0,3712,643.8485,0.3935,0.0008,0.0008,15.4686
2026-05-14 13:00:00,125,86359,60746,25613,0.1091,97.6,2.4,0.0,2.4,5949.0,8386.6,8839.0,8356.6,168.2,10,30,38,2.4,4.0,16.0,0.0,4382,690.872,0.4216,0.0009,0.0009,17.1085
2026-05-14 14:00:00,104,70969,50810,20159,0.0887,99.0385,0.9615,0.9615,0.0,5885.0,7209.7,8622.46,6859.65,150.65,10,26,36,2.8846,4.8077,14.4231,0.0,3117,682.3942,0.3968,0.0009,0.0009,15.4621
2026-05-14 15:00:00,122,83650,57848,25802,0.1071,98.3607,1.6393,0.0,0.8197,5985.0,8476.65,9235.99,8446.65,177.9,10,29,36,0.0,0.8197,22.9508,0.0,3915,685.6557,0.446,0.0009,0.0009,15.1732
2026-05-14 16:00:00,118,78145,54851,23294,0.0978,94.0678,5.9322,0.0,2.5424,5958.0,7917.4,8768.11,7887.4,185.75,10,29,38,2.5424,3.3898,23.7288,0.0,3814,662.2458,0.4247,0.0008,0.0009,16.3733
2026-05-14 17:00:00,128,100233,70091,30142,0.1277,92.9688,7.0312,0.0,3.9062,5958.0,8222.15,9724.01,7754.35,166.8,10,29,36,1.5625,5.4688,16.4062,0.0,4796,783.0703,0.43,0.001,0.0011,15.9114
2026-05-14 18:00:00,71,48447,33518,14929,0.0589,95.7746,4.2254,1.4085,1.4085,6033.0,7621.0,8359.7,7316.0,186.0,10,26,30,0.0,4.2254,22.5352,0.0,2238,682.3521,0.4454,0.0008,0.0009,14.991
2026-05-14 19:00:00,82,55179,39001,16178,0.0682,98.7805,1.2195,0.0,0.0,6051.5,8203.2,9517.99,8173.2,213.0,10,28,33,1.2195,4.878,26.8293,0.0,2667,672.9146,0.4148,0.0008,0.0008,16.4854
2026-05-14 20:00:00,77,55496,37005,18491,0.0694,96.1039,3.8961,1.2987,1.2987,5974.0,8235.0,9665.64,8155.4,158.0,10,27,30,0.0,6.4935,15.5844,1.2987,3125,720.7273,0.4997,0.0009,0.0009,16.9001
2026-05-14 21:00:00,72,44294,30011,14283,0.0554,98.6111,1.3889,0.0,1.3889,5915.0,8029.85,9627.02,7848.6,148.85,10,28,32,0.0,1.3889,15.2778,0.0,2331,615.1944,0.4759,0.0008,0.0008,16.3201
2026-05-14 22:00:00,51,36025,26759,9266,0.0476,96.0784,3.9216,0.0,1.9608,5909.0,7394.0,8311.0,6935.0,153.5,10,25,24,3.9216,3.9216,19.6078,0.0,1505,706.3725,0.3463,0.0009,0.001,16.2422
2026-05-14 23:00:00,39,23786,15480,8306,0.0304,92.3077,7.6923,5.1282,0.0,5851.0,7597.1,7876.78,6337.1,137.9,10,22,20,0.0,5.1282,17.9487,0.0,1422,609.8974,0.5366,0.0008,0.0008,17.1202
2026-05-15 00:00:00,25,18300,13420,4880,0.0227,96.0,4.0,0.0,0.0,6268.0,8832.6,9725.24,8698.0,176.4,8,13,21,0.0,0.0,28.0,0.0,792,732.0,0.3636,0.0009,0.0009,16.2295
2026-05-15 01:00:00,32,17872,11885,5987,0.0233,93.75,6.25,0.0,0.0,5906.0,7388.25,8947.86,7307.1,154.55,9,17,20,0.0,6.25,18.75,0.0,962,558.5,0.5037,0.0007,0.0008,16.0681
2026-05-15 02:00:00,17,11086,7429,3657,0.0136,82.3529,17.6471,5.8824,11.7647,6089.0,6747.0,6836.6,6696.0,165.2,6,10,12,5.8824,11.7647,23.5294,0.0,466,652.1176,0.4923,0.0008,0.001,12.7427
2026-05-15 03:00:00,29,19789,13607,6182,0.0244,96.5517,3.4483,0.0,3.4483,5864.0,7615.8,8252.92,6953.6,129.6,9,15,18,0.0,3.4483,27.5862,0.0,961,682.3793,0.4543,0.0008,0.0009,15.5451
2026-05-15 04:00:00,31,22781,15996,6785,0.0295,93.5484,6.4516,0.0,0.0,6014.0,8936.5,9354.9,8906.5,144.0,9,18,19,3.2258,6.4516,16.129,0.0,1133,734.871,0.4242,0.001,0.001,16.6986
2026-05-15 05:00:00,22,12693,9264,3429,0.016,86.3636,13.6364,4.5455,4.5455,5913.5,8433.0,8587.51,8396.85,154.75,8,14,14,0.0,13.6364,18.1818,0.0,616,576.9545,0.3701,0.0007,0.0008,17.9644
2026-05-15 06:00:00,72,47405,31254,16151,0.0607,97.2222,2.7778,0.0,2.7778,5886.0,7962.7,9089.16,7912.9,154.6,9,26,31,0.0,5.5556,22.2222,0.0,2496,658.4028,0.5168,0.0008,0.0009,15.4542
2026-05-15 07:00:00,66,41628,29924,11704,0.0552,96.9697,3.0303,0.0,0.0,5951.5,6965.75,7801.15,6917.25,215.0,10,27,35,1.5152,1.5152,9.0909,0.0,1866,630.7273,0.3911,0.0008,0.0009,15.9433
2026-05-15 08:00:00,62,43686,31503,12183,0.0541,100.0,0.0,0.0,0.0,5874.5,6925.95,9087.88,6623.4,130.95,10,25,27,3.2258,3.2258,19.3548,1.6129,1956,704.6129,0.3867,0.0009,0.0009,16.0552
2026-05-15 09:00:00,117,78631,55852,22779,0.1003,96.5812,3.4188,1.7094,1.7094,5839.0,7143.4,8811.64,6676.8,164.0,10,28,36,0.8547,5.1282,12.8205,0.0,3689,672.0598,0.4078,0.0009,0.0009,16.1947
2026-05-15 10:00:00,124,88972,65559,23413,0.1091,97.5806,2.4194,0.8065,0.8065,5935.5,7981.5,9434.36,7951.5,132.85,10,30,40,1.6129,4.0323,19.3548,0.0,3864,717.5161,0.3571,0.0009,0.0009,16.5037
2026-05-15 11:00:00,132,92088,65618,26470,0.117,95.4545,4.5455,0.0,2.2727,5896.5,8088.3,8608.58,7510.95,183.9,10,29,38,0.7576,6.0606,12.1212,0.0,4276,697.6364,0.4034,0.0009,0.0009,16.1541
2026-05-15 12:00:00,116,76942,51316,25626,0.0959,94.8276,5.1724,1.7241,1.7241,5942.5,7817.0,8820.05,7567.5,167.5,10,30,30,0.0,4.3103,21.5517,0.8621,3970,663.2931,0.4994,0.0008,0.0009,15.4921
2026-05-15 13:00:00,140,92953,65760,27193,0.1155,99.2857,0.7143,0.0,0.7143,6007.0,8061.45,9548.49,7645.35,156.05,10,27,40,0.0,5.0,12.1429,0.0,4372,663.95,0.4135,0.0008,0.0008,16.0777
2026-05-15 14:00:00,136,98556,67703,30853,0.1249,100.0,0.0,0.0,0.0,5951.5,8861.5,9475.4,8411.5,167.5,10,28,37,1.4706,2.2059,21.3235,0.0,4535,724.6765,0.4557,0.0009,0.0009,14.6987
2026-05-15 15:00:00,141,96890,68325,28565,0.1203,95.0355,4.9645,0.0,2.1277,5891.0,8843.0,9465.0,8417.0,193.0,10,30,39,2.8369,4.2553,19.8582,0.0,4491,687.1631,0.4181,0.0009,0.0009,15.722
2026-05-15 16:00:00,135,86680,61234,25446,0.1087,96.2963,3.7037,0.7407,0.7407,5920.0,8368.7,9635.92,8187.6,167.6,10,28,40,0.7407,4.4444,15.5556,0.0,4084,642.0741,0.4156,0.0008,0.0008,16.0497
2026-05-15 17:00:00,124,91707,67163,24544,0.1136,96.7742,3.2258,0.0,1.6129,5904.5,7459.1,9097.83,7145.85,171.8,10,28,38,1.6129,3.2258,10.4839,0.0,3996,739.5726,0.3654,0.0009,0.0009,16.281
2026-05-15 18:00:00,68,46266,30643,15623,0.0587,97.0588,2.9412,0.0,1.4706,5836.0,8416.0,9627.71,7670.95,122.3,10,26,27,0.0,4.4118,25.0,0.0,2548,680.3824,0.5098,0.0009,0.0009,16.3093
2026-05-15 19:00:00,72,50173,35347,14826,0.0626,97.2222,2.7778,1.3889,0.0,5917.0,8656.6,9821.8,8547.4,139.45,10,24,29,0.0,2.7778,18.0556,0.0,2521,696.8472,0.4194,0.0009,0.0009,17.0039
2026-05-15 20:00:00,94,60072,40557,19515,0.0755,94.6809,5.3191,1.0638,1.0638,5912.0,7763.15,9265.52,7082.85,150.45,10,26,35,1.0638,6.383,19.1489,0.0,2973,639.0638,0.4812,0.0008,0.0008,15.2344
2026-05-15 21:00:00,82,62801,43582,19219,0.0776,98.7805,1.2195,0.0,1.2195,5928.5,7685.8,9003.04,6578.55,184.55,10,24,34,2.439,2.439,12.1951,0.0,2843,765.8659,0.441,0.0009,0.001,14.7927
2026-05-15 22:00:00,38,23818,15173,8645,0.0296,92.1053,7.8947,0.0,5.2632,5987.0,6858.8,8333.05,6690.25,135.35,10,22,23,2.6316,0.0,7.8947,0.0,1299,626.7895,0.5698,0.0008,0.0008,15.026
2026-05-15 23:00:00,34,23037,13922,9115,0.0308,100.0,0.0,0.0,0.0,5868.0,8400.15,9282.32,7105.95,199.35,8,19,20,0.0,2.9412,20.5882,0.0,1311,677.5588,0.6547,0.0009,0.0009,14.3829
2026-05-16 00:00:00,25,17294,12648,4646,0.0208,100.0,0.0,0.0,0.0,6014.0,7417.2,7486.72,7306.0,140.2,9,17,16,0.0,12.0,12.0,0.0,756,691.76,0.3673,0.0008,0.0008,16.2721
2026-05-16 01:00:00,26,16833,11335,5498,0.0212,100.0,0.0,0.0,0.0,6098.0,8826.5,9221.75,8796.5,149.75,9,19,16,0.0,3.8462,26.9231,0.0,915,647.4231,0.485,0.0008,0.0008,16.6424
2026-05-16 02:00:00,22,14761,10489,4272,0.0177,95.4545,4.5455,4.5455,0.0,6009.5,8452.2,9018.12,8420.2,186.65,9,13,15,4.5455,13.6364,31.8182,0.0,782,670.9545,0.4073,0.0008,0.0008,18.3052
2026-05-16 03:00:00,20,13039,8570,4469,0.0176,95.0,5.0,0.0,0.0,6043.0,7305.45,7965.89,6892.85,95.9,8,15,15,5.0,5.0,15.0,0.0,673,651.95,0.5215,0.0009,0.0009,15.0593
2026-05-16 04:00:00,25,18455,12988,5467,0.0239,92.0,8.0,0.0,4.0,5842.0,7260.2,8364.64,7112.4,176.8,9,16,16,0.0,0.0,36.0,0.0,740,738.2,0.4209,0.001,0.001,13.5358
2026-05-16 05:00:00,23,15261,11651,3610,0.0183,91.3043,8.6957,0.0,4.3478,5801.0,6316.9,8086.68,5714.8,168.1,9,13,15,0.0,13.0435,26.087,0.0,539,663.5217,0.3098,0.0008,0.0009,14.9307
2026-05-16 06:00:00,57,37601,26129,11472,0.0473,96.4912,3.5088,3.5088,0.0,5910.0,6977.0,7908.72,6501.2,144.0,10,24,25,1.7544,3.5088,15.7895,0.0,2064,659.6667,0.4391,0.0008,0.0009,17.9916
2026-05-16 07:00:00,53,39693,30724,8969,0.0499,96.2264,3.7736,1.8868,1.8868,5846.0,7062.8,8726.24,7003.8,216.6,10,26,32,0.0,3.7736,11.3208,0.0,1388,748.9245,0.2919,0.0009,0.001,15.4755
2026-05-16 08:00:00,53,36433,26059,10374,0.0467,96.2264,3.7736,0.0,3.7736,5965.0,7617.8,9129.88,7319.0,190.0,10,25,28,0.0,5.6604,18.8679,0.0,1643,687.4151,0.3981,0.0009,0.0009,15.8377
2026-05-16 09:00:00,106,68322,46030,22292,0.0869,97.1698,2.8302,0.0,1.8868,6099.0,8596.75,10111.65,8566.75,133.25,10,30,40,0.0,2.8302,18.8679,0.0,3685,644.5472,0.4843,0.0008,0.0008,16.5306
2026-05-16 10:00:00,101,77882,57905,19977,0.0992,97.0297,2.9703,1.9802,0.9901,5881.0,7394.0,8417.0,6963.0,152.0,10,29,36,1.9802,4.9505,14.8515,0.0,2843,771.1089,0.345,0.001,0.001,14.2314
2026-05-16 11:00:00,100,70921,51110,19811,0.0909,98.0,2.0,0.0,0.0,5963.5,7966.35,9468.67,7826.15,198.5,10,29,34,1.0,4.0,22.0,0.0,3241,709.21,0.3876,0.0009,0.0009,16.3596
2026-05-16 12:00:00,83,53705,36861,16844,0.0678,95.1807,4.8193,2.4096,0.0,5999.0,7227.9,8969.18,7061.8,150.0,10,28,33,0.0,3.6145,21.6867,1.2048,2563,647.0482,0.457,0.0008,0.0009,15.2161
2026-05-16 13:00:00,82,56686,39532,17154,0.0705,100.0,0.0,0.0,0.0,5956.5,7313.15,8941.13,6959.6,159.9,10,29,30,2.439,3.6585,24.3902,0.0,2631,691.2927,0.4339,0.0009,0.0009,15.3375
2026-05-16 14:00:00,92,66285,47495,18790,0.081,96.7391,3.2609,2.1739,0.0,6019.5,8512.55,9735.77,8219.75,163.8,10,29,35,1.087,9.7826,15.2174,0.0,3017,720.4891,0.3956,0.0009,0.0009,16.0564
2026-05-16 15:00:00,96,66636,46830,19806,0.0853,97.9167,2.0833,0.0,2.0833,5921.5,7633.5,8989.7,7122.0,174.25,10,27,34,1.0417,1.0417,16.6667,0.0,3121,694.125,0.4229,0.0009,0.0009,15.7579
2026-05-16 16:00:00,99,64347,43973,20374,0.08,96.9697,3.0303,0.0,2.0202,5961.0,8134.7,8907.54,7412.9,144.6,10,25,33,4.0404,7.0707,15.1515,0.0,3153,649.9697,0.4633,0.0008,0.0008,15.4756
2026-05-16 17:00:00,101,73897,54403,19494,0.0932,92.0792,7.9208,2.9703,1.9802,5904.0,8549.0,9245.0,8519.0,161.0,10,29,36,0.0,3.9604,21.7822,0.0,2985,731.6535,0.3583,0.0009,0.001,15.3124
2026-05-16 18:00:00,46,25359,17381,7978,0.0318,95.6522,4.3478,0.0,0.0,5822.0,7059.0,8885.2,6545.25,139.5,9,20,25,2.1739,8.6957,15.2174,0.0,1159,551.2826,0.459,0.0007,0.0007,14.5275
2026-05-16 19:00:00,46,31376,21814,9562,0.0384,97.8261,2.1739,0.0,2.1739,5977.0,8273.25,9378.4,8115.75,173.75,10,25,23,2.1739,4.3478,23.913,0.0,1461,682.087,0.4383,0.0008,0.0009,15.2792
2026-05-16 20:00:00,49,38335,27883,10452,0.0508,97.9592,2.0408,2.0408,0.0,5835.0,7176.2,8839.64,6777.2,209.8,9,25,28,0.0,6.1224,12.2449,0.0,1635,782.3469,0.3749,0.001,0.0011,15.6429
2026-05-16 21:00:00,61,37459,26574,10885,0.0456,96.7213,3.2787,0.0,1.6393,5924.0,8122.0,8794.6,8092.0,184.0,10,22,29,1.6393,6.5574,21.3115,0.0,1741,614.082,0.4096,0.0007,0.0008,15.9945
2026-05-16 22:00:00,28,17620,12150,5470,0.0216,92.8571,7.1429,0.0,3.5714,6101.5,7313.75,7676.58,6970.55,140.6,9,15,19,0.0,3.5714,14.2857,0.0,860,629.2857,0.4502,0.0008,0.0008,15.7221
2026-05-16 23:00:00,38,23595,17284,6311,0.0304,92.1053,7.8947,7.8947,0.0,5824.5,7768.65,8909.66,7738.65,171.6,10,22,22,0.0,7.8947,10.5263,0.0,985,620.9211,0.3651,0.0008,0.0009,15.6077
2026-05-17 00:00:00,17,12226,9239,2987,0.0166,100.0,0.0,0.0,0.0,5809.0,7222.2,8640.44,7101.0,131.0,10,15,15,0.0,5.8824,5.8824,0.0,463,719.1765,0.3233,0.001,0.001,15.5005
2026-05-17 01:00:00,24,17259,12441,4818,0.0209,95.8333,4.1667,0.0,4.1667,6080.5,7357.0,8620.41,6775.4,131.55,8,13,16,0.0,4.1667,16.6667,0.0,671,719.125,0.3873,0.0009,0.0009,13.9269
2026-05-17 02:00:00,18,13061,9100,3961,0.0157,100.0,0.0,0.0,0.0,5924.0,7850.4,8622.88,6716.25,106.95,6,10,13,0.0,11.1111,22.2222,0.0,715,725.6111,0.4353,0.0009,0.0009,18.051
2026-05-17 03:00:00,30,20571,14810,5761,0.0247,100.0,0.0,0.0,0.0,6061.5,8834.65,9513.36,8804.65,146.55,9,20,21,0.0,3.3333,26.6667,0.0,886,685.7,0.389,0.0008,0.0008,15.3793
2026-05-17 04:00:00,26,14804,9298,5506,0.0179,96.1538,3.8462,3.8462,0.0,5903.5,7255.75,7875.5,6887.25,157.0,10,15,21,3.8462,3.8462,19.2308,0.0,875,569.3846,0.5922,0.0007,0.0007,15.8918
2026-05-17 05:00:00,24,13221,9415,3806,0.0167,100.0,0.0,0.0,0.0,5969.0,7805.8,9097.99,7775.8,151.7,9,19,18,8.3333,8.3333,20.8333,0.0,559,550.875,0.4042,0.0007,0.0007,14.6873
2026-05-17 06:00:00,61,37054,25698,11356,0.0456,96.7213,3.2787,1.6393,1.6393,5947.0,7100.0,7985.0,6682.0,199.0,10,23,30,1.6393,1.6393,18.0328,0.0,1860,607.4426,0.4419,0.0007,0.0008,16.379
2026-05-17 07:00:00,57,37304,24854,12450,0.0494,96.4912,3.5088,1.7544,1.7544,6080.0,7851.6,8984.72,7821.6,129.6,10,27,28,0.0,0.0,19.2982,0.0,1931,654.4561,0.5009,0.0009,0.0009,15.51
2026-05-17 08:00:00,63,45186,30723,14463,0.056,95.2381,4.7619,1.5873,0.0,6008.0,7238.0,8165.34,6859.4,138.7,10,24,29,1.5873,4.7619,14.2857,0.0,2244,717.2381,0.4708,0.0009,0.0009,15.5155
2026-05-17 09:00:00,102,64794,43466,21328,0.0819,97.0588,2.9412,0.0,2.9412,6002.5,7548.05,9684.87,7516.25,165.65,10,26,33,1.9608,5.8824,16.6667,0.0,3216,635.2353,0.4907,0.0008,0.0008,15.0788
2026-05-17 10:00:00,104,73136,52423,20713,0.0889,94.2308,5.7692,1.9231,0.9615,5966.5,7781.6,8827.18,7630.85,139.75,10,26,36,0.0,6.7308,21.1538,0.0,3439,703.2308,0.3951,0.0009,0.0009,16.6031
2026-05-17 11:00:00,100,68734,47587,21147,0.0881,96.0,4.0,2.0,2.0,5820.0,8675.1,9590.95,8317.15,161.7,10,27,34,1.0,3.0,22.0,0.0,3261,687.34,0.4444,0.0009,0.0009,15.4206
2026-05-17 12:00:00,80,50310,34963,15347,0.0659,96.25,3.75,1.25,1.25,5934.0,8475.3,9478.45,8445.3,113.15,10,24,30,0.0,2.5,12.5,0.0,2419,628.875,0.4389,0.0008,0.0009,15.762
2026-05-17 13:00:00,107,69240,48444,20796,0.0901,96.2617,3.7383,0.9346,0.9346,5922.0,7445.2,8751.74,7046.4,122.5,10,27,39,0.0,5.6075,14.9533,0.0,3367,647.1028,0.4293,0.0008,0.0009,16.1906
2026-05-17 14:00:00,100,73622,52407,21215,0.0902,92.0,8.0,3.0,3.0,5902.0,7566.5,8931.04,6981.05,156.15,10,28,33,1.0,7.0,17.0,0.0,3393,736.22,0.4048,0.0009,0.001,15.9934
2026-05-17 15:00:00,115,75100,53102,21998,0.0934,95.6522,4.3478,0.8696,1.7391,5960.0,8221.6,9613.34,8059.9,163.8,10,26,34,1.7391,6.9565,20.8696,0.0,3397,653.0435,0.4143,0.0008,0.0008,15.4423
2026-05-17 16:00:00,112,76732,55430,21302,0.0966,95.5357,4.4643,0.8929,2.6786,5996.0,8335.2,9012.49,8305.2,169.8,10,29,37,0.8929,4.4643,20.5357,0.0,3613,685.1071,0.3843,0.0009,0.0009,16.9608
2026-05-17 17:00:00,102,66746,44050,22696,0.0824,98.0392,1.9608,0.0,0.9804,5938.5,7762.5,8941.68,6699.3,173.8,10,28,38,2.9412,0.9804,19.6078,0.0,3434,654.3725,0.5152,0.0008,0.0008,15.1304
2026-05-17 18:00:00,59,44011,29808,14203,0.054,96.6102,3.3898,1.6949,1.6949,6030.0,8700.8,9202.54,8670.8,168.2,10,24,28,1.6949,3.3898,23.7288,0.0,2428,745.9492,0.4765,0.0009,0.0009,17.095
2026-05-17 19:00:00,59,39148,27237,11911,0.0497,96.6102,3.3898,0.0,1.6949,6160.0,8208.7,8728.36,8178.7,166.8,10,25,31,1.6949,3.3898,23.7288,1.6949,1843,663.5254,0.4373,0.0008,0.0009,15.4731
2026-05-17 20:00:00,65,43964,30674,13290,0.0555,96.9231,3.0769,0.0,3.0769,6010.0,8476.6,8928.32,8220.2,204.4,10,25,31,0.0,3.0769,18.4615,0.0,2151,676.3692,0.4333,0.0009,0.0009,16.1851
2026-05-17 21:00:00,58,37473,25607,11866,0.0467,96.5517,3.4483,0.0,3.4483,6001.5,7614.85,8920.47,7500.7,148.85,10,24,27,5.1724,3.4483,17.2414,0.0,1761,646.0862,0.4634,0.0008,0.0008,14.8407
2026-05-17 22:00:00,30,19916,14245,5671,0.0249,96.6667,3.3333,0.0,3.3333,5947.0,8812.2,9386.94,8782.2,145.0,9,16,19,0.0,6.6667,20.0,0.0,1101,663.8667,0.3981,0.0008,0.0009,19.4146
2026-05-17 23:00:00,33,24468,16878,7590,0.0295,93.9394,6.0606,0.0,6.0606,6145.0,8458.4,8601.76,8312.4,168.4,10,19,23,3.0303,3.0303,12.1212,0.0,1250,741.4545,0.4497,0.0009,0.001,16.469
2026-05-18 00:00:00,36,21002,14639,6363,0.0273,97.2222,2.7778,0.0,2.7778,5768.5,7360.25,7905.65,7038.75,221.25,9,21,23,0.0,2.7778,13.8889,2.7778,934,583.3889,0.4347,0.0008,0.0008,14.6786
2026-05-18 01:00:00,32,23375,17750,5625,0.03,90.625,9.375,0.0,6.25,6030.5,8289.8,8618.79,7994.7,120.9,9,21,20,0.0,3.125,18.75,0.0,954,730.4688,0.3169,0.0009,0.001,16.96
2026-05-18 02:00:00,31,17116,11550,5566,0.0223,100.0,0.0,0.0,0.0,5834.0,7134.0,7666.8,6725.5,196.0,10,20,22,0.0,6.4516,9.6774,0.0,1001,552.129,0.4819,0.0007,0.0007,17.9842
2026-05-18 03:00:00,35,24154,16570,7584,0.0294,97.1429,2.8571,0.0,2.8571,6162.0,8608.0,9353.34,8578.0,232.0,10,20,23,0.0,0.0,22.8571,0.0,1304,690.1143,0.4577,0.0008,0.0009,17.1941
2026-05-18 04:00:00,30,18851,13068,5783,0.0226,93.3333,6.6667,3.3333,3.3333,5939.5,6568.15,6667.01,6330.2,115.3,9,16,18,3.3333,0.0,16.6667,0.0,905,628.3667,0.4425,0.0008,0.0008,15.6493
2026-05-18 05:00:00,43,27396,18436,8960,0.0337,93.0233,6.9767,2.3256,4.6512,6036.0,8889.6,9042.6,8751.9,172.3,10,25,25,6.9767,4.6512,23.2558,0.0,1273,637.1163,0.486,0.0008,0.0008,14.2076
2026-05-18 06:00:00,87,57639,39594,18045,0.0711,97.7011,2.2989,0.0,1.1494,5978.0,8441.6,9785.22,8166.7,143.9,10,24,35,1.1494,1.1494,18.3908,0.0,2838,662.5172,0.4558,0.0008,0.0008,15.7273
2026-05-18 07:00:00,71,47247,32053,15194,0.0596,97.1831,2.8169,1.4085,1.4085,5966.0,7351.5,8355.1,6851.0,165.5,10,27,31,1.4085,4.2254,25.3521,0.0,2543,665.4507,0.474,0.0008,0.0009,16.7369
2026-05-18 08:00:00,102,70304,50675,19629,0.0882,98.0392,1.9608,0.0,1.9608,6014.5,8070.25,8812.01,7290.45,152.9,10,28,38,0.9804,2.9412,19.6078,0.9804,3317,689.2549,0.3874,0.0009,0.0009,16.8985
2026-05-18 09:00:00,256,182464,131248,51216,0.2318,96.4844,3.5156,0.7812,1.5625,5932.0,8040.75,9439.75,7266.5,179.25,10,30,42,2.7344,3.5156,16.0156,0.3906,8137,712.75,0.3902,0.0009,0.0009,15.8876
2026-05-18 10:00:00,250,175879,123792,52087,0.2247,96.0,4.0,1.2,2.4,5968.5,8621.05,9546.1,8591.05,168.0,10,29,44,2.8,3.6,18.4,0.4,8299,703.516,0.4208,0.0009,0.0009,15.933
2026-05-18 11:00:00,267,178887,124793,54094,0.2213,97.7528,2.2472,0.7491,0.0,6042.0,7916.9,9483.82,7539.9,158.7,10,30,45,1.8727,5.618,18.7266,0.0,8987,669.9888,0.4335,0.0008,0.0008,16.6137
2026-05-18 12:00:00,162,112698,77931,34767,0.1424,97.5309,2.4691,0.0,1.8519,5998.5,7557.75,8870.66,7096.9,158.65,10,29,38,0.6173,1.8519,19.7531,0.0,5701,695.6667,0.4461,0.0009,0.0009,16.3977
2026-05-18 13:00:00,146,101562,70152,31410,0.127,99.3151,0.6849,0.6849,0.0,5939.5,8277.0,9672.75,7963.75,170.0,10,29,43,0.6849,4.1096,20.5479,0.6849,4659,695.6301,0.4477,0.0009,0.0009,14.8329
2026-05-18 14:00:00,139,93532,65799,27733,0.1209,98.5612,1.4388,0.0,0.7194,5958.0,8901.8,9433.26,8762.6,153.6,10,30,43,2.8777,3.5971,12.2302,0.0,4426,672.8921,0.4215,0.0009,0.0009,15.9593
2026-05-18 15:00:00,133,96818,72364,24454,0.1206,99.2481,0.7519,0.0,0.0,5879.0,8719.4,9471.92,8560.4,155.8,10,29,40,1.5038,2.2556,27.8195,0.0,4098,727.9549,0.3379,0.0009,0.0009,16.758
2026-05-18 16:00:00,143,94152,65371,28781,0.118,97.2028,2.7972,0.0,1.3986,6035.0,8994.8,9454.14,8815.7,180.3,10,30,37,1.3986,2.7972,20.2797,0.0,4607,658.4056,0.4403,0.0008,0.0008,16.0071
2026-05-18 17:00:00,128,87369,61258,26111,0.1119,92.1875,7.8125,2.3438,3.125,5952.0,7632.2,8241.15,7047.35,147.5,10,28,37,2.3438,8.5938,17.9688,0.0,4483,682.5703,0.4262,0.0009,0.0009,17.169
2026-05-18 18:00:00,86,54705,35711,18994,0.0681,95.3488,4.6512,2.3256,1.1628,6195.0,8663.5,9650.45,8423.0,161.5,10,26,30,2.3256,4.6512,17.4419,0.0,2990,636.1047,0.5319,0.0008,0.0008,15.7418
2026-05-18 19:00:00,74,47481,34993,12488,0.0607,100.0,0.0,0.0,0.0,5917.5,7066.45,8526.7,7008.45,183.75,10,25,32,1.3514,1.3514,10.8108,1.3514,1649,641.6351,0.3569,0.0008,0.0008,13.2047
2026-05-18 20:00:00,102,63045,40567,22478,0.0809,97.0588,2.9412,0.9804,0.0,6004.0,7502.95,8758.43,6850.2,180.8,10,26,36,1.9608,4.902,17.6471,0.0,3743,618.0882,0.5541,0.0008,0.0008,16.6518
2026-05-18 21:00:00,94,65678,45511,20167,0.0809,96.8085,3.1915,1.0638,2.1277,5985.0,7352.3,9139.6,6907.4,149.15,10,26,31,1.0638,2.1277,14.8936,0.0,3135,698.7021,0.4431,0.0009,0.0009,15.5452
2026-05-18 22:00:00,37,25013,17135,7878,0.0329,97.2973,2.7027,0.0,2.7027,5813.0,7268.2,8537.96,7100.6,183.6,9,20,22,0.0,0.0,18.9189,0.0,1352,676.027,0.4598,0.0009,0.0009,17.1617
2026-05-18 23:00:00,41,29018,20564,8454,0.0362,97.561,2.439,2.439,0.0,6035.0,8627.0,9111.4,8597.0,182.0,9,23,26,0.0,2.439,14.6341,2.439,1488,707.7561,0.4111,0.0009,0.0009,17.6011
2026-05-19 00:00:00,36,25737,19701,6036,0.0324,91.6667,8.3333,2.7778,2.7778,5877.0,6764.75,7275.1,6506.0,184.0,8,19,24,0.0,2.7778,22.2222,0.0,880,714.9167,0.3064,0.0009,0.001,14.5792
2026-05-19 01:00:00,23,16488,11304,5184,0.0215,100.0,0.0,0.0,0.0,5975.0,7001.0,8584.62,6933.2,168.1,10,17,19,4.3478,4.3478,4.3478,0.0,893,716.8696,0.4586,0.0009,0.0009,17.2261
2026-05-19 02:00:00,28,20468,15234,5234,0.0247,96.4286,3.5714,0.0,0.0,5918.5,6823.75,8055.4,6690.85,183.3,9,16,19,7.1429,3.5714,21.4286,0.0,801,731.0,0.3436,0.0009,0.0009,15.3038
2026-05-19 03:00:00,26,17258,13020,4238,0.0221,100.0,0.0,0.0,0.0,5896.5,7817.0,8835.0,7787.0,142.5,9,19,17,3.8462,0.0,7.6923,0.0,679,663.7692,0.3255,0.0009,0.0009,16.0217
2026-05-19 04:00:00,40,28249,18859,9390,0.036,100.0,0.0,0.0,0.0,6104.0,7514.9,8360.96,6898.3,170.95,10,24,23,0.0,2.5,25.0,0.0,1373,706.225,0.4979,0.0009,0.0009,14.6219
2026-05-19 05:00:00,33,20515,14416,6099,0.0246,90.9091,9.0909,0.0,6.0606,6254.0,9072.6,9181.8,9042.6,152.6,9,20,23,6.0606,9.0909,24.2424,0.0,977,621.6667,0.4231,0.0007,0.0008,16.019
2026-05-19 06:00:00,81,59319,43190,16129,0.0737,98.7654,1.2346,0.0,0.0,6054.0,7535.0,8690.4,7198.0,165.0,10,23,34,1.2346,7.4074,16.0494,0.0,2544,732.3333,0.3734,0.0009,0.0009,15.7728
2026-05-19 07:00:00,77,54052,38502,15550,0.0678,97.4026,2.5974,0.0,1.2987,6008.0,7986.6,8557.36,7952.0,167.0,10,25,31,1.2987,5.1948,16.8831,0.0,2363,701.974,0.4039,0.0009,0.0009,15.1961
2026-05-19 08:00:00,91,61192,42767,18425,0.0763,95.6044,4.3956,0.0,1.0989,5914.0,8418.5,9243.5,8006.0,167.0,10,26,33,1.0989,3.2967,13.1868,1.0989,2912,672.4396,0.4308,0.0008,0.0009,15.8046
2026-05-19 09:00:00,126,88967,64476,24491,0.1108,95.2381,4.7619,0.7937,2.381,6062.0,8072.25,8925.25,7863.75,181.25,10,28,36,1.5873,3.1746,18.254,0.0,3792,706.0873,0.3798,0.0009,0.0009,15.4832
2026-05-19 10:00:00,130,98448,72421,26027,0.1259,94.6154,5.3846,0.7692,3.0769,5961.5,7754.1,8933.88,7308.0,176.05,10,28,35,1.5385,6.9231,20.7692,0.7692,4049,757.2923,0.3594,0.001,0.001,15.5569
2026-05-19 11:00:00,133,94569,67429,27140,0.1192,94.7368,5.2632,0.7519,3.0075,6017.0,7956.8,8758.0,7397.2,153.4,10,28,39,1.5038,6.7669,11.2782,0.0,4283,711.0451,0.4025,0.0009,0.0009,15.7811
2026-05-19 12:00:00,146,101224,68648,32576,0.1292,96.5753,3.4247,0.6849,1.3699,6006.5,7813.5,9240.9,6900.5,159.5,10,29,38,1.3699,4.1096,19.863,0.0,4663,693.3151,0.4745,0.0009,0.0009,14.3142
2026-05-19 13:00:00,152,97941,68177,29764,0.1254,95.3947,4.6053,1.9737,2.6316,5963.0,7940.9,9390.39,7705.3,149.45,10,30,40,1.9737,1.3158,16.4474,0.0,4420,644.3487,0.4366,0.0008,0.0009,14.8502
2026-05-19 14:00:00,139,90522,63874,26648,0.1145,94.964,5.036,0.7194,3.5971,6003.0,7504.5,9206.62,6967.8,145.5,10,29,32,0.0,1.4388,16.5468,0.0,4130,651.2374,0.4172,0.0008,0.0009,15.4983
2026-05-19 15:00:00,149,96396,66874,29522,0.1232,97.3154,2.6846,0.6711,0.6711,6079.0,7762.2,9329.04,7725.8,167.2,10,30,37,1.3423,2.6846,19.4631,0.0,4816,646.953,0.4415,0.0008,0.0008,16.3133
2026-05-19 16:00:00,141,97368,65730,31638,0.1209,78.7234,21.2766,0.0,19.8582,24528.0,30332.0,34863.2,29024.0,900.0,10,30,36,2.1277,0.7092,18.4397,0.0,5114,690.5532,0.4813,0.0009,0.0011,16.1641
2026-05-19 17:00:00,141,95772,66762,29010,0.1202,78.0142,21.9858,2.1277,19.1489,23652.0,36436.0,38403.2,36316.0,996.0,10,29,41,0.7092,2.8369,17.0213,0.0,4585,679.234,0.4345,0.0009,0.0011,15.8049
2026-05-19 18:00:00,85,55584,37790,17794,0.0701,96.4706,3.5294,1.1765,1.1765,6089.0,7527.2,8790.64,7077.0,154.0,10,25,31,2.3529,3.5294,18.8235,0.0,3135,653.9294,0.4709,0.0008,0.0009,17.6183
2026-05-19 19:00:00,85,59394,39755,19639,0.0739,92.9412,7.0588,1.1765,2.3529,6051.0,7759.0,8881.92,7567.6,151.2,9,25,30,3.5294,8.2353,14.1176,1.1765,3158,698.7529,0.494,0.0009,0.0009,16.0802
2026-05-19 20:00:00,82,58603,40637,17966,0.0755,97.561,2.439,0.0,1.2195,6127.0,8592.95,9141.98,8562.95,197.85,10,26,31,3.6585,2.439,14.6341,0.0,2955,714.6707,0.4421,0.0009,0.0009,16.4477
2026-05-19 21:00:00,77,49287,33890,15397,0.0606,94.8052,5.1948,1.2987,3.8961,5941.0,8490.0,9069.12,8347.0,150.6,10,25,32,1.2987,2.5974,19.4805,0.0,2324,640.0909,0.4543,0.0008,0.0008,15.0938
2026-05-19 22:00:00,38,30635,20381,10254,0.0392,92.1053,7.8947,0.0,5.2632,6112.5,8516.2,10278.11,7061.8,137.7,10,19,25,2.6316,7.8947,18.4211,0.0,1900,806.1842,0.5031,0.001,0.0011,18.5294
2026-05-19 23:00:00,34,20989,14811,6178,0.027,94.1176,5.8824,0.0,5.8824,6006.0,8680.8,9528.4,8490.25,134.1,8,20,21,2.9412,5.8824,14.7059,0.0,947,617.3235,0.4171,0.0008,0.0008,15.3286
2026-05-20 00:00:00,33,23105,16095,7010,0.0277,93.9394,6.0606,0.0,6.0606,5939.0,9311.8,9440.84,9281.8,126.4,10,19,21,0.0,3.0303,21.2121,0.0,1166,700.1515,0.4355,0.0008,0.0009,16.6334
2026-05-20 01:00:00,31,19349,13631,5718,0.0232,100.0,0.0,0.0,0.0,5881.0,8496.5,9327.4,7863.0,127.0,9,17,20,0.0,3.2258,22.5806,0.0,994,624.1613,0.4195,0.0007,0.0007,17.3837
2026-05-20 02:00:00,32,23647,17171,6476,0.0286,96.875,3.125,3.125,0.0,5925.0,7683.65,9326.79,7222.45,162.55,9,17,23,6.25,3.125,6.25,0.0,1027,738.9688,0.3771,0.0009,0.0009,15.8586
2026-05-20 03:00:00,22,17962,12689,5273,0.0219,86.3636,13.6364,4.5455,4.5455,6234.0,8194.8,8573.06,6937.65,180.8,8,14,12,4.5455,13.6364,22.7273,0.0,782,816.4545,0.4156,0.001,0.0012,14.8303
2026-05-20 04:00:00,25,16065,10502,5563,0.0218,96.0,4.0,4.0,0.0,6267.0,7385.2,7827.76,7070.4,212.6,9,16,17,0.0,4.0,28.0,0.0,956,642.6,0.5297,0.0009,0.0009,17.185
2026-05-20 05:00:00,24,12633,8405,4228,0.0163,95.8333,4.1667,0.0,4.1667,5778.5,9023.1,9083.79,8807.1,142.8,9,18,16,4.1667,0.0,0.0,0.0,707,526.375,0.503,0.0007,0.0007,16.7219
2026-05-20 06:00:00,77,55911,41402,14509,0.0732,94.8052,5.1948,2.5974,2.5974,5940.0,9189.4,10006.32,8990.6,136.6,10,27,31,2.5974,6.4935,22.0779,0.0,2509,726.1169,0.3504,0.001,0.001,17.2927
2026-05-20 07:00:00,79,50547,36284,14263,0.0633,98.7342,1.2658,0.0,0.0,6068.0,7517.9,9089.58,7378.5,172.1,10,28,30,2.5316,3.7975,22.7848,0.0,2347,639.8354,0.3931,0.0008,0.0008,16.4552
2026-05-20 08:00:00,81,56720,39939,16781,0.0706,93.8272,6.1728,1.2346,2.4691,6031.0,8128.0,9824.0,8098.0,131.0,10,28,36,2.4691,7.4074,13.5802,0.0,2610,700.2469,0.4202,0.0009,0.0009,15.5533
2026-05-20 09:00:00,134,94173,66134,28039,0.1156,96.2687,3.7313,0.7463,0.7463,6175.5,8691.95,9379.12,8583.15,175.75,10,30,39,0.0,2.2388,17.1642,0.0,4399,702.7836,0.424,0.0009,0.0009,15.6889
2026-05-20 10:00:00,127,94520,67196,27324,0.1233,98.4252,1.5748,0.0,1.5748,6023.0,7734.6,8881.84,7377.0,170.2,10,27,36,1.5748,7.874,21.2598,0.0,4423,744.252,0.4066,0.001,0.001,16.1872
2026-05-20 11:00:00,127,84975,60066,24909,0.1113,96.8504,3.1496,0.7874,2.3622,5991.0,8594.9,9008.16,8359.7,159.7,10,27,40,1.5748,3.937,22.0472,0.7874,3853,669.0945,0.4147,0.0009,0.0009,15.4683
2026-05-20 12:00:00,142,99848,71160,28688,0.1287,94.3662,5.6338,2.1127,2.8169,6047.0,8400.9,9200.11,8370.9,155.65,10,30,40,1.4085,6.338,13.3803,0.0,4461,703.1549,0.4031,0.0009,0.001,15.5501
2026-05-20 13:00:00,111,75909,52308,23601,0.0936,95.4955,4.5045,1.8018,0.9009,6097.0,8521.5,8983.3,8046.0,166.0,10,29,36,0.9009,4.5045,17.1171,0.0,4036,683.8649,0.4512,0.0008,0.0009,17.101
2026-05-20 14:00:00,125,78567,53762,24805,0.0986,95.2,4.8,0.8,1.6,5974.0,7654.0,8990.04,7248.2,152.4,10,28,33,0.0,4.0,21.6,0.8,4313,628.536,0.4614,0.0008,0.0008,17.3876
2026-05-20 15:00:00,133,89265,60322,28943,0.1134,98.4962,1.5038,1.5038,0.0,6062.0,8051.0,9917.92,7895.2,173.4,10,29,40,2.2556,5.2632,14.2857,0.0,4532,671.1654,0.4798,0.0009,0.0009,15.6584
2026-05-20 16:00:00,139,99186,70082,29104,0.1256,96.4029,3.5971,0.7194,2.8777,6071.0,8537.6,8940.16,8068.9,152.7,10,30,35,2.1583,3.5971,15.8273,0.0,4490,713.5683,0.4153,0.0009,0.0009,15.4274
2026-05-20 17:00:00,122,85114,59376,25738,0.1082,97.541,2.459,0.8197,0.8197,6017.5,7352.8,8052.13,6771.15,159.6,10,30,40,1.6393,3.2787,15.5738,0.0,4331,697.6557,0.4335,0.0009,0.0009,16.8273
2026-05-20 18:00:00,97,77654,58453,19201,0.1029,97.9381,2.0619,0.0,1.0309,6052.0,8592.6,9497.68,8414.2,178.4,10,27,36,2.0619,7.2165,22.6804,0.0,3019,800.5567,0.3285,0.0011,0.0011,15.7231
2026-05-20 19:00:00,89,62625,43240,19385,0.0787,97.7528,2.2472,0.0,1.1236,6066.0,8133.4,9185.28,7464.2,153.8,9,25,29,0.0,5.618,14.6067,1.1236,3157,703.6517,0.4483,0.0009,0.0009,16.2858
2026-05-20 20:00:00,87,58282,42138,16144,0.073,95.4023,4.5977,2.2989,2.2989,5918.0,7980.6,8801.46,7826.4,173.8,10,26,34,0.0,5.7471,17.2414,1.1494,2581,669.908,0.3831,0.0008,0.0009,15.9874
2026-05-20 21:00:00,77,50275,36645,13630,0.066,96.1039,3.8961,0.0,1.2987,5960.0,7177.8,8430.84,7041.4,170.8,10,28,36,1.2987,1.2987,15.5844,0.0,2119,652.9221,0.3719,0.0009,0.0009,15.5466
2026-05-20 22:00:00,30,23470,16856,6614,0.0286,96.6667,3.3333,3.3333,0.0,6157.0,8211.15,9191.29,7995.45,179.9,8,18,19,3.3333,0.0,26.6667,0.0,1058,782.3333,0.3924,0.001,0.001,15.9964
2026-05-20 23:00:00,36,25398,18558,6840,0.0334,94.4444,5.5556,0.0,2.7778,5952.0,8465.75,8995.3,8435.75,150.75,8,21,17,0.0,5.5556,13.8889,2.7778,1114,705.5,0.3686,0.0009,0.001,16.2865
2026-05-21 00:00:00,36,22277,15667,6610,0.0286,94.4444,5.5556,0.0,2.7778,5927.0,8837.5,9964.8,8807.5,188.25,10,24,22,2.7778,5.5556,30.5556,0.0,959,618.8056,0.4219,0.0008,0.0008,14.5083
2026-05-21 01:00:00,25,16439,11984,4455,0.0218,100.0,0.0,0.0,0.0,6026.0,7570.6,7802.28,7411.0,175.0,9,17,16,0.0,0.0,20.0,0.0,811,657.56,0.3717,0.0009,0.0009,18.2043
2026-05-21 02:00:00,25,19398,13528,5870,0.0239,96.0,4.0,0.0,4.0,6386.0,7626.2,8016.2,7005.4,177.6,9,15,17,0.0,4.0,0.0,0.0,764,775.92,0.4339,0.001,0.001,13.0153
2026-05-21 03:00:00,31,21687,14901,6786,0.0288,93.5484,6.4516,0.0,3.2258,6093.0,9166.0,9321.6,9136.0,182.0,6,14,17,0.0,6.4516,6.4516,0.0,991,699.5806,0.4554,0.0009,0.001,14.6036
2026-05-21 04:00:00,32,19215,13719,5496,0.0238,100.0,0.0,0.0,0.0,5930.5,7292.3,7623.9,6647.7,132.5,8,16,16,6.25,3.125,18.75,0.0,790,600.4688,0.4006,0.0007,0.0007,14.3741
2026-05-21 05:00:00,31,23260,17192,6068,0.0291,96.7742,3.2258,0.0,3.2258,6040.0,7461.0,7905.5,7212.5,133.5,9,17,20,6.4516,3.2258,19.3548,0.0,1144,750.3226,0.353,0.0009,0.001,18.853
2026-05-21 06:00:00,74,48014,33720,14294,0.0599,98.6486,1.3514,0.0,1.3514,6053.0,7934.25,9364.35,7614.35,152.85,10,26,27,1.3514,2.7027,20.2703,0.0,2229,648.8378,0.4239,0.0008,0.0008,15.594
2026-05-21 07:00:00,84,60048,42975,17073,0.078,96.4286,3.5714,0.0,0.0,6054.5,8403.6,9098.78,8186.2,175.25,10,27,32,2.381,4.7619,16.6667,0.0,2714,714.8571,0.3973,0.0009,0.001,15.8964
2026-05-21 08:00:00,75,47829,33234,14595,0.0596,97.3333,2.6667,0.0,2.6667,5975.0,7183.1,8893.56,6876.2,140.8,10,25,30,1.3333,1.3333,10.6667,0.0,2202,637.72,0.4392,0.0008,0.0008,15.0874
2026-05-21 09:00:00,138,85419,60069,25350,0.1087,96.3768,3.6232,1.4493,2.1739,6084.0,8758.65,9555.27,8728.65,169.3,10,26,36,2.1739,5.0725,20.2899,0.0,4178,618.9783,0.422,0.0008,0.0008,16.4813
2026-05-21 10:00:00,132,89340,62383,26957,0.1117,96.2121,3.7879,0.7576,0.7576,6069.5,7607.1,9197.87,7280.3,149.8,10,29,38,1.5152,0.7576,15.9091,0.7576,4464,676.8182,0.4321,0.0008,0.0009,16.5597
2026-05-21 11:00:00,129,87644,60896,26748,0.1091,95.3488,4.6512,0.7752,0.7752,6030.0,8395.6,9421.56,7544.8,149.0,10,29,38,1.5504,6.2016,17.8295,0.0,4242,679.4109,0.4392,0.0008,0.0009,15.8591
2026-05-21 12:00:00,108,72381,49374,23007,0.0954,100.0,0.0,0.0,0.0,6135.5,8753.2,9369.56,8537.45,165.35,10,28,35,0.0,0.9259,21.2963,0.0,3614,670.1944,0.466,0.0009,0.0009,15.7083
2026-05-21 13:00:00,123,78517,54516,24001,0.0956,96.748,3.252,0.0,1.626,6106.0,8358.4,9871.34,7955.6,149.0,10,28,39,0.813,8.9431,17.8862,0.0,4055,638.3496,0.4403,0.0008,0.0008,16.8951
2026-05-21 14:00:00,133,91829,65766,26063,0.1118,98.4962,1.5038,0.0,0.0,6116.0,8236.8,9379.84,8031.0,144.4,10,29,37,2.2556,1.5038,19.5489,0.0,4382,690.4436,0.3963,0.0008,0.0009,16.8131
2026-05-21 15:00:00,135,92513,64936,27577,0.1171,94.8148,5.1852,2.2222,2.2222,6076.0,8773.1,9632.22,8494.3,183.3,10,27,39,2.2222,5.1852,17.7778,0.7407,4238,685.2815,0.4247,0.0009,0.0009,15.3679
2026-05-21 16:00:00,136,93361,65277,28084,0.1177,93.3824,6.6176,1.4706,2.2059,6063.0,8410.5,9252.85,7589.75,172.25,10,30,42,3.6765,6.6176,16.1765,0.0,4341,686.4779,0.4302,0.0009,0.0009,15.4572
2026-05-21 17:00:00,144,102077,73122,28955,0.1267,95.8333,4.1667,1.3889,1.3889,6043.5,7560.05,8801.79,7111.05,153.85,10,29,44,0.0,4.8611,12.5,0.0,4768,708.8681,0.396,0.0009,0.0009,16.4669
2026-05-21 18:00:00,81,56919,41229,15690,0.0709,98.7654,1.2346,0.0,1.2346,6167.0,8792.0,9686.4,8495.0,144.0,10,29,31,0.0,0.0,16.0494,0.0,2546,702.7037,0.3806,0.0009,0.0009,16.2269
2026-05-21 19:00:00,92,61069,42832,18237,0.0774,97.8261,2.1739,1.087,0.0,6104.0,7628.4,8850.47,7295.35,165.3,10,27,34,1.087,2.1739,21.7391,0.0,2973,663.7935,0.4258,0.0008,0.0009,16.302
2026-05-21 20:00:00,79,55292,39323,15969,0.0674,96.2025,3.7975,1.2658,1.2658,6023.0,7022.7,9031.08,6934.3,155.9,10,25,32,2.5316,2.5316,15.1899,0.0,2639,699.8987,0.4061,0.0009,0.0009,16.5258
2026-05-21 21:00:00,98,65391,44881,20510,0.0816,96.9388,3.0612,1.0204,1.0204,6081.5,8730.15,9809.43,8700.15,168.15,10,28,33,0.0,5.102,11.2245,1.0204,3062,667.2551,0.457,0.0008,0.0009,14.9293
2026-05-21 22:00:00,44,26442,19148,7294,0.0344,97.7273,2.2727,0.0,2.2727,5985.5,7890.4,8366.07,7860.4,155.2,10,25,26,0.0,0.0,18.1818,0.0,1229,600.9545,0.3809,0.0008,0.0008,16.8495
2026-05-21 23:00:00,37,21592,15225,6367,0.0265,91.8919,8.1081,2.7027,2.7027,5786.0,6756.6,7071.8,6353.4,124.2,10,23,24,0.0,2.7027,5.4054,0.0,1122,583.5676,0.4182,0.0007,0.0008,17.6221
2026-05-22 00:00:00,23,17022,13026,3996,0.0204,86.9565,13.0435,8.6957,0.0,6108.0,8974.2,9624.34,8559.0,127.1,7,12,15,0.0,4.3478,8.6957,0.0,734,740.087,0.3068,0.0009,0.001,18.3684
2026-05-22 01:00:00,17,16260,11962,4298,0.0217,100.0,0.0,0.0,0.0,5989.0,9374.8,10007.76,8364.4,122.6,10,13,13,0.0,0.0,17.6471,0.0,674,956.4706,0.3593,0.0013,0.0013,15.6817
2026-05-22 02:00:00,13,9202,6716,2486,0.0114,100.0,0.0,0.0,0.0,6537.0,7819.6,8567.92,7615.0,160.0,8,12,13,0.0,0.0,23.0769,0.0,374,707.8462,0.3702,0.0009,0.0009,15.0442
2026-05-22 03:00:00,20,11596,7371,4225,0.0151,90.0,10.0,5.0,0.0,6070.0,6717.55,7060.31,6192.85,108.15,7,12,12,0.0,10.0,20.0,0.0,692,579.8,0.5732,0.0008,0.0008,16.3787
2026-05-22 04:00:00,10,5271,3123,2148,0.0074,100.0,0.0,0.0,0.0,6187.5,8355.3,9077.46,8097.9,161.9,5,7,7,0.0,0.0,10.0,0.0,338,527.1,0.6878,0.0007,0.0007,15.7356
2026-05-22 05:00:00,15,9685,6120,3565,0.0122,93.3333,6.6667,6.6667,0.0,6511.0,8492.2,9228.04,7439.5,260.2,7,12,12,0.0,6.6667,40.0,0.0,584,645.6667,0.5825,0.0008,0.0009,16.3815
2026-05-22 06:00:00,62,40616,27992,12624,0.0518,91.9355,8.0645,1.6129,3.2258,6079.5,7508.1,8974.91,7343.4,181.05,10,24,26,1.6129,1.6129,12.9032,1.6129,2137,655.0968,0.451,0.0008,0.0009,16.9281
2026-05-22 07:00:00,61,39779,26926,12853,0.0485,95.082,4.918,1.6393,1.6393,6119.0,7470.0,8151.6,6714.0,169.0,10,24,26,1.6393,3.2787,14.7541,0.0,2015,652.1148,0.4773,0.0008,0.0008,15.6773
2026-05-22 08:00:00,71,45643,33325,12318,0.0603,92.9577,7.0423,0.0,4.2254,6031.0,7189.0,8817.9,7009.5,147.0,9,26,25,2.8169,5.6338,23.9437,0.0,1948,642.8592,0.3696,0.0008,0.0009,15.8143
2026-05-22 09:00:00,105,66435,45133,21302,0.0846,96.1905,3.8095,0.0,1.9048,6151.0,8528.2,9681.92,8376.6,154.2,10,29,36,0.9524,3.8095,15.2381,0.0,3559,632.7143,0.472,0.0008,0.0008,16.7074
2026-05-22 10:00:00,111,74483,51983,22500,0.0934,93.6937,6.3063,0.9009,2.7027,6105.0,7532.0,8722.0,7005.5,175.5,10,28,36,0.9009,2.7027,16.2162,0.9009,3936,671.018,0.4328,0.0008,0.0009,17.4933
2026-05-22 11:00:00,99,65148,44151,20997,0.0805,92.9293,7.0707,3.0303,2.0202,6088.0,8440.6,9041.64,7444.6,149.6,10,27,35,1.0101,6.0606,16.1616,0.0,3262,658.0606,0.4756,0.0008,0.0009,15.5356
2026-05-22 12:00:00,103,74101,53758,20343,0.095,94.1748,5.8252,2.9126,1.9417,6067.0,7929.5,9631.28,7546.1,171.9,10,30,34,0.9709,5.8252,23.301,0.0,3216,719.4272,0.3784,0.0009,0.001,15.8089
2026-05-22 13:00:00,105,67530,46608,20922,0.0853,96.1905,3.8095,1.9048,0.9524,6083.0,7885.8,9300.8,7352.4,156.6,10,26,27,0.0,4.7619,17.1429,0.0,3066,643.1429,0.4489,0.0008,0.0008,14.6544
2026-05-22 14:00:00,103,65060,46111,18949,0.0812,95.1456,4.8544,0.9709,1.9417,6077.0,8170.0,9266.96,7237.5,173.6,10,28,32,0.9709,4.8544,18.4466,0.0,3003,631.6505,0.4109,0.0008,0.0008,15.8478
2026-05-22 15:00:00,126,80075,53810,26265,0.099,96.0317,3.9683,1.5873,1.5873,6168.0,8464.5,9464.0,7662.75,188.5,10,30,37,1.5873,3.9683,16.6667,0.0,4217,635.5159,0.4881,0.0008,0.0008,16.0556
2026-05-22 16:00:00,83,55513,38147,17366,0.0689,96.3855,3.6145,0.0,2.4096,6247.0,9428.4,10110.7,9352.7,152.7,10,28,33,0.0,0.0,12.0482,0.0,2985,668.8313,0.4552,0.0008,0.0009,17.1888
2026-05-22 17:00:00,110,79288,56463,22825,0.0984,99.0909,0.9091,0.0,0.9091,6110.5,8035.9,8985.04,7351.15,165.2,10,28,33,1.8182,5.4545,16.3636,0.0,3924,720.8,0.4042,0.0009,0.0009,17.1917
2026-05-22 18:00:00,64,42120,29618,12502,0.0522,95.3125,4.6875,0.0,1.5625,6092.5,7270.8,8875.87,6826.2,161.15,10,24,26,1.5625,6.25,26.5625,0.0,1902,658.125,0.4221,0.0008,0.0009,15.2136
2026-05-22 19:00:00,73,50466,34846,15620,0.063,94.5205,5.4795,0.0,2.7397,6008.0,8704.8,9569.24,7644.6,180.6,10,26,29,1.3699,2.7397,17.8082,0.0,2552,691.3151,0.4483,0.0009,0.0009,16.338
2026-05-22 20:00:00,68,43993,31924,12069,0.0592,94.1176,5.8824,0.0,2.9412,6075.5,7850.25,10237.23,7683.5,173.2,10,27,27,1.4706,5.8824,20.5882,0.0,1733,646.9559,0.3781,0.0009,0.0009,14.3591
2026-05-22 21:00:00,58,39411,27445,11966,0.0495,96.5517,3.4483,0.0,1.7241,6169.5,7882.95,8831.01,7768.95,164.45,10,22,26,5.1724,3.4483,18.9655,0.0,2058,679.5,0.436,0.0009,0.0009,17.1987
2026-05-22 22:00:00,35,21319,12892,8427,0.0283,94.2857,5.7143,0.0,2.8571,6026.0,7996.2,8759.34,7093.3,121.4,8,17,19,0.0,2.8571,34.2857,0.0,1205,609.1143,0.6537,0.0008,0.0009,14.2993
2026-05-22 23:00:00,23,16594,10905,5689,0.021,100.0,0.0,0.0,0.0,6012.0,8711.9,9094.54,7961.4,152.3,9,12,17,0.0,0.0,17.3913,0.0,745,721.4783,0.5217,0.0009,0.0009,13.0954
2026-05-23 00:00:00,14,8301,5339,2962,0.0114,100.0,0.0,0.0,0.0,6165.5,7473.3,8345.86,7319.5,148.1,7,11,11,7.1429,0.0,14.2857,0.0,512,592.9286,0.5548,0.0008,0.0008,17.2856
2026-05-23 01:00:00,21,14678,10443,4235,0.0189,100.0,0.0,0.0,0.0,6050.0,7813.0,8260.2,6904.0,176.0,6,11,17,4.7619,4.7619,14.2857,0.0,748,698.9524,0.4055,0.0009,0.0009,17.6623
2026-05-23 02:00:00,16,12405,9104,3301,0.0152,100.0,0.0,0.0,0.0,6061.0,6884.25,7343.25,6451.75,212.75,9,13,11,12.5,0.0,12.5,0.0,506,775.3125,0.3626,0.001,0.001,15.3287
2026-05-23 03:00:00,11,6161,3857,2304,0.0074,100.0,0.0,0.0,0.0,6088.0,7716.0,7824.0,6906.5,106.5,6,10,7,0.0,0.0,36.3636,0.0,340,560.0909,0.5974,0.0007,0.0007,14.7569
2026-05-23 04:00:00,12,8573,5922,2651,0.0121,100.0,0.0,0.0,0.0,5923.0,8407.1,8863.82,7339.0,83.35,7,9,11,0.0,8.3333,25.0,0.0,333,714.4167,0.4477,0.001,0.001,12.5613
2026-05-23 05:00:00,17,9565,6622,2943,0.0126,94.1176,5.8824,5.8824,0.0,6213.0,7164.6,7201.72,7051.0,147.0,7,11,13,0.0,17.6471,47.0588,0.0,495,562.6471,0.4444,0.0007,0.0008,16.8196
2026-05-23 06:00:00,46,32311,23193,9118,0.0396,100.0,0.0,0.0,0.0,6272.5,8158.75,8936.1,7095.75,166.0,9,25,24,0.0,0.0,17.3913,0.0,1315,702.413,0.3931,0.0009,0.0009,14.422
2026-05-23 07:00:00,45,29795,21214,8581,0.0361,95.5556,4.4444,0.0,2.2222,6136.0,8780.2,8901.92,8563.6,175.0,10,25,24,2.2222,2.2222,26.6667,0.0,1334,662.1111,0.4045,0.0008,0.0008,15.546
2026-05-23 08:00:00,50,31884,22300,9584,0.04,92.0,8.0,0.0,6.0,6072.5,8796.9,9311.71,8709.3,241.6,9,23,28,2.0,8.0,16.0,0.0,1541,637.68,0.4298,0.0008,0.0009,16.0789
2026-05-23 09:00:00,67,49271,36778,12493,0.0617,98.5075,1.4925,0.0,0.0,6289.0,8525.4,9224.08,8289.9,161.0,10,27,30,2.9851,4.4776,16.4179,0.0,2117,735.3881,0.3397,0.0009,0.0009,16.9455
2026-05-23 10:00:00,64,46371,33479,12892,0.0571,96.875,3.125,1.5625,1.5625,6110.5,8714.2,9432.14,8684.2,150.55,10,28,28,1.5625,1.5625,23.4375,0.0,2184,724.5469,0.3851,0.0009,0.0009,16.9407
2026-05-23 11:00:00,74,51904,37949,13955,0.0679,95.9459,4.0541,2.7027,1.3514,6132.0,7976.15,9639.59,7539.25,133.35,10,25,29,0.0,6.7568,13.5135,1.3514,2211,701.4054,0.3677,0.0009,0.001,15.8438
2026-05-23 12:00:00,64,47328,33352,13976,0.0578,96.875,3.125,0.0,1.5625,6178.5,8248.65,9219.54,7895.5,132.0,10,26,30,0.0,4.6875,26.5625,0.0,2311,739.5,0.419,0.0009,0.0009,16.5355
2026-05-23 13:00:00,81,61325,45061,16264,0.0795,97.5309,2.4691,0.0,0.0,6177.0,8524.0,9971.8,8356.0,170.0,10,26,33,1.2346,4.9383,23.4568,0.0,2640,757.0988,0.3609,0.001,0.001,16.2322
2026-05-23 14:00:00,79,54913,37927,16986,0.0669,98.7342,1.2658,0.0,1.2658,6191.0,8914.4,9747.92,8784.2,200.7,10,27,29,2.5316,2.5316,18.9873,1.2658,2902,695.1013,0.4479,0.0008,0.0009,17.0847
2026-05-23 15:00:00,79,52592,35923,16669,0.0656,94.9367,5.0633,1.2658,3.7975,6207.0,9205.6,9875.52,8673.9,168.4,10,23,30,3.7975,3.7975,18.9873,0.0,2984,665.7215,0.464,0.0008,0.0009,17.9015
2026-05-23 16:00:00,72,48515,32683,15832,0.0629,95.8333,4.1667,0.0,2.7778,6251.5,7669.35,9270.59,7610.6,189.0,10,24,27,1.3889,4.1667,8.3333,0.0,2142,673.8194,0.4844,0.0009,0.0009,13.5296
2026-05-23 17:00:00,80,54833,39704,15129,0.0697,92.5,7.5,0.0,3.75,6044.0,8647.45,9383.25,8215.8,156.5,10,28,31,0.0,10.0,21.25,0.0,2387,685.4125,0.381,0.0009,0.0009,15.7776
2026-05-23 18:00:00,45,29998,22274,7724,0.037,95.5556,4.4444,2.2222,0.0,6229.0,8102.2,9094.4,8072.2,132.2,10,20,21,0.0,2.2222,17.7778,0.0,1224,666.6222,0.3468,0.0008,0.0009,15.8467
2026-05-23 19:00:00,35,22845,16529,6316,0.0305,97.1429,2.8571,0.0,2.8571,6109.0,7181.2,7922.88,7151.2,140.3,9,17,19,2.8571,2.8571,14.2857,0.0,1107,652.7143,0.3821,0.0009,0.0009,17.5269
2026-05-23 20:00:00,45,28324,19486,8838,0.035,93.3333,6.6667,2.2222,2.2222,6081.0,8355.2,9683.6,7162.0,152.6,9,21,22,0.0,2.2222,11.1111,0.0,1439,629.4222,0.4536,0.0008,0.0008,16.282
2026-05-23 21:00:00,47,34951,24977,9974,0.0425,95.7447,4.2553,0.0,2.1277,6190.0,7247.2,9805.94,6800.6,176.4,9,24,31,2.1277,2.1277,21.2766,0.0,1391,743.6383,0.3993,0.0009,0.0009,13.9463
2026-05-23 22:00:00,30,18032,13302,4730,0.0223,96.6667,3.3333,0.0,0.0,6044.5,8094.35,9522.29,8064.35,147.6,9,17,20,6.6667,6.6667,10.0,0.0,833,601.0667,0.3556,0.0007,0.0008,17.611
2026-05-23 23:00:00,25,19229,12814,6415,0.0241,96.0,4.0,0.0,0.0,6235.0,9626.8,10492.8,8626.8,172.2,9,18,18,0.0,0.0,16.0,0.0,961,769.16,0.5006,0.001,0.001,14.9805
2026-05-24 00:00:00,11,7513,5410,2103,0.0113,100.0,0.0,0.0,0.0,6077.0,6902.0,7143.6,6872.0,143.5,7,10,9,0.0,9.0909,0.0,0.0,390,683.0,0.3887,0.001,0.001,18.5449
2026-05-24 01:00:00,11,7596,4529,3067,0.0091,100.0,0.0,0.0,0.0,6384.0,7731.5,8033.5,7028.5,209.0,7,10,9,0.0,0.0,9.0909,0.0,574,690.5455,0.6772,0.0008,0.0008,18.7154
2026-05-24 02:00:00,22,12888,8796,4092,0.0157,100.0,0.0,0.0,0.0,6055.5,7707.8,8054.53,7085.85,141.7,9,15,19,0.0,4.5455,9.0909,0.0,645,585.8182,0.4652,0.0007,0.0007,15.7625
2026-05-24 03:00:00,11,7756,5722,2034,0.0093,100.0,0.0,0.0,0.0,6339.0,7413.0,7638.6,7015.0,137.5,7,9,10,18.1818,0.0,9.0909,0.0,315,705.0909,0.3555,0.0008,0.0008,15.4867
2026-05-24 04:00:00,15,9875,6516,3359,0.0119,100.0,0.0,0.0,0.0,6439.0,8265.7,9525.14,7466.2,169.5,9,11,11,0.0,0.0,13.3333,0.0,542,658.3333,0.5155,0.0008,0.0008,16.1358
2026-05-24 05:00:00,16,10127,7202,2925,0.0127,100.0,0.0,0.0,0.0,6207.5,7573.5,8371.5,6984.5,139.5,9,12,13,6.25,6.25,37.5,0.0,540,632.9375,0.4061,0.0008,0.0008,18.4615
2026-05-24 06:00:00,64,45810,33866,11944,0.0563,98.4375,1.5625,0.0,1.5625,6057.0,7705.3,9432.61,7416.05,170.5,10,25,28,1.5625,9.375,21.875,0.0,1921,715.7812,0.3527,0.0009,0.0009,16.0834
2026-05-24 07:00:00,43,33304,24458,8846,0.0417,97.6744,2.3256,0.0,0.0,6314.0,8069.4,8781.24,7617.8,150.2,9,21,22,2.3256,2.3256,16.2791,0.0,1206,774.5116,0.3617,0.001,0.001,13.6333
2026-05-24 08:00:00,51,36390,24690,11700,0.0448,100.0,0.0,0.0,0.0,6332.0,8872.5,9969.0,7080.5,184.5,10,25,29,0.0,0.0,5.8824,0.0,2147,713.5294,0.4739,0.0009,0.0009,18.3504
2026-05-24 09:00:00,79,54954,38785,16169,0.0677,91.1392,8.8608,1.2658,2.5316,6369.0,7993.3,9572.02,7437.3,159.2,10,29,31,1.2658,5.0633,18.9873,0.0,2537,695.6203,0.4169,0.0009,0.0009,15.6905
2026-05-24 10:00:00,84,57573,38418,19155,0.0724,98.8095,1.1905,1.1905,0.0,6184.5,8963.6,9454.89,8685.2,137.55,10,28,30,1.1905,5.9524,16.6667,0.0,2978,685.3929,0.4986,0.0009,0.0009,15.5469
2026-05-24 11:00:00,83,56771,38616,18155,0.0725,96.3855,3.6145,0.0,1.2048,6169.0,7479.9,8981.34,7181.6,152.5,10,25,27,0.0,3.6145,12.0482,0.0,2881,683.988,0.4701,0.0009,0.0009,15.8689
2026-05-24 12:00:00,79,54639,38392,16247,0.0663,98.7342,1.2658,1.2658,0.0,6154.0,8135.9,9913.98,7380.2,171.4,10,23,27,1.2658,0.0,22.7848,0.0,2555,691.6329,0.4232,0.0008,0.0008,15.726
2026-05-24 13:00:00,91,53804,38245,15559,0.0659,95.6044,4.3956,0.0,3.2967,6110.0,8175.5,9461.6,7785.5,175.0,10,28,32,1.0989,6.5934,23.0769,1.0989,2480,591.2527,0.4068,0.0007,0.0008,15.9393
2026-05-24 14:00:00,68,48230,32383,15847,0.0603,100.0,0.0,0.0,0.0,6046.5,7509.95,8037.72,6457.95,132.95,10,26,31,1.4706,4.4118,14.7059,1.4706,2472,709.2647,0.4894,0.0009,0.0009,15.5992
2026-05-24 15:00:00,78,50383,33552,16831,0.0656,94.8718,5.1282,2.5641,1.2821,6128.5,8985.0,10232.74,7301.0,159.2,9,27,34,2.5641,5.1282,14.1026,0.0,2674,645.9359,0.5016,0.0008,0.0009,15.8874
2026-05-24 16:00:00,80,56705,40310,16395,0.0738,95.0,5.0,1.25,2.5,6090.0,7580.0,9076.15,6898.8,161.15,10,25,30,0.0,5.0,20.0,0.0,2537,708.8125,0.4067,0.0009,0.001,15.4742
2026-05-24 17:00:00,137,97824,69688,28136,0.1212,96.3504,3.6496,0.0,2.9197,6227.0,9493.8,9895.56,9206.6,167.2,10,29,35,0.7299,2.1898,16.0584,0.0,4719,714.0438,0.4037,0.0009,0.0009,16.7721
2026-05-24 18:00:00,47,34679,23935,10744,0.0434,95.7447,4.2553,2.1277,2.1277,6185.0,7512.7,9121.46,6980.6,164.8,10,23,26,0.0,2.1277,12.766,0.0,1392,737.8511,0.4489,0.0009,0.001,12.9561
2026-05-24 19:00:00,58,35489,24280,11209,0.0442,94.8276,5.1724,1.7241,3.4483,6306.0,9003.8,9581.29,8400.75,180.8,10,23,27,0.0,6.8966,17.2414,0.0,1813,611.8793,0.4617,0.0008,0.0008,16.1745
2026-05-24 20:00:00,44,28866,20639,8227,0.0359,95.4545,4.5455,2.2727,0.0,6304.5,9071.6,9479.27,8906.45,195.5,10,21,24,2.2727,4.5455,13.6364,0.0,1190,656.0455,0.3986,0.0008,0.0009,14.4646
2026-05-24 21:00:00,49,34490,24346,10144,0.045,95.9184,4.0816,0.0,4.0816,6264.0,8524.4,9508.16,8056.0,136.0,10,23,30,2.0408,6.1224,14.2857,0.0,1443,703.8776,0.4167,0.0009,0.001,14.2252
2026-05-24 22:00:00,22,16151,12880,3271,0.0199,100.0,0.0,0.0,0.0,6056.0,7164.25,9138.68,6890.8,168.7,9,16,18,9.0909,4.5455,18.1818,0.0,469,734.1364,0.254,0.0009,0.0009,14.3381
2026-05-24 23:00:00,18,12918,9509,3409,0.0159,100.0,0.0,0.0,0.0,6297.0,7246.65,7920.53,6844.35,114.45,8,11,13,5.5556,5.5556,22.2222,0.0,548,717.6667,0.3585,0.0009,0.0009,16.0751
2026-05-25 00:00:00,27,18876,13482,5394,0.0232,96.2963,3.7037,0.0,3.7037,6091.0,7349.0,8343.8,6871.1,138.3,9,17,19,3.7037,3.7037,14.8148,0.0,853,699.1111,0.4001,0.0009,0.0009,15.8139
2026-05-25 01:00:00,24,19988,13925,6063,0.0252,87.5,12.5,0.0,8.3333,6312.0,7949.2,9154.26,6751.8,142.15,9,15,17,4.1667,8.3333,29.1667,0.0,913,832.8333,0.4354,0.0011,0.0012,15.0586
2026-05-25 02:00:00,28,20237,14456,5781,0.0262,96.4286,3.5714,0.0,0.0,6117.5,7626.4,8038.61,7582.5,138.95,8,18,19,0.0,0.0,21.4286,0.0,790,722.75,0.3999,0.0009,0.001,13.6655
2026-05-25 03:00:00,31,21209,14789,6420,0.0265,90.3226,9.6774,0.0,9.6774,6279.0,9490.0,10589.6,8519.5,144.0,8,17,18,0.0,6.4516,9.6774,0.0,1064,684.1613,0.4341,0.0009,0.0009,16.5732
2026-05-25 04:00:00,20,16033,11743,4290,0.0199,100.0,0.0,0.0,0.0,5988.5,7426.25,7642.85,6412.95,100.9,9,17,14,0.0,0.0,15.0,0.0,723,801.65,0.3653,0.001,0.001,16.8531
2026-05-25 05:00:00,33,19841,13558,6283,0.0253,93.9394,6.0606,3.0303,3.0303,6178.0,7522.4,7969.56,7219.2,149.0,9,20,18,3.0303,9.0909,12.1212,0.0,1044,601.2424,0.4634,0.0008,0.0008,16.6163
2026-05-25 06:00:00,71,52189,38303,13886,0.0669,91.5493,8.4507,4.2254,2.8169,6144.0,7406.0,8533.9,7114.5,173.5,10,25,28,1.4085,1.4085,23.9437,0.0,2262,735.0563,0.3625,0.0009,0.001,16.2898
2026-05-25 07:00:00,67,45836,33508,12328,0.0587,95.5224,4.4776,0.0,2.9851,6279.0,9165.4,9685.4,8812.9,157.5,10,26,30,0.0,8.9552,26.8657,0.0,1851,684.1194,0.3679,0.0009,0.0009,15.0146
2026-05-25 08:00:00,83,60666,42224,18442,0.0735,95.1807,4.8193,0.0,2.4096,6423.0,9032.1,10081.16,8628.7,146.9,10,27,33,1.2048,3.6145,15.6627,0.0,2954,730.9157,0.4368,0.0009,0.0009,16.0178
2026-05-25 09:00:00,111,78590,57344,21246,0.0972,96.3964,3.6036,0.9009,0.9009,6161.0,8415.0,9790.8,7567.5,163.5,10,30,35,0.0,2.7027,19.8198,0.0,3544,708.018,0.3705,0.0009,0.0009,16.6808
2026-05-25 10:00:00,89,58204,41156,17048,0.0728,97.7528,2.2472,0.0,2.2472,6195.0,7899.8,9147.64,7171.6,156.2,9,25,28,0.0,5.618,15.7303,0.0,2592,653.9775,0.4142,0.0008,0.0008,15.2041
2026-05-25 11:00:00,128,87161,59025,28136,0.1079,96.875,3.125,0.0,1.5625,6195.0,8376.95,9982.8,7274.3,169.2,10,28,39,1.5625,1.5625,19.5312,0.7812,4706,680.9453,0.4767,0.0008,0.0009,16.7259
2026-05-25 12:00:00,114,77653,53328,24325,0.0985,93.8596,6.1404,0.8772,3.5088,6204.5,8459.5,9271.36,7503.45,175.25,10,27,36,0.8772,7.0175,22.807,0.0,3846,681.1667,0.4561,0.0009,0.0009,15.8109
2026-05-25 13:00:00,126,83574,58042,25532,0.1061,94.4444,5.5556,1.5873,0.7937,6298.5,8929.0,9812.25,8423.5,150.5,10,28,35,1.5873,4.7619,15.873,0.0,4451,663.2857,0.4399,0.0008,0.0009,17.433
2026-05-25 14:00:00,103,67757,47327,20430,0.0857,95.1456,4.8544,0.0,4.8544,6228.0,8368.9,8869.74,7644.7,153.6,10,29,37,0.0,2.9126,15.534,0.0,3078,657.835,0.4317,0.0008,0.0009,15.0661
2026-05-25 15:00:00,125,81554,55270,26284,0.0988,96.0,4.0,0.8,1.6,6285.0,9128.4,9956.32,8641.0,175.4,10,28,33,0.8,3.2,20.0,0.0,4400,652.432,0.4756,0.0008,0.0008,16.7402
2026-05-25 16:00:00,114,76403,54403,22000,0.0979,94.7368,5.2632,0.0,4.386,6103.0,7550.0,9351.55,6972.6,169.35,10,30,38,0.8772,3.5088,19.2982,0.0,3748,670.2018,0.4044,0.0009,0.0009,17.0364
2026-05-25 17:00:00,125,87770,61091,26679,0.1097,94.4,5.6,1.6,0.8,6277.0,9195.0,10052.56,8868.2,129.6,10,27,37,1.6,2.4,15.2,0.0,4233,702.16,0.4367,0.0009,0.0009,15.8664
2026-05-25 18:00:00,68,44845,31020,13825,0.0557,98.5294,1.4706,0.0,1.4706,6464.0,8998.35,10219.8,8870.15,190.95,10,25,31,0.0,4.4118,25.0,0.0,1939,659.4853,0.4457,0.0008,0.0008,14.0253
2026-05-25 19:00:00,66,47027,33638,13389,0.0574,93.9394,6.0606,1.5152,3.0303,6345.5,9160.25,10104.1,8481.25,153.75,10,27,29,0.0,4.5455,18.1818,0.0,1857,712.5303,0.398,0.0009,0.0009,13.8696
2026-05-25 20:00:00,74,50642,34496,16146,0.0658,97.2973,2.7027,1.3514,0.0,6123.5,8296.55,9118.18,7636.9,162.3,10,26,32,0.0,5.4054,27.027,0.0,2865,684.3514,0.4681,0.0009,0.0009,17.7443
2026-05-25 21:00:00,77,52850,38251,14599,0.0672,97.4026,2.5974,0.0,1.2987,6276.0,8683.0,9508.08,8585.4,150.6,10,25,30,2.5974,2.5974,23.3766,0.0,2205,686.3636,0.3817,0.0009,0.0009,15.1038
2026-05-25 22:00:00,31,18579,12851,5728,0.0233,100.0,0.0,0.0,0.0,6257.0,7679.0,7919.4,7422.5,163.5,10,23,18,3.2258,6.4516,22.5806,0.0,796,599.3226,0.4457,0.0008,0.0008,13.8966
2026-05-25 23:00:00,36,22553,16149,6404,0.0271,94.4444,5.5556,0.0,2.7778,6185.5,7557.75,8490.15,7225.0,148.0,9,19,19,0.0,5.5556,2.7778,0.0,1118,626.4722,0.3966,0.0008,0.0008,17.4578
2026-05-26 00:00:00,31,24864,18207,6657,0.0305,93.5484,6.4516,0.0,0.0,5968.0,8543.5,9544.0,7444.0,118.5,10,21,20,0.0,3.2258,3.2258,0.0,1073,802.0645,0.3656,0.001,0.0011,16.1184
2026-05-26 01:00:00,21,15495,10327,5168,0.0191,95.2381,4.7619,0.0,4.7619,6321.0,9563.0,9911.8,8778.0,145.0,8,14,13,0.0,4.7619,19.0476,0.0,705,737.8571,0.5004,0.0009,0.001,13.6416
2026-05-26 02:00:00,21,12686,8469,4217,0.0158,100.0,0.0,0.0,0.0,6385.0,9887.0,10133.4,9097.0,158.0,9,14,17,0.0,0.0,14.2857,0.0,711,604.0952,0.4979,0.0008,0.0008,16.8603
2026-05-26 03:00:00,27,16516,11015,5501,0.0211,92.5926,7.4074,0.0,3.7037,6135.0,8565.2,10503.7,8400.8,138.9,10,18,20,0.0,3.7037,22.2222,0.0,781,611.7037,0.4994,0.0008,0.0008,14.1974
2026-05-26 04:00:00,14,10220,7460,2760,0.0123,100.0,0.0,0.0,0.0,6569.5,8297.1,9101.02,7956.05,156.25,7,11,10,0.0,0.0,28.5714,0.0,401,730.0,0.37,0.0009,0.0009,14.529
2026-05-26 05:00:00,22,11918,8364,3554,0.0152,100.0,0.0,0.0,0.0,6059.0,7356.7,7513.52,7104.75,253.9,9,16,17,0.0,4.5455,4.5455,0.0,380,541.7273,0.4249,0.0007,0.0007,10.6922
2026-05-26 06:00:00,62,46968,34752,12216,0.0581,95.1613,4.8387,1.6129,3.2258,6285.0,9468.25,10431.89,9361.55,120.0,10,25,26,3.2258,1.6129,8.0645,0.0,2042,757.5484,0.3515,0.0009,0.001,16.7158
2026-05-26 07:00:00,65,46228,34640,11588,0.057,96.9231,3.0769,0.0,0.0,6181.0,8885.0,9888.24,8667.8,150.0,10,24,30,0.0,1.5385,20.0,0.0,1784,711.2,0.3345,0.0009,0.0009,15.3952
2026-05-26 08:00:00,80,51383,35040,16343,0.0648,97.5,2.5,1.25,1.25,6346.0,8202.4,9772.86,8172.4,141.1,10,27,32,2.5,2.5,11.25,0.0,2619,642.2875,0.4664,0.0008,0.0008,16.0252
2026-05-26 09:00:00,131,90706,64644,26062,0.1146,98.4733,1.5267,0.0,1.5267,6282.0,8135.5,9311.0,7794.0,151.0,10,29,34,2.2901,2.2901,13.7405,0.7634,4040,692.4122,0.4032,0.0009,0.0009,15.5015
2026-05-26 10:00:00,98,63827,44925,18902,0.0833,97.9592,2.0408,0.0,2.0408,6149.0,8240.25,9344.8,7688.75,166.2,10,27,34,1.0204,2.0408,24.4898,0.0,3294,651.2959,0.4207,0.0008,0.0009,17.4267
2026-05-26 11:00:00,122,89946,59717,30229,0.1106,93.4426,6.5574,1.6393,2.459,6305.5,8852.85,10243.49,7819.8,154.55,10,30,37,3.2787,4.918,15.5738,0.0,5274,737.2623,0.5062,0.0009,0.001,17.4468
2026-05-26 12:00:00,112,78150,55353,22797,0.0952,97.3214,2.6786,0.8929,1.7857,6237.5,9077.3,10917.56,8746.4,162.0,10,30,36,0.0,6.25,20.5357,0.8929,3711,697.7679,0.4118,0.0008,0.0009,16.2785
2026-05-26 13:00:00,119,85417,58951,26466,0.1073,97.479,2.521,0.8403,0.8403,6392.0,8475.5,10333.82,8125.9,152.4,10,28,36,0.8403,1.6807,15.9664,0.0,4105,717.7899,0.4489,0.0009,0.0009,15.5105
2026-05-26 14:00:00,116,81496,58286,23210,0.1045,99.1379,0.8621,0.0,0.8621,6294.5,8471.0,9651.05,7961.75,152.25,10,27,34,0.8621,5.1724,19.8276,0.0,3540,702.5517,0.3982,0.0009,0.0009,15.252
2026-05-26 15:00:00,128,84942,59672,25270,0.106,96.0938,3.9062,0.0,2.3438,6238.5,9333.65,10078.71,9130.75,151.65,10,30,38,0.7812,3.125,23.4375,0.0,3988,663.6094,0.4235,0.0008,0.0009,15.7816
2026-05-26 16:00:00,127,84082,59462,24620,0.1044,98.4252,1.5748,0.0,1.5748,6217.0,7762.6,9526.62,7438.3,162.7,10,27,38,0.0,0.7874,21.2598,0.0,3932,662.063,0.414,0.0008,0.0008,15.9708
2026-05-26 17:00:00,131,89019,62212,26807,0.1098,99.2366,0.7634,0.7634,0.0,6388.0,8228.0,10598.5,7440.5,164.5,10,28,37,0.7634,3.0534,16.0305,0.0,4419,679.5344,0.4309,0.0008,0.0008,16.4845
2026-05-26 18:00:00,81,54646,39637,15009,0.0677,93.8272,6.1728,0.0,2.4691,6248.0,7511.0,8158.2,7411.0,144.0,10,26,32,0.0,1.2346,16.0494,0.0,2321,674.642,0.3787,0.0008,0.0009,15.4641
2026-05-26 19:00:00,85,62522,45644,16878,0.0801,94.1176,5.8824,2.3529,2.3529,6257.0,7827.6,8587.92,7250.4,143.6,10,26,31,1.1765,5.8824,22.3529,0.0,2608,735.5529,0.3698,0.0009,0.001,15.4521
2026-05-26 20:00:00,80,52779,37046,15733,0.0678,98.75,1.25,0.0,0.0,6265.0,8070.05,9527.14,7101.15,176.1,10,23,28,1.25,7.5,18.75,0.0,2442,659.7375,0.4247,0.0008,0.0009,15.5215
2026-05-26 21:00:00,68,44016,32005,12011,0.0546,89.7059,10.2941,2.9412,5.8824,6082.0,7914.4,9576.23,6977.45,151.1,10,23,28,1.4706,7.3529,19.1176,0.0,1978,647.2941,0.3753,0.0008,0.0009,16.4682
2026-05-26 22:00:00,31,22570,16045,6525,0.0297,83.871,16.129,0.0,6.4516,6352.0,8377.0,9374.3,7492.0,153.0,10,18,20,0.0,3.2258,9.6774,0.0,950,728.0645,0.4067,0.001,0.0011,14.5594
2026-05-26 23:00:00,34,23140,16715,6425,0.0301,100.0,0.0,0.0,0.0,6152.0,10049.45,10784.34,9402.05,156.45,10,17,21,0.0,2.9412,17.6471,0.0,1051,680.5882,0.3844,0.0009,0.0009,16.358
2026-05-27 00:00:00,27,19004,13829,5175,0.0246,92.5926,7.4074,0.0,0.0,6459.0,9467.9,10436.08,8851.2,165.4,9,19,21,0.0,3.7037,22.2222,0.0,862,703.8519,0.3742,0.0009,0.001,16.657
2026-05-27 01:00:00,25,16022,11914,4108,0.0194,88.0,12.0,4.0,0.0,6118.0,7513.4,8278.2,6991.8,127.4,8,17,16,4.0,4.0,20.0,0.0,571,640.88,0.3448,0.0008,0.0009,13.8997
2026-05-27 02:00:00,27,18478,13194,5284,0.0228,88.8889,11.1111,3.7037,3.7037,6213.0,7804.6,9514.78,7317.1,116.1,9,19,17,0.0,0.0,3.7037,0.0,776,684.3704,0.4005,0.0008,0.001,14.6858
2026-05-27 03:00:00,19,12942,9852,3090,0.0159,89.4737,10.5263,0.0,10.5263,6252.0,10063.0,10603.0,9134.5,162.2,9,12,11,0.0,0.0,15.7895,0.0,498,681.1579,0.3136,0.0008,0.0009,16.1165
2026-05-27 04:00:00,27,20637,14137,6500,0.026,96.2963,3.7037,0.0,0.0,6359.0,7968.3,8001.0,7627.6,137.0,9,17,17,0.0,7.4074,22.2222,0.0,1027,764.3333,0.4598,0.001,0.001,15.8
2026-05-27 05:00:00,33,21551,14842,6709,0.0275,87.8788,12.1212,0.0,3.0303,6381.0,8259.8,8836.56,7295.8,198.6,9,17,16,0.0,6.0606,21.2121,0.0,970,653.0606,0.452,0.0008,0.0009,14.4582
2026-05-27 06:00:00,77,51080,34818,16262,0.0645,96.1039,3.8961,1.2987,2.5974,6483.0,9456.4,10200.92,9022.4,150.6,9,23,30,3.8961,3.8961,24.6753,1.2987,2809,663.3766,0.4671,0.0008,0.0009,17.2734
2026-05-27 07:00:00,69,48663,33685,14978,0.0624,94.2029,5.7971,0.0,2.8986,6244.0,7762.0,9019.44,7274.0,154.2,10,28,33,1.4493,0.0,14.4928,0.0,2262,705.2609,0.4446,0.0009,0.001,15.1021
2026-05-27 08:00:00,61,38751,25538,13213,0.0469,95.082,4.918,1.6393,0.0,6439.0,8322.0,9014.2,7520.0,187.0,10,25,26,1.6393,1.6393,21.3115,0.0,2041,635.2623,0.5174,0.0008,0.0008,15.4469
2026-05-27 09:00:00,113,73330,52810,20520,0.0937,94.6903,5.3097,1.7699,1.7699,6301.0,9016.6,10143.84,8863.0,156.4,10,28,34,1.7699,2.6549,20.354,0.0,3188,648.9381,0.3886,0.0008,0.0009,15.5361
2026-05-27 10:00:00,127,86883,61061,25822,0.1119,97.6378,2.3622,0.0,1.5748,6278.0,9297.8,11780.46,8900.1,165.4,10,29,35,0.0,3.937,25.9843,0.0,3848,684.1181,0.4229,0.0009,0.0009,14.902
2026-05-27 11:00:00,124,85333,61325,24008,0.1056,93.5484,6.4516,1.6129,4.0323,6338.5,9260.25,10339.63,9173.55,184.0,10,27,37,1.6129,7.2581,16.9355,0.0,4042,688.1694,0.3915,0.0009,0.0009,16.8361
2026-05-27 12:00:00,140,96509,65665,30844,0.1203,96.4286,3.5714,0.7143,1.4286,6383.0,9202.6,10260.45,8772.0,150.35,10,29,39,0.7143,3.5714,17.1429,0.0,4870,689.35,0.4697,0.0009,0.0009,15.7891
2026-05-27 13:00:00,116,77226,54885,22341,0.0968,95.6897,4.3103,0.8621,0.8621,6303.5,10204.5,10598.65,9330.0,200.5,10,29,35,0.8621,6.0345,24.1379,0.0,3518,665.7414,0.4071,0.0008,0.0009,15.7468
2026-05-27 14:00:00,132,89074,61724,27350,0.1085,96.2121,3.7879,0.7576,1.5152,6269.0,8459.75,10275.55,7759.3,153.35,10,26,37,2.2727,3.7879,20.4545,0.7576,4252,674.803,0.4431,0.0008,0.0009,15.5466
2026-05-27 15:00:00,111,75461,53620,21841,0.0981,98.1982,1.8018,0.0,0.9009,6200.0,8320.0,10060.0,7406.0,150.5,10,29,33,0.9009,4.5045,18.9189,0.9009,3645,679.8288,0.4073,0.0009,0.0009,16.6888
2026-05-27 16:00:00,134,89605,62260,27345,0.1123,87.3134,12.6866,3.7313,6.7164,6304.5,7952.3,9519.78,7516.4,144.05,10,28,38,0.7463,6.7164,11.194,0.0,4008,668.694,0.4392,0.0008,0.001,14.6572
2026-05-27 17:00:00,122,85698,61778,23920,0.1088,95.082,4.918,1.6393,0.8197,6311.0,8123.6,9579.97,7379.6,157.95,10,29,40,1.6393,4.918,9.0164,0.0,3515,702.4426,0.3872,0.0009,0.0009,14.6948
2026-05-27 18:00:00,72,47240,32852,14388,0.0572,97.2222,2.7778,1.3889,1.3889,6328.5,8877.45,9490.62,8455.8,177.6,10,26,31,0.0,1.3889,16.6667,0.0,2388,656.1111,0.438,0.0008,0.0008,16.5972
2026-05-27 19:00:00,79,60078,42935,17143,0.0735,93.6709,6.3291,2.5316,2.5316,6508.0,9562.9,10322.62,9200.2,136.1,10,28,31,1.2658,6.3291,15.1899,0.0,2630,760.481,0.3993,0.0009,0.001,15.3415
2026-05-27 20:00:00,67,45602,32672,12930,0.0565,97.0149,2.9851,0.0,1.4925,6321.0,8220.8,9417.94,7660.7,151.6,10,24,29,1.4925,4.4776,20.8955,0.0,2115,680.6269,0.3958,0.0008,0.0009,16.3573
2026-05-27 21:00:00,67,48879,33743,15136,0.0637,97.0149,2.9851,1.4925,0.0,6279.0,7836.2,9725.94,7134.7,136.0,10,28,36,0.0,2.9851,13.4328,0.0,2211,729.5373,0.4486,0.001,0.001,14.6076
2026-05-27 22:00:00,46,29630,21114,8516,0.0358,93.4783,6.5217,0.0,0.0,6307.5,7850.0,9600.95,7674.5,155.0,10,23,24,2.1739,0.0,15.2174,0.0,1323,644.1304,0.4033,0.0008,0.0008,15.5355
2026-05-27 23:00:00,26,19080,12471,6609,0.0229,96.1538,3.8462,3.8462,0.0,6431.5,7685.25,7870.75,6752.0,180.75,8,16,16,0.0,15.3846,11.5385,0.0,1138,733.8462,0.5299,0.0009,0.0009,17.2189
2026-05-28 00:00:00,30,20377,14648,5729,0.0245,100.0,0.0,0.0,0.0,6355.5,9127.45,9840.76,8454.85,150.55,9,21,20,0.0,0.0,16.6667,0.0,954,679.2333,0.3911,0.0008,0.0008,16.6521
2026-05-28 01:00:00,25,17339,12092,5247,0.0211,100.0,0.0,0.0,0.0,6346.0,8070.6,8867.84,6764.8,180.2,8,12,14,0.0,4.0,12.0,0.0,894,693.56,0.4339,0.0008,0.0008,17.0383
2026-05-28 02:00:00,25,15703,11066,4637,0.0208,96.0,4.0,0.0,4.0,6004.0,8338.0,9787.8,8241.4,145.6,9,17,18,0.0,0.0,20.0,0.0,566,628.12,0.419,0.0008,0.0009,12.2062
2026-05-28 03:00:00,20,12505,9203,3302,0.0153,100.0,0.0,0.0,0.0,6257.0,7853.35,9105.07,7572.55,160.75,8,13,16,0.0,5.0,20.0,0.0,456,625.25,0.3588,0.0008,0.0008,13.8098
2026-05-28 04:00:00,29,20875,15386,5489,0.0253,89.6552,10.3448,3.4483,3.4483,6392.0,8805.2,9921.68,7891.4,164.8,9,18,20,0.0,3.4483,6.8966,0.0,922,719.8276,0.3568,0.0009,0.001,16.7972
2026-05-28 05:00:00,17,12091,8477,3614,0.0151,94.1176,5.8824,5.8824,0.0,6254.0,7914.4,8043.68,7591.0,137.2,6,11,14,0.0,5.8824,11.7647,0.0,526,711.2353,0.4263,0.0009,0.0009,14.5545
2026-05-28 06:00:00,66,43503,30399,13104,0.0543,98.4848,1.5152,0.0,1.5152,6465.5,8481.0,10229.45,7886.75,180.75,10,24,30,0.0,6.0606,16.6667,0.0,2135,659.1364,0.4311,0.0008,0.0008,16.2927
2026-05-28 07:00:00,77,52510,36115,16395,0.066,97.4026,2.5974,0.0,0.0,6278.0,8165.8,9820.8,7503.4,196.8,10,23,30,0.0,7.7922,20.7792,0.0,2507,681.9481,0.454,0.0009,0.0009,15.2912
2026-05-28 08:00:00,74,51160,36180,14980,0.0648,95.9459,4.0541,1.3514,2.7027,6282.0,8421.95,10224.7,7716.35,153.15,10,24,31,1.3514,4.0541,24.3243,0.0,2223,691.3514,0.414,0.0009,0.0009,14.8398
2026-05-28 09:00:00,143,94264,66628,27636,0.1188,95.8042,4.1958,1.3986,2.0979,6308.0,8518.8,9702.74,7849.3,166.9,10,30,38,0.0,4.1958,20.2797,0.0,4410,659.1888,0.4148,0.0008,0.0009,15.9574
2026-05-28 10:00:00,132,92973,64335,28638,0.1153,96.9697,3.0303,0.7576,2.2727,6498.5,8039.85,10291.63,7711.3,158.7,10,27,38,2.2727,2.2727,12.8788,0.0,4711,704.3409,0.4451,0.0009,0.0009,16.4502
2026-05-28 11:00:00,132,88127,61986,26141,0.1161,96.2121,3.7879,0.7576,2.2727,6276.5,8742.25,10596.62,8524.95,163.7,10,28,37,0.7576,3.7879,20.4545,0.7576,4310,667.6288,0.4217,0.0009,0.0009,16.4875
2026-05-28 12:00:00,108,71903,50812,21091,0.0906,99.0741,0.9259,0.9259,0.0,6352.5,8260.5,9507.53,7580.75,186.2,10,29,35,0.9259,5.5556,21.2963,0.0,3325,665.7685,0.4151,0.0008,0.0008,15.765
2026-05-28 13:00:00,123,83561,58546,25015,0.1048,93.4959,6.5041,2.439,0.813,6425.0,9052.6,10356.64,8455.5,146.0,10,29,32,0.0,3.252,13.0081,0.813,4279,679.3577,0.4273,0.0009,0.0009,17.1057
2026-05-28 14:00:00,109,72006,49123,22883,0.0903,96.3303,3.6697,2.7523,0.9174,6366.0,8405.8,10481.28,7697.6,184.8,10,27,34,1.8349,1.8349,21.1009,0.0,3297,660.6055,0.4658,0.0008,0.0009,14.4081
2026-05-28 15:00:00,126,89305,63320,25985,0.1137,96.0317,3.9683,1.5873,0.7937,6371.0,8407.75,9826.0,7707.0,139.0,10,28,38,3.1746,3.1746,11.9048,0.0,4180,708.7698,0.4104,0.0009,0.0009,16.0862
2026-05-28 16:00:00,136,96833,68518,28315,0.1205,96.3235,3.6765,0.0,2.9412,6365.5,8046.75,10058.55,7314.25,173.25,10,28,39,1.4706,3.6765,18.3824,0.0,4366,712.0074,0.4132,0.0009,0.0009,15.4194
2026-05-28 17:00:00,130,87507,61680,25827,0.1089,92.3077,7.6923,1.5385,3.8462,6318.0,8713.15,10242.63,8187.35,155.2,10,28,38,0.7692,8.4615,19.2308,0.0,3970,673.1308,0.4187,0.0008,0.0009,15.3715
2026-05-28 18:00:00,95,63667,44196,19471,0.0803,97.8947,2.1053,1.0526,0.0,6352.0,8545.3,9481.06,7575.5,155.3,10,28,34,0.0,5.2632,15.7895,0.0,3086,670.1789,0.4406,0.0008,0.0009,15.8492
2026-05-28 19:00:00,72,47076,32877,14199,0.0611,95.8333,4.1667,0.0,4.1667,6381.0,9083.15,10249.94,8579.4,140.45,10,24,28,0.0,5.5556,18.0556,0.0,2132,653.8333,0.4319,0.0008,0.0009,15.0151
2026-05-28 20:00:00,91,62679,44851,17828,0.0777,93.4066,6.5934,1.0989,4.3956,6437.0,8297.5,9819.8,7735.0,173.5,10,30,34,2.1978,5.4945,10.989,0.0,2943,688.7802,0.3975,0.0009,0.0009,16.5077
2026-05-28 21:00:00,72,53108,38540,14568,0.0669,100.0,0.0,0.0,0.0,6279.0,8712.25,9817.43,8425.15,169.15,10,26,31,1.3889,2.7778,15.2778,0.0,2187,737.6111,0.378,0.0009,0.0009,15.0124
2026-05-28 22:00:00,31,23531,17197,6334,0.0286,96.7742,3.2258,3.2258,0.0,6487.0,10215.5,10259.0,8974.5,157.0,9,19,19,3.2258,3.2258,12.9032,0.0,851,759.0645,0.3683,0.0009,0.001,13.4354
2026-05-28 23:00:00,39,23956,16355,7601,0.0287,97.4359,2.5641,0.0,0.0,6240.0,7572.4,7627.48,7034.8,160.1,10,25,23,2.5641,0.0,20.5128,0.0,1206,614.2564,0.4648,0.0007,0.0008,15.8663
2026-05-29 00:00:00,28,18702,13899,4803,0.0228,96.4286,3.5714,0.0,0.0,6199.0,8585.75,9478.54,8166.45,149.45,10,17,17,3.5714,7.1429,14.2857,0.0,707,667.9286,0.3456,0.0008,0.0008,14.72
2026-05-29 01:00:00,31,22868,16994,5874,0.0289,100.0,0.0,0.0,0.0,6367.0,7468.0,10514.5,6698.0,152.0,10,20,21,0.0,0.0,19.3548,0.0,1008,737.6774,0.3457,0.0009,0.0009,17.1604
2026-05-29 02:00:00,18,13872,9404,4468,0.0173,100.0,0.0,0.0,0.0,6588.5,7998.15,8502.03,7354.0,102.4,10,14,16,0.0,0.0,16.6667,5.5556,840,770.6667,0.4751,0.001,0.001,18.8004
2026-05-29 03:00:00,30,20322,12338,7984,0.0247,96.6667,3.3333,0.0,0.0,6466.0,9191.45,9894.79,7296.25,177.4,10,21,18,0.0,16.6667,20.0,0.0,1222,677.4,0.6471,0.0008,0.0009,15.3056
2026-05-29 04:00:00,21,14275,9591,4684,0.0185,85.7143,14.2857,0.0,14.2857,6362.0,7806.0,8301.2,7721.0,158.0,9,17,18,4.7619,14.2857,23.8095,0.0,834,679.7619,0.4884,0.0009,0.001,17.8053
2026-05-29 05:00:00,26,17138,11436,5702,0.0217,100.0,0.0,0.0,0.0,6600.5,7899.5,9354.75,6748.75,180.0,8,15,18,3.8462,0.0,15.3846,0.0,1032,659.1538,0.4986,0.0008,0.0008,18.0989
2026-05-29 06:00:00,85,62417,43442,18975,0.0818,96.4706,3.5294,0.0,2.3529,6434.0,9154.2,9650.0,8717.0,155.4,10,28,35,4.7059,0.0,27.0588,0.0,3135,734.3176,0.4368,0.001,0.001,16.5217
2026-05-29 07:00:00,113,74633,51271,23362,0.0932,97.3451,2.6549,0.885,1.7699,6366.0,8739.2,9942.0,7955.2,162.2,10,28,37,0.885,3.5398,15.0442,0.885,3718,660.469,0.4557,0.0008,0.0008,15.9147
2026-05-29 08:00:00,124,87449,57659,29790,0.1106,94.3548,5.6452,1.6129,2.4194,6427.5,9263.55,10282.99,8845.8,170.8,10,28,42,0.8065,8.871,16.129,0.0,4772,705.2339,0.5167,0.0009,0.0009,16.0188
2026-05-29 09:00:00,162,119170,85323,33847,0.1523,93.8272,6.1728,2.4691,2.4691,6335.0,8733.15,10658.22,7832.2,155.8,10,30,42,0.6173,4.9383,19.1358,0.6173,5130,735.6173,0.3967,0.0009,0.001,15.1564
2026-05-29 10:00:00,119,82621,57158,25463,0.1004,98.3193,1.6807,0.0,0.0,6460.0,9384.6,10649.3,9222.5,148.2,10,28,37,0.0,5.042,18.4874,0.0,4009,694.2941,0.4455,0.0008,0.0009,15.7444
2026-05-29 11:00:00,126,88759,62593,26166,0.1129,94.4444,5.5556,2.381,2.381,6440.0,8947.25,10225.0,8139.0,157.5,10,28,38,1.5873,3.1746,23.8095,0.0,4090,704.4365,0.418,0.0009,0.0009,15.631
2026-05-29 12:00:00,106,72510,52706,19804,0.0897,98.1132,1.8868,0.0,1.8868,6306.0,8384.75,9408.0,8033.0,163.25,10,29,40,0.9434,3.7736,15.0943,0.9434,3173,684.0566,0.3757,0.0008,0.0009,16.022
2026-05-29 13:00:00,118,80309,55560,24749,0.099,93.2203,6.7797,3.3898,2.5424,6395.5,9322.15,10177.49,7886.85,179.0,10,27,32,3.3898,5.9322,16.1017,0.0,3908,680.5847,0.4454,0.0008,0.0009,15.7905
2026-05-29 14:00:00,154,102072,68791,33281,0.1255,95.4545,4.5455,0.6494,0.6494,6430.0,9409.35,10573.34,8876.55,159.7,10,29,41,0.6494,3.8961,18.8312,0.6494,5140,662.8052,0.4838,0.0008,0.0009,15.4442
2026-05-29 15:00:00,135,92979,65413,27566,0.1132,94.8148,5.1852,2.2222,2.2222,6433.0,8641.5,9601.8,7481.9,145.4,10,26,36,0.0,4.4444,19.2593,0.0,4442,688.7333,0.4214,0.0008,0.0009,16.1141
2026-05-29 16:00:00,119,88869,62750,26119,0.1138,96.6387,3.3613,0.8403,0.8403,6485.0,8928.4,10458.18,8409.2,150.1,10,29,36,1.6807,1.6807,20.1681,0.0,3844,746.7983,0.4162,0.001,0.001,14.7173
2026-05-29 17:00:00,117,78862,55893,22969,0.0984,96.5812,3.4188,0.8547,1.7094,6350.0,9190.4,10031.0,8918.8,167.4,10,28,36,1.7094,3.4188,13.6752,0.0,3729,674.0342,0.4109,0.0008,0.0009,16.2349
2026-05-29 18:00:00,69,48795,33276,15519,0.0592,94.2029,5.7971,1.4493,1.4493,6439.0,9102.6,10476.56,8584.6,183.2,10,27,30,1.4493,4.3478,18.8406,0.0,2324,707.1739,0.4664,0.0009,0.0009,14.9752
2026-05-29 19:00:00,68,43256,30397,12859,0.0537,98.5294,1.4706,0.0,1.4706,6377.0,9056.75,10550.12,8638.15,157.65,10,27,30,0.0,5.8824,25.0,0.0,2001,636.1176,0.423,0.0008,0.0008,15.5611
2026-05-29 20:00:00,88,56680,37834,18846,0.073,92.0455,7.9545,1.1364,4.5455,6383.5,8950.45,9855.51,7756.25,182.65,10,26,34,0.0,4.5455,13.6364,0.0,2935,644.0909,0.4981,0.0008,0.0009,15.5736
2026-05-29 21:00:00,62,42052,28741,13311,0.0526,96.7742,3.2258,1.6129,0.0,6533.0,9009.95,10053.63,8969.25,131.0,10,24,31,3.2258,3.2258,19.3548,0.0,2060,678.2581,0.4631,0.0008,0.0009,15.4759
2026-05-29 22:00:00,29,21128,14585,6543,0.0266,96.5517,3.4483,0.0,0.0,7023.0,9310.0,9679.52,8564.0,151.6,8,18,14,3.4483,3.4483,13.7931,0.0,927,728.5517,0.4486,0.0009,0.0009,14.1678
2026-05-29 23:00:00,40,25927,18006,7921,0.0329,97.5,2.5,0.0,2.5,6621.0,9533.0,10630.74,9023.45,173.1,9,23,26,0.0,2.5,22.5,0.0,1332,648.175,0.4399,0.0008,0.0008,16.8161
2026-05-30 00:00:00,22,13709,9927,3782,0.017,100.0,0.0,0.0,0.0,6429.0,8780.35,10110.37,8287.45,118.25,9,15,15,0.0,0.0,27.2727,0.0,710,623.1364,0.381,0.0008,0.0008,18.7731
2026-05-30 01:00:00,20,14664,9506,5158,0.0183,100.0,0.0,0.0,0.0,6471.5,8707.2,9728.64,7537.15,177.0,9,17,13,0.0,0.0,15.0,0.0,765,733.2,0.5426,0.0009,0.0009,14.8313
2026-05-30 02:00:00,17,9462,5518,3944,0.0118,100.0,0.0,0.0,0.0,6375.0,8994.6,10183.72,7725.2,129.0,7,11,14,0.0,0.0,11.7647,5.8824,570,556.5882,0.7148,0.0007,0.0007,14.4523
2026-05-30 03:00:00,16,14378,9596,4782,0.0184,100.0,0.0,0.0,0.0,6683.5,9997.5,10509.9,9568.5,218.25,9,13,14,0.0,12.5,18.75,0.0,906,898.625,0.4983,0.0012,0.0012,18.946
2026-05-30 04:00:00,16,12759,8710,4049,0.0178,100.0,0.0,0.0,0.0,6385.0,8689.25,9513.05,7839.5,184.0,6,10,11,0.0,0.0,6.25,0.0,704,797.4375,0.4649,0.0011,0.0011,17.387
2026-05-30 05:00:00,18,12230,7910,4320,0.0147,83.3333,16.6667,5.5556,11.1111,6668.5,8676.05,9524.01,7971.35,171.85,8,14,13,0.0,11.1111,5.5556,0.0,802,679.4444,0.5461,0.0008,0.001,18.5648
2026-05-30 06:00:00,54,40168,26835,13333,0.0501,98.1481,1.8519,0.0,0.0,6493.5,9359.0,10186.52,8914.1,161.65,10,21,27,1.8519,5.5556,24.0741,0.0,2097,743.8519,0.4969,0.0009,0.0009,15.7279
2026-05-30 07:00:00,50,37065,25765,11300,0.0465,94.0,6.0,0.0,4.0,6646.5,8224.5,8938.85,7127.0,144.4,10,21,25,2.0,4.0,14.0,0.0,1885,741.3,0.4386,0.0009,0.001,16.6814
2026-05-30 08:00:00,47,37519,26132,11387,0.0477,95.7447,4.2553,0.0,0.0,6741.0,10183.6,10530.62,9483.8,154.3,9,21,22,0.0,4.2553,21.2766,0.0,1784,798.2766,0.4357,0.001,0.0011,15.667
2026-05-30 09:00:00,77,51654,35829,15825,0.0651,94.8052,5.1948,2.5974,2.5974,6491.0,8618.4,9405.88,7556.4,141.6,10,21,28,0.0,5.1948,12.987,0.0,2396,670.8312,0.4417,0.0008,0.0009,15.1406
2026-05-30 10:00:00,90,58409,43124,15285,0.0717,93.3333,6.6667,0.0,4.4444,6476.0,8839.75,10677.8,8573.95,158.8,10,25,31,0.0,3.3333,20.0,1.1111,2349,648.9889,0.3544,0.0008,0.0009,15.368
2026-05-30 11:00:00,81,57203,39852,17351,0.0725,95.0617,4.9383,2.4691,1.2346,6579.0,9526.0,10066.8,8573.0,164.0,10,27,33,3.7037,3.7037,14.8148,0.0,2606,706.2099,0.4354,0.0009,0.0009,15.0193
2026-05-30 12:00:00,86,70901,52941,17960,0.0885,91.8605,8.1395,3.4884,2.3256,6336.0,8012.25,10029.8,7332.25,147.75,10,28,34,0.0,5.814,20.9302,0.0,2918,824.4302,0.3392,0.001,0.0011,16.2472
2026-05-30 13:00:00,90,59692,41397,18295,0.0748,94.4444,5.5556,1.1111,3.3333,6482.5,9273.1,11397.03,9062.6,155.55,10,27,31,1.1111,0.0,10.0,1.1111,2932,663.2444,0.4419,0.0008,0.0009,16.0262
2026-05-30 14:00:00,90,61649,44095,17554,0.0752,97.7778,2.2222,2.2222,0.0,6384.5,7760.1,8809.04,7145.5,174.55,10,28,32,1.1111,3.3333,26.6667,0.0,2773,684.9889,0.3981,0.0008,0.0009,15.797
2026-05-30 15:00:00,112,72058,50032,22026,0.0912,92.8571,7.1429,2.6786,1.7857,6484.0,9421.45,10191.83,8744.6,197.65,10,28,36,0.8929,3.5714,15.1786,0.8929,3589,643.375,0.4402,0.0008,0.0009,16.2944
2026-05-30 16:00:00,104,75127,52978,22149,0.0936,95.1923,4.8077,1.9231,0.9615,6431.0,8681.85,10278.02,7902.6,166.7,9,27,36,0.0,1.9231,14.4231,0.0,3478,722.375,0.4181,0.0009,0.0009,15.7027
2026-05-30 17:00:00,97,69130,50483,18647,0.0885,95.8763,4.1237,2.0619,1.0309,6441.0,9727.8,10781.52,9236.2,146.2,10,28,35,2.0619,3.0928,17.5258,0.0,2701,712.6804,0.3694,0.0009,0.001,14.4849
2026-05-30 18:00:00,47,33404,24297,9107,0.0411,93.617,6.383,0.0,2.1277,6506.0,7739.0,7799.5,7276.6,173.3,10,21,22,2.1277,10.6383,12.766,0.0,1463,710.7234,0.3748,0.0009,0.0009,16.0646
2026-05-30 19:00:00,45,31897,23348,8549,0.0383,100.0,0.0,0.0,0.0,6337.0,8646.6,10781.28,7253.4,177.0,10,20,25,2.2222,4.4444,24.4444,0.0,1321,708.8222,0.3662,0.0009,0.0009,15.4521
2026-05-30 20:00:00,60,43810,30776,13034,0.0589,95.0,5.0,0.0,3.3333,6374.5,8074.55,9990.44,7271.0,198.1,9,22,28,1.6667,3.3333,15.0,0.0,1882,730.1667,0.4235,0.001,0.001,14.4392
2026-05-30 21:00:00,45,32852,23790,9062,0.0449,91.1111,8.8889,4.4444,2.2222,6366.0,8082.4,9607.32,7360.4,158.2,10,24,26,0.0,4.4444,24.4444,0.0,1386,730.0444,0.3809,0.001,0.0011,15.2946
2026-05-30 22:00:00,26,16336,10995,5341,0.0207,92.3077,7.6923,0.0,3.8462,6688.5,9661.5,10403.25,9389.75,158.0,8,16,15,0.0,3.8462,23.0769,0.0,763,628.3077,0.4858,0.0008,0.0009,14.2857
2026-05-30 23:00:00,20,11371,7835,3536,0.0142,90.0,10.0,5.0,5.0,6341.0,7249.1,9910.62,6601.25,106.75,8,14,16,0.0,10.0,30.0,0.0,624,568.55,0.4513,0.0007,0.0008,17.6471
2026-05-31 00:00:00,13,8241,5591,2650,0.0099,84.6154,15.3846,7.6923,0.0,6521.0,7939.0,8567.8,7527.4,113.0,8,9,11,0.0,7.6923,23.0769,0.0,368,633.9231,0.474,0.0008,0.0009,13.8868
2026-05-31 01:00:00,9,5787,3948,1839,0.0073,88.8889,11.1111,0.0,0.0,6715.0,9647.0,10167.0,9095.8,125.0,6,8,8,0.0,0.0,11.1111,0.0,261,643.0,0.4658,0.0008,0.0009,14.1925
2026-05-31 02:00:00,9,7274,5351,1923,0.0087,88.8889,11.1111,0.0,11.1111,6898.0,8492.0,8725.6,7880.4,80.8,6,7,7,0.0,0.0,22.2222,0.0,354,808.2222,0.3594,0.001,0.0011,18.4087
2026-05-31 03:00:00,14,9104,6581,2523,0.0109,100.0,0.0,0.0,0.0,6724.0,7556.35,8045.67,6921.4,154.6,6,11,11,0.0,14.2857,28.5714,0.0,491,650.2857,0.3834,0.0008,0.0008,19.461
2026-05-31 04:00:00,13,9502,7081,2421,0.0114,100.0,0.0,0.0,0.0,6342.0,8772.2,10674.44,8183.2,127.6,7,12,10,7.6923,0.0,15.3846,0.0,387,730.9231,0.3419,0.0009,0.0009,15.9851
2026-05-31 05:00:00,14,8688,6029,2659,0.0104,85.7143,14.2857,7.1429,0.0,6893.0,8453.1,8570.62,7565.5,197.95,10,11,13,0.0,14.2857,42.8571,0.0,417,620.5714,0.441,0.0007,0.0009,15.6826
2026-05-31 06:00:00,49,33961,23266,10695,0.0437,97.9592,2.0408,0.0,2.0408,6647.0,9860.0,10868.92,9244.0,145.8,9,22,23,0.0,4.0816,14.2857,2.0408,1821,693.0816,0.4597,0.0009,0.0009,17.0266
2026-05-31 07:00:00,46,33893,24437,9456,0.0415,93.4783,6.5217,0.0,4.3478,6296.0,7669.5,9725.35,6874.25,172.5,10,24,24,2.1739,8.6957,19.5652,0.0,1740,736.8043,0.387,0.0009,0.001,18.401
2026-05-31 08:00:00,50,33128,23446,9682,0.0424,92.0,8.0,2.0,2.0,6291.5,9918.95,10642.49,9371.65,153.7,10,23,24,0.0,4.0,18.0,2.0,1554,662.56,0.4129,0.0008,0.0009,16.0504
2026-05-31 09:00:00,72,51040,36145,14895,0.062,95.8333,4.1667,1.3889,2.7778,6531.0,9420.15,11460.87,8400.85,162.8,10,28,31,0.0,5.5556,8.3333,0.0,2358,708.8889,0.4121,0.0009,0.0009,15.8308
2026-05-31 10:00:00,73,52041,36966,15075,0.0662,95.8904,4.1096,1.3699,1.3699,6464.0,8896.6,10176.4,7953.6,179.4,10,27,31,0.0,5.4795,17.8082,0.0,2316,712.8904,0.4078,0.0009,0.0009,15.3632
2026-05-31 11:00:00,90,61296,41079,20217,0.0793,91.1111,8.8889,1.1111,3.3333,6337.0,7800.8,10035.31,7114.5,153.85,10,27,33,1.1111,2.2222,11.1111,0.0,3239,681.0667,0.4921,0.0009,0.001,16.0212
2026-05-31 12:00:00,82,55595,37992,17603,0.0705,95.122,4.878,2.439,1.2195,6377.5,8389.45,10439.8,7243.35,159.75,10,26,30,0.0,2.439,17.0732,0.0,2700,677.9878,0.4633,0.0009,0.0009,15.3383
2026-05-31 13:00:00,52,39048,28588,10460,0.0489,96.1538,3.8462,0.0,1.9231,6418.5,7918.45,10287.24,7518.9,155.9,10,24,27,1.9231,5.7692,15.3846,0.0,1550,750.9231,0.3659,0.0009,0.001,14.8184
2026-05-31 14:00:00,86,61136,43117,18019,0.0763,95.3488,4.6512,0.0,2.3256,6338.5,8109.75,9087.05,7151.5,204.0,10,28,33,3.4884,5.814,17.4419,0.0,2708,710.8837,0.4179,0.0009,0.0009,15.0286
2026-05-31 15:00:00,87,55214,39387,15827,0.0706,94.2529,5.7471,2.2989,1.1494,6433.0,8273.6,9330.74,7459.0,159.2,8,23,30,1.1494,1.1494,12.6437,1.1494,2499,634.6437,0.4018,0.0008,0.0009,15.7895
2026-05-31 16:00:00,82,53260,36583,16677,0.0667,92.6829,7.3171,1.2195,3.6585,6422.0,9392.35,10053.36,9089.75,186.35,10,26,33,0.0,7.3171,12.1951,0.0,2799,649.5122,0.4559,0.0008,0.0009,16.7836
2026-05-31 17:00:00,66,46413,32252,14161,0.059,96.9697,3.0303,0.0,3.0303,6512.5,9280.5,10257.5,8691.0,152.75,9,26,28,4.5455,6.0606,21.2121,0.0,2561,703.2273,0.4391,0.0009,0.0009,18.0849
2026-05-31 18:00:00,42,25644,16288,9356,0.0315,85.7143,14.2857,4.7619,4.7619,6501.5,9037.2,9429.17,7576.85,133.75,10,20,24,2.381,9.5238,11.9048,0.0,1472,610.5714,0.5744,0.0007,0.0009,15.7332
2026-05-31 19:00:00,54,37828,26450,11378,0.0473,100.0,0.0,0.0,0.0,6410.5,10018.75,11234.7,9047.6,183.05,10,22,24,0.0,1.8519,25.9259,1.8519,1774,700.5185,0.4302,0.0009,0.0009,15.5915
2026-05-31 20:00:00,43,28608,21205,7403,0.0349,93.0233,6.9767,4.6512,2.3256,6329.0,7640.0,9662.22,6946.3,141.8,10,22,24,2.3256,6.9767,23.2558,0.0,1158,665.3023,0.3491,0.0008,0.0009,15.6423
2026-05-31 21:00:00,51,32619,23485,9134,0.0416,100.0,0.0,0.0,0.0,6322.0,8770.5,10196.0,8126.0,117.5,9,24,23,0.0,1.9608,17.6471,0.0,1398,639.5882,0.3889,0.0008,0.0008,15.3055
2026-05-31 22:00:00,25,15744,11409,4335,0.0201,96.0,4.0,0.0,0.0,6273.0,9394.0,9870.04,8777.6,151.4,9,14,15,0.0,8.0,20.0,0.0,739,629.76,0.38,0.0008,0.0008,17.0473
2026-05-31 23:00:00,21,12400,7480,4920,0.0158,100.0,0.0,0.0,0.0,6481.0,9036.0,10828.8,7536.0,147.0,8,15,13,4.7619,0.0,9.5238,0.0,754,590.4762,0.6578,0.0008,0.0008,15.3252
2026-06-01 00:00:00,32,19788,13907,5881,0.0254,93.75,6.25,3.125,3.125,6472.5,7440.7,7735.23,6704.8,129.05,9,17,17,0.0,6.25,18.75,0.0,980,618.375,0.4229,0.0008,0.0008,16.6638
2026-06-01 01:00:00,31,22503,16364,6139,0.0278,100.0,0.0,0.0,0.0,6422.0,8801.0,10125.8,8496.0,156.0,9,19,20,0.0,3.2258,19.3548,0.0,742,725.9032,0.3752,0.0009,0.0009,12.0867
2026-06-01 02:00:00,27,20539,13134,7405,0.0272,100.0,0.0,0.0,0.0,6463.0,7750.1,11197.42,6602.3,129.6,10,16,18,0.0,0.0,11.1111,0.0,1183,760.7037,0.5638,0.001,0.001,15.9757
2026-06-01 03:00:00,27,16280,12280,4000,0.0214,100.0,0.0,0.0,0.0,6530.0,9784.9,9986.5,9080.5,144.8,10,16,16,3.7037,0.0,25.9259,0.0,518,602.963,0.3257,0.0008,0.0008,12.95
2026-06-01 04:00:00,25,16391,11412,4979,0.0206,96.0,4.0,0.0,0.0,6598.0,7901.4,8133.24,7285.2,202.2,10,17,20,0.0,0.0,12.0,0.0,874,655.64,0.4363,0.0008,0.0009,17.5537
2026-06-01 05:00:00,23,15419,10696,4723,0.0185,95.6522,4.3478,0.0,4.3478,6505.0,9292.9,9655.88,8251.5,172.8,8,14,14,4.3478,0.0,17.3913,0.0,690,670.3913,0.4416,0.0008,0.0008,14.6094
2026-06-01 06:00:00,82,53864,36926,16938,0.0685,98.7805,1.2195,0.0,1.2195,6381.5,8238.8,9737.8,7396.35,141.95,10,27,35,1.2195,1.2195,26.8293,0.0,2709,656.878,0.4587,0.0008,0.0008,15.9936
2026-06-01 07:00:00,67,44788,29478,15310,0.0552,95.5224,4.4776,1.4925,2.9851,6558.0,9116.9,10915.88,8358.9,142.5,10,27,32,1.4925,1.4925,14.9254,1.4925,2160,668.4776,0.5194,0.0008,0.0009,14.1084
2026-06-01 08:00:00,82,47128,32399,14729,0.0618,98.7805,1.2195,0.0,0.0,6444.5,8004.65,9735.91,7478.05,152.55,10,26,34,2.439,2.439,8.5366,0.0,2509,574.7317,0.4546,0.0008,0.0008,17.0344
2026-06-01 09:00:00,134,96481,66543,29938,0.1203,93.2836,6.7164,0.7463,3.7313,6517.0,9122.4,10739.61,8071.3,154.2,10,28,36,1.4925,6.7164,18.6567,0.0,4898,720.0075,0.4499,0.0009,0.001,16.3605
2026-06-01 10:00:00,116,77628,55257,22371,0.0962,95.6897,4.3103,1.7241,0.0,6425.0,8932.25,10040.15,7796.25,179.5,10,30,37,0.8621,5.1724,16.3793,0.0,3551,669.2069,0.4049,0.0008,0.0009,15.8732
2026-06-01 11:00:00,131,85139,60011,25128,0.1086,93.8931,6.1069,3.0534,2.2901,6404.0,9242.0,10855.6,9102.0,167.0,10,29,35,2.2901,4.5802,17.5573,0.0,3696,649.916,0.4187,0.0008,0.0009,14.7087
2026-06-01 12:00:00,132,87512,62537,24975,0.1091,93.9394,6.0606,2.2727,2.2727,6451.0,9007.6,10855.72,8689.6,135.0,10,28,42,0.7576,5.303,18.9394,0.0,3962,662.9697,0.3994,0.0008,0.0009,15.8639
2026-06-01 13:00:00,107,75071,51283,23788,0.0927,93.4579,6.5421,2.8037,3.7383,6564.0,8585.4,10150.84,7800.5,151.1,10,29,35,1.8692,1.8692,16.8224,0.0,3844,701.5981,0.4639,0.0009,0.0009,16.1594
2026-06-01 14:00:00,120,84895,59396,25499,0.1075,98.3333,1.6667,0.8333,0.8333,6572.0,10198.3,10610.04,9194.0,162.8,10,29,37,0.8333,5.0,15.0,0.0,4212,707.4583,0.4293,0.0009,0.0009,16.5183
2026-06-01 15:00:00,112,72386,49803,22583,0.0901,96.4286,3.5714,1.7857,0.8929,6470.0,9484.7,10062.42,8928.1,168.9,10,29,37,1.7857,5.3571,22.3214,0.0,3001,646.3036,0.4534,0.0008,0.0008,13.2888
2026-06-01 16:00:00,126,89864,63819,26045,0.1135,97.619,2.381,0.7937,0.7937,6439.0,9567.0,10766.5,8465.0,166.75,10,29,39,0.7937,3.9683,15.873,0.0,4282,713.2063,0.4081,0.0009,0.0009,16.4408
2026-06-01 17:00:00,122,81384,55899,25485,0.1005,94.2623,5.7377,0.8197,3.2787,6516.5,9501.7,11045.45,8709.6,164.55,10,28,34,0.8197,3.2787,17.2131,0.0,4260,667.082,0.4559,0.0008,0.0009,16.7157
2026-06-01 18:00:00,90,64477,47208,17269,0.0797,91.1111,8.8889,2.2222,3.3333,6423.0,8324.35,10772.49,8048.85,152.6,10,29,35,0.0,6.6667,16.6667,0.0,2876,716.4111,0.3658,0.0009,0.001,16.6541
2026-06-01 19:00:00,84,59859,43673,16186,0.0759,90.4762,9.5238,2.381,4.7619,6452.0,9430.8,10265.09,8910.05,172.85,10,27,33,1.1905,4.7619,22.619,0.0,2446,712.6071,0.3706,0.0009,0.001,15.1118
2026-06-01 20:00:00,84,56335,39561,16774,0.069,96.4286,3.5714,2.381,0.0,6429.0,9640.9,10317.64,8970.6,141.55,10,28,37,1.1905,8.3333,20.2381,0.0,2711,670.6548,0.424,0.0008,0.0009,16.1619
2026-06-01 21:00:00,98,66951,46761,20190,0.0811,95.9184,4.0816,2.0408,1.0204,6573.0,9200.8,10269.7,7914.3,166.6,9,26,29,3.0612,5.102,10.2041,0.0,3426,683.1735,0.4318,0.0008,0.0009,16.9688
2026-06-01 22:00:00,39,26989,18356,8633,0.0344,97.4359,2.5641,0.0,0.0,6722.0,9388.2,9719.62,7988.8,147.5,10,26,21,0.0,10.2564,20.5128,0.0,1297,692.0256,0.4703,0.0009,0.0009,15.0237
2026-06-01 23:00:00,27,18043,12600,5443,0.0231,92.5926,7.4074,0.0,3.7037,6419.0,7361.7,7628.06,6458.6,162.0,9,16,18,3.7037,14.8148,14.8148,0.0,791,668.2593,0.432,0.0009,0.0009,14.5324
2026-06-02 00:00:00,26,15664,11835,3829,0.0194,92.3077,7.6923,0.0,0.0,6180.5,10513.5,11310.0,9371.25,91.75,9,17,17,0.0,3.8462,15.3846,0.0,566,602.4615,0.3235,0.0007,0.0008,14.7819
2026-06-02 01:00:00,29,18595,12651,5944,0.0227,96.5517,3.4483,0.0,3.4483,6489.0,8689.6,11724.56,7918.0,192.8,9,14,20,3.4483,0.0,6.8966,0.0,1002,641.2069,0.4698,0.0008,0.0008,16.8573
2026-06-02 02:00:00,23,16058,10720,5338,0.02,95.6522,4.3478,0.0,0.0,6858.0,8365.3,9023.62,7795.6,125.4,8,14,14,0.0,4.3478,21.7391,0.0,829,698.1739,0.4979,0.0009,0.0009,15.5302
2026-06-02 03:00:00,25,16317,11342,4975,0.0213,96.0,4.0,4.0,0.0,6570.0,9936.6,11053.16,8906.0,189.0,7,15,17,0.0,0.0,16.0,0.0,882,652.68,0.4386,0.0009,0.0009,17.7286
2026-06-02 04:00:00,26,17405,12160,5245,0.0209,96.1538,3.8462,0.0,3.8462,6440.5,8004.75,8732.25,6902.25,229.0,9,17,16,0.0,0.0,19.2308,0.0,782,669.4231,0.4313,0.0008,0.0008,14.9094
2026-06-02 05:00:00,25,16782,11241,5541,0.021,84.0,16.0,0.0,12.0,6568.0,8827.2,9046.2,7688.4,188.4,9,15,17,0.0,16.0,20.0,0.0,924,671.28,0.4929,0.0008,0.001,16.6757
2026-06-02 06:00:00,66,42616,31036,11580,0.0525,93.9394,6.0606,1.5152,1.5152,6390.5,7615.25,9754.5,7075.0,146.0,10,21,27,0.0,9.0909,21.2121,0.0,2009,645.697,0.3731,0.0008,0.0008,17.3489
2026-06-02 07:00:00,71,51607,36385,15222,0.0659,98.5915,1.4085,0.0,1.4085,6559.0,8242.5,10244.5,7652.0,164.0,10,27,32,2.8169,5.6338,25.3521,0.0,2499,726.8592,0.4184,0.0009,0.0009,16.417
2026-06-02 08:00:00,70,44268,30373,13895,0.056,88.5714,11.4286,1.4286,4.2857,6516.5,8736.6,10995.91,8204.2,147.85,10,24,33,0.0,4.2857,11.4286,1.4286,2520,632.4,0.4575,0.0008,0.0009,18.136
2026-06-02 09:00:00,132,87627,59912,27715,0.1069,95.4545,4.5455,0.7576,0.7576,6543.5,9569.3,11107.51,8937.0,155.45,10,28,34,0.7576,4.5455,20.4545,0.0,4448,663.8409,0.4626,0.0008,0.0008,16.0491
2026-06-02 10:00:00,135,93721,65384,28337,0.1172,94.8148,5.1852,1.4815,3.7037,6553.0,8514.1,9782.26,7683.9,151.5,10,29,45,0.7407,2.963,20.0,0.7407,4555,694.2296,0.4334,0.0009,0.0009,16.0744
2026-06-02 11:00:00,120,81673,56440,25233,0.1042,91.6667,8.3333,0.8333,5.8333,6505.0,8666.7,10123.67,7400.85,148.6,10,29,37,3.3333,7.5,16.6667,0.0,3791,680.6083,0.4471,0.0009,0.0009,15.024
2026-06-02 12:00:00,130,86202,59909,26293,0.107,97.6923,2.3077,0.7692,0.7692,6550.0,8530.3,10059.4,7366.5,150.1,10,30,38,0.7692,3.0769,18.4615,0.0,4304,663.0923,0.4389,0.0008,0.0008,16.3694
2026-06-02 13:00:00,127,85229,58853,26376,0.1064,96.8504,3.1496,0.7874,1.5748,6492.0,8991.7,10901.12,8698.1,161.9,10,29,38,2.3622,6.2992,13.3858,0.0,4320,671.0945,0.4482,0.0008,0.0009,16.3785
2026-06-02 14:00:00,142,97388,67364,30024,0.1215,94.3662,5.6338,2.1127,0.7042,6547.0,9069.85,10977.06,8314.6,176.9,10,28,39,0.0,2.8169,15.493,0.0,4777,685.831,0.4457,0.0009,0.0009,15.9106
2026-06-02 15:00:00,141,94453,66923,27530,0.1181,93.617,6.383,2.8369,2.1277,6515.0,8409.0,10049.8,7491.0,165.0,10,28,34,1.4184,4.2553,19.8582,0.0,4544,669.8794,0.4114,0.0008,0.0009,16.5056
2026-06-02 16:00:00,117,74666,50586,24080,0.0928,99.1453,0.8547,0.0,0.8547,6448.0,8432.4,10266.48,7836.4,171.8,10,28,35,0.0,3.4188,18.8034,0.8547,4072,638.1709,0.476,0.0008,0.0008,16.9103
2026-06-02 17:00:00,136,88308,60097,28211,0.1099,98.5294,1.4706,0.0,0.7353,6482.0,9356.0,10536.25,9311.0,148.5,10,29,42,0.0,2.9412,16.1765,0.0,4253,649.3235,0.4694,0.0008,0.0008,15.0757
2026-06-02 18:00:00,91,62758,44428,18330,0.0773,94.5055,5.4945,2.1978,2.1978,6493.0,8951.5,10031.0,7706.0,156.0,10,29,39,2.1978,7.6923,24.1758,0.0,2758,689.6484,0.4126,0.0008,0.0009,15.0464
2026-06-02 19:00:00,79,58757,42069,16688,0.0755,96.2025,3.7975,3.7975,0.0,6588.0,8382.2,9847.92,7442.0,132.8,10,26,31,1.2658,1.2658,13.9241,0.0,2621,743.7595,0.3967,0.001,0.001,15.7059
2026-06-02 20:00:00,68,46440,30231,16209,0.0575,91.1765,8.8235,2.9412,1.4706,6426.0,9954.3,11006.55,9360.25,160.25,10,24,30,0.0,4.4118,17.6471,0.0,2839,682.9412,0.5362,0.0008,0.0009,17.515
2026-06-02 21:00:00,63,35735,24106,11629,0.047,100.0,0.0,0.0,0.0,6458.0,9518.7,10902.12,8920.6,140.8,10,25,30,1.5873,6.3492,22.2222,0.0,1716,567.2222,0.4824,0.0007,0.0007,14.7562
2026-06-02 22:00:00,34,20999,13988,7011,0.0253,94.1176,5.8824,2.9412,0.0,6787.0,10114.6,10792.2,9458.1,141.0,8,17,20,2.9412,8.8235,14.7059,0.0,1112,617.6176,0.5012,0.0007,0.0008,15.8608
2026-06-02 23:00:00,41,27775,20181,7594,0.0348,87.8049,12.1951,0.0,9.7561,6370.0,7935.0,10436.0,7601.0,123.0,9,19,22,0.0,2.439,14.6341,0.0,1286,677.439,0.3763,0.0008,0.001,16.9344
2026-06-03 00:00:00,21,11701,7955,3746,0.014,95.2381,4.7619,0.0,4.7619,6583.0,8183.0,9696.6,6892.0,228.0,9,17,17,0.0,4.7619,23.8095,0.0,627,557.1905,0.4709,0.0007,0.0007,16.7379
2026-06-03 01:00:00,18,10194,6476,3718,0.0128,94.4444,5.5556,0.0,5.5556,6535.0,7567.25,7659.05,6643.85,148.6,9,12,12,0.0,11.1111,5.5556,0.0,665,566.3333,0.5741,0.0007,0.0008,17.886
2026-06-03 02:00:00,18,11148,8113,3035,0.0134,94.4444,5.5556,0.0,0.0,6339.0,8519.05,8687.01,8047.6,108.15,8,13,14,0.0,5.5556,16.6667,0.0,436,619.3333,0.3741,0.0007,0.0008,14.3657
2026-06-03 03:00:00,25,16659,11488,5171,0.0211,96.0,4.0,0.0,0.0,6444.0,10100.8,10477.88,9095.6,124.8,8,14,14,0.0,4.0,12.0,0.0,831,666.36,0.4501,0.0008,0.0009,16.0704
2026-06-03 04:00:00,24,17987,10522,7465,0.0229,91.6667,8.3333,0.0,8.3333,6645.5,9195.65,9931.34,7062.55,134.65,9,17,19,0.0,0.0,8.3333,0.0,1084,749.4583,0.7095,0.001,0.001,14.5211
2026-06-03 05:00:00,21,16280,11648,4632,0.0209,90.4762,9.5238,0.0,0.0,6783.0,8305.0,9695.4,7553.0,137.0,7,13,13,0.0,0.0,19.0476,0.0,780,775.2381,0.3977,0.001,0.0011,16.8394
2026-06-03 06:00:00,61,41083,28498,12585,0.0532,98.3607,1.6393,1.6393,0.0,6601.0,8341.0,9018.6,7464.0,149.0,10,24,31,0.0,3.2787,19.6721,0.0,1790,673.4918,0.4416,0.0009,0.0009,14.2233
2026-06-03 07:00:00,56,38560,28688,9872,0.049,98.2143,1.7857,0.0,1.7857,6447.0,9696.25,10571.55,9250.0,135.0,9,23,24,0.0,1.7857,19.6429,0.0,1500,688.5714,0.3441,0.0009,0.0009,15.1945
2026-06-03 08:00:00,65,39513,27728,11785,0.0507,92.3077,7.6923,1.5385,3.0769,6389.0,8834.4,9844.2,8191.4,166.8,10,24,27,1.5385,4.6154,24.6154,0.0,1922,607.8923,0.425,0.0008,0.0008,16.3089
2026-06-03 09:00:00,102,68558,49512,19046,0.0901,98.0392,1.9608,0.9804,0.0,6607.0,9749.2,10447.91,9059.45,152.35,10,27,37,1.9608,6.8627,24.5098,0.0,3425,672.1373,0.3847,0.0009,0.0009,17.9828
2026-06-03 10:00:00,102,70740,48003,22737,0.0927,95.098,4.902,0.9804,1.9608,6508.0,9466.25,10543.02,8895.55,177.5,10,29,34,1.9608,1.9608,13.7255,0.0,3295,693.5294,0.4737,0.0009,0.001,14.4918
2026-06-03 11:00:00,111,78220,55489,22731,0.0987,92.7928,7.2072,2.7027,1.8018,6487.0,8122.0,10022.9,7381.0,167.5,10,29,29,0.0,2.7027,15.3153,0.0,3482,704.6847,0.4096,0.0009,0.001,15.3183
2026-06-03 12:00:00,120,82669,57721,24948,0.1024,95.8333,4.1667,0.0,2.5,6556.5,9355.05,10129.18,8785.25,166.7,10,29,40,1.6667,6.6667,20.8333,0.0,4068,688.9083,0.4322,0.0009,0.0009,16.3059
2026-06-03 13:00:00,108,74445,52583,21862,0.0932,95.3704,4.6296,0.0,3.7037,6518.5,9858.95,10906.01,9003.4,162.6,10,29,35,0.9259,4.6296,17.5926,0.0,3239,689.3056,0.4158,0.0009,0.0009,14.8157
2026-06-03 14:00:00,109,75251,53150,22101,0.0972,95.4128,4.5872,0.0,2.7523,6722.0,9183.8,10124.2,8544.8,187.8,10,26,33,1.8349,4.5872,19.2661,0.0,3663,690.3761,0.4158,0.0009,0.0009,16.5739
2026-06-03 15:00:00,90,59827,41940,17887,0.0757,98.8889,1.1111,0.0,1.1111,6464.0,9206.95,10629.57,8715.15,185.1,10,27,30,1.1111,3.3333,23.3333,0.0,2851,664.7444,0.4265,0.0008,0.0009,15.939
2026-06-03 16:00:00,100,64208,42630,21578,0.0787,94.0,6.0,3.0,2.0,6688.0,8960.9,10607.55,7956.8,159.65,10,27,33,2.0,3.0,23.0,0.0,3515,642.08,0.5062,0.0008,0.0008,16.2897
2026-06-03 17:00:00,116,79705,53476,26229,0.1018,95.6897,4.3103,0.0,0.8621,6698.5,9149.5,10080.05,8386.75,190.25,10,27,35,0.0,3.4483,12.931,0.0,4300,687.1121,0.4905,0.0009,0.0009,16.3941
2026-06-03 18:00:00,63,42762,31498,11264,0.0539,100.0,0.0,0.0,0.0,6632.0,9079.9,10680.3,8746.5,155.0,10,23,27,0.0,1.5873,20.6349,0.0,1797,678.7619,0.3576,0.0009,0.0009,15.9535
2026-06-03 19:00:00,71,47152,31999,15153,0.0595,97.1831,2.8169,0.0,1.4085,6534.0,9379.0,10650.7,8392.0,158.5,10,24,27,2.8169,1.4085,18.3099,0.0,2440,664.1127,0.4735,0.0008,0.0009,16.1024
2026-06-03 20:00:00,64,45400,30724,14676,0.0588,98.4375,1.5625,0.0,0.0,6523.0,9344.7,9967.25,8168.45,165.8,10,26,27,0.0,3.125,21.875,0.0,2228,709.375,0.4777,0.0009,0.0009,15.1812
2026-06-03 21:00:00,52,33676,23482,10194,0.0436,98.0769,1.9231,0.0,1.9231,6349.5,8907.95,9815.78,7344.35,164.75,10,24,29,0.0,0.0,19.2308,0.0,1560,647.6154,0.4341,0.0008,0.0009,15.3031
2026-06-03 22:00:00,35,25901,18791,7110,0.0332,97.1429,2.8571,0.0,0.0,6726.0,7985.9,8250.38,7298.5,141.8,8,19,22,8.5714,8.5714,22.8571,0.0,1144,740.0286,0.3784,0.0009,0.001,16.09
2026-06-03 23:00:00,28,19110,14058,5052,0.0235,100.0,0.0,0.0,0.0,6391.0,8404.6,8747.64,7926.9,148.65,8,18,17,0.0,7.1429,25.0,0.0,760,682.5,0.3594,0.0008,0.0008,15.0435
2026-06-04 00:00:00,20,14836,9466,5370,0.0178,95.0,5.0,0.0,5.0,6914.5,10178.15,10362.83,9477.35,179.05,8,13,13,5.0,10.0,35.0,0.0,795,741.8,0.5673,0.0009,0.0009,14.8045
2026-06-04 01:00:00,12,8126,5037,3089,0.01,91.6667,8.3333,0.0,8.3333,6593.0,8237.35,8423.47,6811.0,160.35,7,11,11,0.0,16.6667,25.0,0.0,512,677.1667,0.6133,0.0008,0.0009,16.5749
2026-06-04 02:00:00,21,13261,8598,4663,0.0177,100.0,0.0,0.0,0.0,6470.0,9393.0,10136.2,7311.0,244.0,7,14,14,0.0,9.5238,4.7619,0.0,656,631.4762,0.5423,0.0008,0.0008,14.0682
2026-06-04 03:00:00,26,17064,12110,4954,0.0214,100.0,0.0,0.0,0.0,6464.5,8019.75,8808.5,7244.75,129.5,8,14,20,3.8462,0.0,11.5385,0.0,856,656.3077,0.4091,0.0008,0.0008,17.279
2026-06-04 04:00:00,15,9022,6479,2543,0.0108,100.0,0.0,0.0,0.0,6317.0,7912.2,8032.04,7101.0,114.7,8,12,14,0.0,0.0,6.6667,0.0,444,601.4667,0.3925,0.0007,0.0007,17.4597
2026-06-04 05:00:00,13,9795,6752,3043,0.0154,100.0,0.0,0.0,0.0,6436.0,7261.2,7545.84,5834.6,165.4,7,11,12,0.0,0.0,30.7692,0.0,476,753.4615,0.4507,0.0012,0.0012,15.6425
2026-06-04 06:00:00,60,37267,25218,12049,0.049,95.0,5.0,0.0,3.3333,6408.0,8804.2,10122.56,7810.9,140.7,10,25,26,1.6667,8.3333,25.0,0.0,1791,621.1167,0.4778,0.0008,0.0009,14.8643
2026-06-04 07:00:00,73,51744,37775,13969,0.0636,93.1507,6.8493,1.3699,5.4795,6587.0,9481.8,10559.04,8585.2,165.4,10,26,30,1.3699,9.589,24.6575,0.0,1978,708.8219,0.3698,0.0009,0.0009,14.1599
2026-06-04 08:00:00,50,31670,21464,10206,0.0416,92.0,8.0,0.0,2.0,6656.0,10521.8,11161.1,9537.7,139.95,9,22,22,0.0,6.0,28.0,0.0,1581,633.4,0.4755,0.0008,0.0009,15.4909
2026-06-04 09:00:00,124,82681,55444,27237,0.1032,99.1935,0.8065,0.0,0.0,6699.5,10136.6,11223.12,9051.65,181.4,10,29,32,1.6129,4.8387,17.7419,0.0,4563,666.7823,0.4913,0.0008,0.0008,16.7529
2026-06-04 10:00:00,85,63027,45571,17456,0.0785,100.0,0.0,0.0,0.0,6481.0,8415.2,9986.12,7760.4,157.6,10,28,36,2.3529,1.1765,11.7647,0.0,2593,741.4941,0.3831,0.0009,0.0009,14.8545
2026-06-04 11:00:00,82,57653,39116,18537,0.0736,89.0244,10.9756,0.0,6.0976,6679.0,10137.8,11247.31,9209.45,162.0,10,27,34,1.2195,3.6585,15.8537,0.0,3130,703.0854,0.4739,0.0009,0.001,16.8851
2026-06-04 12:00:00,108,77430,54446,22984,0.0967,93.5185,6.4815,0.9259,1.8519,6555.0,8041.05,9682.71,7414.05,162.85,10,28,33,1.8519,3.7037,19.4444,1.8519,3490,716.9444,0.4221,0.0009,0.001,15.1845
2026-06-04 13:00:00,107,69213,48983,20230,0.0877,94.3925,5.6075,1.8692,0.9346,6530.0,9578.5,10899.78,8601.6,148.6,10,29,36,1.8692,6.5421,20.5607,0.0,3079,646.8505,0.413,0.0008,0.0009,15.22
2026-06-04 14:00:00,98,68791,45936,22855,0.0836,96.9388,3.0612,2.0408,1.0204,6675.0,10373.7,10935.58,9004.45,143.3,10,30,37,2.0408,0.0,16.3265,0.0,3480,701.949,0.4975,0.0009,0.0009,15.2264
2026-06-04 15:00:00,109,77245,55210,22035,0.0962,93.578,6.422,0.9174,1.8349,6545.0,9208.2,10419.04,8481.4,170.8,10,28,32,0.0,4.5872,16.5138,0.0,3670,708.6697,0.3991,0.0009,0.0009,16.6553
2026-06-04 16:00:00,97,61779,42388,19391,0.0765,94.8454,5.1546,0.0,5.1546,6516.0,8569.0,9373.56,7515.6,156.6,10,29,36,2.0619,3.0928,13.4021,0.0,3113,636.8969,0.4575,0.0008,0.0008,16.0538
2026-06-04 17:00:00,106,73254,51527,21727,0.0938,99.0566,0.9434,0.0,0.9434,6645.5,9274.25,10320.1,7901.5,135.0,10,27,37,1.8868,0.9434,11.3208,0.0,3538,691.0755,0.4217,0.0009,0.0009,16.2839
2026-06-04 18:00:00,60,44862,32374,12488,0.0547,95.0,5.0,1.6667,1.6667,6660.5,10475.55,11102.73,9778.95,148.35,10,23,27,1.6667,5.0,16.6667,0.0,2054,747.7,0.3857,0.0009,0.001,16.4478
2026-06-04 19:00:00,75,51965,34646,17319,0.0646,98.6667,1.3333,1.3333,0.0,6543.0,9428.4,10481.58,8669.3,135.4,10,28,30,1.3333,0.0,21.3333,0.0,2890,692.8667,0.4999,0.0009,0.0009,16.6869
2026-06-04 20:00:00,80,57588,42164,15424,0.0756,97.5,2.5,2.5,0.0,6612.0,9597.15,10412.23,9175.25,155.95,10,27,34,2.5,5.0,22.5,0.0,2376,719.85,0.3658,0.0009,0.001,15.4046
2026-06-04 21:00:00,65,44934,32776,12158,0.0559,93.8462,6.1538,1.5385,1.5385,6459.0,8061.6,8311.64,7207.0,169.0,10,26,30,3.0769,3.0769,12.3077,0.0,1953,691.2923,0.3709,0.0009,0.0009,16.0635
2026-06-04 22:00:00,26,14444,10313,4131,0.0175,88.4615,11.5385,7.6923,3.8462,6162.0,8683.25,10715.25,7487.25,142.25,10,19,19,3.8462,0.0,3.8462,0.0,539,555.5385,0.4006,0.0007,0.0008,13.0477
2026-06-04 23:00:00,31,22651,15562,7089,0.0293,90.3226,9.6774,6.4516,0.0,7022.0,8132.0,10235.8,7414.5,175.0,8,16,18,0.0,9.6774,9.6774,0.0,1074,730.6774,0.4555,0.0009,0.001,15.1502
2026-06-05 00:00:00,25,16105,10936,5169,0.02,96.0,4.0,0.0,4.0,6547.0,8393.4,8767.8,7004.4,166.4,9,15,15,0.0,0.0,12.0,0.0,733,644.2,0.4727,0.0008,0.0008,14.1807
2026-06-05 01:00:00,39,26926,19253,7673,0.0362,97.4359,2.5641,0.0,2.5641,6615.0,9018.5,9180.56,8819.1,121.0,9,18,22,0.0,2.5641,10.2564,0.0,1285,690.4103,0.3985,0.0009,0.001,16.747
2026-06-05 02:00:00,57,38642,27445,11197,0.0507,94.7368,5.2632,1.7544,0.0,6618.0,8278.4,10662.64,7741.4,143.2,10,24,34,3.5088,5.2632,15.7895,0.0,1784,677.9298,0.408,0.0009,0.0009,15.9328
2026-06-05 03:00:00,51,33417,22981,10436,0.0413,96.0784,3.9216,0.0,1.9608,6748.0,9271.0,10799.5,8674.5,169.0,10,23,29,1.9608,3.9216,7.8431,0.0,1516,655.2353,0.4541,0.0008,0.0008,14.5266
2026-06-05 04:00:00,61,42167,29823,12344,0.0553,95.082,4.918,0.0,1.6393,6606.0,10502.0,11935.8,9878.0,173.0,10,23,24,0.0,3.2787,19.6721,0.0,1790,691.2623,0.4139,0.0009,0.001,14.501
2026-06-05 05:00:00,34,26024,18261,7763,0.033,94.1176,5.8824,2.9412,2.9412,6688.5,9824.1,10478.21,9316.35,168.5,8,19,19,0.0,5.8824,29.4118,0.0,1182,765.4118,0.4251,0.001,0.001,15.2261
2026-06-05 06:00:00,72,45985,30443,15542,0.0556,97.2222,2.7778,0.0,0.0,6528.0,8914.3,9983.64,8170.15,157.45,10,29,30,1.3889,1.3889,16.6667,0.0,2605,638.6806,0.5105,0.0008,0.0008,16.761
2026-06-05 07:00:00,61,39428,28357,11071,0.0499,95.082,4.918,0.0,1.6393,6473.0,8320.0,10312.4,7637.0,168.0,10,26,27,0.0,4.918,21.3115,1.6393,1907,646.3607,0.3904,0.0008,0.0009,17.2252
2026-06-05 08:00:00,63,37882,26146,11736,0.0484,98.4127,1.5873,0.0,0.0,6568.0,10112.9,10361.0,9491.0,164.8,10,21,29,1.5873,1.5873,17.4603,0.0,1901,601.3016,0.4489,0.0008,0.0008,16.198
2026-06-05 09:00:00,132,88757,62647,26110,0.1133,95.4545,4.5455,1.5152,1.5152,6406.0,8166.65,9934.74,7476.0,147.9,10,30,38,1.5152,4.5455,16.6667,0.0,4459,672.4015,0.4168,0.0009,0.0009,17.0777
2026-06-05 10:00:00,102,66694,47589,19105,0.0827,91.1765,8.8235,3.9216,2.9412,6467.0,8248.1,10587.57,7437.55,169.6,10,28,36,0.9804,5.8824,20.5882,0.0,3111,653.8627,0.4015,0.0008,0.0009,16.2837
2026-06-05 11:00:00,110,81281,58081,23200,0.1012,93.6364,6.3636,1.8182,3.6364,6530.0,8455.75,10753.13,7357.9,155.35,10,29,34,0.0,6.3636,16.3636,0.0,3798,738.9182,0.3994,0.0009,0.001,16.3707
2026-06-05 12:00:00,106,66421,46477,19944,0.0853,97.1698,2.8302,0.0,0.0,6421.0,8614.25,10128.4,8371.75,158.5,10,29,36,0.9434,4.717,14.1509,0.0,3181,626.6132,0.4291,0.0008,0.0008,15.9497
2026-06-05 13:00:00,119,79705,55443,24262,0.0989,92.437,7.563,1.6807,3.3613,6582.0,9926.2,10819.18,8842.8,176.3,10,30,36,0.8403,4.2017,20.1681,0.0,3846,669.7899,0.4376,0.0008,0.0009,15.8519
2026-06-05 14:00:00,110,75450,53843,21607,0.0946,95.4545,4.5455,0.0,0.9091,6489.0,8656.05,10666.57,7685.9,188.65,10,28,41,1.8182,5.4545,20.0,0.0,3538,685.9091,0.4013,0.0009,0.0009,16.3743
2026-06-05 15:00:00,105,78859,55455,23404,0.1006,93.3333,6.6667,3.8095,0.9524,6432.0,8422.2,9574.88,7619.0,135.4,10,29,35,0.9524,2.8571,12.381,0.0,3843,751.0381,0.422,0.001,0.001,16.4203
2026-06-05 16:00:00,120,82715,58400,24315,0.103,96.6667,3.3333,0.8333,1.6667,6641.0,9199.6,10391.62,8831.05,155.3,10,29,36,1.6667,2.5,11.6667,0.0,3516,689.2917,0.4164,0.0009,0.0009,14.4602
2026-06-05 17:00:00,106,75081,49750,25331,0.0942,91.5094,8.4906,4.717,1.8868,6723.5,9846.75,10507.65,8979.5,175.0,10,28,33,2.8302,2.8302,16.9811,0.0,3838,708.3113,0.5092,0.0009,0.001,15.1514
2026-06-05 18:00:00,56,35012,23818,11194,0.042,92.8571,7.1429,0.0,3.5714,6579.5,8467.75,9561.4,7821.5,201.75,10,22,26,3.5714,1.7857,21.4286,0.0,1746,625.2143,0.47,0.0008,0.0008,15.5976
2026-06-05 19:00:00,69,41442,27543,13899,0.0517,92.7536,7.2464,2.8986,1.4493,6471.0,8064.8,9715.0,7031.8,131.8,10,24,28,1.4493,4.3478,24.6377,0.0,2083,600.6087,0.5046,0.0007,0.0008,14.9867
2026-06-05 20:00:00,64,45404,32787,12617,0.0561,95.3125,4.6875,1.5625,0.0,6466.0,9374.6,10777.17,8462.05,158.6,10,27,29,1.5625,3.125,12.5,0.0,2106,709.4375,0.3848,0.0009,0.0009,16.6918
2026-06-05 21:00:00,83,54526,39656,14870,0.0711,97.5904,2.4096,1.2048,1.2048,6492.0,8787.3,10432.28,8298.2,145.6,10,25,34,1.2048,2.4096,24.0964,0.0,2305,656.9398,0.375,0.0009,0.0009,15.501
2026-06-05 22:00:00,33,20366,13982,6384,0.0251,96.9697,3.0303,0.0,3.0303,6716.0,10486.8,11186.96,9806.0,167.2,10,21,22,0.0,9.0909,21.2121,0.0,880,617.1515,0.4566,0.0008,0.0008,13.7845
2026-06-05 23:00:00,27,20773,14131,6642,0.0278,88.8889,11.1111,3.7037,7.4074,6686.0,8579.8,8748.44,7683.5,155.1,10,18,19,0.0,3.7037,3.7037,0.0,1004,769.3704,0.47,0.001,0.0012,15.1159
2026-06-06 00:00:00,9,4781,2522,2259,0.0057,100.0,0.0,0.0,0.0,6541.0,8175.2,8207.84,6885.4,123.4,5,8,8,0.0,0.0,11.1111,0.0,378,531.2222,0.8957,0.0006,0.0006,16.7331
2026-06-06 01:00:00,11,6542,4271,2271,0.0078,90.9091,9.0909,0.0,9.0909,6421.0,8037.5,8536.3,6935.5,193.0,8,11,9,0.0,0.0,9.0909,0.0,272,594.7273,0.5317,0.0007,0.0008,11.9771
2026-06-06 02:00:00,14,8962,7277,1685,0.0121,100.0,0.0,0.0,0.0,6188.0,6867.85,6987.97,6542.45,163.3,7,11,11,0.0,0.0,21.4286,0.0,223,640.1429,0.2316,0.0009,0.0009,13.2344
2026-06-06 03:00:00,8,5368,3609,1759,0.0068,100.0,0.0,0.0,0.0,6899.0,9602.75,9769.35,9273.25,114.95,7,8,8,0.0,0.0,0.0,0.0,230,671.0,0.4874,0.0008,0.0008,13.0756
2026-06-06 04:00:00,9,6676,5280,1396,0.008,88.8889,11.1111,0.0,0.0,6364.0,8943.6,9956.72,8252.8,114.2,6,8,7,0.0,0.0,33.3333,0.0,230,741.7778,0.2644,0.0009,0.001,16.4756
2026-06-06 05:00:00,9,5411,3477,1934,0.0065,88.8889,11.1111,11.1111,0.0,6327.0,6896.0,6923.2,5720.6,158.0,5,8,7,0.0,0.0,33.3333,0.0,295,601.2222,0.5562,0.0007,0.0008,15.2534
2026-06-06 06:00:00,37,22617,15172,7445,0.0298,91.8919,8.1081,2.7027,2.7027,6525.0,7881.8,9212.52,7324.2,187.6,10,20,21,0.0,2.7027,21.6216,0.0,1207,611.2703,0.4907,0.0008,0.0009,16.2122
2026-06-06 07:00:00,43,29773,21658,8115,0.0363,93.0233,6.9767,2.3256,2.3256,6599.0,9040.3,9619.14,8374.4,159.1,10,23,26,0.0,6.9767,23.2558,0.0,1245,692.3953,0.3747,0.0008,0.0009,15.342
2026-06-06 08:00:00,47,31585,21851,9734,0.0386,95.7447,4.2553,0.0,2.1277,6547.0,8113.5,9425.36,7392.6,143.0,10,24,24,0.0,4.2553,19.1489,4.2553,1369,672.0213,0.4455,0.0008,0.0009,14.0641
2026-06-06 09:00:00,70,43283,29984,13299,0.0521,97.1429,2.8571,0.0,1.4286,6407.0,9550.25,10186.53,8961.75,141.2,10,26,23,1.4286,1.4286,12.8571,0.0,2057,618.3286,0.4435,0.0007,0.0008,15.4673
2026-06-06 10:00:00,59,35783,23122,12661,0.0451,98.3051,1.6949,0.0,0.0,6624.0,10329.2,11045.54,9457.9,176.6,10,24,26,1.6949,5.0847,22.0339,0.0,2114,606.4915,0.5476,0.0008,0.0008,16.6969
2026-06-06 11:00:00,60,37096,27226,9870,0.0452,96.6667,3.3333,1.6667,1.6667,6663.5,9945.7,10615.63,9543.4,184.05,10,24,25,1.6667,3.3333,21.6667,0.0,1631,618.2667,0.3625,0.0008,0.0008,16.5248
2026-06-06 12:00:00,62,43552,31158,12394,0.0552,90.3226,9.6774,1.6129,4.8387,6499.0,8610.4,9078.11,8173.55,139.25,10,24,29,0.0,9.6774,19.3548,0.0,2279,702.4516,0.3978,0.0009,0.001,18.3879
2026-06-06 13:00:00,59,38599,26250,12349,0.0463,94.9153,5.0847,0.0,1.6949,6902.0,9804.9,10284.88,9429.3,156.0,10,25,29,0.0,8.4746,16.9492,0.0,2060,654.2203,0.4704,0.0008,0.0008,16.6815
2026-06-06 14:00:00,75,45372,30915,14457,0.0562,97.3333,2.6667,1.3333,1.3333,6674.0,9784.2,10198.52,8687.3,139.6,10,24,32,0.0,1.3333,14.6667,0.0,2465,604.96,0.4676,0.0007,0.0008,17.0506
2026-06-06 15:00:00,69,48955,33847,15108,0.0631,95.6522,4.3478,0.0,1.4493,6513.0,9130.6,10729.88,8321.6,161.8,10,25,26,0.0,8.6957,17.3913,0.0,2310,709.4928,0.4464,0.0009,0.001,15.2899
2026-06-06 16:00:00,56,43864,29895,13969,0.0617,94.6429,5.3571,1.7857,3.5714,7036.0,9662.25,10699.65,7520.25,158.25,10,22,26,0.0,1.7857,16.0714,0.0,2506,783.2857,0.4673,0.0011,0.0012,17.9397
2026-06-06 17:00:00,58,46710,33554,13156,0.0592,98.2759,1.7241,0.0,0.0,6825.5,9994.0,11447.18,9445.15,135.15,10,25,31,1.7241,1.7241,13.7931,0.0,2268,805.3448,0.3921,0.001,0.001,17.2393
2026-06-06 18:00:00,51,33325,22123,11202,0.04,98.0392,1.9608,0.0,0.0,6549.0,8438.0,9446.5,7551.0,149.5,9,21,22,0.0,5.8824,17.6471,0.0,1895,653.4314,0.5064,0.0008,0.0008,16.9166
2026-06-06 19:00:00,39,27816,18819,8997,0.0337,89.7436,10.2564,0.0,5.1282,6687.0,9364.2,10134.8,8431.3,148.0,10,21,23,0.0,5.1282,10.2564,0.0,1509,713.2308,0.4781,0.0009,0.001,16.7723
2026-06-06 20:00:00,35,25527,19230,6297,0.0311,91.4286,8.5714,0.0,5.7143,6274.0,8696.9,9547.26,8030.1,143.8,8,16,20,0.0,8.5714,14.2857,0.0,1022,729.3429,0.3275,0.0009,0.001,16.23
2026-06-06 21:00:00,37,31916,21490,10426,0.0396,97.2973,2.7027,0.0,2.7027,6641.0,10451.0,10680.12,9490.4,115.0,10,22,24,0.0,5.4054,16.2162,0.0,1610,862.5946,0.4852,0.0011,0.0011,15.4422
2026-06-06 22:00:00,18,11343,7515,3828,0.0152,100.0,0.0,0.0,0.0,6348.5,10911.7,11236.74,9681.4,178.75,9,14,15,0.0,11.1111,5.5556,0.0,582,630.1667,0.5094,0.0008,0.0008,15.2038
2026-06-06 23:00:00,21,15567,10996,4571,0.0207,100.0,0.0,0.0,0.0,6940.0,7759.0,8286.2,7392.0,138.0,9,16,18,0.0,0.0,28.5714,0.0,723,741.2857,0.4157,0.001,0.001,15.8171
2026-06-07 00:00:00,19,11797,7004,4793,0.0151,94.7368,5.2632,0.0,5.2632,6413.0,9495.4,10045.48,8450.4,113.8,8,12,15,0.0,10.5263,21.0526,0.0,546,620.8947,0.6843,0.0008,0.0008,11.3916
2026-06-07 01:00:00,19,14042,9498,4544,0.0186,100.0,0.0,0.0,0.0,6728.0,8620.9,8699.38,7329.5,151.5,9,16,13,5.2632,0.0,26.3158,0.0,835,739.0526,0.4784,0.001,0.001,18.3759
2026-06-07 02:00:00,21,10642,7372,3270,0.013,95.2381,4.7619,0.0,0.0,6471.0,10370.0,10500.4,9695.0,189.0,8,14,15,0.0,0.0,28.5714,0.0,503,506.7619,0.4436,0.0006,0.0006,15.3823
2026-06-07 03:00:00,17,11729,7777,3952,0.015,88.2353,11.7647,0.0,11.7647,6754.0,8226.2,8306.84,7730.0,173.2,8,14,12,0.0,5.8824,23.5294,0.0,610,689.9412,0.5082,0.0009,0.001,15.4352
2026-06-07 04:00:00,9,6082,3864,2218,0.0073,100.0,0.0,0.0,0.0,7197.0,7726.2,7768.44,6921.4,157.6,5,7,8,0.0,0.0,11.1111,0.0,489,675.7778,0.574,0.0008,0.0008,22.0469
2026-06-07 05:00:00,20,11726,8810,2916,0.0143,95.0,5.0,0.0,5.0,6342.0,7654.95,8505.39,7233.9,101.9,8,14,15,0.0,0.0,25.0,0.0,381,586.3,0.331,0.0007,0.0008,13.0658
2026-06-07 06:00:00,58,35244,24473,10771,0.0441,93.1034,6.8966,1.7241,3.4483,6354.5,7929.7,9016.69,7005.85,175.85,10,23,28,8.6207,6.8966,17.2414,1.7241,1583,607.6552,0.4401,0.0008,0.0008,14.6969
2026-06-07 07:00:00,47,37368,26758,10610,0.0477,95.7447,4.2553,0.0,4.2553,6622.0,9349.2,10272.14,8818.2,149.8,10,22,31,0.0,6.383,23.4043,0.0,1824,795.0638,0.3965,0.001,0.0011,17.1913
2026-06-07 08:00:00,53,35435,25653,9782,0.0427,96.2264,3.7736,0.0,1.8868,6465.0,8056.0,9352.52,7389.2,142.0,10,26,30,1.8868,1.8868,11.3208,0.0,1681,668.5849,0.3813,0.0008,0.0008,17.1846
2026-06-07 09:00:00,79,51237,38733,12504,0.0648,91.1392,8.8608,3.7975,5.0633,6515.0,8466.4,10379.84,7940.5,156.9,10,28,34,0.0,3.7975,18.9873,0.0,1979,648.5696,0.3228,0.0008,0.0009,15.8269
2026-06-07 10:00:00,79,50100,35544,14556,0.0638,96.2025,3.7975,0.0,1.2658,6408.0,8812.2,10830.64,7952.3,204.0,10,28,32,0.0,3.7975,16.4557,1.2658,2283,634.1772,0.4095,0.0008,0.0008,15.6843
2026-06-07 11:00:00,96,65148,46873,18275,0.0845,94.7917,5.2083,1.0417,3.125,6464.5,8302.5,8948.55,7286.5,169.75,10,30,37,3.125,7.2917,17.7083,0.0,3142,678.625,0.3899,0.0009,0.0009,17.1929
2026-06-07 12:00:00,92,61020,41119,19901,0.0765,94.5652,5.4348,1.087,3.2609,6496.0,8819.15,10412.34,7480.8,152.35,10,27,32,1.087,4.3478,17.3913,1.087,3379,663.2609,0.484,0.0008,0.0009,16.979
2026-06-07 13:00:00,94,66872,47836,19036,0.0832,96.8085,3.1915,1.0638,2.1277,6580.0,8734.35,10976.79,8134.2,165.1,10,29,35,1.0638,4.2553,14.8936,0.0,3017,711.4043,0.3979,0.0009,0.0009,15.8489
2026-06-07 14:00:00,98,66673,45730,20943,0.0878,93.8776,6.1224,2.0408,3.0612,6593.0,8837.2,10041.1,7933.45,164.85,10,26,33,1.0204,4.0816,25.5102,0.0,3405,680.3367,0.458,0.0009,0.001,16.2584
2026-06-07 15:00:00,88,55722,40556,15166,0.0714,97.7273,2.2727,0.0,1.1364,6500.5,9277.85,10186.7,9088.55,131.2,10,26,32,1.1364,1.1364,13.6364,0.0,2483,633.2045,0.374,0.0008,0.0008,16.3721
2026-06-07 16:00:00,88,55658,37519,18139,0.0714,95.4545,4.5455,2.2727,0.0,6419.0,8346.3,10657.07,7519.0,127.65,10,28,34,1.1364,6.8182,19.3182,1.1364,2735,632.4773,0.4835,0.0008,0.0009,15.078
2026-06-07 17:00:00,90,60428,41006,19422,0.0739,97.7778,2.2222,1.1111,1.1111,6588.0,9083.85,10143.3,7909.05,154.55,10,27,32,0.0,1.1111,14.4444,1.1111,3410,671.4222,0.4736,0.0008,0.0008,17.5574
2026-06-07 18:00:00,66,44839,31544,13295,0.0545,96.9697,3.0303,1.5152,1.5152,6537.5,9413.25,10750.9,8309.75,152.5,10,23,25,1.5152,4.5455,22.7273,0.0,2119,679.3788,0.4215,0.0008,0.0009,15.9383
2026-06-07 19:00:00,58,39884,27661,12223,0.0511,91.3793,8.6207,1.7241,1.7241,6418.5,10143.9,10751.18,9521.0,164.9,10,25,29,0.0,6.8966,20.6897,0.0,1882,687.6552,0.4419,0.0009,0.001,15.3972
2026-06-07 20:00:00,51,35479,26413,9066,0.045,90.1961,9.8039,5.8824,1.9608,6401.0,7767.0,8984.0,7379.5,114.5,10,26,25,0.0,7.8431,15.6863,0.0,1471,695.6667,0.3432,0.0009,0.001,16.2255
2026-06-07 21:00:00,51,37829,26885,10944,0.0496,98.0392,1.9608,1.9608,0.0,6409.0,8465.0,9727.0,7637.5,173.5,10,26,27,1.9608,1.9608,19.6078,0.0,1733,741.7451,0.4071,0.001,0.001,15.8352
2026-06-07 22:00:00,31,20096,14451,5645,0.0251,96.7742,3.2258,3.2258,0.0,6403.0,9657.5,10069.0,8648.5,125.0,8,18,15,0.0,6.4516,12.9032,0.0,917,648.2581,0.3906,0.0008,0.0008,16.2445
2026-06-07 23:00:00,27,15245,10081,5164,0.0183,88.8889,11.1111,3.7037,7.4074,6550.0,9957.7,10275.08,9270.3,136.6,9,19,15,0.0,14.8148,29.6296,0.0,839,564.6296,0.5123,0.0007,0.0008,16.2471
2026-06-08 00:00:00,32,20475,14350,6125,0.0246,93.75,6.25,3.125,0.0,6351.0,7607.55,8666.61,7027.05,118.45,10,19,20,0.0,3.125,0.0,0.0,980,639.8438,0.4268,0.0008,0.0008,16.0
2026-06-08 01:00:00,22,13129,8615,4514,0.0168,100.0,0.0,0.0,0.0,6653.0,7686.75,8062.24,6856.05,175.25,9,16,15,0.0,0.0,13.6364,0.0,706,596.7727,0.524,0.0008,0.0008,15.6402
2026-06-08 02:00:00,27,16167,11416,4751,0.0202,100.0,0.0,0.0,0.0,6540.0,10069.3,10488.6,9766.9,140.8,8,15,17,0.0,7.4074,11.1111,3.7037,721,598.7778,0.4162,0.0007,0.0007,15.1758
2026-06-08 03:00:00,25,14842,9857,4985,0.0178,100.0,0.0,0.0,0.0,6632.0,9558.0,10287.44,7793.2,130.8,9,17,15,0.0,0.0,8.0,0.0,780,593.68,0.5057,0.0007,0.0007,15.6469
2026-06-08 04:00:00,26,17046,12943,4103,0.022,96.1538,3.8462,0.0,3.8462,6495.5,9254.0,9735.0,8843.25,137.75,6,14,17,3.8462,3.8462,26.9231,0.0,651,655.6154,0.317,0.0008,0.0009,15.8664
2026-06-08 05:00:00,20,12037,7643,4394,0.0156,100.0,0.0,0.0,0.0,6642.5,10385.45,11167.49,10329.7,153.4,9,13,14,0.0,0.0,15.0,0.0,751,601.85,0.5749,0.0008,0.0008,17.0915
2026-06-08 06:00:00,61,41383,29315,12068,0.0519,96.7213,3.2787,0.0,1.6393,6379.0,7769.0,10238.6,7147.0,156.0,10,26,25,0.0,0.0,21.3115,0.0,2075,678.4098,0.4117,0.0009,0.0009,17.1942
2026-06-08 07:00:00,70,44607,31471,13136,0.0575,98.5714,1.4286,1.4286,0.0,6396.0,8015.8,9685.84,7358.95,122.25,10,27,28,2.8571,5.7143,15.7143,0.0,2090,637.2429,0.4174,0.0008,0.0008,15.9105
2026-06-08 08:00:00,69,42499,29053,13446,0.0539,97.1014,2.8986,0.0,2.8986,6463.0,9158.8,10185.52,8650.8,159.8,10,26,35,0.0,5.7971,14.4928,0.0,1987,615.9275,0.4628,0.0008,0.0008,14.7776
2026-06-08 09:00:00,107,74203,50677,23526,0.0916,97.1963,2.8037,0.0,0.9346,6464.0,8594.2,10673.5,7506.8,156.1,10,28,36,2.8037,5.6075,23.3645,0.0,4087,693.486,0.4642,0.0009,0.0009,17.3723
2026-06-08 10:00:00,103,66526,43700,22826,0.0852,94.1748,5.8252,0.0,3.8835,6497.0,8949.0,10120.3,7578.0,144.5,10,29,33,0.0,3.8835,17.4757,0.0,3201,645.8835,0.5223,0.0008,0.0009,14.0235
2026-06-08 11:00:00,116,78197,55475,22722,0.0979,97.4138,2.5862,0.8621,0.8621,6553.0,8498.75,10129.65,8030.75,160.0,10,29,36,2.5862,2.5862,18.9655,0.0,3263,674.1121,0.4096,0.0008,0.0009,14.3605
2026-06-08 12:00:00,110,82458,57569,24889,0.1051,96.3636,3.6364,0.9091,1.8182,6569.0,9617.0,10184.86,8952.75,187.65,10,28,35,0.9091,5.4545,21.8182,0.0,4404,749.6182,0.4323,0.001,0.001,17.6946
2026-06-08 13:00:00,137,96050,64554,31496,0.1237,95.6204,4.3796,0.0,1.4599,6624.0,9060.6,10497.12,8468.6,147.0,10,28,40,2.1898,3.6496,17.5182,0.0,5368,701.0949,0.4879,0.0009,0.0009,17.0434
2026-06-08 14:00:00,114,80750,55303,25447,0.1002,97.3684,2.6316,0.0,0.8772,6594.0,8712.95,10658.89,7990.05,160.95,10,25,40,0.0,2.6316,19.2982,0.0,3836,708.3333,0.4601,0.0009,0.0009,15.0745
2026-06-08 15:00:00,126,83953,58828,25125,0.1079,96.8254,3.1746,1.5873,0.7937,6437.5,10333.75,10796.0,9312.25,142.25,10,28,36,1.5873,4.7619,19.8413,0.0,4031,666.2937,0.4271,0.0009,0.0009,16.0438
2026-06-08 16:00:00,105,72207,51201,21006,0.0898,96.1905,3.8095,0.9524,1.9048,6499.0,8950.6,10129.04,8609.8,143.8,10,26,32,0.9524,4.7619,16.1905,0.0,3327,687.6857,0.4103,0.0009,0.0009,15.8383
2026-06-08 17:00:00,110,74310,49357,24953,0.0934,94.5455,5.4545,0.9091,4.5455,6636.5,9462.35,10279.95,8699.05,179.1,10,30,31,4.5455,5.4545,16.3636,0.0,3867,675.5455,0.5056,0.0008,0.0009,15.4971
2026-06-08 18:00:00,90,62312,44133,18179,0.0784,94.4444,5.5556,3.3333,1.1111,6444.0,9534.2,10591.33,9065.95,189.85,10,29,32,2.2222,1.1111,13.3333,0.0,2966,692.3556,0.4119,0.0009,0.0009,16.3155
2026-06-08 19:00:00,80,52158,37247,14911,0.0645,96.25,3.75,0.0,1.25,6606.0,8242.45,9896.11,7542.35,153.1,10,26,33,0.0,5.0,18.75,0.0,2300,651.975,0.4003,0.0008,0.0008,15.4249
2026-06-08 20:00:00,65,45892,33506,12386,0.0571,95.3846,4.6154,0.0,4.6154,6466.0,8125.2,10130.92,7623.6,151.6,10,27,30,1.5385,6.1538,18.4615,0.0,1911,706.0308,0.3697,0.0009,0.0009,15.4287
2026-06-08 21:00:00,75,52749,37790,14959,0.0648,98.6667,1.3333,1.3333,0.0,6675.0,9521.8,10258.66,8972.0,166.3,9,25,26,1.3333,4.0,20.0,0.0,2364,703.32,0.3958,0.0009,0.0009,15.8032
2026-06-08 22:00:00,37,30817,22456,8361,0.0416,97.2973,2.7027,0.0,0.0,6601.0,9561.4,10117.08,8345.4,141.0,10,22,21,5.4054,0.0,21.6216,0.0,1348,832.8919,0.3723,0.0011,0.0012,16.1225
2026-06-08 23:00:00,33,21769,14761,7008,0.0269,93.9394,6.0606,3.0303,0.0,6554.0,8305.0,9329.12,7262.8,173.0,9,20,21,3.0303,3.0303,24.2424,0.0,1114,659.6667,0.4748,0.0008,0.0009,15.8961
2026-06-09 00:00:00,22,14752,10545,4207,0.0191,90.9091,9.0909,0.0,9.0909,6328.5,7365.4,7650.4,6316.6,113.0,10,15,15,0.0,18.1818,27.2727,0.0,693,670.5455,0.399,0.0009,0.001,16.4725
2026-06-09 01:00:00,24,14982,9734,5248,0.0194,83.3333,16.6667,0.0,12.5,6452.0,7784.5,7819.11,7366.45,161.2,9,14,16,4.1667,16.6667,12.5,0.0,846,624.25,0.5391,0.0008,0.001,16.1204
2026-06-09 02:00:00,18,11472,8865,2607,0.0139,100.0,0.0,0.0,0.0,6402.5,7907.35,8103.87,7261.65,137.75,6,11,13,0.0,0.0,27.7778,0.0,429,637.3333,0.2941,0.0008,0.0008,16.4557
2026-06-09 03:00:00,28,18638,13269,5369,0.0235,100.0,0.0,0.0,0.0,6498.5,8316.75,9038.71,7381.7,108.25,9,18,21,0.0,10.7143,32.1429,0.0,892,665.6429,0.4046,0.0008,0.0008,16.6139
2026-06-09 04:00:00,25,17137,11438,5699,0.0206,100.0,0.0,0.0,0.0,6790.0,9922.4,10121.64,9485.4,165.8,8,16,13,0.0,0.0,32.0,0.0,906,685.48,0.4983,0.0008,0.0008,15.8975
2026-06-09 05:00:00,27,17222,11110,6112,0.0213,96.2963,3.7037,0.0,3.7037,6499.0,7431.4,8738.0,6764.2,134.5,9,16,19,0.0,3.7037,0.0,0.0,970,637.8519,0.5501,0.0008,0.0008,15.8704
2026-06-09 06:00:00,77,48955,32894,16061,0.061,94.8052,5.1948,2.5974,2.5974,6535.0,8244.6,10540.36,7297.0,153.8,10,23,26,0.0,6.4935,12.987,0.0,2597,635.7792,0.4883,0.0008,0.0008,16.1696
2026-06-09 07:00:00,67,47592,34779,12813,0.058,98.5075,1.4925,0.0,1.4925,6450.0,7837.9,9380.74,7325.8,130.7,10,27,30,1.4925,7.4627,11.9403,0.0,1910,710.3284,0.3684,0.0009,0.0009,14.9067
2026-06-09 08:00:00,75,59855,44698,15157,0.0743,98.6667,1.3333,0.0,1.3333,6504.0,8931.4,10231.72,7744.4,144.3,10,22,29,1.3333,12.0,9.3333,0.0,2262,798.0667,0.3391,0.001,0.001,14.9238
2026-06-09 09:00:00,113,80405,56433,23972,0.1011,96.4602,3.5398,0.0,1.7699,6447.0,9305.0,10165.24,7777.8,178.4,10,29,32,0.885,2.6549,18.5841,0.885,3855,711.5487,0.4248,0.0009,0.0009,16.0813
2026-06-09 10:00:00,111,79434,53645,25789,0.0985,97.2973,2.7027,0.9009,1.8018,6587.0,9363.5,10275.8,8155.0,153.0,10,26,34,1.8018,3.6036,13.5135,0.9009,4271,715.6216,0.4807,0.0009,0.0009,16.5613
2026-06-09 11:00:00,129,93459,66702,26757,0.1199,97.6744,2.3256,1.5504,0.0,6451.0,9187.2,10736.96,8734.8,155.8,10,30,41,0.7752,3.1008,14.7287,0.0,4015,724.4884,0.4011,0.0009,0.001,15.0054
2026-06-09 12:00:00,124,79771,53410,26361,0.0981,95.1613,4.8387,1.6129,3.2258,6488.5,8522.8,10733.27,7409.7,176.25,10,29,38,2.4194,1.6129,20.1613,0.0,3989,643.3145,0.4936,0.0008,0.0008,15.1322
2026-06-09 13:00:00,116,77851,54190,23661,0.0991,98.2759,1.7241,0.0,1.7241,6635.0,8862.5,10019.6,8243.5,148.0,10,26,34,0.0,5.1724,18.1034,0.0,3832,671.1293,0.4366,0.0009,0.0009,16.1954
2026-06-09 14:00:00,111,74612,51026,23586,0.0962,93.6937,6.3063,3.6036,0.9009,6426.0,8517.0,9785.9,7279.0,197.0,10,30,37,0.9009,9.009,18.018,0.0,3816,672.1802,0.4622,0.0009,0.0009,16.1791
2026-06-09 15:00:00,124,83406,56472,26934,0.1032,95.9677,4.0323,2.4194,1.6129,6486.5,9097.9,10089.07,7827.85,183.7,10,27,33,0.0,5.6452,21.7742,0.8065,4334,672.629,0.4769,0.0008,0.0009,16.0912
2026-06-09 16:00:00,106,78126,54611,23515,0.1019,97.1698,2.8302,0.0,0.0,6479.0,9816.75,10434.05,8721.5,166.75,10,28,38,0.0,7.5472,16.0377,0.0,4029,737.0377,0.4306,0.001,0.001,17.1337
2026-06-09 17:00:00,118,86437,61387,25050,0.1066,95.7627,4.2373,0.8475,0.8475,6481.5,9864.8,10385.5,9105.85,170.15,10,28,39,0.0,4.2373,20.339,0.0,3692,732.5169,0.4081,0.0009,0.0009,14.7385
2026-06-09 18:00:00,68,48209,34907,13302,0.0594,94.1176,5.8824,0.0,4.4118,6503.0,10060.5,10623.61,9518.75,144.05,10,27,33,0.0,4.4118,22.0588,0.0,2153,708.9559,0.3811,0.0009,0.0009,16.1855
2026-06-09 19:00:00,73,48905,34146,14759,0.0615,98.6301,1.3699,0.0,1.3699,6535.0,9344.4,10395.32,8928.6,120.2,10,25,30,1.3699,2.7397,24.6575,0.0,2580,669.9315,0.4322,0.0008,0.0009,17.4809
2026-06-09 20:00:00,68,45189,30424,14765,0.0577,95.5882,4.4118,0.0,1.4706,6394.5,9721.2,11593.0,9051.05,159.95,10,24,33,1.4706,1.4706,20.5882,0.0,2185,664.5441,0.4853,0.0008,0.0009,14.7985
2026-06-09 21:00:00,76,52380,35975,16405,0.0637,97.3684,2.6316,0.0,2.6316,6638.0,9160.5,10710.75,7944.75,211.25,10,23,29,1.3158,2.6316,19.7368,0.0,2854,689.2105,0.456,0.0008,0.0009,17.3971
2026-06-09 22:00:00,32,19606,13863,5743,0.0235,96.875,3.125,3.125,0.0,6925.0,8378.3,8998.83,7672.95,132.35,9,18,20,3.125,3.125,12.5,0.0,901,612.6875,0.4143,0.0007,0.0008,15.6887
2026-06-09 23:00:00,39,27877,19745,8132,0.036,94.8718,5.1282,0.0,2.5641,6685.0,8025.4,8605.32,7626.9,146.8,10,20,19,2.5641,10.2564,10.2564,0.0,1381,714.7949,0.4119,0.0009,0.001,16.9823
2026-06-10 00:00:00,33,22635,15818,6817,0.0293,100.0,0.0,0.0,0.0,6347.0,8185.8,8189.72,7046.8,143.6,9,18,20,6.0606,0.0,6.0606,0.0,971,685.9091,0.431,0.0009,0.0009,14.2438
2026-06-10 01:00:00,26,14655,10106,4549,0.0188,92.3077,7.6923,3.8462,0.0,6508.0,8565.75,9318.25,7808.5,291.25,9,19,19,0.0,3.8462,34.6154,0.0,725,563.6538,0.4501,0.0007,0.0008,15.9376
2026-06-10 02:00:00,28,19464,13092,6372,0.0236,96.4286,3.5714,0.0,3.5714,6587.0,9328.15,10981.12,8958.4,131.5,8,16,15,0.0,7.1429,17.8571,0.0,952,695.1429,0.4867,0.0008,0.0009,14.9404
2026-06-10 03:00:00,27,17081,12363,4718,0.0212,96.2963,3.7037,3.7037,0.0,6428.0,8785.2,10148.58,8459.1,141.4,9,14,17,0.0,3.7037,22.2222,0.0,764,632.6296,0.3816,0.0008,0.0008,16.1933
2026-06-10 04:00:00,22,12857,8798,4059,0.0169,90.9091,9.0909,4.5455,0.0,6439.5,7980.3,9575.32,7230.2,159.55,8,16,16,0.0,4.5455,9.0909,0.0,641,584.4091,0.4614,0.0008,0.0008,15.7921
2026-06-10 05:00:00,26,19602,13831,5771,0.0241,92.3077,7.6923,0.0,7.6923,6942.0,8924.0,10075.5,8756.5,228.5,10,18,17,0.0,0.0,23.0769,0.0,956,753.9231,0.4173,0.0009,0.001,16.5656
2026-06-10 06:00:00,74,51511,34987,16524,0.0643,98.6486,1.3514,0.0,1.3514,6597.0,9323.9,10927.67,8709.4,195.1,10,26,29,4.0541,5.4054,20.2703,0.0,2798,696.0946,0.4723,0.0009,0.0009,16.9329
2026-06-10 07:00:00,86,55316,38783,16533,0.0711,95.3488,4.6512,1.1628,2.3256,6370.5,8747.75,9424.85,7478.0,135.75,10,26,30,1.1628,10.4651,18.6047,0.0,2684,643.2093,0.4263,0.0008,0.0009,16.2342
2026-06-10 08:00:00,75,54630,39812,14818,0.0736,94.6667,5.3333,1.3333,1.3333,6469.0,8715.6,10178.78,7936.1,155.6,10,26,28,2.6667,9.3333,10.6667,1.3333,2295,728.4,0.3722,0.001,0.001,15.4879
2026-06-10 09:00:00,103,68420,47685,20735,0.0866,92.233,7.767,0.0,4.8544,6393.0,8847.7,10238.9,8142.5,170.0,9,24,30,0.0,4.8544,21.3592,0.0,3299,664.2718,0.4348,0.0008,0.0009,15.9103
2026-06-10 10:00:00,125,88170,64389,23781,0.1086,93.6,6.4,0.8,2.4,6381.0,8070.2,9385.76,7298.6,140.0,10,29,37,0.0,5.6,20.0,0.8,3783,705.36,0.3693,0.0009,0.0009,15.9077
2026-06-10 11:00:00,124,86820,60153,26667,0.1095,95.9677,4.0323,0.8065,3.2258,6618.0,9825.55,11159.37,9309.75,154.0,10,30,41,2.4194,3.2258,18.5484,0.0,4593,700.1613,0.4433,0.0009,0.0009,17.2235
2026-06-10 12:00:00,125,85408,59269,26139,0.1119,96.8,3.2,0.0,1.6,6550.0,9394.4,10460.52,8670.8,156.8,10,28,38,0.8,4.8,16.8,0.8,4088,683.264,0.441,0.0009,0.0009,15.6395
2026-06-10 13:00:00,107,79407,55852,23555,0.1007,95.3271,4.6729,0.9346,2.8037,6526.0,9322.6,10700.88,9088.0,149.1,10,29,35,1.8692,5.6075,17.757,0.9346,3871,742.1215,0.4217,0.0009,0.001,16.4339
2026-06-10 14:00:00,109,75592,53260,22332,0.0943,92.6606,7.3394,0.9174,0.9174,6593.0,8411.8,10155.28,7976.8,187.4,10,27,40,1.8349,1.8349,15.5963,0.9174,3331,693.5046,0.4193,0.0009,0.0009,14.9158
2026-06-10 15:00:00,112,79440,56785,22655,0.1035,94.6429,5.3571,1.7857,2.6786,6487.5,8260.5,9391.19,7399.65,150.0,10,26,38,0.0,4.4643,20.5357,0.0,3781,709.2857,0.399,0.0009,0.001,16.6895
2026-06-10 16:00:00,121,84189,58810,25379,0.105,96.6942,3.3058,0.0,2.4793,6517.0,9925.0,11056.8,9071.0,156.0,10,29,34,3.3058,2.4793,14.876,0.8264,4073,695.7769,0.4315,0.0009,0.0009,16.0487
2026-06-10 17:00:00,96,64079,45316,18763,0.0794,96.875,3.125,1.0417,2.0833,6660.0,8834.5,9524.25,8686.5,144.0,10,26,32,0.0,2.0833,21.875,0.0,3262,667.4896,0.414,0.0008,0.0009,17.3853
2026-06-10 18:00:00,77,54034,38871,15163,0.0702,96.1039,3.8961,1.2987,1.2987,6492.0,7752.0,9728.76,7322.4,135.2,10,27,32,0.0,5.1948,25.974,1.2987,2682,701.7403,0.3901,0.0009,0.0009,17.6878
2026-06-10 19:00:00,82,56262,40609,15653,0.0756,95.122,4.878,1.2195,1.2195,6369.0,9017.1,9976.1,7402.5,150.0,10,27,33,1.2195,6.0976,14.6341,1.2195,2330,686.122,0.3855,0.0009,0.001,14.8853
2026-06-10 20:00:00,57,37204,25588,11616,0.0478,96.4912,3.5088,1.7544,1.7544,6406.0,7997.0,9652.84,7070.8,177.8,9,23,26,0.0,3.5088,8.7719,0.0,1794,652.7018,0.454,0.0008,0.0009,15.4442
2026-06-10 21:00:00,69,48808,34822,13986,0.0626,97.1014,2.8986,0.0,1.4493,6443.0,8402.4,9816.0,7767.4,168.8,10,27,31,1.4493,5.7971,18.8406,0.0,2329,707.3623,0.4016,0.0009,0.0009,16.6524
2026-06-10 22:00:00,34,22593,16174,6419,0.0273,97.0588,2.9412,0.0,0.0,6511.5,8188.25,9005.58,7828.4,163.7,10,21,22,5.8824,5.8824,17.6471,0.0,949,664.5,0.3969,0.0008,0.0008,14.7842
2026-06-10 23:00:00,40,27340,19206,8134,0.0359,100.0,0.0,0.0,0.0,6517.5,7754.45,8977.71,6928.9,169.8,10,18,22,2.5,0.0,22.5,0.0,1161,683.5,0.4235,0.0009,0.0009,14.2734
2026-06-11 00:00:00,17,11587,8515,3072,0.0166,94.1176,5.8824,5.8824,0.0,6137.0,9361.0,10535.4,8696.4,105.4,7,10,11,0.0,5.8824,23.5294,0.0,513,681.5882,0.3608,0.001,0.001,16.6992
2026-06-11 01:00:00,29,21055,15159,5896,0.0274,96.5517,3.4483,0.0,0.0,6439.0,8011.6,9311.84,7133.0,188.8,8,16,16,0.0,6.8966,24.1379,0.0,960,726.0345,0.3889,0.0009,0.001,16.2822
2026-06-11 02:00:00,38,22547,15613,6934,0.0288,94.7368,5.2632,0.0,0.0,6417.5,7784.6,8753.72,7366.7,123.95,9,20,19,5.2632,5.2632,15.7895,0.0,1266,593.3421,0.4441,0.0008,0.0008,18.2579
2026-06-11 03:00:00,41,26019,18214,7805,0.0339,97.561,2.439,2.439,0.0,6461.0,9509.0,10192.6,8948.0,147.0,9,20,22,2.439,4.878,17.0732,2.439,1272,634.6098,0.4285,0.0008,0.0008,16.2972
2026-06-11 04:00:00,36,23966,17234,6732,0.031,94.4444,5.5556,0.0,2.7778,6610.0,9019.25,10873.5,8456.0,209.25,10,23,21,0.0,5.5556,13.8889,0.0,1073,665.7222,0.3906,0.0009,0.0009,15.9388
2026-06-11 05:00:00,32,21520,14237,7283,0.0266,96.875,3.125,0.0,3.125,6515.5,10008.75,11369.64,9205.8,161.25,9,19,21,3.125,3.125,12.5,0.0,1297,672.5,0.5116,0.0008,0.0009,17.8086
2026-06-11 06:00:00,101,65651,44437,21214,0.0813,96.0396,3.9604,0.0,1.9802,6430.0,8404.0,9120.0,7281.0,151.0,10,29,34,1.9802,5.9406,17.8218,0.0,3504,650.0099,0.4774,0.0008,0.0008,16.5174
2026-06-11 07:00:00,82,59186,43875,15311,0.0732,91.4634,8.5366,2.439,3.6585,6351.0,9850.4,10560.33,8901.6,160.7,10,27,31,2.439,2.439,12.1951,0.0,2588,721.7805,0.349,0.0009,0.001,16.9029
2026-06-11 08:00:00,87,55506,37879,17627,0.0678,94.2529,5.7471,1.1494,2.2989,6593.0,8265.4,10822.8,7606.9,154.8,10,28,33,0.0,8.046,18.3908,0.0,2991,638.0,0.4654,0.0008,0.0008,16.9683
2026-06-11 09:00:00,160,114903,80590,34313,0.1467,93.125,6.875,2.5,3.125,6349.0,9185.85,10198.99,7714.85,178.5,10,30,38,1.25,4.375,15.0,0.625,5326,718.1438,0.4258,0.0009,0.001,15.5218
2026-06-11 10:00:00,165,107235,74111,33124,0.1358,93.9394,6.0606,1.2121,3.0303,6416.0,8760.8,10565.12,7430.4,199.6,10,30,43,0.0,4.8485,16.3636,0.6061,5576,649.9091,0.447,0.0008,0.0009,16.8337
2026-06-11 11:00:00,137,96759,72123,24636,0.1214,99.2701,0.7299,0.0,0.7299,6374.0,9645.6,10313.6,9131.6,163.4,10,30,41,1.4599,2.9197,16.7883,0.0,4113,706.2701,0.3416,0.0009,0.0009,16.6951
2026-06-11 12:00:00,161,118137,85121,33016,0.1523,95.6522,4.3478,0.6211,1.8634,6349.0,8534.0,10221.2,7732.0,118.0,10,29,40,2.4845,4.3478,15.528,0.0,4950,733.7702,0.3879,0.0009,0.001,14.9927
2026-06-11 13:00:00,152,99641,70282,29359,0.1243,95.3947,4.6053,1.3158,1.3158,6456.0,8581.2,10230.0,7783.9,148.45,10,30,40,0.6579,5.2632,18.4211,0.0,4704,655.5329,0.4177,0.0008,0.0009,16.0223
2026-06-11 14:00:00,160,103199,72029,31170,0.1318,95.0,5.0,0.625,3.125,6447.0,8954.65,10354.24,8875.25,150.0,10,30,41,0.0,5.0,23.75,0.0,5008,644.9938,0.4327,0.0008,0.0009,16.0667
2026-06-11 15:00:00,127,82198,57081,25117,0.1068,93.7008,6.2992,0.7874,3.1496,6345.0,7712.6,10259.22,7209.9,147.2,10,27,37,2.3622,6.2992,18.8976,0.0,3803,647.2283,0.44,0.0008,0.0009,15.1411
2026-06-11 16:00:00,144,107062,78251,28811,0.1343,97.9167,2.0833,0.6944,1.3889,6515.5,9644.95,10651.5,9142.9,157.1,10,26,39,0.6944,2.7778,15.2778,0.0,4667,743.4861,0.3682,0.0009,0.001,16.1987
2026-06-11 17:00:00,154,107601,77427,30174,0.1405,96.7532,3.2468,0.6494,1.2987,6337.5,8411.9,9516.9,7487.55,177.2,10,29,41,2.5974,1.9481,21.4286,0.0,4932,698.7078,0.3897,0.0009,0.0009,16.3452
2026-06-11 18:00:00,93,66239,46576,19663,0.0819,94.6237,5.3763,4.3011,0.0,6490.0,9043.6,10243.92,7619.0,142.4,10,25,34,0.0,3.2258,18.2796,0.0,3367,712.2473,0.4222,0.0009,0.0009,17.1235
2026-06-11 19:00:00,93,62153,41368,20785,0.0787,94.6237,5.3763,0.0,4.3011,6413.0,8760.2,10434.0,7397.8,194.4,10,26,33,1.0753,5.3763,15.0538,0.0,3222,668.3118,0.5024,0.0008,0.0009,15.5016
2026-06-11 20:00:00,97,71055,51560,19495,0.093,97.9381,2.0619,0.0,2.0619,6296.0,8454.4,9702.4,7135.4,165.8,10,25,31,3.0928,1.0309,23.7113,0.0,2993,732.5258,0.3781,0.001,0.001,15.3527
2026-06-11 21:00:00,79,56197,41053,15144,0.0699,92.4051,7.5949,0.0,5.0633,6554.0,8218.1,10374.3,7316.2,173.8,10,25,31,2.5316,6.3291,15.1899,0.0,2412,711.3544,0.3689,0.0009,0.001,15.9271
2026-06-11 22:00:00,44,31019,21624,9395,0.0391,95.4545,4.5455,0.0,0.0,6507.0,8542.5,10388.25,7383.45,114.75,10,23,26,0.0,4.5455,25.0,0.0,1487,704.9773,0.4345,0.0009,0.0009,15.8276
2026-06-11 23:00:00,50,35209,25754,9455,0.0487,96.0,4.0,2.0,2.0,6387.0,8370.1,9819.74,8163.7,114.65,10,23,23,0.0,2.0,20.0,0.0,1323,704.18,0.3671,0.001,0.001,13.9926
2026-06-12 00:00:00,33,22185,16341,5844,0.0283,100.0,0.0,0.0,0.0,6363.0,9108.8,10309.24,8540.0,165.2,10,19,18,0.0,3.0303,24.2424,0.0,933,672.2727,0.3576,0.0009,0.0009,15.9651
2026-06-12 01:00:00,31,21551,15162,6389,0.027,83.871,16.129,6.4516,6.4516,6520.0,9140.5,9541.9,8364.5,159.0,9,17,15,0.0,6.4516,22.5806,0.0,1030,695.1935,0.4214,0.0009,0.001,16.1215
2026-06-12 02:00:00,34,24158,17372,6786,0.0317,94.1176,5.8824,0.0,5.8824,6407.5,9672.95,10774.52,8365.2,163.55,9,20,16,0.0,2.9412,23.5294,0.0,1013,710.5294,0.3906,0.0009,0.001,14.9278
2026-06-12 03:00:00,25,17155,11083,6072,0.0206,96.0,4.0,0.0,0.0,6759.0,8598.0,8922.68,7553.2,149.6,8,17,14,0.0,8.0,24.0,0.0,1117,686.2,0.5479,0.0008,0.0009,18.3959
2026-06-12 04:00:00,34,27664,19887,7777,0.0375,97.0588,2.9412,2.9412,0.0,6342.0,7824.4,9208.56,7588.95,117.6,10,22,22,2.9412,0.0,29.4118,0.0,988,813.6471,0.3911,0.0011,0.0011,12.7041
2026-06-12 05:00:00,31,21800,14431,7369,0.0278,96.7742,3.2258,0.0,0.0,6443.0,9478.5,10471.7,8029.0,198.5,9,17,20,0.0,6.4516,12.9032,0.0,1010,703.2258,0.5106,0.0009,0.0009,13.7061
2026-06-12 06:00:00,83,55223,37910,17313,0.0704,90.3614,9.6386,2.4096,4.8193,6334.0,9321.3,10178.78,8828.7,157.6,10,26,30,1.2048,6.0241,13.253,0.0,2557,665.3373,0.4567,0.0008,0.0009,14.7692
2026-06-12 07:00:00,102,72240,49824,22416,0.0926,95.098,4.902,0.0,1.9608,6519.5,8602.15,9779.31,7809.8,122.9,10,25,33,1.9608,7.8431,23.5294,0.0,3763,708.2353,0.4499,0.0009,0.001,16.7871
2026-06-12 08:00:00,78,49610,35008,14602,0.0638,96.1538,3.8462,1.2821,1.2821,6278.5,8334.05,9606.07,7309.2,158.45,10,28,29,1.2821,2.5641,12.8205,0.0,2567,636.0256,0.4171,0.0008,0.0009,17.5798
2026-06-12 09:00:00,147,100426,70546,29880,0.1334,97.9592,2.0408,1.3605,0.6803,6298.0,7970.3,9984.64,7146.0,175.2,10,27,41,0.0,4.0816,22.449,0.0,4566,683.1701,0.4236,0.0009,0.0009,15.2811
2026-06-12 10:00:00,152,103847,72059,31788,0.1299,98.6842,1.3158,0.6579,0.6579,6376.0,8650.55,10182.49,8370.0,162.4,10,29,38,3.9474,1.9737,24.3421,0.0,5014,683.2039,0.4411,0.0009,0.0009,15.7732
2026-06-12 11:00:00,147,95638,67571,28067,0.1227,96.5986,3.4014,1.3605,1.3605,6303.0,9595.7,10271.18,9161.3,177.1,10,30,36,1.3605,6.1224,20.4082,0.0,4543,650.5986,0.4154,0.0008,0.0009,16.1863
2026-06-12 12:00:00,151,101802,71375,30427,0.13,95.3642,4.6358,1.3245,3.3113,6382.0,8950.0,10100.0,8502.5,154.5,10,29,36,0.6623,3.3113,16.5563,0.0,4960,674.1854,0.4263,0.0009,0.0009,16.3013
2026-06-12 13:00:00,155,105266,74090,31176,0.1322,98.0645,1.9355,0.0,0.6452,6355.0,8591.4,9924.32,8352.3,177.9,10,30,40,1.9355,2.5806,16.7742,0.0,5109,679.1355,0.4208,0.0009,0.0009,16.3876
2026-06-12 14:00:00,150,102827,69085,33742,0.1258,96.0,4.0,0.6667,2.0,6414.5,8664.05,10595.16,7314.8,164.55,10,28,38,2.0,5.3333,18.0,0.0,5780,685.5133,0.4884,0.0008,0.0009,17.13
2026-06-12 15:00:00,142,94926,64596,30330,0.1179,95.0704,4.9296,1.4085,0.7042,6411.0,8358.0,10162.1,7398.0,155.65,10,28,37,1.4085,4.9296,16.1972,0.0,4884,668.493,0.4695,0.0008,0.0009,16.1029
2026-06-12 16:00:00,148,98966,67660,31306,0.1252,95.2703,4.7297,1.3514,2.7027,6421.0,9111.85,10571.21,8163.65,168.65,10,27,36,1.3514,5.4054,14.1892,0.0,4672,668.6892,0.4627,0.0008,0.0009,14.9237
2026-06-12 17:00:00,138,100617,72826,27791,0.1295,97.8261,2.1739,0.0,0.0,6469.0,8560.2,10266.9,7869.25,134.0,10,29,39,1.4493,8.6957,16.6667,0.7246,4181,729.1087,0.3816,0.0009,0.001,15.0444
2026-06-12 18:00:00,87,57561,37928,19633,0.0727,97.7011,2.2989,0.0,1.1494,6542.0,9335.2,11277.36,8591.8,151.4,10,26,32,0.0,2.2989,14.9425,0.0,3137,661.6207,0.5176,0.0008,0.0009,15.9782
2026-06-12 19:00:00,94,69691,51637,18054,0.0865,98.9362,1.0638,0.0,1.0638,6340.0,8962.45,9982.27,8117.4,142.75,10,29,33,1.0638,2.1277,22.3404,0.0,2967,741.3936,0.3496,0.0009,0.0009,16.434
2026-06-12 20:00:00,83,57876,40076,17800,0.0743,96.3855,3.6145,0.0,2.4096,6393.0,8433.5,10314.2,7829.8,158.1,10,26,33,1.2048,3.6145,18.0723,0.0,3111,697.3012,0.4442,0.0009,0.0009,17.4775
2026-06-12 21:00:00,90,60528,43662,16866,0.0754,92.2222,7.7778,3.3333,3.3333,6335.5,8020.9,10150.06,7389.0,157.95,10,27,36,1.1111,5.5556,17.7778,0.0,2663,672.5333,0.3863,0.0008,0.0009,15.7892
2026-06-12 22:00:00,52,35086,23856,11230,0.0487,94.2308,5.7692,0.0,3.8462,6215.5,8215.05,8891.1,6944.8,124.65,7,17,21,0.0,0.0,9.6154,0.0,1849,674.7308,0.4707,0.0009,0.001,16.4648
2026-06-12 23:00:00,51,38290,27316,10974,0.0489,98.0392,1.9608,0.0,1.9608,6436.0,9949.0,10228.5,9393.5,199.5,10,26,32,1.9608,1.9608,11.7647,0.0,1646,750.7843,0.4017,0.001,0.001,14.9991
2026-06-13 00:00:00,29,21490,15368,6122,0.0267,100.0,0.0,0.0,0.0,6599.0,9275.8,10615.72,8951.0,147.8,9,17,19,0.0,0.0,10.3448,0.0,1104,741.0345,0.3984,0.0009,0.0009,18.0333
2026-06-13 01:00:00,28,18541,13084,5457,0.0238,96.4286,3.5714,0.0,3.5714,6250.5,8418.4,9128.45,8009.75,154.5,8,15,16,0.0,3.5714,7.1429,0.0,834,662.1786,0.4171,0.0008,0.0009,15.2831
2026-06-13 02:00:00,26,16162,11153,5009,0.0209,96.1538,3.8462,0.0,3.8462,6365.5,9486.0,9866.5,8277.0,181.25,8,17,15,11.5385,3.8462,23.0769,0.0,860,621.6154,0.4491,0.0008,0.0008,17.1691
2026-06-13 03:00:00,33,22266,14559,7707,0.0276,96.9697,3.0303,0.0,3.0303,6420.0,7951.2,9129.16,6991.8,123.2,9,20,19,3.0303,9.0909,27.2727,0.0,1352,674.7273,0.5294,0.0008,0.0009,17.5425
2026-06-13 04:00:00,20,14392,9491,4901,0.0181,95.0,5.0,0.0,5.0,6558.0,8104.4,8627.28,7392.55,124.95,8,13,13,0.0,0.0,20.0,0.0,906,719.6,0.5164,0.0009,0.001,18.486
2026-06-13 05:00:00,30,20925,13085,7840,0.0262,100.0,0.0,0.0,0.0,6404.0,9675.25,10694.43,8619.5,111.55,9,19,21,0.0,3.3333,13.3333,0.0,1243,697.5,0.5992,0.0009,0.0009,15.8546
2026-06-13 06:00:00,74,45598,29333,16265,0.0572,94.5946,5.4054,2.7027,1.3514,6356.0,8669.85,9914.5,8350.45,172.6,10,27,36,1.3514,5.4054,22.973,0.0,2848,616.1892,0.5545,0.0008,0.0008,17.51
2026-06-13 07:00:00,81,55769,38159,17610,0.0691,97.5309,2.4691,1.2346,1.2346,6410.0,8800.0,9996.2,7666.0,188.0,10,26,32,0.0,1.2346,23.4568,0.0,2976,688.5062,0.4615,0.0009,0.0009,16.8995
2026-06-13 08:00:00,65,43750,30714,13036,0.0581,98.4615,1.5385,1.5385,0.0,6329.0,7934.8,8951.32,6911.0,187.0,10,26,30,1.5385,3.0769,21.5385,0.0,2383,673.0769,0.4244,0.0009,0.0009,18.2801
2026-06-13 09:00:00,112,71927,49819,22108,0.0899,97.3214,2.6786,0.0,1.7857,6354.0,8417.15,9566.37,7772.6,183.05,10,29,36,1.7857,2.6786,14.2857,0.0,3588,642.2054,0.4438,0.0008,0.0008,16.2294
2026-06-13 10:00:00,130,92650,65068,27582,0.1195,96.1538,3.8462,0.0,1.5385,6343.0,9769.75,11218.01,8984.45,170.1,10,30,40,0.7692,3.0769,20.0,0.0,4906,712.6923,0.4239,0.0009,0.001,17.787
2026-06-13 11:00:00,138,92568,63511,29057,0.1229,97.1014,2.8986,0.0,2.1739,6360.5,8700.95,10245.04,7676.4,139.9,10,29,40,1.4493,0.7246,16.6667,0.0,4704,670.7826,0.4575,0.0009,0.0009,16.1889
2026-06-13 12:00:00,135,91431,64465,26966,0.1132,94.8148,5.1852,0.0,2.963,6556.0,9638.3,10164.62,8913.2,142.0,10,30,39,0.7407,2.963,16.2963,0.7407,4201,677.2667,0.4183,0.0008,0.0009,15.5789
2026-06-13 13:00:00,135,86678,59684,26994,0.1075,97.7778,2.2222,0.0,0.7407,6249.0,8132.2,9915.92,7345.4,169.9,10,29,38,0.7407,5.1852,14.8148,0.0,4520,642.0593,0.4523,0.0008,0.0008,16.7445
2026-06-13 14:00:00,117,79429,55594,23835,0.1011,95.7265,4.2735,0.8547,1.7094,6512.0,8896.2,10092.2,8410.8,163.2,10,29,33,1.7094,6.8376,16.2393,0.8547,3593,678.8803,0.4287,0.0009,0.0009,15.0745
2026-06-13 15:00:00,132,86134,60334,25800,0.1072,96.9697,3.0303,0.7576,0.7576,6235.0,8130.45,9664.38,7455.3,143.9,10,30,39,2.2727,6.0606,17.4242,0.0,4326,652.5303,0.4276,0.0008,0.0008,16.7674
2026-06-13 16:00:00,128,87016,63232,23784,0.113,94.5312,5.4688,0.7812,2.3438,6256.5,9140.55,10674.85,8667.9,148.0,10,27,36,1.5625,3.125,21.875,0.0,3893,679.8125,0.3761,0.0009,0.0009,16.3681
2026-06-13 17:00:00,122,88719,64169,24550,0.1103,96.7213,3.2787,1.6393,0.8197,6488.5,9176.1,10116.08,8898.7,168.6,10,28,37,0.0,6.5574,15.5738,0.0,3847,727.2049,0.3826,0.0009,0.0009,15.6701
2026-06-13 18:00:00,67,45273,32048,13225,0.0565,98.5075,1.4925,1.4925,0.0,6312.0,8618.8,9050.68,7543.1,202.0,9,23,28,0.0,4.4776,14.9254,0.0,2143,675.7164,0.4127,0.0008,0.0009,16.2042
2026-06-13 19:00:00,71,48731,32982,15749,0.0591,100.0,0.0,0.0,0.0,6389.0,8521.0,10900.5,7578.5,163.0,10,27,28,1.4085,4.2254,21.1268,1.4085,2561,686.3521,0.4775,0.0008,0.0008,16.2613
2026-06-13 20:00:00,86,56806,39001,17805,0.0693,95.3488,4.6512,1.1628,2.3256,6423.5,9828.75,10363.15,8904.0,193.25,10,28,30,0.0,9.3023,17.4419,0.0,2772,660.5349,0.4565,0.0008,0.0008,15.5687
2026-06-13 21:00:00,71,45619,30256,15363,0.0593,97.1831,2.8169,1.4085,1.4085,6522.0,8740.5,9912.5,8130.0,159.0,10,24,24,0.0,5.6338,25.3521,0.0,2346,642.5211,0.5078,0.0008,0.0009,15.2705
2026-06-13 22:00:00,28,20691,13359,7332,0.0263,100.0,0.0,0.0,0.0,6632.5,9423.5,11362.02,9174.85,155.65,9,17,21,0.0,0.0,14.2857,0.0,1114,738.9643,0.5488,0.0009,0.0009,15.1937
2026-06-13 23:00:00,34,24067,16795,7272,0.0296,97.0588,2.9412,2.9412,0.0,6344.0,7478.5,8070.75,7123.3,119.85,9,17,20,2.9412,8.8235,29.4118,0.0,1154,707.8529,0.433,0.0009,0.0009,15.8691
2026-06-14 00:00:00,20,11650,8420,3230,0.014,100.0,0.0,0.0,0.0,6225.5,8347.0,9107.0,7381.75,110.9,6,12,13,0.0,0.0,20.0,0.0,598,582.5,0.3836,0.0007,0.0007,18.5139
2026-06-14 01:00:00,14,10801,8371,2430,0.016,100.0,0.0,0.0,0.0,6286.5,8476.35,10151.27,8310.5,208.3,9,13,11,0.0,0.0,7.1429,0.0,365,771.5,0.2903,0.0011,0.0011,15.0206
2026-06-14 02:00:00,24,13957,9926,4031,0.018,95.8333,4.1667,0.0,0.0,6255.0,7852.1,8283.42,7055.65,178.05,10,20,20,0.0,4.1667,25.0,0.0,524,581.5417,0.4061,0.0008,0.0008,12.9993
2026-06-14 03:00:00,26,16135,9880,6255,0.0199,96.1538,3.8462,3.8462,0.0,6401.0,7462.5,7571.5,6875.0,176.0,8,15,17,0.0,3.8462,3.8462,0.0,943,620.5769,0.6331,0.0008,0.0008,15.0759
2026-06-14 04:00:00,22,15833,12159,3674,0.0208,100.0,0.0,0.0,0.0,6177.0,7254.05,9004.21,6748.4,105.8,8,13,16,4.5455,0.0,22.7273,0.0,528,719.6818,0.3022,0.0009,0.0009,14.3713
2026-06-14 05:00:00,19,12173,8125,4048,0.0146,94.7368,5.2632,0.0,0.0,6308.0,7713.5,8242.7,6490.3,193.8,8,16,16,0.0,0.0,5.2632,0.0,633,640.6842,0.4982,0.0008,0.0008,15.6374
2026-06-14 06:00:00,66,48892,35882,13010,0.0627,100.0,0.0,0.0,0.0,6328.5,9135.25,10952.25,8813.75,169.5,10,25,25,1.5152,6.0606,21.2121,0.0,2083,740.7879,0.3626,0.0009,0.0009,16.0108
2026-06-14 07:00:00,70,52356,37979,14377,0.0653,100.0,0.0,0.0,0.0,6338.0,8170.1,8889.9,7286.0,167.35,10,26,27,0.0,4.2857,11.4286,0.0,2435,747.9429,0.3786,0.0009,0.0009,16.9368
2026-06-14 08:00:00,69,44666,31274,13392,0.058,94.2029,5.7971,0.0,1.4493,6224.0,9231.2,10576.6,8912.8,131.2,10,23,27,0.0,5.7971,18.8406,1.4493,2210,647.3333,0.4282,0.0008,0.0009,16.5024
2026-06-14 09:00:00,127,85037,59617,25420,0.1059,97.6378,2.3622,0.0,1.5748,6337.0,8628.3,9705.14,8045.9,171.7,10,29,34,0.7874,6.2992,13.3858,0.0,4180,669.5827,0.4264,0.0008,0.0009,16.4437
2026-06-14 10:00:00,124,80758,53617,27141,0.1021,97.5806,2.4194,0.0,2.4194,6323.0,8934.15,10247.4,7751.45,185.25,10,30,40,1.6129,7.2581,23.3871,0.0,4357,651.2742,0.5062,0.0008,0.0008,16.0532
2026-06-14 11:00:00,106,71165,52147,19018,0.0892,92.4528,7.5472,1.8868,4.717,6281.0,8073.75,9928.45,7814.5,151.5,10,27,38,0.0,5.6604,20.7547,0.9434,2916,671.3679,0.3647,0.0008,0.0009,15.3328
2026-06-14 12:00:00,128,87595,57959,29636,0.1126,97.6562,2.3438,0.0,1.5625,6462.5,9041.9,10663.29,8450.35,158.3,10,27,34,1.5625,7.0312,11.7188,0.0,4618,684.3359,0.5113,0.0009,0.0009,15.5824
2026-06-14 13:00:00,93,63639,47080,16559,0.0782,96.7742,3.2258,0.0,1.0753,6455.0,9708.0,10071.8,9250.2,153.4,10,28,35,1.0753,3.2258,15.0538,1.0753,2538,684.2903,0.3517,0.0008,0.0009,15.327
2026-06-14 14:00:00,109,72345,50189,22156,0.0939,96.3303,3.6697,0.9174,2.7523,6256.0,9078.8,10450.0,7396.4,125.6,10,27,35,0.9174,8.2569,19.2661,0.9174,3592,663.7156,0.4415,0.0009,0.0009,16.2123
2026-06-14 15:00:00,107,73874,52315,21559,0.0918,97.1963,2.8037,0.9346,0.9346,6242.0,8694.4,10033.78,7350.4,159.0,10,28,36,0.9346,4.6729,27.1028,0.0,3273,690.4112,0.4121,0.0009,0.0009,15.1816
2026-06-14 16:00:00,111,80070,55874,24196,0.1032,92.7928,7.2072,1.8018,2.7027,6415.0,9302.0,9980.4,9078.0,159.0,10,29,32,0.9009,6.3063,21.6216,0.9009,3797,721.3514,0.433,0.0009,0.001,15.6927
2026-06-14 17:00:00,91,59376,40462,18914,0.0733,98.9011,1.0989,0.0,1.0989,6306.0,9236.0,9865.1,8157.5,164.5,10,28,35,0.0,2.1978,19.7802,0.0,3008,652.4835,0.4675,0.0008,0.0008,15.9036
2026-06-14 18:00:00,68,48230,31653,16577,0.061,97.0588,2.9412,1.4706,1.4706,6393.0,8416.8,10322.43,7580.7,129.55,10,28,34,1.4706,1.4706,13.2353,0.0,2763,709.2647,0.5237,0.0009,0.0009,16.6677
2026-06-14 19:00:00,80,52795,37941,14854,0.0638,97.5,2.5,2.5,0.0,6208.0,8172.05,9092.47,7661.4,140.15,10,27,32,1.25,2.5,22.5,0.0,2337,659.9375,0.3915,0.0008,0.0008,15.7331
2026-06-14 20:00:00,56,33141,24247,8894,0.0427,98.2143,1.7857,1.7857,0.0,6227.5,9180.0,10306.35,8943.5,149.0,10,21,25,5.3571,3.5714,21.4286,0.0,1456,591.8036,0.3668,0.0008,0.0008,16.3706
2026-06-14 21:00:00,65,46099,31178,14921,0.0566,95.3846,4.6154,3.0769,1.5385,6428.0,8090.8,10326.16,7706.2,170.6,10,21,29,1.5385,4.6154,26.1538,0.0,2588,709.2154,0.4786,0.0009,0.0009,17.3447
2026-06-14 22:00:00,53,38444,28136,10308,0.0483,96.2264,3.7736,0.0,1.8868,6275.0,8331.2,9147.72,7628.6,199.2,9,21,27,0.0,3.7736,20.7547,0.0,1455,725.3585,0.3664,0.0009,0.0009,14.1153
2026-06-14 23:00:00,41,27001,17460,9541,0.0324,97.561,2.439,0.0,0.0,6458.0,8473.0,9656.6,8008.0,138.0,10,20,22,0.0,0.0,19.5122,0.0,1531,658.561,0.5464,0.0008,0.0008,16.0465
2026-06-15 00:00:00,30,23206,17269,5937,0.0294,100.0,0.0,0.0,0.0,6022.0,7040.4,7212.08,6540.7,128.3,10,22,23,0.0,6.6667,3.3333,0.0,940,773.5333,0.3438,0.001,0.001,15.8329
2026-06-15 01:00:00,33,20819,15223,5596,0.0252,100.0,0.0,0.0,0.0,6192.0,7615.2,8835.96,6976.2,132.6,9,22,21,0.0,0.0,18.1818,0.0,850,630.8788,0.3676,0.0008,0.0008,15.1894
2026-06-15 02:00:00,41,29416,19961,9455,0.0365,97.561,2.439,0.0,2.439,6385.0,8652.0,9399.4,7097.0,166.0,9,20,19,0.0,2.439,17.0732,0.0,1379,717.4634,0.4737,0.0009,0.0009,14.5849
2026-06-15 03:00:00,33,21789,14266,7523,0.0275,93.9394,6.0606,0.0,3.0303,6353.0,9450.2,9662.4,9081.2,198.0,10,21,20,0.0,0.0,18.1818,0.0,1309,660.2727,0.5273,0.0008,0.0009,17.4
2026-06-15 04:00:00,31,21158,14965,6193,0.0259,96.7742,3.2258,0.0,0.0,6488.0,9937.5,10765.4,9149.5,139.5,10,17,20,0.0,3.2258,25.8065,0.0,1046,682.5161,0.4138,0.0008,0.0009,16.89
2026-06-15 05:00:00,28,20040,14422,5618,0.0249,89.2857,10.7143,3.5714,7.1429,6413.5,7706.75,8380.6,6997.05,140.85,9,21,19,0.0,3.5714,17.8571,0.0,770,715.7143,0.3895,0.0009,0.001,13.7059
2026-06-15 06:00:00,83,57111,40198,16913,0.0712,96.3855,3.6145,1.2048,0.0,6222.0,8018.7,8967.76,7146.7,142.0,10,27,35,2.4096,6.0241,21.6867,0.0,2551,688.0843,0.4207,0.0009,0.0009,15.0831
2026-06-15 07:00:00,74,50374,35510,14864,0.0669,95.9459,4.0541,0.0,1.3514,6270.5,8516.25,9577.37,7895.9,177.4,10,27,33,0.0,1.3514,20.2703,0.0,2377,680.7297,0.4186,0.0009,0.0009,15.9917
2026-06-15 08:00:00,96,67359,45328,22031,0.0817,96.875,3.125,1.0417,2.0833,6357.0,8680.0,9591.55,7990.25,154.25,10,26,33,0.0,4.1667,16.6667,0.0,3490,701.6562,0.486,0.0009,0.0009,15.8413
2026-06-15 09:00:00,134,93086,66403,26683,0.1187,94.0299,5.9701,2.9851,2.9851,6249.5,8865.9,10039.4,8502.15,165.75,10,29,44,1.4925,2.9851,18.6567,0.0,4187,694.6716,0.4018,0.0009,0.0009,15.6916
2026-06-15 10:00:00,123,77599,54132,23467,0.1011,93.4959,6.5041,1.626,2.439,6231.0,8395.4,9901.82,7700.9,177.7,10,28,36,0.813,4.065,14.6341,0.0,3845,630.8862,0.4335,0.0008,0.0009,16.3847
2026-06-15 11:00:00,164,122941,86902,36039,0.1515,95.122,4.878,0.6098,1.8293,6296.0,8801.05,9515.33,8462.4,154.4,10,30,42,1.8293,2.439,15.8537,0.0,5842,749.6402,0.4147,0.0009,0.001,16.2102
2026-06-15 12:00:00,157,109038,76134,32904,0.1382,98.0892,1.9108,0.6369,0.6369,6260.0,7696.8,9603.0,7317.8,182.4,10,27,41,1.2739,7.0064,21.0191,0.0,5299,694.5096,0.4322,0.0009,0.0009,16.1044
2026-06-15 13:00:00,160,115308,80190,35118,0.1526,96.25,3.75,0.0,1.875,6173.5,8237.45,9525.64,7347.85,180.1,10,30,44,3.125,5.625,18.75,0.0,5350,720.675,0.4379,0.001,0.001,15.2344
2026-06-15 14:00:00,151,108385,75687,32698,0.1359,97.351,2.649,0.0,1.9868,6312.0,8775.5,9892.0,8233.5,144.0,10,29,38,0.6623,4.6358,17.8808,0.0,5140,717.7815,0.432,0.0009,0.0009,15.7196
2026-06-15 15:00:00,155,104655,73916,30739,0.1368,96.129,3.871,0.0,1.9355,6253.0,8195.7,9928.04,7471.8,186.3,10,30,44,0.6452,5.1613,16.129,0.0,5024,675.1935,0.4159,0.0009,0.0009,16.3441
2026-06-15 16:00:00,154,109754,77124,32630,0.1365,96.1039,3.8961,0.0,1.9481,6234.5,8243.3,9869.39,7426.45,159.35,10,29,44,0.6494,3.8961,18.1818,0.0,4825,712.6883,0.4231,0.0009,0.0009,14.787
2026-06-15 17:00:00,185,126614,86788,39826,0.1597,97.2973,2.7027,0.0,1.6216,6335.0,8580.4,9839.84,8082.8,158.0,10,30,38,1.0811,4.8649,16.2162,0.0,6294,684.4,0.4589,0.0009,0.0009,15.8037
2026-06-15 18:00:00,106,74496,53637,20859,0.0979,91.5094,8.4906,4.717,1.8868,6247.0,8573.5,9874.15,8000.0,147.0,10,27,33,1.8868,4.717,16.0377,0.0,3709,702.7925,0.3889,0.0009,0.001,17.7813
2026-06-15 19:00:00,106,74893,53858,21035,0.0995,96.2264,3.7736,0.9434,1.8868,6189.0,7930.75,10094.15,7291.0,141.75,10,29,33,0.9434,3.7736,16.0377,0.0,3121,706.5377,0.3906,0.0009,0.001,14.8372
2026-06-15 20:00:00,102,73464,51572,21892,0.0927,97.0588,2.9412,0.0,1.9608,6255.0,8885.65,9558.79,8674.4,151.95,10,28,37,0.9804,2.9412,18.6275,0.0,3648,720.2353,0.4245,0.0009,0.0009,16.6636
2026-06-15 21:00:00,111,72851,49868,22983,0.0888,95.4955,4.5045,0.0,3.6036,6359.0,8602.0,9582.4,7897.0,161.5,10,28,34,1.8018,5.4054,17.1171,0.0,3830,656.3153,0.4609,0.0008,0.0008,16.6645
2026-06-15 22:00:00,49,28939,19729,9210,0.0354,100.0,0.0,0.0,0.0,6250.0,8498.6,9746.24,8340.8,146.8,10,22,19,0.0,2.0408,16.3265,0.0,1507,590.5918,0.4668,0.0007,0.0007,16.3626
2026-06-15 23:00:00,47,27945,18748,9197,0.0335,100.0,0.0,0.0,0.0,6456.0,9060.9,9847.2,8649.5,129.3,10,21,23,0.0,6.383,27.6596,0.0,1552,594.5745,0.4906,0.0007,0.0007,16.8751
2026-06-16 00:00:00,26,18980,13941,5039,0.0235,96.1538,3.8462,0.0,3.8462,6183.5,7320.5,7662.25,7102.25,176.0,8,14,16,0.0,3.8462,23.0769,0.0,829,730.0,0.3615,0.0009,0.0009,16.4517
2026-06-16 01:00:00,18,14107,10490,3617,0.0172,88.8889,11.1111,0.0,11.1111,6083.5,7921.8,9697.96,7674.2,141.6,8,13,11,0.0,5.5556,16.6667,0.0,543,783.7222,0.3448,0.001,0.0011,15.0124
2026-06-16 02:00:00,16,12233,8246,3987,0.0157,93.75,6.25,0.0,6.25,6350.5,7986.25,8882.05,7552.75,183.5,7,12,10,6.25,12.5,25.0,0.0,724,764.5625,0.4835,0.001,0.001,18.159
2026-06-16 03:00:00,25,17950,12424,5526,0.0238,96.0,4.0,0.0,0.0,6279.0,7086.2,7375.36,6347.0,136.4,7,16,16,4.0,4.0,20.0,0.0,774,718.0,0.4448,0.001,0.001,14.0065
2026-06-16 04:00:00,18,13241,10673,2568,0.0159,88.8889,11.1111,11.1111,0.0,6061.0,7245.85,7326.77,7212.1,132.0,8,16,13,0.0,5.5556,27.7778,0.0,343,735.6111,0.2406,0.0009,0.001,13.3567
2026-06-16 05:00:00,22,16644,11615,5029,0.0216,95.4545,4.5455,0.0,0.0,6278.5,8020.0,9010.89,6378.35,204.7,10,14,16,4.5455,4.5455,31.8182,0.0,733,756.5455,0.433,0.001,0.001,14.5755
2026-06-16 06:00:00,59,39759,26094,13665,0.0512,89.8305,10.1695,0.0,8.4746,6165.0,8117.2,9242.26,7117.5,138.1,10,21,24,1.6949,8.4746,15.2542,0.0,1907,673.8814,0.5237,0.0009,0.001,13.9554
2026-06-16 07:00:00,78,54293,38777,15516,0.0666,94.8718,5.1282,1.2821,2.5641,6245.5,8167.25,8486.72,7333.95,154.8,10,24,31,0.0,7.6923,19.2308,0.0,2302,696.0641,0.4001,0.0009,0.0009,14.8363
2026-06-16 08:00:00,69,46046,31744,14302,0.0574,100.0,0.0,0.0,0.0,6196.0,7331.6,8697.4,7078.6,161.6,10,27,29,0.0,1.4493,23.1884,0.0,2356,667.3333,0.4505,0.0008,0.0008,16.4732
2026-06-16 09:00:00,123,91615,65588,26027,0.1113,96.748,3.252,0.813,2.439,6346.0,9234.4,10220.24,8950.4,180.2,10,28,33,0.813,4.878,17.0732,0.0,4322,744.8374,0.3968,0.0009,0.0009,16.6058
2026-06-16 10:00:00,98,63168,44940,18228,0.0759,94.898,5.102,3.0612,1.0204,6314.0,9181.55,10100.79,9065.15,167.45,10,28,34,1.0204,1.0204,15.3061,1.0204,2535,644.5714,0.4056,0.0008,0.0008,13.9072
2026-06-16 11:00:00,128,91914,64444,27470,0.1184,93.75,6.25,0.7812,3.9062,6227.0,8517.4,9489.32,7763.45,166.15,10,30,40,3.125,3.9062,15.625,0.0,4426,718.0781,0.4263,0.0009,0.001,16.1121
2026-06-16 12:00:00,121,79083,53889,25194,0.0977,97.5207,2.4793,0.0,0.8264,6227.0,9077.0,10384.2,7945.0,169.0,10,29,37,2.4793,5.7851,15.7025,0.0,4236,653.5785,0.4675,0.0008,0.0008,16.8135
2026-06-16 13:00:00,113,75566,50748,24818,0.0986,98.2301,1.7699,0.0,0.885,6262.0,8499.6,9544.16,7873.2,177.2,10,28,38,0.885,3.5398,14.1593,0.0,3909,668.7257,0.489,0.0009,0.0009,15.7507
2026-06-16 14:00:00,135,227156,145055,82101,0.2786,95.5556,4.4444,2.2222,1.4815,6206.0,9157.0,9703.96,8894.8,129.8,10,28,41,1.4815,3.7037,14.0741,0.0,9234,1682.637,0.566,0.0021,0.0022,11.2471
2026-06-16 15:00:00,124,225158,165919,59239,0.2751,95.1613,4.8387,0.8065,4.0323,6272.0,9070.45,9769.52,8940.95,183.55,10,27,35,0.8065,5.6452,19.3548,0.8065,7180,1815.7903,0.357,0.0022,0.0023,12.1204
2026-06-16 16:00:00,113,81817,60516,21301,0.1056,93.8053,6.1947,0.885,4.4248,6185.0,8679.6,10154.44,8549.0,172.0,10,29,37,1.7699,2.6549,15.0442,0.885,3204,724.0442,0.352,0.0009,0.001,15.0415
2026-06-16 17:00:00,135,95088,69009,26079,0.1216,96.2963,3.7037,0.0,1.4815,6214.0,8549.6,10016.36,7661.1,153.9,10,27,37,1.4815,5.1852,17.037,0.7407,4063,704.3556,0.3779,0.0009,0.0009,15.5796
2026-06-16 18:00:00,59,38315,25362,12953,0.0467,94.9153,5.0847,3.3898,0.0,6328.0,7827.6,10070.54,7305.7,180.7,9,21,25,0.0,3.3898,22.0339,0.0,2293,649.4068,0.5107,0.0008,0.0008,17.7025
2026-06-16 19:00:00,68,48103,35638,12465,0.0614,94.1176,5.8824,2.9412,1.4706,6122.5,8315.45,9435.67,8106.25,152.5,10,27,27,2.9412,4.4118,22.0588,0.0,1737,707.3971,0.3498,0.0009,0.001,13.935
2026-06-16 20:00:00,72,51542,34769,16773,0.0656,94.4444,5.5556,1.3889,4.1667,6144.0,9323.3,10592.53,8834.65,157.05,10,25,28,1.3889,1.3889,26.3889,0.0,2703,715.8611,0.4824,0.0009,0.001,16.1152
2026-06-16 21:00:00,66,51835,36734,15101,0.0659,98.4848,1.5152,0.0,0.0,6294.5,8198.25,9314.95,7512.75,140.75,10,27,31,1.5152,1.5152,18.1818,0.0,2327,785.3788,0.4111,0.001,0.001,15.4096
2026-06-16 22:00:00,30,17732,11698,6034,0.0219,96.6667,3.3333,0.0,3.3333,6323.0,7297.05,7493.97,7032.0,164.65,10,17,16,0.0,10.0,13.3333,0.0,954,591.0667,0.5158,0.0007,0.0008,15.8104
2026-06-16 23:00:00,28,22652,15368,7284,0.029,92.8571,7.1429,0.0,3.5714,6239.0,8033.2,8814.29,7234.05,171.25,9,19,20,0.0,7.1429,21.4286,0.0,939,809.0,0.474,0.001,0.0011,12.8913
2026-06-17 00:00:00,18,11107,7148,3959,0.0133,94.4444,5.5556,0.0,0.0,6159.0,7545.55,7625.11,7086.9,152.7,10,16,17,0.0,0.0,27.7778,0.0,722,617.0556,0.5539,0.0007,0.0008,18.2369
2026-06-17 01:00:00,22,13827,8939,4888,0.0192,100.0,0.0,0.0,0.0,6194.0,7353.65,9120.8,5952.35,140.05,8,14,16,0.0,4.5455,27.2727,0.0,752,628.5,0.5468,0.0009,0.0009,15.3846
2026-06-17 02:00:00,23,13759,10104,3655,0.0171,100.0,0.0,0.0,0.0,5921.0,7703.2,7823.84,7269.9,110.0,8,18,15,4.3478,8.6957,17.3913,0.0,622,598.2174,0.3617,0.0007,0.0007,17.0178
2026-06-17 03:00:00,25,16289,11103,5186,0.0205,92.0,8.0,4.0,0.0,6150.0,8068.6,9418.36,7812.8,176.6,9,16,21,0.0,8.0,12.0,0.0,797,651.56,0.4671,0.0008,0.0009,15.3683
2026-06-17 04:00:00,30,20892,13744,7148,0.0254,100.0,0.0,0.0,0.0,6345.5,9627.55,10146.39,9424.5,158.6,8,14,16,0.0,3.3333,16.6667,0.0,1120,696.4,0.5201,0.0008,0.0008,15.6687
2026-06-17 05:00:00,17,11543,7580,3963,0.0145,94.1176,5.8824,0.0,5.8824,6265.0,8834.8,9720.56,8539.6,229.4,8,13,11,5.8824,0.0,29.4118,0.0,573,679.0,0.5228,0.0009,0.0009,14.4587
2026-06-17 06:00:00,63,40985,27943,13042,0.0519,95.2381,4.7619,0.0,3.1746,6142.0,8336.4,9320.94,7249.4,169.9,10,25,28,3.1746,3.1746,23.8095,0.0,2118,650.5556,0.4667,0.0008,0.0009,16.2398
2026-06-17 07:00:00,65,46800,33959,12841,0.0582,98.4615,1.5385,0.0,1.5385,6197.0,8102.4,8972.0,7972.8,148.4,10,26,30,3.0769,1.5385,24.6154,1.5385,1805,720.0,0.3781,0.0009,0.0009,14.0565
2026-06-17 08:00:00,81,54184,36500,17684,0.0659,92.5926,7.4074,2.4691,2.4691,6384.0,9285.0,10364.2,8840.0,171.0,10,28,33,1.2346,6.1728,20.9877,0.0,2735,668.9383,0.4845,0.0008,0.0009,15.466
2026-06-17 09:00:00,131,85392,57948,27444,0.1097,96.9466,3.0534,0.7634,0.0,6157.0,9092.0,9490.8,8767.0,165.5,10,28,32,1.5267,3.8168,20.6107,0.0,4271,651.8473,0.4736,0.0008,0.0009,15.5626
2026-06-17 10:00:00,122,77602,52088,25514,0.0981,98.3607,1.6393,0.8197,0.8197,6252.0,8363.25,9473.91,7361.5,145.95,10,28,38,0.8197,5.7377,20.4918,0.0,4233,636.082,0.4898,0.0008,0.0008,16.5909
2026-06-17 11:00:00,129,89109,61543,27566,0.1129,97.6744,2.3256,0.0,1.5504,6129.0,8724.0,10258.0,8614.8,159.2,10,29,40,0.0,0.0,19.3798,0.0,4077,690.7674,0.4479,0.0009,0.0009,14.79
2026-06-17 12:00:00,137,97333,70971,26362,0.1205,93.4307,6.5693,2.1898,2.9197,6136.0,8096.8,9771.44,7964.0,159.2,10,30,41,1.4599,3.6496,23.3577,0.0,3876,710.4599,0.3714,0.0009,0.0009,14.703
2026-06-17 13:00:00,126,88066,63298,24768,0.1151,92.0635,7.9365,0.7937,3.9683,6266.5,8044.75,9325.75,7790.75,178.0,10,30,36,2.381,0.7937,20.6349,0.0,3403,698.9365,0.3913,0.0009,0.001,13.7395
2026-06-17 14:00:00,103,66252,46551,19701,0.0852,95.1456,4.8544,1.9417,0.0,6191.0,9368.8,10114.54,8991.2,169.4,10,28,34,0.0,4.8544,13.5922,0.0,3297,643.2233,0.4232,0.0008,0.0009,16.7352
2026-06-17 15:00:00,131,90369,63953,26416,0.1119,97.7099,2.2901,1.5267,0.7634,6167.0,8938.5,9715.1,8539.0,135.5,10,29,40,0.7634,5.3435,22.9008,0.0,4476,689.8397,0.4131,0.0009,0.0009,16.9443
2026-06-17 16:00:00,127,91907,66405,25502,0.1142,99.2126,0.7874,0.0,0.7874,6131.0,8476.9,9776.22,8022.9,154.3,10,27,33,0.7874,4.7244,12.5984,0.7874,4206,723.6772,0.384,0.0009,0.0009,16.4928
2026-06-17 17:00:00,121,75867,53358,22509,0.0975,96.6942,3.3058,0.0,3.3058,6165.0,8407.0,9690.8,8272.0,170.0,10,28,41,2.4793,4.9587,15.7025,0.0,3680,627.0,0.4218,0.0008,0.0008,16.349
2026-06-17 18:00:00,80,58753,42435,16318,0.0713,93.75,6.25,2.5,3.75,6261.5,8087.65,9573.24,7770.3,156.6,10,28,40,0.0,1.25,12.5,0.0,2745,734.4125,0.3845,0.0009,0.001,16.8219
2026-06-17 19:00:00,64,41990,29340,12650,0.0528,98.4375,1.5625,1.5625,0.0,6205.5,7565.4,9852.56,6806.7,155.3,10,23,26,0.0,6.25,18.75,0.0,2088,656.0938,0.4312,0.0008,0.0008,16.5059
2026-06-17 20:00:00,86,58252,41113,17139,0.0737,97.6744,2.3256,1.1628,0.0,6181.0,9119.0,9602.1,8738.75,180.25,10,26,32,0.0,5.814,19.7674,0.0,2962,677.3488,0.4169,0.0009,0.0009,17.2822
2026-06-17 21:00:00,75,48018,33315,14703,0.062,94.6667,5.3333,1.3333,4.0,6200.0,8745.6,9784.74,8435.6,153.3,10,26,28,1.3333,2.6667,16.0,0.0,2305,640.24,0.4413,0.0008,0.0009,15.6771
2026-06-17 22:00:00,86,54716,37947,16769,0.0669,98.8372,1.1628,0.0,0.0,6201.5,9171.0,10186.6,9033.75,158.25,10,27,33,1.1628,5.814,13.9535,0.0,2641,636.2326,0.4419,0.0008,0.0008,15.7493
2026-06-17 23:00:00,31,14854,9404,5450,0.0184,100.0,0.0,0.0,0.0,6081.0,7508.0,8404.6,7369.5,171.0,9,17,20,0.0,3.2258,29.0323,0.0,704,479.1613,0.5795,0.0006,0.0006,12.9174
2026-06-18 00:00:00,21,13042,9570,3472,0.0156,100.0,0.0,0.0,0.0,6360.0,7006.0,9650.0,6976.0,152.0,8,16,15,4.7619,0.0,19.0476,0.0,629,621.0476,0.3628,0.0007,0.0007,18.1164
2026-06-18 01:00:00,8,3450,2119,1331,0.0045,100.0,0.0,0.0,0.0,5937.0,6454.55,6562.91,6059.95,94.9,5,8,6,0.0,0.0,12.5,0.0,213,431.25,0.6281,0.0006,0.0006,16.003
2026-06-18 02:00:00,16,10387,6572,3815,0.0125,100.0,0.0,0.0,0.0,6198.5,7468.25,7807.25,5965.0,141.0,8,12,12,0.0,0.0,37.5,0.0,575,649.1875,0.5805,0.0008,0.0008,15.0721
2026-06-18 03:00:00,22,16478,11865,4613,0.02,95.4545,4.5455,0.0,0.0,6120.0,8368.3,9817.63,7660.9,187.15,9,14,17,0.0,4.5455,13.6364,0.0,807,749.0,0.3888,0.0009,0.001,17.494
2026-06-18 04:00:00,22,13895,9629,4266,0.0173,90.9091,9.0909,0.0,0.0,6034.0,7239.85,8223.91,6779.65,134.0,8,15,15,0.0,4.5455,27.2727,0.0,669,631.5909,0.443,0.0008,0.0009,15.6821
2026-06-18 05:00:00,18,11717,8506,3211,0.0147,100.0,0.0,0.0,0.0,6271.5,7106.55,7281.31,6535.1,147.8,10,16,15,0.0,5.5556,27.7778,0.0,548,650.9444,0.3775,0.0008,0.0008,17.0663
2026-06-18 06:00:00,62,45742,32964,12778,0.0566,91.9355,8.0645,3.2258,1.6129,6202.5,8069.85,8563.14,7553.0,145.0,10,26,27,0.0,9.6774,22.5806,0.0,2269,737.7742,0.3876,0.0009,0.001,17.7571
2026-06-18 07:00:00,59,41528,29480,12048,0.05,91.5254,8.4746,8.4746,0.0,6285.0,8254.2,9922.64,7843.5,145.5,10,26,28,1.6949,8.4746,8.4746,0.0,2025,703.8644,0.4087,0.0008,0.0009,16.8078
2026-06-18 08:00:00,68,42361,28947,13414,0.0532,100.0,0.0,0.0,0.0,6190.5,8642.7,9342.41,8281.0,184.2,10,27,29,1.4706,2.9412,17.6471,0.0,2282,622.9559,0.4634,0.0008,0.0008,17.0121
2026-06-18 09:00:00,86,57696,41087,16609,0.0721,94.186,5.814,1.1628,4.6512,6083.5,7944.0,9504.7,7769.0,136.5,10,27,31,2.3256,4.6512,20.9302,0.0,2535,670.8837,0.4042,0.0008,0.0009,15.2628
2026-06-18 10:00:00,108,72362,50697,21665,0.0902,96.2963,3.7037,0.9259,1.8519,6143.0,8576.8,9977.28,8229.5,195.55,10,28,36,0.0,3.7037,20.3704,0.0,3672,670.0185,0.4273,0.0008,0.0009,16.949
2026-06-18 11:00:00,107,66967,46136,20831,0.0854,96.2617,3.7383,2.8037,0.0,6170.0,8164.5,9111.08,7904.1,169.5,10,28,35,0.0,1.8692,15.8879,1.8692,3449,625.8598,0.4515,0.0008,0.0008,16.5571
2026-06-18 12:00:00,73,46265,32637,13628,0.0581,97.2603,2.7397,1.3699,1.3699,6164.0,7706.4,9341.96,7593.0,161.2,10,27,29,0.0,4.1096,12.3288,0.0,2376,633.7671,0.4176,0.0008,0.0008,17.4347
2026-06-18 13:00:00,92,59499,39924,19575,0.0742,95.6522,4.3478,0.0,3.2609,6235.5,8091.8,9402.92,7650.65,148.35,10,27,32,0.0,2.1739,14.1304,1.087,3276,646.7283,0.4903,0.0008,0.0008,16.7356
2026-06-18 14:00:00,103,64896,42798,22098,0.0839,97.0874,2.9126,0.9709,0.9709,6272.0,9386.2,10100.68,9003.2,184.9,10,28,33,0.9709,3.8835,16.5049,0.0,3718,630.0583,0.5163,0.0008,0.0008,16.8251
2026-06-18 15:00:00,118,76171,52350,23821,0.0948,94.9153,5.0847,1.6949,1.6949,6195.5,8510.5,9376.78,8100.55,171.3,10,29,34,1.6949,5.9322,20.339,0.0,3733,645.5169,0.455,0.0008,0.0008,15.671
2026-06-18 16:00:00,90,60719,43577,17142,0.0767,94.4444,5.5556,1.1111,2.2222,6165.5,7485.05,9002.04,7273.25,158.55,10,27,30,3.3333,2.2222,10.0,0.0,2535,674.6556,0.3934,0.0009,0.0009,14.7882
2026-06-18 17:00:00,102,70875,51668,19207,0.0865,97.0588,2.9412,0.0,2.9412,6196.0,8803.7,9612.48,8773.7,160.4,10,28,36,0.9804,4.902,12.7451,0.0,2727,694.8529,0.3717,0.0008,0.0009,14.1979
2026-06-18 18:00:00,57,37565,27182,10383,0.0482,96.4912,3.5088,0.0,0.0,6252.0,9287.4,9944.96,9257.4,117.0,10,24,28,0.0,1.7544,26.3158,0.0,1798,659.0351,0.382,0.0008,0.0009,17.3168
2026-06-18 19:00:00,59,38638,26364,12274,0.0483,93.2203,6.7797,0.0,3.3898,6000.0,9077.4,10538.12,8971.7,180.8,10,25,29,0.0,8.4746,22.0339,0.0,1917,654.8814,0.4656,0.0008,0.0009,15.6184
2026-06-18 20:00:00,67,47082,34514,12568,0.0586,94.0299,5.9701,1.4925,1.4925,6115.0,7344.8,8334.72,7104.6,127.1,9,21,25,0.0,4.4776,19.403,0.0,1707,702.7164,0.3641,0.0009,0.0009,13.5821
2026-06-18 21:00:00,55,38972,25986,12986,0.0492,98.1818,1.8182,1.8182,0.0,6243.0,9493.2,10098.76,9216.2,156.3,9,24,27,0.0,3.6364,21.8182,0.0,2080,708.5818,0.4997,0.0009,0.0009,16.0172
2026-06-18 22:00:00,34,22522,15291,7231,0.029,100.0,0.0,0.0,0.0,6302.5,7913.5,8924.97,7883.5,102.45,9,17,23,2.9412,2.9412,14.7059,0.0,1205,662.4118,0.4729,0.0009,0.0009,16.6644
2026-06-18 23:00:00,32,21892,16015,5877,0.0263,96.875,3.125,0.0,3.125,6085.5,7557.35,7877.7,6814.45,167.35,10,18,19,0.0,6.25,37.5,3.125,1064,684.125,0.367,0.0008,0.0008,18.1045
2026-06-19 00:00:00,14,9843,6587,3256,0.0123,92.8571,7.1429,7.1429,0.0,6457.5,7678.5,8089.3,7428.4,214.1,7,10,11,0.0,7.1429,14.2857,0.0,553,703.0714,0.4943,0.0009,0.0009,16.984
2026-06-19 01:00:00,24,15047,10796,4251,0.0203,100.0,0.0,0.0,0.0,5877.0,7633.65,7691.34,7468.95,127.7,9,15,18,0.0,0.0,8.3333,0.0,761,626.9583,0.3938,0.0008,0.0008,17.9017
2026-06-19 02:00:00,25,18224,13372,4852,0.0237,100.0,0.0,0.0,0.0,6212.0,9224.8,9427.88,9023.8,241.8,10,17,19,0.0,0.0,4.0,0.0,784,728.96,0.3628,0.0009,0.0009,16.1583
2026-06-19 03:00:00,28,21008,14217,6791,0.0268,100.0,0.0,0.0,0.0,6594.5,8251.4,8856.0,8186.05,123.15,9,17,19,3.5714,7.1429,32.1429,0.0,1195,750.2857,0.4777,0.001,0.001,17.5968
2026-06-19 04:00:00,27,15651,11090,4561,0.0188,100.0,0.0,0.0,0.0,6035.0,7245.3,8684.34,7183.2,142.0,9,19,17,0.0,0.0,25.9259,0.0,727,579.6667,0.4113,0.0007,0.0007,15.9395
2026-06-19 05:00:00,32,20953,14499,6454,0.026,93.75,6.25,0.0,6.25,6051.5,7866.35,8993.5,7328.65,150.9,7,17,19,0.0,0.0,25.0,0.0,1186,654.7812,0.4451,0.0008,0.0009,18.3762
2026-06-19 06:00:00,67,44992,29763,15229,0.0573,97.0149,2.9851,0.0,1.4925,6046.0,9235.8,9441.0,8322.2,194.6,10,25,28,0.0,2.9851,20.8955,0.0,2482,671.5224,0.5117,0.0009,0.0009,16.2979
2026-06-19 07:00:00,75,49149,35178,13971,0.0605,94.6667,5.3333,1.3333,1.3333,6253.0,8387.1,9108.56,7669.2,214.0,10,27,29,5.3333,2.6667,21.3333,0.0,2060,655.32,0.3972,0.0008,0.0009,14.7448
2026-06-19 08:00:00,90,54588,35839,18749,0.07,100.0,0.0,0.0,0.0,6178.5,8140.1,9606.42,7320.4,165.2,10,27,32,0.0,4.4444,11.1111,0.0,3069,606.5333,0.5231,0.0008,0.0008,16.3689
2026-06-19 09:00:00,126,93315,67907,25408,0.1214,97.619,2.381,0.0,1.5873,6048.0,7372.0,8473.25,7100.0,135.75,10,29,38,0.0,2.381,14.2857,0.7937,4090,740.5952,0.3742,0.001,0.001,16.0973
2026-06-19 10:00:00,140,90807,63448,27359,0.1123,96.4286,3.5714,0.7143,2.1429,6104.0,7907.1,8949.33,7427.4,157.2,10,25,38,0.7143,4.2857,22.1429,0.0,4218,648.6214,0.4312,0.0008,0.0008,15.4172
2026-06-19 11:00:00,119,79000,55675,23325,0.0999,94.1176,5.8824,4.2017,1.6807,6104.0,8020.3,9296.8,7329.1,155.0,10,30,37,1.6807,3.3613,13.4454,0.0,3622,663.8655,0.4189,0.0008,0.0009,15.5284
2026-06-19 12:00:00,133,100239,73738,26501,0.1249,97.7444,2.2556,1.5038,0.7519,6127.0,8090.0,9277.52,7598.0,157.6,10,28,35,0.7519,6.7669,12.782,0.0,4347,753.6767,0.3594,0.0009,0.001,16.4032
2026-06-19 13:00:00,149,97657,70769,26888,0.1204,97.3154,2.6846,0.6711,1.3423,6097.0,8007.0,9980.8,7572.2,178.4,10,30,39,0.6711,3.3557,17.4497,0.6711,4166,655.4161,0.3799,0.0008,0.0008,15.4939
2026-06-19 14:00:00,136,94449,65866,28583,0.1159,92.6471,7.3529,0.0,2.9412,6079.5,9030.5,9896.35,8827.25,181.25,10,29,39,0.0,3.6765,22.0588,0.0,4810,694.4779,0.434,0.0009,0.0009,16.8282
2026-06-19 15:00:00,151,102068,72444,29624,0.1267,95.3642,4.6358,1.3245,1.3245,6083.0,8812.5,9706.0,8565.0,140.5,10,29,39,0.6623,2.649,14.5695,0.0,4817,675.947,0.4089,0.0008,0.0009,16.2605
2026-06-19 16:00:00,133,94013,66544,27469,0.1211,97.7444,2.2556,0.7519,0.7519,6126.0,7716.8,8884.12,7273.0,201.2,10,30,42,0.7519,5.2632,21.8045,0.0,4569,706.8647,0.4128,0.0009,0.0009,16.6333
2026-06-19 17:00:00,136,97424,66978,30446,0.1241,98.5294,1.4706,0.0,0.0,6149.5,8706.75,9983.35,8350.0,145.25,10,30,37,1.4706,2.9412,16.1765,0.0,4517,716.3529,0.4546,0.0009,0.0009,14.8361
2026-06-19 18:00:00,75,52798,36129,16669,0.0683,93.3333,6.6667,4.0,2.6667,6134.0,8966.3,9319.72,7648.8,142.6,10,24,28,2.6667,5.3333,14.6667,0.0,2665,703.9733,0.4614,0.0009,0.001,15.9878
2026-06-19 19:00:00,88,59314,43053,16261,0.0764,96.5909,3.4091,2.2727,1.1364,5992.5,8567.8,9346.5,8149.3,156.2,10,28,34,0.0,2.2727,15.9091,0.0,2486,674.0227,0.3777,0.0009,0.0009,15.2881
2026-06-19 20:00:00,96,67241,48232,19009,0.0889,94.7917,5.2083,1.0417,0.0,6080.0,8713.0,9548.65,8551.5,147.75,10,28,37,0.0,3.125,16.6667,0.0,2860,700.4271,0.3941,0.0009,0.001,15.0455
2026-06-19 21:00:00,71,50300,36128,14172,0.0641,95.7746,4.2254,1.4085,1.4085,6093.0,9147.5,9683.1,8954.5,134.0,10,27,31,0.0,1.4085,19.7183,0.0,2405,708.4507,0.3923,0.0009,0.0009,16.9701
2026-06-19 22:00:00,29,19579,13230,6349,0.0237,93.1034,6.8966,0.0,3.4483,6099.0,8409.4,8942.52,7679.6,158.4,9,18,19,0.0,3.4483,17.2414,0.0,1182,675.1379,0.4799,0.0008,0.0009,18.6171
2026-06-19 23:00:00,42,25902,17771,8131,0.0319,92.8571,7.1429,0.0,4.7619,6117.5,7936.45,8261.31,7345.25,125.55,10,25,24,0.0,0.0,23.8095,0.0,1356,616.7143,0.4575,0.0008,0.0008,16.6769
2026-06-20 00:00:00,24,15133,9724,5409,0.0194,95.8333,4.1667,4.1667,0.0,5944.5,7069.05,7602.03,5842.15,156.1,10,18,16,4.1667,8.3333,25.0,0.0,861,630.5417,0.5563,0.0008,0.0008,15.9179
2026-06-20 01:00:00,19,14272,9076,5196,0.0171,94.7368,5.2632,0.0,0.0,6218.0,9053.9,10435.58,8311.9,133.8,6,13,12,0.0,0.0,10.5263,0.0,793,751.1579,0.5725,0.0009,0.001,15.2617
2026-06-20 02:00:00,18,10994,7905,3089,0.0139,100.0,0.0,0.0,0.0,5990.0,7203.55,8711.11,7171.0,141.05,7,12,13,5.5556,0.0,27.7778,5.5556,561,610.7778,0.3908,0.0008,0.0008,18.1612
2026-06-20 03:00:00,21,11941,9121,2820,0.0145,95.2381,4.7619,0.0,4.7619,5876.0,6649.0,6770.6,6166.0,115.0,8,15,11,0.0,9.5238,33.3333,0.0,453,568.619,0.3092,0.0007,0.0007,16.0638
2026-06-20 04:00:00,9,5540,3745,1795,0.0072,100.0,0.0,0.0,0.0,5892.0,6755.6,6912.72,6460.2,98.6,6,7,7,0.0,0.0,33.3333,0.0,283,615.5556,0.4793,0.0008,0.0008,15.766
2026-06-20 05:00:00,20,14364,9581,4783,0.0195,95.0,5.0,0.0,5.0,6416.0,7480.15,7512.83,7020.65,105.7,8,14,14,0.0,10.0,0.0,0.0,754,718.2,0.4992,0.001,0.001,15.7642
2026-06-20 06:00:00,56,37164,26459,10705,0.0469,98.2143,1.7857,1.7857,0.0,5902.0,7345.5,8253.9,6796.25,145.5,10,23,26,0.0,1.7857,21.4286,0.0,1659,663.6429,0.4046,0.0008,0.0009,15.4974
2026-06-20 07:00:00,43,29882,21643,8239,0.0364,95.3488,4.6512,0.0,4.6512,6078.0,8569.7,9023.28,8463.1,162.7,8,18,21,0.0,2.3256,23.2558,0.0,1330,694.9302,0.3807,0.0008,0.0009,16.1427
2026-06-20 08:00:00,54,37326,26732,10594,0.0453,92.5926,7.4074,3.7037,3.7037,6029.0,7832.0,8695.67,7530.25,123.15,9,19,22,1.8519,5.5556,14.8148,0.0,1541,691.2222,0.3963,0.0008,0.0009,14.546
2026-06-20 09:00:00,73,50999,35116,15883,0.0623,95.8904,4.1096,1.3699,2.7397,6115.0,9260.2,9872.0,8969.8,154.8,10,27,33,0.0,2.7397,13.6986,0.0,2410,698.6164,0.4523,0.0009,0.0009,15.1735
2026-06-20 10:00:00,88,56180,38476,17704,0.0712,98.8636,1.1364,0.0,1.1364,6032.5,7623.6,9436.27,7138.05,115.3,10,28,34,0.0,4.5455,20.4545,0.0,3062,638.4091,0.4601,0.0008,0.0008,17.2955
2026-06-20 11:00:00,66,41953,29321,12632,0.051,96.9697,3.0303,0.0,1.5152,6040.0,7559.25,8929.8,7373.5,163.75,10,25,32,3.0303,3.0303,16.6667,0.0,2057,635.6515,0.4308,0.0008,0.0008,16.284
2026-06-20 12:00:00,78,49482,33837,15645,0.064,98.7179,1.2821,0.0,1.2821,6033.5,9345.55,9754.59,8720.8,179.15,9,24,30,3.8462,2.5641,14.1026,0.0,2318,634.3846,0.4624,0.0008,0.0008,14.8162
2026-06-20 13:00:00,94,66218,47475,18743,0.0861,97.8723,2.1277,1.0638,0.0,6082.0,8852.75,9334.67,8664.8,170.7,10,28,38,1.0638,2.1277,19.1489,0.0,2859,704.4468,0.3948,0.0009,0.0009,15.2537
2026-06-20 14:00:00,92,57123,39100,18023,0.0708,96.7391,3.2609,2.1739,1.087,5996.5,8501.25,9649.51,7476.95,150.25,10,27,33,1.087,5.4348,16.3043,0.0,2789,620.9022,0.4609,0.0008,0.0008,15.4747
2026-06-20 15:00:00,114,81059,55755,25304,0.0996,97.3684,2.6316,0.0,2.6316,6238.5,8771.7,9723.25,8655.65,172.7,10,27,37,0.8772,2.6316,17.5439,0.0,3976,711.0439,0.4538,0.0009,0.0009,15.7129
2026-06-20 16:00:00,83,55009,37839,17170,0.0687,95.1807,4.8193,2.4096,0.0,6075.0,8003.9,8635.14,7495.9,183.6,10,29,38,1.2048,4.8193,16.8675,0.0,2887,662.759,0.4538,0.0008,0.0009,16.8142
2026-06-20 17:00:00,97,67694,47505,20189,0.083,96.9072,3.0928,0.0,2.0619,6078.0,7545.6,8828.96,7024.4,159.4,10,28,37,1.0309,2.0619,21.6495,0.0,3507,697.8763,0.425,0.0009,0.0009,17.3708
2026-06-20 18:00:00,47,30483,21130,9353,0.0408,95.7447,4.2553,0.0,2.1277,6255.0,8692.6,10257.38,8510.9,178.8,10,22,23,0.0,2.1277,12.766,0.0,1478,648.5745,0.4426,0.0009,0.0009,15.8024
2026-06-20 19:00:00,58,38267,26420,11847,0.0475,94.8276,5.1724,1.7241,0.0,6092.5,8165.8,9578.86,8135.8,168.75,10,26,26,0.0,1.7241,32.7586,0.0,2047,659.7759,0.4484,0.0008,0.0009,17.2786
2026-06-20 20:00:00,57,36546,23865,12681,0.0467,96.4912,3.5088,0.0,3.5088,6190.0,8481.6,9157.4,6984.2,153.0,10,24,27,0.0,3.5088,22.807,1.7544,1956,641.1579,0.5314,0.0008,0.0008,15.4247
2026-06-20 21:00:00,41,27168,19931,7237,0.0338,95.122,4.878,0.0,2.439,6030.0,8002.0,9063.4,7912.0,203.0,10,22,28,0.0,0.0,17.0732,0.0,1401,662.6341,0.3631,0.0008,0.0009,19.3589
2026-06-20 22:00:00,27,18979,12589,6390,0.0235,100.0,0.0,0.0,0.0,6168.0,8239.5,9692.54,7081.1,112.7,9,16,17,0.0,0.0,14.8148,0.0,1151,702.9259,0.5076,0.0009,0.0009,18.0125
2026-06-20 23:00:00,23,15075,10346,4729,0.0181,100.0,0.0,0.0,0.0,6447.0,7327.8,8217.74,7152.0,131.9,10,17,15,4.3478,0.0,17.3913,0.0,824,655.4348,0.4571,0.0008,0.0008,17.4244
2026-06-21 00:00:00,17,11385,8499,2886,0.0143,100.0,0.0,0.0,0.0,6051.0,6984.8,7108.96,6951.8,90.2,8,14,13,0.0,5.8824,5.8824,0.0,459,669.7059,0.3396,0.0008,0.0008,15.9044
2026-06-21 01:00:00,14,9821,7696,2125,0.0118,92.8571,7.1429,0.0,0.0,6117.0,7634.7,8238.94,7123.05,241.05,6,9,13,0.0,0.0,21.4286,0.0,327,701.5,0.2761,0.0008,0.0009,15.3882
2026-06-21 02:00:00,15,9276,6304,2972,0.0118,100.0,0.0,0.0,0.0,6013.0,7415.3,7925.46,6853.7,133.4,7,12,9,0.0,13.3333,0.0,0.0,607,618.4,0.4714,0.0008,0.0008,20.424
2026-06-21 03:00:00,16,15022,11495,3527,0.018,93.75,6.25,0.0,0.0,5895.5,7065.25,7605.85,6088.25,103.75,8,14,14,6.25,0.0,18.75,0.0,564,938.875,0.3068,0.0011,0.0012,15.9909
2026-06-21 04:00:00,19,14824,10794,4030,0.0184,100.0,0.0,0.0,0.0,5944.0,8832.1,8883.22,8802.1,127.8,9,11,15,0.0,10.5263,21.0526,0.0,629,780.2105,0.3734,0.001,0.001,15.6079
2026-06-21 05:00:00,13,8722,6116,2606,0.0107,100.0,0.0,0.0,0.0,5937.0,7691.8,7935.16,7599.4,117.6,7,9,9,0.0,7.6923,15.3846,0.0,396,670.9231,0.4261,0.0008,0.0008,15.1957
2026-06-21 06:00:00,61,45780,32977,12803,0.059,98.3607,1.6393,0.0,1.6393,6176.0,7652.0,9949.4,7164.0,143.0,9,23,28,1.6393,3.2787,13.1148,1.6393,1832,750.4918,0.3882,0.001,0.001,14.3091
2026-06-21 07:00:00,45,34932,24752,10180,0.0456,97.7778,2.2222,0.0,2.2222,6065.0,8171.6,8769.08,7291.2,141.6,10,21,26,4.4444,0.0,20.0,0.0,1722,776.2667,0.4113,0.001,0.001,16.9155
2026-06-21 08:00:00,41,30106,21465,8641,0.0391,100.0,0.0,0.0,0.0,6086.0,7138.0,8355.6,7001.0,135.0,10,21,24,0.0,2.439,17.0732,0.0,1239,734.2927,0.4026,0.001,0.001,14.3386
2026-06-21 09:00:00,81,55402,37828,17574,0.0708,95.0617,4.9383,1.2346,2.4691,6085.0,8639.0,10479.6,8294.0,147.0,10,27,31,0.0,4.9383,16.0494,0.0,2777,683.9753,0.4646,0.0009,0.0009,15.8018
2026-06-21 10:00:00,85,63068,42928,20140,0.0769,98.8235,1.1765,0.0,0.0,6179.0,8696.2,9255.48,8497.0,191.6,10,26,31,2.3529,1.1765,15.2941,0.0,3300,741.9765,0.4692,0.0009,0.0009,16.3853
2026-06-21 11:00:00,73,54428,36401,18027,0.0663,94.5205,5.4795,2.7397,1.3699,6104.0,8197.0,9440.12,7895.6,159.2,9,25,28,1.3699,5.4795,19.1781,0.0,3195,745.589,0.4952,0.0009,0.001,17.7234
2026-06-21 12:00:00,85,53905,37453,16452,0.0701,98.8235,1.1765,1.1765,0.0,5973.0,8810.2,9264.04,8550.6,181.8,10,25,31,1.1765,0.0,16.4706,0.0,2467,634.1765,0.4393,0.0008,0.0008,14.9951
2026-06-21 13:00:00,105,72361,51167,21194,0.0894,95.2381,4.7619,0.9524,3.8095,6070.0,8391.4,9478.96,7677.0,163.8,10,30,36,0.0,3.8095,20.0,0.0,3791,689.1524,0.4142,0.0009,0.0009,17.8871
2026-06-21 14:00:00,92,57237,38139,19098,0.0728,97.8261,2.1739,0.0,1.087,6059.5,8457.65,9551.41,8383.55,181.8,10,26,33,0.0,7.6087,20.6522,1.087,3203,622.1413,0.5007,0.0008,0.0008,16.7714
2026-06-21 15:00:00,75,49222,35655,13567,0.0599,100.0,0.0,0.0,0.0,5941.0,8439.7,9409.78,7127.7,185.0,10,26,32,0.0,1.3333,21.3333,0.0,2254,656.2933,0.3805,0.0008,0.0008,16.6138
2026-06-21 16:00:00,86,59406,41895,17511,0.0748,96.5116,3.4884,0.0,2.3256,6066.0,7311.75,8167.35,6809.0,157.0,10,26,33,1.1628,6.9767,20.9302,0.0,2586,690.7674,0.418,0.0009,0.0009,14.7679
2026-06-21 17:00:00,83,62469,43534,18935,0.0797,100.0,0.0,0.0,0.0,6121.0,7405.9,9472.9,7028.7,142.8,10,29,35,0.0,2.4096,14.4578,0.0,2668,752.6386,0.4349,0.001,0.001,14.0903
2026-06-21 18:00:00,50,35896,26124,9772,0.0482,98.0,2.0,2.0,0.0,5904.5,7220.35,8898.55,6951.85,186.7,10,24,25,2.0,8.0,28.0,0.0,1454,717.92,0.3741,0.001,0.001,14.8792
2026-06-21 19:00:00,37,23605,15936,7669,0.031,97.2973,2.7027,0.0,2.7027,5865.0,8834.6,9860.68,8380.4,157.6,10,20,22,0.0,0.0,16.2162,2.7027,1327,637.973,0.4812,0.0008,0.0009,17.3034
2026-06-21 20:00:00,52,31195,22136,9059,0.0383,94.2308,5.7692,0.0,5.7692,5841.0,7369.1,7887.67,7020.5,183.8,10,23,24,1.9231,5.7692,23.0769,0.0,1601,599.9038,0.4092,0.0007,0.0008,17.673
2026-06-21 21:00:00,61,37594,25556,12038,0.0476,96.7213,3.2787,1.6393,1.6393,6191.0,8836.0,9340.0,8806.0,155.0,10,24,29,3.2787,1.6393,22.9508,0.0,1879,616.2951,0.471,0.0008,0.0008,15.6089
2026-06-21 22:00:00,34,22223,16561,5662,0.0275,91.1765,8.8235,0.0,2.9412,5898.5,7403.2,7942.08,6990.3,151.1,8,17,18,0.0,5.8824,20.5882,0.0,909,653.6176,0.3419,0.0008,0.0009,16.0544
2026-06-21 23:00:00,29,19289,13671,5618,0.0231,93.1034,6.8966,0.0,0.0,6078.0,8588.0,9007.6,8433.2,162.6,9,15,19,0.0,6.8966,10.3448,0.0,883,665.1379,0.4109,0.0008,0.0009,15.7173
2026-06-22 00:00:00,18,12347,8509,3838,0.0161,100.0,0.0,0.0,0.0,5919.0,7557.95,8858.79,6841.15,127.65,7,14,12,0.0,0.0,27.7778,0.0,595,685.9444,0.4511,0.0009,0.0009,15.5029
2026-06-22 01:00:00,19,12009,8279,3730,0.0147,100.0,0.0,0.0,0.0,6210.0,8699.6,8970.32,8185.4,152.5,9,15,14,0.0,5.2632,26.3158,0.0,578,632.0526,0.4505,0.0008,0.0008,15.496
2026-06-22 02:00:00,31,17222,12218,5004,0.0216,90.3226,9.6774,3.2258,3.2258,6087.0,8010.0,9408.0,7980.0,153.0,10,17,17,0.0,3.2258,3.2258,0.0,891,555.5484,0.4096,0.0007,0.0008,17.8058
2026-06-22 03:00:00,18,9528,6688,2840,0.0121,88.8889,11.1111,5.5556,5.5556,5816.0,8467.05,8934.21,8328.25,155.6,7,12,14,0.0,0.0,11.1111,0.0,487,529.3333,0.4246,0.0007,0.0008,17.1479
2026-06-22 04:00:00,32,23929,16714,7215,0.0298,93.75,6.25,6.25,0.0,6062.5,8259.45,8911.67,8070.5,160.1,9,20,20,3.125,6.25,12.5,0.0,940,747.7812,0.4317,0.0009,0.001,13.0284
2026-06-22 05:00:00,19,11458,7823,3635,0.0143,100.0,0.0,0.0,0.0,5997.0,8480.5,8563.3,6723.4,155.1,9,14,16,0.0,0.0,5.2632,0.0,530,603.0526,0.4647,0.0008,0.0008,14.5805
2026-06-22 06:00:00,60,47672,36545,11127,0.0593,96.6667,3.3333,0.0,1.6667,5949.0,7061.6,9021.8,7031.6,152.4,10,24,26,5.0,5.0,21.6667,0.0,1774,794.5333,0.3045,0.001,0.001,15.9432
2026-06-22 07:00:00,72,46429,32741,13688,0.0584,93.0556,6.9444,2.7778,2.7778,6062.0,8604.75,9756.18,8283.25,192.05,10,25,29,0.0,5.5556,26.3889,0.0,2201,644.8472,0.4181,0.0008,0.0009,16.0798
2026-06-22 08:00:00,65,47386,37043,10343,0.0585,98.4615,1.5385,0.0,0.0,5926.0,7203.6,9335.64,6877.8,160.6,10,26,31,1.5385,3.0769,15.3846,0.0,1616,729.0154,0.2792,0.0009,0.0009,15.6241
2026-06-22 09:00:00,118,84383,59518,24865,0.1086,94.9153,5.0847,0.0,2.5424,5975.0,8294.05,9734.42,7507.55,175.0,10,28,35,0.8475,5.0847,16.9492,0.0,4053,715.1102,0.4178,0.0009,0.001,16.3
2026-06-22 10:00:00,124,85563,59125,26438,0.1086,97.5806,2.4194,0.8065,0.8065,6027.5,7725.2,10572.35,6933.75,152.55,10,30,39,2.4194,3.2258,19.3548,0.0,4030,690.0242,0.4472,0.0009,0.0009,15.2432
2026-06-22 11:00:00,116,85485,58129,27356,0.1086,95.6897,4.3103,0.0,1.7241,6071.5,8609.25,9236.4,8484.5,161.0,10,29,38,0.8621,6.0345,20.6897,0.0,4473,736.9397,0.4706,0.0009,0.001,16.3511
2026-06-22 12:00:00,132,102400,72566,29834,0.133,94.697,5.303,2.2727,1.5152,6117.5,8356.85,9444.3,7483.8,179.25,10,29,36,0.7576,8.3333,22.7273,0.0,4943,775.7576,0.4111,0.001,0.0011,16.5683
2026-06-22 13:00:00,131,92218,65729,26489,0.1151,97.7099,2.2901,0.7634,0.0,6103.0,8699.5,9865.4,8669.5,156.5,10,30,40,1.5267,2.2901,19.8473,0.0,4281,703.9542,0.403,0.0009,0.0009,16.1614
2026-06-22 14:00:00,115,86900,61951,24949,0.1056,94.7826,5.2174,1.7391,1.7391,6157.0,8504.9,8841.4,8231.2,144.3,10,30,39,0.0,3.4783,17.3913,0.0,4052,755.6522,0.4027,0.0009,0.001,16.2411
2026-06-22 15:00:00,128,89094,62685,26409,0.1099,95.3125,4.6875,0.0,1.5625,6061.0,7411.95,9349.82,7034.85,169.5,10,30,32,0.7812,2.3438,22.6562,0.0,4392,696.0469,0.4213,0.0009,0.0009,16.6307
2026-06-22 16:00:00,123,79922,55771,24151,0.1022,96.748,3.252,0.813,2.439,5986.0,7229.3,8486.8,6934.2,168.9,10,29,39,0.0,0.813,25.2033,0.0,3994,649.7724,0.433,0.0008,0.0009,16.5376
2026-06-22 17:00:00,115,76411,49189,27222,0.0984,96.5217,3.4783,1.7391,1.7391,6012.0,7584.9,8183.68,6746.8,142.5,10,26,36,0.8696,6.087,10.4348,0.8696,4404,664.4435,0.5534,0.0009,0.0009,16.1781
2026-06-22 18:00:00,78,59932,41850,18082,0.0729,91.0256,8.9744,0.0,5.1282,6170.5,8504.45,9547.35,8205.0,142.05,10,25,29,1.2821,6.4103,20.5128,0.0,3040,768.359,0.4321,0.0009,0.001,16.8123
2026-06-22 19:00:00,72,46002,32498,13504,0.0558,100.0,0.0,0.0,0.0,5919.5,7162.65,8969.78,6693.95,182.4,10,24,29,1.3889,0.0,18.0556,1.3889,2148,638.9167,0.4155,0.0008,0.0008,15.9064
2026-06-22 20:00:00,75,54200,37446,16754,0.0702,97.3333,2.6667,1.3333,1.3333,6081.0,8483.3,9623.34,7794.2,152.6,10,29,30,1.3333,2.6667,10.6667,0.0,2760,722.6667,0.4474,0.0009,0.001,16.4737
2026-06-22 21:00:00,65,42052,30065,11987,0.0523,96.9231,3.0769,0.0,1.5385,6023.0,7492.4,8640.84,7191.6,130.8,10,24,28,1.5385,6.1538,10.7692,0.0,2098,646.9538,0.3987,0.0008,0.0008,17.5023
2026-06-22 22:00:00,28,18509,11269,7240,0.0243,92.8571,7.1429,0.0,3.5714,6182.0,8118.8,8817.02,7198.35,166.65,8,18,21,0.0,0.0,10.7143,0.0,1028,661.0357,0.6425,0.0009,0.0009,14.1989
2026-06-22 23:00:00,28,17598,11943,5655,0.0221,96.4286,3.5714,0.0,0.0,6031.0,7449.45,8398.28,6722.85,135.95,10,19,20,0.0,0.0,7.1429,0.0,826,628.5,0.4735,0.0008,0.0008,14.6065
2026-06-23 00:00:00,18,11116,8067,3049,0.0144,100.0,0.0,0.0,0.0,5854.0,6310.3,6393.26,5899.5,203.95,8,14,13,0.0,5.5556,5.5556,0.0,511,617.5556,0.378,0.0008,0.0008,16.7596
2026-06-23 01:00:00,18,13284,9110,4174,0.0171,88.8889,11.1111,0.0,5.5556,5869.0,8462.6,9063.72,8044.5,170.5,7,14,12,0.0,5.5556,16.6667,0.0,647,738.0,0.4582,0.0009,0.0011,15.5007
2026-06-23 02:00:00,28,21295,14781,6514,0.0262,92.8571,7.1429,0.0,7.1429,5894.0,8650.9,9047.98,8620.9,164.75,9,14,19,0.0,10.7143,14.2857,0.0,1117,760.5357,0.4407,0.0009,0.001,17.1477
2026-06-23 03:00:00,22,13700,9065,4635,0.0164,100.0,0.0,0.0,0.0,6247.5,8507.55,9665.4,8471.15,154.3,9,13,15,0.0,4.5455,13.6364,0.0,785,622.7273,0.5113,0.0007,0.0007,16.9364
2026-06-23 04:00:00,28,16894,10897,5997,0.0208,96.4286,3.5714,0.0,3.5714,6096.0,7831.05,8369.22,7634.95,154.65,9,15,17,0.0,0.0,25.0,0.0,903,603.3571,0.5503,0.0007,0.0008,15.0575
2026-06-23 05:00:00,21,13517,9212,4305,0.0164,100.0,0.0,0.0,0.0,6070.0,9141.0,9965.8,8844.0,211.0,9,16,16,0.0,0.0,14.2857,0.0,785,643.6667,0.4673,0.0008,0.0008,18.2346
2026-06-23 06:00:00,66,48060,34900,13160,0.0606,95.4545,4.5455,0.0,1.5152,6005.5,8208.75,9233.0,8127.5,182.0,10,24,29,0.0,3.0303,27.2727,0.0,2020,728.1818,0.3771,0.0009,0.001,15.3495
2026-06-23 07:00:00,69,44277,31798,12479,0.0563,92.7536,7.2464,1.4493,4.3478,5989.0,8153.0,9471.44,8123.0,152.8,10,25,31,0.0,2.8986,27.5362,0.0,1949,641.6957,0.3924,0.0008,0.0009,15.6182
2026-06-23 08:00:00,56,37278,25796,11482,0.0459,98.2143,1.7857,0.0,1.7857,6018.5,8738.25,9337.85,8708.25,157.75,9,25,24,0.0,1.7857,10.7143,0.0,1812,665.6786,0.4451,0.0008,0.0008,15.7812
2026-06-23 09:00:00,101,68406,46803,21603,0.0853,97.0297,2.9703,0.0,0.9901,5967.0,7926.0,9074.0,7698.0,147.0,10,28,36,1.9802,5.9406,16.8317,0.9901,3490,677.2871,0.4616,0.0008,0.0009,16.1552
2026-06-23 10:00:00,126,87442,61765,25677,0.1095,94.4444,5.5556,0.0,3.1746,5979.5,7741.25,8865.25,7598.5,132.75,10,29,32,1.5873,6.3492,18.254,0.0,4174,693.9841,0.4157,0.0009,0.0009,16.2558
2026-06-23 11:00:00,120,82100,58303,23797,0.1014,97.5,2.5,0.8333,0.0,5985.0,8258.45,9358.99,8228.45,143.55,10,27,38,1.6667,4.1667,18.3333,0.0,3599,684.1667,0.4082,0.0008,0.0009,15.1238
2026-06-23 12:00:00,117,82907,56528,26379,0.1047,97.4359,2.5641,1.7094,0.8547,6013.0,8197.2,9169.32,8087.0,156.4,10,30,39,2.5641,5.1282,23.0769,0.0,4448,708.6068,0.4667,0.0009,0.0009,16.8619
2026-06-23 13:00:00,99,68625,47806,20819,0.0859,95.9596,4.0404,0.0,2.0202,5926.0,7265.9,8795.64,6941.5,144.5,10,29,37,3.0303,2.0202,15.1515,0.0,3137,693.1818,0.4355,0.0009,0.0009,15.068
2026-06-23 14:00:00,119,82863,57269,25594,0.1005,98.3193,1.6807,0.0,0.8403,5995.0,7713.2,9453.3,7234.6,152.4,10,28,37,2.521,4.2017,15.9664,0.8403,3892,696.3277,0.4469,0.0008,0.0009,15.2067
2026-06-23 15:00:00,108,71620,49488,22132,0.0906,97.2222,2.7778,0.9259,1.8519,5993.0,7808.3,9193.11,7533.45,142.8,10,28,34,0.0,4.6296,20.3704,0.0,3431,663.1481,0.4472,0.0008,0.0009,15.5024
2026-06-23 16:00:00,118,82610,57017,25593,0.1063,98.3051,1.6949,0.8475,0.0,5939.0,8836.9,9330.98,8464.35,162.0,10,25,34,2.5424,2.5424,27.1186,0.0,4216,700.0847,0.4489,0.0009,0.0009,16.4733
2026-06-23 17:00:00,114,79520,57215,22305,0.0992,99.1228,0.8772,0.8772,0.0,5971.0,7266.3,8484.31,6843.95,138.05,10,29,35,0.0,7.0175,15.7895,0.0,3572,697.5439,0.3898,0.0009,0.0009,16.0143
2026-06-23 18:00:00,82,54900,37581,17319,0.0697,97.561,2.439,0.0,0.0,5949.0,8504.05,9263.12,8364.8,176.35,10,29,35,2.439,4.878,14.6341,0.0,2962,669.5122,0.4608,0.0009,0.0009,17.1026
2026-06-23 19:00:00,61,45495,30504,14991,0.0563,98.3607,1.6393,1.6393,0.0,6072.0,8383.0,9058.0,7806.0,180.0,9,23,24,1.6393,3.2787,18.0328,0.0,2490,745.8197,0.4914,0.0009,0.0009,16.61
2026-06-23 20:00:00,63,40311,28616,11695,0.0503,92.0635,7.9365,0.0,4.7619,5915.0,8504.3,9320.04,8463.6,152.9,9,23,24,0.0,4.7619,22.2222,0.0,1943,639.8571,0.4087,0.0008,0.0009,16.6139
2026-06-23 21:00:00,75,51742,35822,15920,0.0665,96.0,4.0,1.3333,2.6667,5984.0,7952.4,8940.56,7291.0,152.7,10,25,30,1.3333,4.0,12.0,1.3333,2400,689.8933,0.4444,0.0009,0.0009,15.0754
2026-06-23 22:00:00,30,23090,15639,7451,0.0279,96.6667,3.3333,3.3333,0.0,6128.0,8780.85,9181.57,8736.55,170.55,9,17,20,0.0,6.6667,16.6667,0.0,1006,769.6667,0.4764,0.0009,0.001,13.5015
2026-06-23 23:00:00,33,23036,16816,6220,0.0293,96.9697,3.0303,3.0303,0.0,5925.0,6711.6,7116.32,6305.4,155.8,10,20,23,6.0606,3.0303,12.1212,0.0,1050,698.0606,0.3699,0.0009,0.0009,16.881
2026-06-24 00:00:00,23,19591,15030,4561,0.0235,95.6522,4.3478,4.3478,0.0,5891.0,7974.5,8428.48,7927.4,189.5,9,15,16,0.0,0.0,26.087,0.0,705,851.7826,0.3035,0.001,0.0011,15.4571
2026-06-24 01:00:00,39,31388,22823,8565,0.0426,92.3077,7.6923,0.0,2.5641,5503.0,7443.1,8225.16,7297.9,127.7,10,22,18,0.0,0.0,33.3333,0.0,1273,804.8205,0.3753,0.0011,0.0012,14.8628
2026-06-24 02:00:00,38,26564,19080,7484,0.0327,94.7368,5.2632,0.0,2.6316,5582.0,6962.5,8105.04,6932.5,109.75,9,21,21,2.6316,2.6316,10.5263,0.0,1274,699.0526,0.3922,0.0009,0.0009,17.023
2026-06-24 03:00:00,48,34415,26434,7981,0.0432,93.75,6.25,0.0,2.0833,5297.5,7203.2,7867.5,7021.75,179.0,10,24,27,2.0833,2.0833,16.6667,0.0,1246,716.9792,0.3019,0.0009,0.001,15.6121
2026-06-24 04:00:00,31,21342,14632,6710,0.0262,93.5484,6.4516,0.0,6.4516,5562.0,6923.5,7570.4,6594.5,178.5,9,18,18,0.0,6.4516,29.0323,0.0,979,688.4516,0.4586,0.0008,0.0009,14.5902
2026-06-24 05:00:00,30,19838,13239,6599,0.0252,90.0,10.0,3.3333,0.0,5433.5,8070.9,8201.14,8040.9,127.55,9,17,20,0.0,13.3333,16.6667,0.0,979,661.2667,0.4985,0.0008,0.0009,14.8356
2026-06-24 06:00:00,98,65528,43363,22165,0.0842,92.8571,7.1429,0.0,4.0816,5592.5,7023.35,8393.23,6633.45,147.65,10,27,28,0.0,4.0816,22.449,0.0,3595,668.6531,0.5112,0.0009,0.0009,16.2193
2026-06-24 07:00:00,102,65634,46662,18972,0.0816,90.1961,9.8039,1.9608,4.902,5449.0,7947.85,8892.54,7617.6,175.25,10,26,40,1.9608,5.8824,17.6471,0.0,3205,643.4706,0.4066,0.0008,0.0009,16.8933
2026-06-24 08:00:00,90,59177,41520,17657,0.0741,88.8889,11.1111,3.3333,2.2222,5604.0,8094.65,8826.14,8064.65,169.5,10,28,32,0.0,7.7778,12.2222,0.0,2816,657.5222,0.4253,0.0008,0.0009,15.9483
2026-06-24 09:00:00,165,120407,86823,33584,0.1479,89.697,10.303,1.8182,3.0303,5555.0,6955.4,8278.4,6488.2,192.6,10,28,43,0.0,6.6667,16.3636,0.0,4962,729.7394,0.3868,0.0009,0.001,14.7749
2026-06-24 10:00:00,183,129380,91116,38264,0.1622,92.3497,7.6503,1.0929,3.8251,5590.0,7676.9,8296.58,7646.9,158.9,10,30,43,0.0,4.3716,26.776,0.0,5571,706.9945,0.4199,0.0009,0.001,14.5594
2026-06-24 11:00:00,166,113732,79540,34192,0.1449,89.759,10.241,3.6145,1.8072,5523.5,7199.0,8180.7,7114.0,156.25,10,30,41,0.6024,4.8193,22.2892,0.0,4964,685.1325,0.4299,0.0009,0.001,14.518
2026-06-24 12:00:00,185,132541,92100,40441,0.1681,87.027,12.973,2.7027,6.4865,5545.0,6778.6,8512.44,6551.8,145.2,10,29,43,1.6216,5.4054,18.3784,0.0,6214,716.4378,0.4391,0.0009,0.001,15.3656
2026-06-24 13:00:00,168,116455,83511,32944,0.1458,92.8571,7.1429,2.381,1.7857,5542.5,8006.2,8519.82,7976.2,176.65,10,30,41,0.0,2.9762,19.0476,0.5952,5349,693.1845,0.3945,0.0009,0.0009,16.2366
2026-06-24 14:00:00,166,113272,79997,33275,0.1432,95.1807,4.8193,1.8072,1.8072,5577.5,8516.0,8698.85,8274.75,164.75,10,30,44,1.8072,4.8193,18.6747,0.6024,5102,682.3614,0.416,0.0009,0.0009,15.3328
2026-06-24 15:00:00,182,122065,83794,38271,0.1562,94.5055,5.4945,0.5495,2.7473,5552.0,7546.2,8269.27,7025.4,168.95,10,29,40,1.6484,5.4945,21.4286,0.0,5693,670.6868,0.4567,0.0009,0.0009,14.8755
2026-06-24 16:00:00,162,112472,80813,31659,0.1406,96.2963,3.7037,0.0,3.7037,5514.0,7997.7,8689.03,7838.5,164.0,10,29,39,0.6173,3.0864,19.7531,0.0,4970,694.2716,0.3918,0.0009,0.0009,15.6985
2026-06-24 17:00:00,159,104534,72245,32289,0.1342,94.9686,5.0314,1.2579,2.5157,5546.0,6871.6,8967.4,6792.1,161.4,10,27,43,0.0,5.0314,22.0126,0.6289,5231,657.4465,0.4469,0.0008,0.0009,16.2006
2026-06-24 18:00:00,116,77533,56146,21387,0.0977,93.9655,6.0345,2.5862,0.0,5525.0,8232.5,8988.05,8202.5,172.25,10,30,40,0.8621,4.3103,25.0,0.0,3510,668.3879,0.3809,0.0008,0.0009,16.4118
2026-06-24 19:00:00,89,59428,42686,16742,0.0727,88.764,11.236,1.1236,3.3708,5513.0,7855.4,8405.76,7825.4,178.2,10,27,35,3.3708,4.4944,21.3483,1.1236,2378,667.7303,0.3922,0.0008,0.0009,14.2038
2026-06-24 20:00:00,98,69084,51056,18028,0.0875,89.7959,10.2041,3.0612,4.0816,5471.5,6409.95,7510.12,6329.55,170.3,10,28,35,0.0,8.1633,15.3061,0.0,2896,704.9388,0.3531,0.0009,0.001,16.0639
2026-06-24 21:00:00,97,67477,46206,21271,0.085,92.7835,7.2165,1.0309,3.0928,5582.0,7972.4,8995.28,7904.0,141.6,10,28,39,3.0928,3.0928,23.7113,0.0,3092,695.6392,0.4604,0.0009,0.0009,14.5362
2026-06-24 22:00:00,42,27645,19024,8621,0.0332,95.2381,4.7619,0.0,2.381,5576.5,7956.3,8222.08,7898.35,132.25,10,21,30,0.0,4.7619,16.6667,0.0,1424,658.2143,0.4532,0.0008,0.0008,16.5178
2026-06-24 23:00:00,48,29855,19804,10051,0.0377,87.5,12.5,0.0,12.5,5563.0,6668.65,8239.19,6061.7,152.3,9,20,24,2.0833,2.0833,18.75,0.0,1554,621.9792,0.5075,0.0008,0.0009,15.4611
2026-06-25 00:00:00,20,12975,9481,3494,0.0165,90.0,10.0,0.0,5.0,5390.0,6297.85,6645.17,6267.85,138.3,10,13,16,5.0,5.0,30.0,0.0,562,648.75,0.3685,0.0008,0.0009,16.0847
2026-06-25 01:00:00,19,13429,8647,4782,0.0162,94.7368,5.2632,0.0,0.0,5678.0,6486.1,7048.42,5939.7,121.5,7,13,14,0.0,5.2632,5.2632,0.0,819,706.7895,0.553,0.0009,0.0009,17.1267
2026-06-25 02:00:00,23,15468,11063,4405,0.0196,95.6522,4.3478,0.0,4.3478,5622.0,7487.2,8562.46,7452.4,146.1,9,15,16,0.0,0.0,13.0435,0.0,654,672.5217,0.3982,0.0009,0.0009,14.8468
2026-06-25 03:00:00,23,12610,8413,4197,0.0173,86.9565,13.0435,0.0,13.0435,5516.0,6464.6,6658.72,5755.9,117.8,8,16,15,0.0,13.0435,17.3913,0.0,748,548.2609,0.4989,0.0008,0.0009,17.8223
2026-06-25 04:00:00,22,15254,11212,4042,0.0192,81.8182,18.1818,9.0909,4.5455,5384.0,6714.1,8626.43,6684.1,219.4,8,16,17,0.0,0.0,13.6364,0.0,623,693.3636,0.3605,0.0009,0.0011,15.4132
2026-06-25 05:00:00,25,18887,14487,4400,0.0241,92.0,8.0,4.0,0.0,5490.0,6395.6,6788.76,6243.0,185.4,9,17,17,4.0,0.0,20.0,0.0,830,755.48,0.3037,0.001,0.001,18.8636
2026-06-25 06:00:00,103,67454,48063,19391,0.0833,91.2621,8.7379,3.8835,2.9126,5507.0,7005.2,8900.48,6660.3,184.1,10,28,34,0.0,3.8835,13.5922,0.0,3236,654.8932,0.4034,0.0008,0.0009,16.6882
2026-06-25 07:00:00,126,88288,62178,26110,0.1093,92.8571,7.1429,0.7937,3.1746,5592.0,7111.5,8398.25,6867.75,148.75,10,29,41,1.5873,4.7619,7.1429,0.0,4289,700.6984,0.4199,0.0009,0.0009,16.4267
2026-06-25 08:00:00,110,72493,49772,22721,0.0895,93.6364,6.3636,1.8182,3.6364,5620.0,7501.95,8314.98,7054.8,153.5,10,27,38,2.7273,4.5455,16.3636,0.0,3637,659.0273,0.4565,0.0008,0.0009,16.0072
2026-06-25 09:00:00,146,97982,69452,28530,0.1226,91.0959,8.9041,2.0548,3.4247,5498.5,7335.5,8392.65,6964.75,171.75,10,30,38,0.6849,4.7945,15.7534,0.6849,4437,671.1096,0.4108,0.0008,0.0009,15.5521
2026-06-25 10:00:00,119,89654,64445,25209,0.1123,93.2773,6.7227,0.8403,4.2017,5507.0,6805.8,7888.86,6629.9,152.2,10,28,33,1.6807,6.7227,17.6471,0.0,4239,753.395,0.3912,0.0009,0.001,16.8154
2026-06-25 11:00:00,123,78380,54152,24228,0.0976,96.748,3.252,0.0,1.626,5557.0,7764.5,8525.74,7734.5,189.8,10,26,33,0.813,4.065,13.8211,0.813,3852,637.2358,0.4474,0.0008,0.0008,15.899
2026-06-25 12:00:00,139,99107,69923,29184,0.1244,87.7698,12.2302,0.7194,5.7554,5517.0,6998.7,8025.9,6523.6,166.1,10,29,40,0.7194,7.1942,18.705,0.0,4462,713.0,0.4174,0.0009,0.001,15.2892
2026-06-25 13:00:00,121,83871,57143,26728,0.1051,90.0826,9.9174,3.3058,4.1322,5527.0,6822.0,7674.6,6384.0,179.0,10,29,34,2.4793,5.7851,13.2231,0.0,4438,693.1488,0.4677,0.0009,0.001,16.6043
2026-06-25 14:00:00,134,91676,61624,30052,0.1136,91.0448,8.9552,2.2388,2.2388,5543.0,7964.7,8611.72,7931.45,189.1,10,30,35,0.7463,5.9701,13.4328,0.0,4550,684.1493,0.4877,0.0008,0.0009,15.1404
2026-06-25 15:00:00,93,63888,44050,19838,0.0791,91.3978,8.6022,0.0,5.3763,5500.0,7193.8,8091.28,6449.2,167.2,10,30,35,2.1505,2.1505,18.2796,0.0,3113,686.9677,0.4504,0.0009,0.0009,15.6921
2026-06-25 16:00:00,133,92479,66464,26015,0.1166,89.4737,10.5263,2.2556,5.2632,5491.0,7780.8,8572.72,7750.8,171.0,10,28,38,1.5038,6.015,18.797,0.0,3948,695.3308,0.3914,0.0009,0.001,15.1759
2026-06-25 17:00:00,110,76614,52942,23672,0.094,94.5455,5.4545,2.7273,1.8182,5528.5,6600.3,7786.68,6419.05,134.65,10,27,31,0.0,3.6364,17.2727,0.0,3333,696.4909,0.4471,0.0009,0.0009,14.0799
2026-06-25 18:00:00,64,44823,33216,11607,0.0585,93.75,6.25,0.0,0.0,5538.0,8390.6,8838.69,8360.6,146.05,10,24,32,0.0,4.6875,10.9375,0.0,1889,700.3594,0.3494,0.0009,0.001,16.2747
2026-06-25 19:00:00,74,53811,37415,16396,0.0682,94.5946,5.4054,1.3514,2.7027,5483.5,6638.4,7543.29,6335.7,135.6,10,27,30,1.3514,4.0541,16.2162,0.0,2510,727.1757,0.4382,0.0009,0.001,15.3086
2026-06-25 20:00:00,72,45735,33045,12690,0.057,91.6667,8.3333,2.7778,4.1667,5399.0,8067.35,8876.64,8037.35,124.45,10,24,31,0.0,6.9444,16.6667,0.0,2051,635.2083,0.384,0.0008,0.0009,16.1623
2026-06-25 21:00:00,64,43504,30584,12920,0.0539,92.1875,7.8125,0.0,4.6875,5477.0,6686.4,7556.65,6323.8,161.55,10,25,31,1.5625,4.6875,21.875,1.5625,1985,679.75,0.4224,0.0008,0.0009,15.3638
2026-06-25 22:00:00,41,27239,19294,7945,0.0373,95.122,4.878,2.439,2.439,5493.0,6770.0,8076.6,6740.0,138.0,9,19,21,0.0,7.3171,21.9512,2.439,1212,664.3659,0.4118,0.0009,0.001,15.2549
2026-06-25 23:00:00,28,18897,13321,5576,0.023,85.7143,14.2857,3.5714,7.1429,5540.0,7594.85,8288.8,7067.85,140.85,10,20,22,3.5714,7.1429,10.7143,0.0,907,674.8929,0.4186,0.0008,0.001,16.2661
2026-06-26 00:00:00,27,19480,13119,6361,0.0237,96.2963,3.7037,0.0,0.0,6122.0,8265.6,8997.58,8169.6,151.6,8,15,18,0.0,3.7037,33.3333,0.0,1210,721.4815,0.4849,0.0009,0.0009,19.0222
2026-06-26 01:00:00,27,17363,11830,5533,0.0215,96.2963,3.7037,0.0,0.0,5741.0,6836.3,8538.14,6500.6,155.7,8,16,17,0.0,11.1111,11.1111,3.7037,881,643.0741,0.4677,0.0008,0.0008,15.9226
2026-06-26 02:00:00,30,19958,13907,6051,0.0243,86.6667,13.3333,3.3333,10.0,6118.0,6999.55,7171.84,6420.1,142.55,9,18,18,0.0,3.3333,16.6667,0.0,999,665.2667,0.4351,0.0008,0.0009,16.5097
2026-06-26 03:00:00,29,21639,14586,7053,0.0303,96.5517,3.4483,3.4483,0.0,6011.0,7042.8,7331.44,6321.0,202.4,9,20,19,0.0,3.4483,3.4483,0.0,1087,746.1724,0.4835,0.001,0.0011,15.4119
2026-06-26 04:00:00,15,10729,7197,3532,0.0138,93.3333,6.6667,0.0,0.0,6074.0,7038.3,7066.86,6694.0,140.5,7,11,12,6.6667,6.6667,20.0,0.0,562,715.2667,0.4908,0.0009,0.001,15.9117
2026-06-26 05:00:00,23,13939,9762,4177,0.017,86.9565,13.0435,0.0,4.3478,5826.0,7819.3,8078.18,7719.1,157.7,7,15,16,0.0,4.3478,26.087,0.0,502,606.0435,0.4279,0.0007,0.0009,12.0182
2026-06-26 06:00:00,70,47114,32342,14772,0.0623,94.2857,5.7143,1.4286,2.8571,5932.0,8242.3,8696.34,8046.8,168.65,10,25,29,0.0,4.2857,24.2857,1.4286,2297,673.0571,0.4567,0.0009,0.0009,15.5497
2026-06-26 07:00:00,70,54288,41180,13108,0.0682,92.8571,7.1429,0.0,2.8571,5888.0,7140.7,8830.93,6860.7,147.3,10,28,30,0.0,5.7143,14.2857,0.0,2250,775.5429,0.3183,0.001,0.001,17.1651
2026-06-26 08:00:00,79,54255,36941,17314,0.0671,92.4051,7.5949,3.7975,1.2658,6074.0,7514.4,9601.4,7319.7,130.3,10,24,30,2.5316,6.3291,18.9873,0.0,3008,686.7722,0.4687,0.0008,0.0009,17.3732
2026-06-26 09:00:00,116,85751,60722,25029,0.109,97.4138,2.5862,0.0,1.7241,5908.0,7618.25,8698.85,6823.75,174.75,10,28,36,0.0,5.1724,18.9655,0.0,4333,739.2328,0.4122,0.0009,0.001,17.3119
2026-06-26 10:00:00,132,92267,66121,26146,0.117,100.0,0.0,0.0,0.0,6041.5,7963.1,9163.81,7682.95,151.35,10,28,35,0.0,1.5152,21.2121,0.0,4180,698.9924,0.3954,0.0009,0.0009,15.9871
2026-06-26 11:00:00,125,83372,58569,24803,0.1026,95.2,4.8,0.0,3.2,5849.0,7602.2,8814.32,6725.8,178.4,10,28,40,0.8,5.6,20.0,0.0,3924,666.976,0.4235,0.0008,0.0009,15.8207
2026-06-26 12:00:00,121,79577,54510,25067,0.0999,95.8678,4.1322,0.0,2.4793,5926.0,7666.0,9123.8,7590.0,148.0,10,30,37,2.4793,6.6116,15.7025,0.0,3675,657.6612,0.4599,0.0008,0.0009,14.6607
2026-06-26 13:00:00,105,68469,49715,18754,0.0866,97.1429,2.8571,0.9524,0.9524,5892.0,7930.6,9225.88,7265.6,138.8,10,28,36,0.0,3.8095,22.8571,0.0,2813,652.0857,0.3772,0.0008,0.0008,14.9995
2026-06-26 14:00:00,129,81882,58074,23808,0.1044,94.5736,5.4264,1.5504,1.5504,5845.0,7684.0,8646.2,7152.4,169.6,10,30,38,0.0,3.876,11.6279,0.0,3977,634.7442,0.41,0.0008,0.0009,16.7045
2026-06-26 15:00:00,117,82644,58430,24214,0.108,99.1453,0.8547,0.0,0.0,5902.0,9126.0,9553.84,8979.0,162.4,10,29,39,2.5641,2.5641,23.0769,0.0,4132,706.359,0.4144,0.0009,0.0009,17.0645
2026-06-26 16:00:00,131,83794,58843,24951,0.1044,97.7099,2.2901,0.0,2.2901,5882.0,8602.5,9284.1,8505.0,174.0,10,29,37,0.0,3.8168,18.3206,0.0,3976,639.6489,0.424,0.0008,0.0008,15.9352
2026-06-26 17:00:00,122,88616,61045,27571,0.113,95.9016,4.0984,1.6393,1.6393,5967.5,7781.0,8663.74,6826.3,169.9,10,29,36,2.459,5.7377,18.8525,0.0,4607,726.3607,0.4517,0.0009,0.001,16.7096
2026-06-26 18:00:00,90,63919,46032,17887,0.0793,95.5556,4.4444,2.2222,2.2222,5991.0,7325.85,8478.45,7139.95,172.55,10,28,37,0.0,6.6667,24.4444,0.0,2949,710.2111,0.3886,0.0009,0.0009,16.4868
2026-06-26 19:00:00,59,37992,25613,12379,0.0484,94.9153,5.0847,0.0,3.3898,5844.0,7529.2,8941.34,7467.7,209.1,10,26,32,1.6949,6.7797,8.4746,0.0,2065,643.9322,0.4833,0.0008,0.0009,16.6815
2026-06-26 20:00:00,75,54508,40106,14402,0.069,100.0,0.0,0.0,0.0,5944.0,7566.5,8280.48,7063.9,133.0,10,27,28,1.3333,1.3333,14.6667,0.0,2283,726.7733,0.3591,0.0009,0.0009,15.852
2026-06-26 21:00:00,72,46217,32705,13512,0.0588,93.0556,6.9444,2.7778,2.7778,5966.0,8540.7,9179.94,8510.7,176.75,10,26,34,1.3889,2.7778,12.5,0.0,2286,641.9028,0.4131,0.0008,0.0009,16.9183
2026-06-26 22:00:00,36,18870,12356,6514,0.0229,97.2222,2.7778,0.0,0.0,5979.0,8255.5,8729.25,7661.5,138.25,8,17,21,5.5556,2.7778,8.3333,0.0,974,524.1667,0.5272,0.0006,0.0007,14.9524
2026-06-26 23:00:00,28,20777,15234,5543,0.0249,92.8571,7.1429,0.0,7.1429,6001.0,7247.6,8320.57,6894.5,130.55,10,17,16,0.0,7.1429,17.8571,0.0,899,742.0357,0.3639,0.0009,0.001,16.2187
2026-06-27 00:00:00,13,5965,3907,2058,0.0078,100.0,0.0,0.0,0.0,9140.0,14123.8,14328.76,10370.0,167.4,7,9,11,0.0,0.0,7.6923,0.0,307,458.8462,0.5267,0.0006,0.0006,14.9174
2026-06-27 01:00:00,15,8441,6670,1771,0.0101,100.0,0.0,0.0,0.0,8381.0,13007.8,13800.76,9472.2,124.3,8,10,12,0.0,0.0,6.6667,0.0,315,562.7333,0.2655,0.0007,0.0007,17.7866
2026-06-27 02:00:00,16,12286,8500,3786,0.0193,87.5,12.5,0.0,12.5,9328.0,14730.25,16430.05,10103.75,242.0,7,10,12,0.0,18.75,18.75,0.0,706,767.875,0.4454,0.0012,0.0014,18.6476
2026-06-27 03:00:00,22,18863,14975,3888,0.0239,90.9091,9.0909,4.5455,4.5455,8209.5,11890.3,12853.97,8906.4,90.85,10,17,19,4.5455,13.6364,22.7273,0.0,580,857.4091,0.2596,0.0011,0.0012,14.9177
2026-06-27 04:00:00,9,7876,5485,2391,0.0117,88.8889,11.1111,0.0,0.0,8068.0,14154.6,14569.32,9043.8,103.0,5,8,7,0.0,0.0,11.1111,0.0,323,875.1111,0.4359,0.0013,0.0015,13.509
2026-06-27 05:00:00,18,10623,7959,2664,0.0133,100.0,0.0,0.0,0.0,8664.5,12550.1,13158.02,9146.7,129.65,8,15,14,0.0,0.0,22.2222,0.0,456,590.1667,0.3347,0.0007,0.0007,17.1171
2026-06-27 06:00:00,45,28356,20299,8057,0.0353,91.1111,8.8889,2.2222,4.4444,9008.0,15345.8,16701.28,11245.8,181.4,9,22,21,0.0,4.4444,24.4444,0.0,1303,630.1333,0.3969,0.0008,0.0009,16.1723
2026-06-27 07:00:00,59,39588,27446,12142,0.0487,94.9153,5.0847,1.6949,1.6949,8693.0,14590.5,17698.84,10487.7,137.9,10,25,25,0.0,6.7797,25.4237,0.0,2139,670.9831,0.4424,0.0008,0.0009,17.6165
2026-06-27 08:00:00,45,28391,20317,8074,0.0358,95.5556,4.4444,0.0,2.2222,8815.0,12151.6,13054.64,8835.4,161.0,10,20,21,0.0,6.6667,20.0,0.0,1191,630.9111,0.3974,0.0008,0.0008,14.7511
2026-06-27 09:00:00,76,50882,31399,19483,0.0649,98.6842,1.3158,0.0,0.0,9176.0,15096.75,17306.5,10464.0,173.0,10,27,30,2.6316,1.3158,15.7895,0.0,2907,669.5,0.6205,0.0009,0.0009,14.9207
2026-06-27 10:00:00,86,64868,46060,18808,0.0815,88.3721,11.6279,2.3256,5.814,8933.5,16034.5,18244.9,12004.25,173.75,10,26,34,0.0,6.9767,18.6047,0.0,3013,754.2791,0.4083,0.0009,0.0011,16.0198
2026-06-27 11:00:00,91,62900,43101,19799,0.0759,93.4066,6.5934,2.1978,4.3956,9613.0,14227.0,17259.0,10605.5,152.5,10,28,35,2.1978,1.0989,18.6813,0.0,3080,691.2088,0.4594,0.0008,0.0009,15.5563
2026-06-27 12:00:00,96,71180,52125,19055,0.0881,92.7083,7.2917,2.0833,3.125,8998.5,14821.25,15716.5,10848.25,190.25,10,28,32,0.0,4.1667,15.625,0.0,3019,741.4583,0.3656,0.0009,0.001,15.8436
2026-06-27 13:00:00,84,67166,50595,16571,0.0906,92.8571,7.1429,1.1905,2.381,8600.0,14498.7,18227.09,10660.7,164.35,10,29,30,0.0,10.7143,19.0476,0.0,2624,799.5952,0.3275,0.0011,0.0012,15.8349
2026-06-27 14:00:00,94,63532,44694,18838,0.083,92.5532,7.4468,4.2553,1.0638,9240.0,13768.8,16157.88,9729.55,133.5,10,27,35,1.0638,7.4468,18.0851,1.0638,2918,675.8723,0.4215,0.0009,0.001,15.49
2026-06-27 15:00:00,85,62294,43847,18447,0.0821,89.4118,10.5882,3.5294,3.5294,8858.0,12826.6,14741.52,9390.8,180.2,10,25,32,3.5294,7.0588,25.8824,0.0,3171,732.8706,0.4207,0.001,0.0011,17.1898
2026-06-27 16:00:00,86,60498,44290,16208,0.077,88.3721,11.6279,3.4884,4.6512,8996.5,14429.75,16772.35,10598.25,158.0,10,28,32,1.1628,8.1395,18.6047,0.0,2631,703.4651,0.366,0.0009,0.001,16.2327
2026-06-27 17:00:00,99,68832,44951,23881,0.0869,85.8586,14.1414,3.0303,7.0707,9505.0,14313.7,16143.92,10428.6,191.5,10,28,36,2.0202,8.0808,19.1919,0.0,3976,695.2727,0.5313,0.0009,0.001,16.6492
2026-06-27 18:00:00,38,24132,17303,6829,0.0299,94.7368,5.2632,5.2632,0.0,9604.0,13464.55,15233.69,9758.65,157.2,9,21,24,2.6316,7.8947,7.8947,0.0,1014,635.0526,0.3947,0.0008,0.0008,14.8484
2026-06-27 19:00:00,50,33310,22712,10598,0.04,94.0,6.0,0.0,4.0,9301.0,13454.0,15819.73,9766.75,238.25,10,23,28,0.0,4.0,22.0,0.0,1786,666.2,0.4666,0.0008,0.0009,16.8522
2026-06-27 20:00:00,35,23772,16619,7153,0.0296,100.0,0.0,0.0,0.0,8896.0,13926.2,16796.84,10254.3,137.6,10,19,22,0.0,8.5714,11.4286,0.0,1132,679.2,0.4304,0.0008,0.0008,15.8255
2026-06-27 21:00:00,53,33177,22342,10835,0.0414,94.3396,5.6604,1.8868,3.7736,9154.0,15192.8,16737.16,11240.8,118.0,10,21,29,0.0,0.0,20.7547,0.0,1711,625.9811,0.485,0.0008,0.0008,15.7914
2026-06-27 22:00:00,24,16146,11820,4326,0.0208,100.0,0.0,0.0,0.0,8329.5,16491.15,18037.13,12203.2,156.0,8,16,15,0.0,8.3333,29.1667,0.0,778,672.75,0.366,0.0009,0.0009,17.9843
2026-06-27 23:00:00,19,14907,11228,3679,0.0179,89.4737,10.5263,0.0,5.2632,9033.0,13113.1,15554.62,9609.7,173.5,8,14,15,5.2632,15.7895,10.5263,0.0,559,784.5789,0.3277,0.0009,0.0011,15.1943
2026-06-28 00:00:00,9,5852,4285,1567,0.0073,88.8889,11.1111,11.1111,0.0,5965.0,8558.2,9832.44,8425.0,141.2,5,8,6,0.0,0.0,22.2222,0.0,176,650.2222,0.3657,0.0008,0.0009,11.2317
2026-06-28 01:00:00,24,17351,12577,4774,0.021,83.3333,16.6667,0.0,12.5,6015.0,7039.25,7139.33,6457.15,119.2,9,15,17,0.0,8.3333,29.1667,0.0,777,722.9583,0.3796,0.0009,0.001,16.2757
2026-06-28 02:00:00,11,6110,3967,2143,0.0083,100.0,0.0,0.0,0.0,6120.0,6629.0,6880.2,6446.5,105.5,7,10,9,0.0,18.1818,36.3636,0.0,257,555.4545,0.5402,0.0008,0.0008,11.9925
2026-06-28 03:00:00,20,13613,9731,3882,0.0169,95.0,5.0,0.0,0.0,5924.0,6801.35,8524.27,6771.35,159.0,8,14,16,0.0,5.0,20.0,0.0,674,680.65,0.3989,0.0008,0.0009,17.3622
2026-06-28 04:00:00,19,12601,8619,3982,0.0157,100.0,0.0,0.0,0.0,6172.0,9133.2,9487.44,8746.2,129.7,7,11,14,0.0,5.2632,10.5263,0.0,627,663.2105,0.462,0.0008,0.0008,15.7459
2026-06-28 05:00:00,19,14214,10245,3969,0.0177,100.0,0.0,0.0,0.0,6044.0,7229.9,8445.98,7199.9,112.5,8,12,15,0.0,0.0,47.3684,0.0,554,748.1053,0.3874,0.0009,0.0009,13.9582
2026-06-28 06:00:00,63,48022,36925,11097,0.0615,100.0,0.0,0.0,0.0,5855.0,8252.2,8830.32,7120.5,182.8,10,29,30,4.7619,3.1746,23.8095,0.0,1623,762.254,0.3005,0.001,0.001,14.6256
2026-06-28 07:00:00,47,31182,22446,8736,0.0389,97.8723,2.1277,0.0,0.0,6004.0,7358.9,9421.38,7214.8,148.3,9,20,25,2.1277,0.0,10.6383,0.0,1308,663.4468,0.3892,0.0008,0.0008,14.9725
2026-06-28 08:00:00,39,24696,16369,8327,0.0296,94.8718,5.1282,2.5641,0.0,6000.0,6547.5,6782.34,6348.1,163.2,8,19,20,0.0,2.5641,17.9487,0.0,1366,633.2308,0.5087,0.0008,0.0008,16.4045
2026-06-28 09:00:00,86,57987,40566,17421,0.0726,98.8372,1.1628,1.1628,0.0,5832.5,7303.25,9778.2,6569.0,149.0,10,27,35,0.0,3.4884,22.093,0.0,2706,674.2674,0.4294,0.0008,0.0009,15.533
2026-06-28 10:00:00,74,48025,34067,13958,0.0608,98.6486,1.3514,1.3514,0.0,5892.0,8295.8,9126.45,7704.6,166.35,10,28,32,0.0,5.4054,17.5676,0.0,2145,648.9865,0.4097,0.0008,0.0008,15.3675
2026-06-28 11:00:00,92,58963,38734,20229,0.0731,97.8261,2.1739,0.0,2.1739,6058.0,8601.5,9164.81,7710.7,167.45,10,25,36,4.3478,3.2609,10.8696,0.0,2851,640.9022,0.5223,0.0008,0.0008,14.0936
2026-06-28 12:00:00,94,63205,42573,20632,0.0781,96.8085,3.1915,0.0,1.0638,5947.5,7444.75,9183.68,6803.0,144.05,10,26,39,1.0638,5.3191,22.3404,1.0638,3217,672.3936,0.4846,0.0008,0.0009,15.5923
2026-06-28 13:00:00,80,50208,33252,16956,0.0634,93.75,6.25,1.25,3.75,5969.0,8571.85,9203.63,8491.85,151.75,10,27,27,1.25,5.0,15.0,0.0,2624,627.6,0.5099,0.0008,0.0008,15.4753
2026-06-28 14:00:00,84,61324,44581,16743,0.0804,95.2381,4.7619,0.0,2.381,5908.5,7007.4,8159.78,6801.8,140.9,10,26,28,0.0,1.1905,22.619,0.0,2727,730.0476,0.3756,0.001,0.001,16.2874
2026-06-28 15:00:00,89,64099,46093,18006,0.0801,100.0,0.0,0.0,0.0,5949.0,8313.0,9169.64,8283.0,148.8,10,26,30,1.1236,1.1236,20.2247,0.0,2646,720.2135,0.3906,0.0009,0.0009,14.6951
2026-06-28 16:00:00,88,58345,40461,17884,0.0766,96.5909,3.4091,0.0,2.2727,5986.5,7127.9,9354.78,6670.3,151.65,10,25,32,0.0,4.5455,14.7727,0.0,2762,663.0114,0.442,0.0009,0.0009,15.444
2026-06-28 17:00:00,80,53135,37600,15535,0.0685,96.25,3.75,0.0,1.25,5799.5,8725.6,9103.35,8524.35,144.3,10,26,33,2.5,3.75,16.25,2.5,2416,664.1875,0.4132,0.0009,0.0009,15.552
2026-06-28 18:00:00,48,42011,29430,12581,0.0515,93.75,6.25,2.0833,2.0833,6164.0,9130.25,9539.83,8830.5,168.0,9,20,23,0.0,0.0,14.5833,0.0,2012,875.2292,0.4275,0.0011,0.0011,15.9924
2026-06-28 19:00:00,41,28243,21116,7127,0.0347,100.0,0.0,0.0,0.0,5800.0,8857.0,9284.0,8827.0,151.0,9,23,23,0.0,2.439,9.7561,0.0,1278,688.8537,0.3375,0.0008,0.0008,17.9318
2026-06-28 20:00:00,58,36942,24900,12042,0.0464,94.8276,5.1724,0.0,5.1724,5999.5,7254.65,8548.82,7034.85,174.9,10,24,26,0.0,5.1724,18.9655,0.0,1842,636.931,0.4836,0.0008,0.0008,15.2965
2026-06-28 21:00:00,48,29756,20105,9651,0.0371,97.9167,2.0833,0.0,0.0,5994.5,7037.0,8733.84,6514.2,211.8,10,21,27,0.0,6.25,20.8333,0.0,1584,619.9167,0.48,0.0008,0.0008,16.4128
2026-06-28 22:00:00,17,14497,10245,4252,0.0174,100.0,0.0,0.0,0.0,6091.0,6977.0,7559.4,6289.4,148.6,7,13,12,0.0,17.6471,23.5294,0.0,742,852.7647,0.415,0.001,0.001,17.4506
2026-06-28 23:00:00,22,17780,12384,5396,0.0213,95.4545,4.5455,0.0,0.0,6209.5,7344.1,9006.05,6686.65,146.3,8,14,13,0.0,4.5455,22.7273,0.0,902,808.1818,0.4357,0.001,0.001,16.7161
2026-06-29 00:00:00,22,14029,9723,4306,0.0172,90.9091,9.0909,0.0,0.0,5923.5,7217.25,8139.18,6720.75,161.45,8,15,15,0.0,9.0909,13.6364,0.0,572,637.6818,0.4429,0.0008,0.0009,13.2838
2026-06-29 01:00:00,19,15975,11891,4084,0.0231,94.7368,5.2632,5.2632,0.0,5742.0,7144.8,7344.96,6828.7,103.8,9,13,14,0.0,10.5263,21.0526,5.2632,595,840.7895,0.3435,0.0012,0.0013,14.569
2026-06-29 02:00:00,23,18372,13655,4717,0.0222,91.3043,8.6957,4.3478,4.3478,5933.0,8320.1,8872.12,8231.6,95.9,9,15,15,0.0,0.0,13.0435,0.0,646,798.7826,0.3454,0.001,0.0011,13.6951
2026-06-29 03:00:00,21,14189,9353,4836,0.0183,85.7143,14.2857,0.0,4.7619,5942.0,7304.0,8621.6,7035.0,122.0,9,14,13,0.0,19.0476,4.7619,0.0,774,675.6667,0.5171,0.0009,0.001,16.005
2026-06-29 04:00:00,20,11670,7772,3898,0.014,100.0,0.0,0.0,0.0,5913.5,7031.3,8373.46,7001.3,165.45,8,13,13,0.0,0.0,40.0,0.0,712,583.5,0.5015,0.0007,0.0007,18.2658
2026-06-29 05:00:00,22,14437,10427,4010,0.0196,100.0,0.0,0.0,0.0,5835.0,7248.4,8475.81,6974.3,116.55,8,14,16,0.0,13.6364,18.1818,0.0,657,656.2273,0.3846,0.0009,0.0009,16.384
2026-06-29 06:00:00,65,40667,27938,12729,0.0532,98.4615,1.5385,0.0,1.5385,5884.0,7473.6,8498.84,7170.4,155.6,10,24,23,1.5385,6.1538,26.1538,0.0,2177,625.6462,0.4556,0.0008,0.0008,17.1027
2026-06-29 07:00:00,58,39086,28576,10510,0.0507,100.0,0.0,0.0,0.0,6028.5,9087.75,9772.86,9057.75,190.05,9,23,24,0.0,1.7241,24.1379,0.0,1566,673.8966,0.3678,0.0009,0.0009,14.9001
2026-06-29 08:00:00,63,40524,28877,11647,0.0501,98.4127,1.5873,0.0,0.0,5921.0,7016.2,8839.2,6893.2,154.0,10,25,29,0.0,3.1746,15.873,0.0,1792,643.2381,0.4033,0.0008,0.0008,15.3859
2026-06-29 09:00:00,120,83863,56700,27163,0.1045,95.8333,4.1667,1.6667,0.0,5948.5,8631.55,9264.78,8098.3,161.3,10,28,33,1.6667,3.3333,19.1667,0.0,4335,698.8583,0.4791,0.0009,0.0009,15.9592
2026-06-29 10:00:00,119,79809,55875,23934,0.0986,98.3193,1.6807,0.0,0.8403,5964.0,8522.4,8993.9,8428.1,149.2,10,29,36,0.8403,1.6807,16.8067,0.0,4085,670.6639,0.4283,0.0008,0.0008,17.0678
2026-06-29 11:00:00,113,76731,53976,22755,0.0952,97.3451,2.6549,0.885,1.7699,5985.0,7845.8,9656.6,7402.0,161.2,10,26,37,1.7699,3.5398,23.8938,0.0,3493,679.0354,0.4216,0.0008,0.0009,15.3505
2026-06-29 12:00:00,127,88954,62095,26859,0.1082,96.8504,3.1496,0.7874,1.5748,6043.0,8294.5,8990.78,8146.1,177.6,10,25,35,2.3622,5.5118,24.4094,0.0,4508,700.4252,0.4325,0.0009,0.0009,16.7839
2026-06-29 13:00:00,126,94017,67971,26046,0.1197,96.0317,3.9683,0.0,1.5873,5933.0,8665.5,9743.5,8510.75,149.25,10,26,38,0.0,3.1746,12.6984,0.0,3806,746.1667,0.3832,0.0009,0.001,14.6126
2026-06-29 14:00:00,136,91315,66335,24980,0.1131,94.8529,5.1471,1.4706,2.2059,5869.5,8026.5,8820.7,7515.0,155.25,10,30,39,0.7353,6.6176,22.0588,0.0,3913,671.4338,0.3766,0.0008,0.0009,15.6645
2026-06-29 15:00:00,126,73921,51113,22808,0.0918,98.4127,1.5873,0.0,1.5873,5886.5,7851.5,9066.0,7797.0,170.75,10,30,37,0.7937,7.1429,12.6984,0.0,3425,586.6746,0.4462,0.0007,0.0007,15.0167
2026-06-29 16:00:00,108,75126,55057,20069,0.0959,98.1481,1.8519,0.0,0.0,5887.0,7437.9,8634.48,7241.6,143.65,10,29,39,0.0,4.6296,22.2222,0.0,3085,695.6111,0.3645,0.0009,0.0009,15.372
2026-06-29 17:00:00,128,82963,58369,24594,0.1048,94.5312,5.4688,1.5625,3.125,5955.5,7485.8,8169.04,6936.6,150.55,10,29,40,1.5625,3.9062,18.75,0.0,3854,648.1484,0.4214,0.0008,0.0009,15.6705
2026-06-29 18:00:00,68,46655,33060,13595,0.0594,100.0,0.0,0.0,0.0,5869.5,8940.35,9267.75,8910.35,144.65,10,24,30,0.0,1.4706,22.0588,1.4706,2099,686.1029,0.4112,0.0009,0.0009,15.4395
2026-06-29 19:00:00,73,42754,30121,12633,0.054,97.2603,2.7397,0.0,0.0,5825.0,7190.6,8479.48,6418.6,136.0,10,27,30,1.3699,4.1096,20.5479,0.0,1975,585.6712,0.4194,0.0007,0.0008,15.6337
2026-06-29 20:00:00,72,50848,35943,14905,0.0645,97.2222,2.7778,0.0,1.3889,5867.5,7771.9,8540.71,6866.4,168.45,10,25,30,0.0,0.0,9.7222,0.0,2455,706.2222,0.4147,0.0009,0.0009,16.471
2026-06-29 21:00:00,95,56194,38929,17265,0.0704,97.8947,2.1053,1.0526,1.0526,5893.0,7322.3,9001.3,7292.3,183.9,10,25,29,0.0,2.1053,20.0,0.0,2738,591.5158,0.4435,0.0007,0.0008,15.8587
2026-06-29 22:00:00,34,22860,16561,6299,0.0275,100.0,0.0,0.0,0.0,5880.5,7372.65,8435.31,6734.8,173.1,9,18,20,2.9412,5.8824,20.5882,0.0,1086,672.3529,0.3804,0.0008,0.0008,17.2408
2026-06-29 23:00:00,29,16635,11314,5321,0.021,96.5517,3.4483,0.0,3.4483,5864.0,7156.2,7359.96,6979.2,178.0,10,18,24,3.4483,0.0,17.2414,0.0,801,573.6207,0.4703,0.0007,0.0007,15.0536
2026-06-30 00:00:00,32,21132,15349,5783,0.028,96.875,3.125,0.0,0.0,5926.5,8347.75,9121.65,8317.75,166.7,10,18,21,0.0,6.25,25.0,0.0,860,660.375,0.3768,0.0009,0.0009,14.8712
2026-06-30 01:00:00,30,21641,14603,7038,0.026,93.3333,6.6667,3.3333,3.3333,6158.0,8018.5,8174.94,7687.9,136.95,9,17,19,0.0,3.3333,20.0,0.0,1244,721.3667,0.482,0.0009,0.0009,17.6755
2026-06-30 02:00:00,39,25429,17650,7779,0.0334,100.0,0.0,0.0,0.0,5942.0,7309.8,8613.62,6667.6,217.5,10,22,19,0.0,2.5641,20.5128,2.5641,1157,652.0256,0.4407,0.0009,0.0009,14.8734
2026-06-30 03:00:00,31,23330,16048,7282,0.0285,96.7742,3.2258,3.2258,0.0,6145.0,7836.0,7954.5,7348.0,141.0,9,19,20,0.0,6.4516,19.3548,0.0,1022,752.5806,0.4538,0.0009,0.001,14.0346
2026-06-30 04:00:00,23,18373,13526,4847,0.022,100.0,0.0,0.0,0.0,5926.0,6887.9,7151.12,6580.0,120.7,8,16,15,0.0,0.0,26.087,0.0,898,798.8261,0.3583,0.001,0.001,18.5269
2026-06-30 05:00:00,34,26383,18820,7563,0.0341,97.0588,2.9412,0.0,2.9412,5915.5,8994.6,9246.49,8964.6,125.35,9,22,21,2.9412,8.8235,29.4118,0.0,1227,775.9706,0.4019,0.001,0.001,16.2237
2026-06-30 06:00:00,72,50535,35612,14923,0.0612,100.0,0.0,0.0,0.0,6082.0,8457.85,9042.39,8127.0,127.45,10,26,33,4.1667,1.3889,22.2222,0.0,2184,701.875,0.419,0.0009,0.0009,14.6351
2026-06-30 07:00:00,72,49077,35577,13500,0.065,97.2222,2.7778,0.0,1.3889,5871.0,7614.9,9597.33,7012.05,182.25,10,24,31,0.0,2.7778,15.2778,0.0,2031,681.625,0.3795,0.0009,0.0009,15.0444
2026-06-30 08:00:00,69,40587,28955,11632,0.0505,97.1014,2.8986,0.0,2.8986,5954.0,7247.0,8754.76,7158.6,155.8,9,24,28,2.8986,1.4493,23.1884,0.0,1931,588.2174,0.4017,0.0007,0.0008,16.6008
2026-06-30 09:00:00,138,95492,67233,28259,0.1221,86.2319,13.7681,0.7246,12.3188,5895.5,7207.9,8484.27,6868.45,174.6,10,29,38,2.1739,2.8986,16.6667,0.0,3968,691.971,0.4203,0.0009,0.001,14.0415
2026-06-30 10:00:00,113,77844,55054,22790,0.1041,95.5752,4.4248,0.885,0.0,5940.0,8686.2,9474.44,8451.6,157.4,10,30,38,0.885,6.1947,13.2743,0.0,3246,688.885,0.414,0.0009,0.001,14.2431
2026-06-30 11:00:00,137,89521,62534,26987,0.1105,97.0803,2.9197,0.7299,0.7299,5901.0,7692.6,8857.84,7223.2,162.2,10,29,39,1.4599,2.1898,16.0584,0.0,4201,653.438,0.4316,0.0008,0.0008,15.5668
2026-06-30 12:00:00,142,90775,60606,30169,0.1118,97.1831,2.8169,0.7042,2.1127,6012.5,8027.75,9395.55,7239.45,171.6,10,28,39,2.1127,5.6338,19.7183,0.7042,4914,639.2606,0.4978,0.0008,0.0008,16.2882
2026-06-30 13:00:00,112,78602,55224,23378,0.0989,98.2143,1.7857,0.8929,0.8929,5940.0,8607.9,8961.08,8463.25,173.45,10,28,36,1.7857,1.7857,16.9643,0.0,3732,701.8036,0.4233,0.0009,0.0009,15.9637
2026-06-30 14:00:00,146,93424,64270,29154,0.1195,96.5753,3.4247,0.6849,2.0548,5941.5,7341.5,8692.55,7072.75,168.25,10,30,41,1.3699,4.7945,19.863,0.0,4731,639.8904,0.4536,0.0008,0.0008,16.2276
2026-06-30 15:00:00,109,76800,53607,23193,0.0947,94.4954,5.5046,1.8349,1.8349,6024.0,8310.0,8986.88,7856.6,156.2,10,28,36,0.9174,4.5872,13.7615,0.0,3678,704.5872,0.4326,0.0009,0.0009,15.8582
2026-06-30 16:00:00,103,71886,49241,22645,0.0907,92.233,7.767,0.9709,4.8544,5937.0,7943.7,9366.28,7824.7,169.3,10,30,42,0.9709,4.8544,18.4466,0.0,3599,697.9223,0.4599,0.0009,0.001,15.8931
2026-06-30 17:00:00,126,87013,62655,24358,0.1121,96.0317,3.9683,0.0,2.381,5880.0,8266.0,9414.0,8236.0,178.75,10,30,38,0.7937,5.5556,18.254,0.0,4181,690.5794,0.3888,0.0009,0.0009,17.1648
2026-06-30 18:00:00,57,36174,23589,12585,0.0463,98.2456,1.7544,0.0,0.0,6095.0,8032.2,8551.36,7295.0,139.0,10,24,25,3.5088,1.7544,12.2807,0.0,1999,634.6316,0.5335,0.0008,0.0008,15.884
2026-06-30 19:00:00,88,58104,39791,18313,0.0717,96.5909,3.4091,1.1364,1.1364,5995.0,8534.4,9061.26,8325.5,168.9,9,25,33,0.0,6.8182,20.4545,0.0,2873,660.2727,0.4602,0.0008,0.0008,15.6883
2026-06-30 20:00:00,80,53907,37367,16540,0.0674,95.0,5.0,3.75,0.0,5941.5,7523.95,9152.73,7041.1,133.8,10,28,30,0.0,0.0,22.5,0.0,2626,673.8375,0.4426,0.0008,0.0009,15.8767
2026-06-30 21:00:00,66,44268,30585,13683,0.058,92.4242,7.5758,0.0,6.0606,5885.0,7588.5,9172.8,6606.75,130.0,10,24,31,1.5152,6.0606,21.2121,0.0,2149,670.7273,0.4474,0.0009,0.001,15.7056
2026-06-30 22:00:00,37,24901,16604,8297,0.0329,97.2973,2.7027,0.0,0.0,5904.0,7412.8,8290.24,6678.8,156.0,10,19,20,0.0,5.4054,24.3243,0.0,1051,673.0,0.4997,0.0009,0.0009,12.6672
2026-06-30 23:00:00,34,22690,15674,7016,0.0283,100.0,0.0,0.0,0.0,6014.5,7296.9,7472.7,7027.9,165.2,10,21,22,0.0,2.9412,20.5882,0.0,1046,667.3529,0.4476,0.0008,0.0008,14.9088
2026-07-01 00:00:00,21,13837,9549,4288,0.0174,100.0,0.0,0.0,0.0,5761.0,7050.0,7130.0,5963.0,132.0,8,14,16,0.0,4.7619,14.2857,0.0,712,658.9048,0.4491,0.0008,0.0008,16.6045
2026-07-01 01:00:00,29,16524,10355,6169,0.0198,93.1034,6.8966,3.4483,0.0,6097.0,7470.6,7869.96,6944.6,135.6,8,16,18,0.0,0.0,6.8966,0.0,910,569.7931,0.5958,0.0007,0.0007,14.7512
2026-07-01 02:00:00,20,13957,9584,4373,0.0171,95.0,5.0,0.0,0.0,5939.5,7782.7,8446.94,6392.3,182.25,8,12,12,0.0,0.0,10.0,0.0,742,697.85,0.4563,0.0009,0.0009,16.9678
2026-07-01 03:00:00,21,12151,7319,4832,0.0148,100.0,0.0,0.0,0.0,6214.0,8377.0,8836.2,7858.0,133.0,8,12,12,0.0,0.0,14.2857,0.0,785,578.619,0.6602,0.0007,0.0007,16.2459
2026-07-01 04:00:00,15,9602,6234,3368,0.0122,100.0,0.0,0.0,0.0,5878.0,7448.4,7984.88,5900.2,118.2,8,10,12,0.0,20.0,13.3333,0.0,521,640.1333,0.5403,0.0008,0.0008,15.4691
2026-07-01 05:00:00,37,24814,16876,7938,0.0307,97.2973,2.7027,0.0,0.0,5879.0,8292.0,8600.16,7517.6,158.2,10,22,24,0.0,2.7027,21.6216,0.0,1381,670.6486,0.4704,0.0008,0.0009,17.3973
2026-07-01 06:00:00,70,50010,33252,16758,0.0622,92.8571,7.1429,0.0,2.8571,6053.5,8460.75,9359.66,8430.75,154.3,10,23,26,1.4286,12.8571,14.2857,0.0,2738,714.4286,0.504,0.0009,0.001,16.3385
2026-07-01 07:00:00,62,41279,27978,13301,0.052,95.1613,4.8387,3.2258,1.6129,5910.0,7387.2,8735.92,6779.8,182.85,10,22,28,4.8387,8.0645,24.1935,1.6129,2235,665.7903,0.4754,0.0008,0.0009,16.8032
2026-07-01 08:00:00,71,48867,35634,13233,0.0617,97.1831,2.8169,1.4085,0.0,5908.0,7614.0,8986.1,6926.5,164.5,10,25,30,0.0,5.6338,12.6761,0.0,2237,688.2676,0.3714,0.0009,0.0009,16.9047
2026-07-01 09:00:00,110,76135,53765,22370,0.099,97.2727,2.7273,0.0,1.8182,6031.0,8492.8,9112.65,7902.1,175.1,10,28,36,0.0,0.9091,26.3636,0.9091,3475,692.1364,0.4161,0.0009,0.0009,15.5342
2026-07-01 10:00:00,125,83367,58188,25179,0.106,99.2,0.8,0.8,0.0,6008.0,7239.2,8199.4,7038.2,158.4,10,28,34,0.8,2.4,12.8,0.0,3983,666.936,0.4327,0.0008,0.0009,15.8187
2026-07-01 11:00:00,129,90206,64979,25227,0.1126,96.8992,3.1008,0.7752,1.5504,5992.0,8023.6,9181.32,7206.8,178.2,10,28,36,0.0,1.5504,15.5039,0.0,4053,699.2713,0.3882,0.0009,0.0009,16.0661
2026-07-01 12:00:00,122,81277,56929,24348,0.1037,97.541,2.459,0.0,1.6393,5924.5,7461.25,8747.81,7401.85,145.0,10,28,35,1.6393,2.459,24.5902,0.0,3726,666.2049,0.4277,0.0008,0.0009,15.3031
2026-07-01 13:00:00,118,81781,57419,24362,0.1016,97.4576,2.5424,0.0,1.6949,5903.0,8380.3,9264.75,8315.95,128.5,10,28,37,1.6949,4.2373,14.4068,0.0,3714,693.0593,0.4243,0.0009,0.0009,15.2451
2026-07-01 14:00:00,118,79239,55303,23936,0.0964,96.6102,3.3898,0.8475,0.0,6005.0,8216.8,9230.39,8014.25,169.3,10,27,35,0.8475,5.9322,21.1864,0.0,3950,671.5169,0.4328,0.0008,0.0008,16.5023
2026-07-01 15:00:00,106,68589,46703,21886,0.0871,94.3396,5.6604,1.8868,3.7736,5988.0,7611.0,8392.05,7317.5,159.25,10,29,35,0.9434,6.6038,16.0377,0.0,3208,647.066,0.4686,0.0008,0.0009,14.6578
2026-07-01 16:00:00,120,82896,59778,23118,0.102,97.5,2.5,0.8333,0.8333,6008.5,7690.6,9240.28,7542.55,147.05,10,29,38,0.8333,5.8333,20.8333,0.0,3799,690.8,0.3867,0.0008,0.0009,16.4331
2026-07-01 17:00:00,134,93556,66564,26992,0.1194,97.0149,2.9851,0.7463,1.4925,5956.5,7927.65,8674.31,7866.45,156.05,10,30,38,1.4925,5.9701,14.9254,0.0,3754,698.1791,0.4055,0.0009,0.0009,13.9078
2026-07-01 18:00:00,72,51298,36265,15033,0.0665,98.6111,1.3889,0.0,1.3889,6094.0,8325.5,9108.58,8281.6,177.35,10,25,31,1.3889,4.1667,20.8333,0.0,2617,712.4722,0.4145,0.0009,0.0009,17.4084
2026-07-01 19:00:00,75,55203,40777,14426,0.0671,97.3333,2.6667,1.3333,0.0,6016.0,7076.9,8059.82,6807.8,202.7,10,25,28,0.0,2.6667,17.3333,0.0,2372,736.04,0.3538,0.0009,0.0009,16.4425
2026-07-01 20:00:00,58,39202,26069,13133,0.0511,96.5517,3.4483,1.7241,1.7241,5943.5,7124.2,8061.13,6970.95,203.35,10,24,31,0.0,6.8966,20.6897,0.0,2136,675.8966,0.5038,0.0009,0.0009,16.2644
2026-07-01 21:00:00,70,48922,34711,14211,0.061,97.1429,2.8571,0.0,1.4286,6006.0,8192.3,9318.05,8162.3,134.0,10,26,33,0.0,2.8571,18.5714,0.0,2427,698.8857,0.4094,0.0009,0.0009,17.0783
2026-07-01 22:00:00,35,23682,16649,7033,0.0292,97.1429,2.8571,0.0,0.0,5931.0,7622.6,8445.88,7269.9,127.2,10,20,23,0.0,2.8571,17.1429,0.0,1167,676.6286,0.4224,0.0008,0.0009,16.5932
2026-07-01 23:00:00,37,26820,18026,8794,0.0356,97.2973,2.7027,0.0,0.0,6079.0,7889.2,8761.52,7058.2,180.0,8,19,21,0.0,0.0,18.9189,0.0,1393,724.8649,0.4879,0.001,0.001,15.8403
2026-07-02 00:00:00,34,22546,16618,5928,0.0289,94.1176,5.8824,2.9412,0.0,6023.5,8966.35,9213.59,8936.35,171.4,8,18,21,2.9412,5.8824,29.4118,0.0,942,663.1176,0.3567,0.0008,0.0009,15.8907
2026-07-02 01:00:00,27,17956,13196,4760,0.0223,96.2963,3.7037,0.0,0.0,5960.0,8694.9,9570.64,8574.6,177.5,9,19,18,0.0,7.4074,14.8148,0.0,732,665.037,0.3607,0.0008,0.0009,15.3782
2026-07-02 02:00:00,23,14399,10788,3611,0.0181,95.6522,4.3478,0.0,4.3478,5796.0,7061.3,8251.56,7019.0,70.6,8,15,19,8.6957,0.0,17.3913,0.0,536,626.0435,0.3347,0.0008,0.0008,14.8435
2026-07-02 03:00:00,22,17544,11927,5617,0.0231,100.0,0.0,0.0,0.0,6246.0,7862.0,7944.68,7342.8,149.65,9,16,15,0.0,0.0,9.0909,0.0,814,797.4545,0.4709,0.0011,0.0011,14.4917
2026-07-02 04:00:00,21,13998,10069,3929,0.0168,95.2381,4.7619,4.7619,0.0,6054.0,8483.0,9070.2,8453.0,258.0,8,12,15,0.0,4.7619,28.5714,0.0,555,666.5714,0.3902,0.0008,0.0008,14.1257
2026-07-02 05:00:00,31,19393,13533,5860,0.0233,100.0,0.0,0.0,0.0,5934.0,6850.0,9067.5,6175.5,130.0,10,21,24,6.4516,3.2258,12.9032,0.0,908,625.5806,0.433,0.0008,0.0008,15.4949
2026-07-02 06:00:00,80,56727,39511,17216,0.0719,97.5,2.5,0.0,2.5,5909.5,7797.7,10573.85,6960.85,154.05,10,26,31,0.0,1.25,8.75,0.0,2825,709.0875,0.4357,0.0009,0.0009,16.4092
2026-07-02 07:00:00,57,45339,33933,11406,0.0572,91.2281,8.7719,0.0,5.2632,5996.0,7180.2,8498.6,6751.4,145.6,10,27,29,0.0,12.2807,21.0526,0.0,1666,795.4211,0.3361,0.001,0.0011,14.6063
2026-07-02 08:00:00,65,49104,33594,15510,0.0604,100.0,0.0,0.0,0.0,6039.0,8089.8,9529.08,7073.8,156.6,10,24,31,0.0,4.6154,16.9231,0.0,2538,755.4462,0.4617,0.0009,0.0009,16.3636
2026-07-02 09:00:00,109,71041,49105,21936,0.0873,96.3303,3.6697,0.9174,1.8349,6003.0,7469.2,8788.84,6933.0,165.2,10,29,38,1.8349,4.5872,15.5963,0.0,3698,651.7523,0.4467,0.0008,0.0008,16.8581
2026-07-02 10:00:00,131,90060,62148,27912,0.1105,92.3664,7.6336,0.7634,4.5802,6030.0,8468.5,9520.4,8061.5,162.0,10,29,37,0.7634,5.3435,17.5573,0.0,4846,687.4809,0.4491,0.0008,0.0009,17.3617
2026-07-02 11:00:00,108,75326,53544,21782,0.0937,98.1481,1.8519,0.0,0.9259,6054.5,8007.35,8949.8,7839.8,197.4,10,29,33,1.8519,4.6296,24.0741,0.0,3414,697.463,0.4068,0.0009,0.0009,15.6735
2026-07-02 12:00:00,124,85241,59866,25375,0.1082,94.3548,5.6452,0.8065,3.2258,6016.5,8528.1,9482.94,8310.45,144.85,10,29,39,1.6129,4.0323,24.1935,0.0,3736,687.4274,0.4239,0.0009,0.0009,14.7232
2026-07-02 13:00:00,114,85331,61996,23335,0.1038,95.614,4.386,0.8772,2.6316,5991.5,8406.8,9295.1,7965.35,145.35,10,27,36,2.6316,4.386,23.6842,0.0,4049,748.5175,0.3764,0.0009,0.001,17.3516
2026-07-02 14:00:00,112,75428,53625,21803,0.0945,96.4286,3.5714,0.0,2.6786,6085.0,8995.8,10124.94,8965.8,156.3,10,29,35,0.8929,2.6786,13.3929,0.0,3720,673.4643,0.4066,0.0008,0.0009,17.0619
2026-07-02 15:00:00,142,92116,64932,27184,0.1154,98.5915,1.4085,0.7042,0.7042,5931.5,7085.5,8688.95,6793.8,168.35,10,29,39,1.4085,2.8169,19.7183,0.7042,4160,648.7042,0.4187,0.0008,0.0008,15.3031
2026-07-02 16:00:00,134,93685,67756,25929,0.1202,96.2687,3.7313,1.4925,1.4925,5974.0,7837.8,8989.65,7625.45,176.4,10,27,40,0.7463,5.2239,17.9104,0.0,4246,699.1418,0.3827,0.0009,0.0009,16.3755
2026-07-02 17:00:00,123,93038,66808,26230,0.1206,95.122,4.878,1.626,2.439,5984.0,8888.4,9522.9,8691.8,182.2,10,28,35,0.0,4.878,18.6992,0.0,4365,756.4065,0.3926,0.001,0.001,16.6413
2026-07-02 18:00:00,86,55959,38981,16978,0.0705,93.0233,6.9767,1.1628,3.4884,5927.0,7448.75,8059.65,6823.0,163.0,10,25,26,3.4884,3.4884,23.2558,0.0,2456,650.686,0.4355,0.0008,0.0009,14.4658
2026-07-02 19:00:00,67,48508,35230,13278,0.0638,89.5522,10.4478,1.4925,2.9851,6001.0,7437.8,7940.16,7205.2,172.6,10,26,30,0.0,5.9701,14.9254,1.4925,2163,724.0,0.3769,0.001,0.0011,16.2901
2026-07-02 20:00:00,78,54682,38810,15872,0.069,97.4359,2.5641,0.0,1.2821,5939.0,7622.05,9356.36,6970.45,163.55,10,26,31,0.0,1.2821,24.359,0.0,2396,701.0513,0.409,0.0009,0.0009,15.0958
2026-07-02 21:00:00,78,50901,35226,15675,0.0636,94.8718,5.1282,0.0,3.8462,5977.0,8356.8,9863.53,7914.3,147.6,10,29,32,0.0,6.4103,16.6667,1.2821,2679,652.5769,0.445,0.0008,0.0009,17.0909
2026-07-02 22:00:00,43,28676,19680,8996,0.0349,93.0233,6.9767,0.0,6.9767,6193.0,8108.2,8884.86,8046.6,170.4,10,22,26,0.0,9.3023,16.2791,0.0,1389,666.8837,0.4571,0.0008,0.0009,15.4402
2026-07-02 23:00:00,36,21936,14469,7467,0.0271,91.6667,8.3333,0.0,5.5556,6133.0,7146.0,8677.7,7116.0,226.25,9,21,21,0.0,2.7778,25.0,0.0,1178,609.3333,0.5161,0.0008,0.0008,15.7761
2026-07-03 00:00:00,30,19602,12994,6608,0.0244,93.3333,6.6667,3.3333,0.0,5876.0,7155.65,7322.93,5783.1,124.95,9,18,20,0.0,6.6667,23.3333,0.0,1019,653.4,0.5085,0.0008,0.0009,15.4207
2026-07-03 01:00:00,33,24056,16794,7262,0.0325,93.9394,6.0606,0.0,3.0303,5809.0,7358.8,7493.68,6792.8,127.2,9,18,20,0.0,15.1515,24.2424,0.0,1059,728.9697,0.4324,0.001,0.001,14.5828
2026-07-03 02:00:00,30,24285,17897,6388,0.0304,93.3333,6.6667,0.0,6.6667,6117.5,8964.1,9834.63,8784.5,158.65,10,21,17,0.0,3.3333,43.3333,0.0,964,809.5,0.3569,0.001,0.0011,15.0908
2026-07-03 03:00:00,21,15972,10924,5048,0.0192,100.0,0.0,0.0,0.0,5912.0,6853.0,8416.2,5687.0,190.0,8,13,17,0.0,4.7619,23.8095,0.0,916,760.5714,0.4621,0.0009,0.0009,18.1458
2026-07-03 04:00:00,28,18904,14804,4100,0.0235,100.0,0.0,0.0,0.0,6056.5,9215.85,9385.88,9185.85,192.05,8,16,16,0.0,0.0,25.0,0.0,630,675.1429,0.277,0.0008,0.0008,15.3659
2026-07-03 05:00:00,36,22496,15757,6739,0.029,97.2222,2.7778,0.0,0.0,5984.0,9161.25,10062.85,8929.25,204.75,10,20,25,2.7778,0.0,27.7778,0.0,1100,624.8889,0.4277,0.0008,0.0008,16.3229
2026-07-03 06:00:00,100,70832,50380,20452,0.0929,98.0,2.0,0.0,2.0,6075.0,8301.3,9534.07,8068.95,144.1,10,29,34,1.0,4.0,21.0,0.0,3181,708.32,0.406,0.0009,0.0009,15.5535
2026-07-03 07:00:00,106,70261,51368,18893,0.0883,99.0566,0.9434,0.9434,0.0,5990.5,8427.75,9235.75,8105.0,159.25,10,29,36,1.8868,0.9434,16.0377,0.0,2826,662.8396,0.3678,0.0008,0.0008,14.9579
2026-07-03 08:00:00,104,69608,47949,21659,0.0891,95.1923,4.8077,1.9231,0.9615,6010.0,7680.8,8645.61,7163.6,140.85,10,28,33,0.0,3.8462,26.9231,0.0,3598,669.3077,0.4517,0.0009,0.0009,16.612
2026-07-03 09:00:00,158,103484,71719,31765,0.1316,96.2025,3.7975,1.8987,1.8987,6057.0,7609.6,9075.74,7417.2,162.15,10,29,39,0.0,0.6329,18.9873,0.0,5342,654.962,0.4429,0.0008,0.0009,16.8173
2026-07-03 10:00:00,161,104550,72409,32141,0.1321,96.2733,3.7267,1.2422,1.8634,6046.0,7965.0,9500.6,7790.0,168.0,10,29,41,1.8634,1.2422,19.2547,0.0,4824,649.3789,0.4439,0.0008,0.0009,15.0089
2026-07-03 11:00:00,167,127123,90822,36301,0.1626,96.4072,3.5928,0.5988,1.7964,6041.0,8650.1,9146.78,8458.6,164.6,10,30,40,2.3952,0.5988,16.7665,0.0,5673,761.2156,0.3997,0.001,0.001,15.6277
2026-07-03 12:00:00,171,114806,76798,38008,0.1459,95.3216,4.6784,1.1696,1.7544,6065.0,8140.5,9384.6,7810.5,190.5,10,28,40,0.5848,4.6784,14.0351,0.5848,6179,671.3801,0.4949,0.0009,0.0009,16.2571
2026-07-03 13:00:00,166,107615,73056,34559,0.1343,98.1928,1.8072,0.6024,1.2048,6015.5,8908.25,9296.3,8394.0,171.0,10,30,41,0.0,4.2169,19.8795,0.0,5441,648.2831,0.473,0.0008,0.0008,15.7441
2026-07-03 14:00:00,148,103448,74157,29291,0.1287,96.6216,3.3784,1.3514,1.3514,6045.0,7321.15,8787.68,6983.05,162.3,10,30,40,0.6757,6.7568,14.8649,0.0,4543,698.973,0.395,0.0009,0.0009,15.5099
2026-07-03 15:00:00,189,128867,94342,34525,0.1594,95.2381,4.7619,0.0,2.6455,6030.0,8249.8,9300.8,7508.2,156.6,10,29,38,2.6455,4.7619,19.5767,0.0,5393,681.836,0.366,0.0008,0.0009,15.6206
2026-07-03 16:00:00,152,108584,77973,30611,0.1363,97.3684,2.6316,0.0,1.3158,6021.5,8192.9,9189.39,7717.2,178.2,10,29,37,0.0,1.3158,25.0,0.0,5062,714.3684,0.3926,0.0009,0.0009,16.5365
2026-07-03 17:00:00,186,125973,89434,36539,0.1638,94.6237,5.3763,0.0,2.1505,5994.5,7836.5,8910.5,7661.25,162.0,10,30,43,2.1505,4.8387,18.2796,0.0,5646,677.2742,0.4086,0.0009,0.0009,15.452
2026-07-03 18:00:00,107,78463,55689,22774,0.0981,98.1308,1.8692,0.9346,0.0,5952.0,7636.9,8842.0,7005.2,149.1,10,28,35,3.7383,3.7383,27.1028,0.0,3479,733.2991,0.4089,0.0009,0.0009,15.2762
2026-07-03 19:00:00,83,61568,41027,20541,0.0773,95.1807,4.8193,2.4096,0.0,6133.0,7761.2,8975.24,6912.0,125.3,10,26,34,2.4096,6.0241,16.8675,0.0,3227,741.7831,0.5007,0.0009,0.001,15.71
2026-07-03 20:00:00,104,64429,43641,20788,0.0807,98.0769,1.9231,0.9615,0.0,6072.5,8293.1,9345.3,7992.25,162.8,10,27,33,0.9615,5.7692,14.4231,0.0,3434,619.5096,0.4763,0.0008,0.0008,16.5191
2026-07-03 21:00:00,100,67452,47147,20305,0.0834,97.0,3.0,0.0,3.0,5980.5,7557.05,9063.55,6968.5,171.9,10,26,36,0.0,4.0,12.0,0.0,2962,674.52,0.4307,0.0008,0.0009,14.5875
2026-07-03 22:00:00,52,33551,23685,9866,0.0462,98.0769,1.9231,0.0,1.9231,5929.5,8242.75,8963.41,8175.15,172.0,9,22,25,3.8462,7.6923,19.2308,0.0,1705,645.2115,0.4166,0.0009,0.0009,17.2816
2026-07-03 23:00:00,55,39220,28146,11074,0.0488,96.3636,3.6364,1.8182,1.8182,6005.0,8135.6,8822.66,7685.6,126.2,10,26,27,0.0,3.6364,14.5455,0.0,1612,713.0909,0.3934,0.0009,0.0009,14.5566
2026-07-04 00:00:00,25,19478,14116,5362,0.0262,92.0,8.0,0.0,4.0,6295.0,8261.4,9349.4,8223.6,138.4,10,18,19,0.0,4.0,32.0,0.0,959,779.12,0.3799,0.001,0.0011,17.8851
2026-07-04 01:00:00,27,17965,12430,5535,0.0219,88.8889,11.1111,7.4074,3.7037,6181.0,7303.3,7416.78,6646.9,163.9,9,17,20,3.7037,3.7037,18.5185,0.0,772,665.3704,0.4453,0.0008,0.0009,13.9476
2026-07-04 02:00:00,27,17923,12267,5656,0.0225,100.0,0.0,0.0,0.0,6159.0,7020.5,8423.64,6817.9,174.6,10,20,17,3.7037,3.7037,14.8148,0.0,952,663.8148,0.4611,0.0008,0.0008,16.8317
2026-07-04 03:00:00,29,23090,16439,6651,0.0316,100.0,0.0,0.0,0.0,6113.0,7338.8,8837.44,6640.2,158.0,9,19,17,0.0,0.0,20.6897,0.0,1208,796.2069,0.4046,0.0011,0.0011,18.1627
2026-07-04 04:00:00,31,22255,16422,5833,0.029,96.7742,3.2258,0.0,3.2258,6033.0,8876.5,9326.7,8620.5,190.0,10,22,22,0.0,6.4516,25.8065,3.2258,969,717.9032,0.3552,0.0009,0.001,16.6124
2026-07-04 05:00:00,25,20053,14473,5580,0.0256,96.0,4.0,0.0,0.0,6066.0,7161.4,7187.56,6750.0,139.2,8,14,17,0.0,8.0,20.0,0.0,1062,802.12,0.3855,0.001,0.0011,19.0323
2026-07-04 06:00:00,75,49824,32314,17510,0.0623,92.0,8.0,1.3333,4.0,6200.0,8707.0,9545.18,8677.0,181.2,10,27,26,0.0,4.0,10.6667,0.0,2697,664.32,0.5419,0.0008,0.0009,15.4026
2026-07-04 07:00:00,68,48851,35744,13107,0.0608,94.1176,5.8824,2.9412,1.4706,6044.0,7763.8,9611.33,7437.2,166.1,10,28,31,0.0,1.4706,23.5294,1.4706,2033,718.3971,0.3667,0.0009,0.0009,15.5108
2026-07-04 08:00:00,87,58276,40655,17621,0.072,96.5517,3.4483,1.1494,2.2989,6152.0,8701.1,9837.5,8437.1,131.2,10,28,31,1.1494,6.8966,14.9425,0.0,3034,669.8391,0.4334,0.0008,0.0009,17.2181
2026-07-04 09:00:00,128,90205,61801,28404,0.114,98.4375,1.5625,0.7812,0.7812,5981.0,7859.25,9636.11,7015.1,146.95,10,29,41,0.7812,1.5625,22.6562,1.5625,4723,704.7266,0.4596,0.0009,0.0009,16.6279
2026-07-04 10:00:00,144,104980,74898,30082,0.1326,97.2222,2.7778,0.6944,0.6944,6117.5,8028.25,9594.69,7529.55,154.7,10,27,39,0.6944,0.6944,22.2222,0.0,4834,729.0278,0.4016,0.0009,0.0009,16.0694
2026-07-04 11:00:00,139,94501,65314,29187,0.1185,96.4029,3.5971,0.7194,2.1583,6049.0,7683.6,9618.8,7070.3,179.0,10,30,41,2.8777,7.1942,17.9856,0.0,3885,679.8633,0.4469,0.0009,0.0009,13.3107
2026-07-04 12:00:00,132,91852,64015,27837,0.1143,93.1818,6.8182,3.0303,3.7879,5992.0,7639.8,9003.1,6833.6,189.9,10,29,39,0.7576,5.303,13.6364,0.0,4593,695.8485,0.4349,0.0009,0.0009,16.4996
2026-07-04 13:00:00,135,85712,59996,25716,0.108,95.5556,4.4444,0.7407,2.963,6025.0,8421.1,9576.6,8235.0,157.6,10,29,37,2.2222,2.963,13.3333,0.0,3909,634.9037,0.4286,0.0008,0.0008,15.2007
2026-07-04 14:00:00,123,91471,66797,24674,0.1159,95.935,4.065,0.0,3.252,6127.0,7550.0,9289.78,7040.8,143.0,10,29,39,2.439,4.878,22.7642,0.0,4213,743.6667,0.3694,0.0009,0.001,17.0747
2026-07-04 15:00:00,118,85875,61067,24808,0.1085,96.6102,3.3898,1.6949,0.0,6053.0,8910.15,9639.52,8242.6,150.35,10,30,41,0.0,4.2373,19.4915,0.0,4178,727.7542,0.4062,0.0009,0.001,16.8413
2026-07-04 16:00:00,123,91754,65766,25988,0.1142,97.561,2.439,0.813,0.813,6070.0,7813.4,9489.26,7425.9,169.4,10,30,33,0.813,2.439,17.0732,0.0,4353,745.9675,0.3952,0.0009,0.001,16.75
2026-07-04 17:00:00,119,78481,56373,22108,0.098,95.7983,4.2017,0.8403,1.6807,6106.0,8660.9,9478.84,8630.9,155.3,10,29,37,1.6807,4.2017,18.4874,0.0,3431,659.5042,0.3922,0.0008,0.0009,15.5193
2026-07-04 18:00:00,74,51485,36534,14951,0.064,97.2973,2.7027,0.0,2.7027,6047.5,9184.65,9534.04,8983.55,160.4,10,24,27,0.0,5.4054,17.5676,0.0,2469,695.7432,0.4092,0.0009,0.0009,16.5139
2026-07-04 19:00:00,86,59574,42963,16611,0.0766,97.6744,2.3256,1.1628,1.1628,5983.0,8253.5,9398.3,7475.5,130.0,10,26,35,0.0,3.4884,22.093,0.0,2642,692.7209,0.3866,0.0009,0.0009,15.9051
2026-07-04 20:00:00,76,47484,31992,15492,0.0618,98.6842,1.3158,0.0,0.0,6022.0,7808.5,8965.5,7165.0,123.5,10,28,33,1.3158,5.2632,22.3684,0.0,2181,624.7895,0.4842,0.0008,0.0008,14.0782
2026-07-04 21:00:00,85,59947,42072,17875,0.0752,96.4706,3.5294,0.0,2.3529,6111.0,7392.6,9387.8,7019.2,130.4,10,28,31,0.0,2.3529,15.2941,0.0,2737,705.2588,0.4249,0.0009,0.0009,15.3119
2026-07-04 22:00:00,47,28329,19495,8834,0.0361,95.7447,4.2553,0.0,2.1277,5960.0,7714.6,9181.36,7515.7,150.7,10,23,20,0.0,2.1277,31.9149,0.0,1384,602.7447,0.4531,0.0008,0.0008,15.6667
2026-07-04 23:00:00,44,29505,21359,8146,0.0363,93.1818,6.8182,0.0,2.2727,5899.5,6909.0,7884.03,6493.6,147.95,10,22,24,0.0,4.5455,6.8182,0.0,1162,670.5682,0.3814,0.0008,0.0009,14.2647
2026-07-05 00:00:00,30,20723,14061,6662,0.0271,96.6667,3.3333,0.0,0.0,6266.0,7489.55,7580.69,7016.1,129.1,9,21,20,0.0,3.3333,30.0,0.0,1051,690.7667,0.4738,0.0009,0.0009,15.776
2026-07-05 01:00:00,28,21468,16486,4982,0.0273,100.0,0.0,0.0,0.0,6020.5,7546.7,8212.58,7516.7,158.65,9,17,20,0.0,3.5714,25.0,0.0,766,766.7143,0.3022,0.001,0.001,15.3754
2026-07-05 02:00:00,29,23627,15497,8130,0.0286,96.5517,3.4483,0.0,0.0,6419.0,9247.2,9354.48,9194.6,156.0,10,18,19,0.0,6.8966,17.2414,0.0,1200,814.7241,0.5246,0.001,0.001,14.7601
2026-07-05 03:00:00,40,25472,18400,7072,0.0312,97.5,2.5,0.0,0.0,6034.0,7284.75,8249.83,6794.0,138.55,10,20,22,2.5,0.0,22.5,2.5,1010,636.8,0.3843,0.0008,0.0008,14.2817
2026-07-05 04:00:00,20,15181,11515,3666,0.0199,100.0,0.0,0.0,0.0,6137.5,8078.55,8786.11,7339.85,168.05,10,16,13,5.0,5.0,10.0,0.0,536,759.05,0.3184,0.001,0.001,14.6208
2026-07-05 05:00:00,24,16747,12409,4338,0.0211,100.0,0.0,0.0,0.0,6212.0,7917.95,9192.65,7785.1,142.7,9,19,18,0.0,4.1667,12.5,0.0,698,697.7917,0.3496,0.0009,0.0009,16.0904
2026-07-05 06:00:00,78,52872,36385,16487,0.0667,96.1538,3.8462,2.5641,0.0,6075.0,8049.95,9111.05,7560.8,151.25,10,28,37,1.2821,7.6923,19.2308,0.0,2615,677.8462,0.4531,0.0009,0.0009,15.861
2026-07-05 07:00:00,69,47098,34558,12540,0.0585,97.1014,2.8986,0.0,1.4493,5999.0,7455.8,9348.2,7100.2,199.2,9,24,29,1.4493,1.4493,13.0435,0.0,1983,682.5797,0.3629,0.0008,0.0009,15.8134
2026-07-05 08:00:00,77,49590,33415,16175,0.0599,98.7013,1.2987,0.0,1.2987,6161.0,8961.6,9277.92,8557.6,191.6,10,27,32,0.0,2.5974,20.7792,0.0,2635,644.026,0.4841,0.0008,0.0008,16.2906
2026-07-05 09:00:00,129,84606,58282,26324,0.1047,96.124,3.876,0.7752,2.3256,6053.0,8894.4,9365.24,8343.0,160.2,10,28,40,3.876,4.6512,19.3798,0.0,4150,655.8605,0.4517,0.0008,0.0008,15.7651
2026-07-05 10:00:00,125,90668,64185,26483,0.1122,96.8,3.2,1.6,0.8,6169.0,8636.2,9626.4,8241.6,164.6,10,28,39,0.8,4.8,19.2,0.0,4263,725.344,0.4126,0.0009,0.0009,16.0971
2026-07-05 11:00:00,128,86082,60562,25520,0.1089,97.6562,2.3438,0.7812,0.7812,6063.5,7945.25,9632.26,7407.0,150.0,10,30,38,2.3438,1.5625,14.0625,0.0,4109,672.5156,0.4214,0.0009,0.0009,16.1011
2026-07-05 12:00:00,152,100623,67991,32632,0.1262,96.0526,3.9474,1.3158,1.9737,6143.0,8146.9,9812.56,8115.1,146.9,10,30,36,0.6579,1.9737,22.3684,0.0,5636,661.9934,0.4799,0.0008,0.0009,17.2714
2026-07-05 13:00:00,130,88390,62318,26072,0.1111,95.3846,4.6154,0.7692,0.7692,6180.5,8680.65,9835.75,8362.2,176.35,10,29,38,0.0,3.0769,20.0,0.0,3969,679.9231,0.4184,0.0009,0.0009,15.2232
2026-07-05 14:00:00,136,92370,63959,28411,0.1178,97.0588,2.9412,0.0,2.2059,6189.5,8488.5,9547.2,8213.0,139.75,10,29,39,0.7353,3.6765,13.2353,0.0,4219,679.1912,0.4442,0.0009,0.0009,14.8499
2026-07-05 15:00:00,119,77239,53219,24020,0.0972,98.3193,1.6807,0.0,0.8403,6041.0,7526.0,9280.36,6839.2,133.1,9,27,34,0.8403,3.3613,15.9664,0.0,3786,649.0672,0.4513,0.0008,0.0008,15.7619
2026-07-05 16:00:00,140,100375,69632,30743,0.1232,93.5714,6.4286,2.1429,3.5714,6116.0,8829.0,9650.79,7544.65,176.25,10,30,34,0.0,6.4286,16.4286,0.0,4895,716.9643,0.4415,0.0009,0.0009,15.9223
2026-07-05 17:00:00,122,78770,54603,24167,0.1,98.3607,1.6393,0.8197,0.8197,5989.0,8384.4,9991.29,8108.3,156.0,10,29,36,0.8197,2.459,18.8525,0.0,3864,645.6557,0.4426,0.0008,0.0008,15.9887
2026-07-05 18:00:00,85,57676,40239,17437,0.0729,100.0,0.0,0.0,0.0,6007.0,8269.4,9207.72,7376.2,132.6,10,27,31,1.1765,2.3529,12.9412,0.0,2776,678.5412,0.4333,0.0009,0.0009,15.9202
2026-07-05 19:00:00,86,59190,41971,17219,0.0756,97.6744,2.3256,0.0,0.0,6119.5,8443.5,9040.7,7763.5,141.75,10,25,36,0.0,8.1395,13.9535,0.0,2851,688.2558,0.4103,0.0009,0.0009,16.5573
2026-07-05 20:00:00,86,57098,38728,18370,0.0712,97.6744,2.3256,0.0,2.3256,6141.5,9159.75,9692.45,9084.0,133.25,10,27,35,0.0,4.6512,15.1163,0.0,2907,663.9302,0.4743,0.0008,0.0008,15.8247
2026-07-05 21:00:00,90,65076,45392,19684,0.0858,94.4444,5.5556,2.2222,1.1111,6046.0,8866.7,9462.15,8115.75,160.85,10,29,30,0.0,6.6667,15.5556,0.0,3398,723.0667,0.4336,0.001,0.001,17.2628
2026-07-05 22:00:00,32,22700,16070,6630,0.0272,93.75,6.25,3.125,3.125,6151.0,7906.95,8686.23,6634.6,205.15,10,21,24,3.125,9.375,12.5,0.0,926,709.375,0.4126,0.0009,0.0009,13.9668
2026-07-05 23:00:00,46,32598,23248,9350,0.0405,91.3043,8.6957,2.1739,4.3478,6120.5,8050.75,9782.15,7988.5,138.5,10,24,18,4.3478,6.5217,8.6957,0.0,1509,708.6522,0.4022,0.0009,0.001,16.139
2026-07-06 00:00:00,38,25126,16486,8640,0.0326,100.0,0.0,0.0,0.0,6244.0,7687.7,7915.9,6908.2,146.7,10,20,25,0.0,2.6316,18.4211,0.0,1442,661.2105,0.5241,0.0009,0.0009,16.6898
2026-07-06 01:00:00,42,30263,20823,9440,0.0393,95.2381,4.7619,2.381,2.381,6000.5,8237.4,8792.81,8074.4,150.8,10,22,24,2.381,4.7619,14.2857,0.0,1396,720.5476,0.4533,0.0009,0.001,14.7881
2026-07-06 02:00:00,39,26225,18786,7439,0.0335,100.0,0.0,0.0,0.0,6037.0,7315.7,8846.7,7249.7,134.9,9,21,22,0.0,0.0,15.3846,0.0,1074,672.4359,0.396,0.0009,0.0009,14.4374
2026-07-06 03:00:00,25,15677,10354,5323,0.02,96.0,4.0,0.0,4.0,6352.0,8278.8,9068.36,6938.2,125.0,8,14,12,0.0,8.0,12.0,0.0,890,627.08,0.5141,0.0008,0.0008,16.7199
2026-07-06 04:00:00,40,26413,17458,8955,0.0317,92.5,7.5,2.5,2.5,6282.0,8563.1,9621.3,6736.55,141.3,10,21,22,0.0,7.5,17.5,0.0,1310,660.325,0.5129,0.0008,0.0009,14.6287
2026-07-06 05:00:00,33,18945,13355,5590,0.0245,100.0,0.0,0.0,0.0,6073.0,6793.8,7158.04,6613.2,149.0,7,18,17,0.0,9.0909,24.2424,0.0,776,574.0909,0.4186,0.0007,0.0007,13.8819
2026-07-06 06:00:00,109,73973,50702,23271,0.0948,98.1651,1.8349,0.9174,0.0,6122.0,8319.2,9036.36,7856.2,155.6,10,27,32,0.9174,2.7523,19.2661,0.0,3685,678.6514,0.459,0.0009,0.0009,15.8352
2026-07-06 07:00:00,112,76368,53518,22850,0.0921,96.4286,3.5714,0.8929,2.6786,6149.0,7683.25,8859.43,7005.45,155.9,10,28,32,3.5714,0.8929,16.0714,0.0,3812,681.8571,0.427,0.0008,0.0009,16.6827
2026-07-06 08:00:00,118,84836,61432,23404,0.1061,95.7627,4.2373,0.0,3.3898,6100.5,9168.85,9859.87,7725.45,162.0,10,30,35,1.6949,2.5424,17.7966,0.0,3784,718.9492,0.381,0.0009,0.0009,16.1682
2026-07-06 09:00:00,161,113144,78932,34212,0.1426,96.2733,3.7267,0.0,1.8634,6246.0,8401.0,9201.2,8371.0,155.0,10,28,37,0.6211,3.7267,21.7391,0.0,5718,702.7578,0.4334,0.0009,0.0009,16.7134
2026-07-06 10:00:00,198,142419,103060,39359,0.1791,95.9596,4.0404,1.5152,1.0101,6074.5,8051.9,9823.51,7135.35,135.3,10,29,43,1.5152,4.0404,22.2222,0.5051,6025,719.2879,0.3819,0.0009,0.0009,15.3078
2026-07-06 11:00:00,194,130567,91598,38969,0.163,96.3918,3.6082,0.0,2.0619,6115.5,8011.6,9907.94,7465.25,195.1,10,30,44,1.0309,3.0928,15.4639,0.0,6632,673.0258,0.4254,0.0008,0.0009,17.0187
2026-07-06 12:00:00,161,110353,75767,34586,0.1402,95.6522,4.3478,1.2422,1.2422,6084.0,8565.0,9417.0,8299.0,143.0,10,29,40,1.2422,2.4845,19.2547,0.0,5184,685.4224,0.4565,0.0009,0.0009,14.9887
2026-07-06 13:00:00,191,127973,89172,38801,0.1652,94.7644,5.2356,0.5236,3.1414,6208.0,9075.0,9923.3,9009.5,183.0,10,28,42,1.0471,2.6178,16.7539,0.0,6508,670.0157,0.4351,0.0009,0.0009,16.7728
2026-07-06 14:00:00,160,101219,68856,32363,0.1267,96.25,3.75,1.25,0.625,6050.0,8859.25,9576.69,8065.25,155.5,10,30,45,1.25,5.0,13.75,0.0,5010,632.6188,0.47,0.0008,0.0008,15.4806
2026-07-06 15:00:00,193,142113,102760,39353,0.1825,95.8549,4.1451,1.0363,2.0725,6152.0,8004.8,9209.96,7612.4,160.2,10,30,44,1.0363,4.1451,21.2435,0.0,6406,736.3368,0.383,0.0009,0.001,16.2783
2026-07-06 16:00:00,182,131059,93921,37138,0.1711,97.2527,2.7473,0.5495,1.0989,6140.0,7912.45,9081.93,7589.3,167.9,10,30,41,0.5495,0.5495,14.8352,0.0,5639,720.1044,0.3954,0.0009,0.001,15.1839
2026-07-06 17:00:00,174,112532,78155,34377,0.1415,95.4023,4.5977,1.1494,2.2989,6130.5,8718.05,9850.42,8681.05,136.35,10,30,42,0.5747,5.7471,16.092,0.0,5444,646.7356,0.4399,0.0008,0.0009,15.8362
2026-07-06 18:00:00,95,68282,48251,20031,0.0877,94.7368,5.2632,3.1579,1.0526,6101.0,8246.8,9473.02,7802.5,150.6,10,27,33,1.0526,1.0526,17.8947,0.0,3073,718.7579,0.4151,0.0009,0.001,15.3412
2026-07-06 19:00:00,85,58476,43368,15108,0.0787,97.6471,2.3529,1.1765,1.1765,6014.0,8267.4,8937.88,7723.2,179.4,10,26,38,0.0,3.5294,18.8235,0.0,2454,687.9529,0.3484,0.0009,0.0009,16.2431
2026-07-06 20:00:00,110,71104,50107,20997,0.0889,93.6364,6.3636,3.6364,1.8182,6074.5,9337.05,9797.24,8845.0,168.65,10,25,35,1.8182,5.4545,19.0909,0.0,3466,646.4,0.419,0.0008,0.0009,16.5071
2026-07-06 21:00:00,128,90451,62291,28160,0.1112,96.875,3.125,1.5625,0.7812,6230.0,9410.85,9773.44,8987.65,167.25,10,28,37,0.7812,6.25,18.75,0.0,4233,706.6484,0.4521,0.0009,0.0009,15.032
2026-07-06 22:00:00,65,46618,31822,14796,0.0562,100.0,0.0,0.0,0.0,6230.0,8459.6,10233.16,8302.0,146.2,10,25,28,0.0,4.6154,18.4615,0.0,2325,717.2,0.465,0.0009,0.0009,15.7137
2026-07-06 23:00:00,50,32546,22083,10463,0.0407,96.0,4.0,2.0,2.0,6028.5,7114.9,7315.18,6823.45,139.75,9,21,25,2.0,4.0,18.0,0.0,1561,650.92,0.4738,0.0008,0.0008,14.9192
2026-07-07 00:00:00,41,28417,19312,9105,0.0373,97.561,2.439,0.0,0.0,6166.0,6992.0,7329.6,6025.0,160.0,9,19,22,0.0,2.439,19.5122,0.0,1205,693.0976,0.4715,0.0009,0.0009,13.2345
2026-07-07 01:00:00,33,21366,14988,6378,0.029,100.0,0.0,0.0,0.0,6165.0,8982.4,9723.24,8872.8,172.4,9,19,22,0.0,0.0,15.1515,0.0,998,647.4545,0.4255,0.0009,0.0009,15.6475
2026-07-07 02:00:00,29,19435,13391,6044,0.0241,100.0,0.0,0.0,0.0,6302.0,8270.0,11097.12,7779.0,159.8,9,20,23,3.4483,6.8966,10.3448,0.0,953,670.1724,0.4513,0.0008,0.0008,15.7677
2026-07-07 03:00:00,40,24775,17564,7211,0.0306,95.0,5.0,2.5,0.0,6146.0,7647.85,9030.64,7038.3,134.9,9,21,20,0.0,5.0,15.0,0.0,1312,619.375,0.4106,0.0008,0.0008,18.1944
2026-07-07 04:00:00,52,35048,23214,11834,0.043,98.0769,1.9231,0.0,0.0,6171.5,7170.05,8835.28,6875.2,179.0,10,25,28,0.0,1.9231,13.4615,0.0,1888,674.0,0.5098,0.0008,0.0008,15.954
2026-07-07 05:00:00,38,25776,19064,6712,0.0309,97.3684,2.6316,0.0,2.6316,6076.0,7389.5,8211.54,6957.35,209.75,9,20,23,2.6316,2.6316,21.0526,0.0,1072,678.3158,0.3521,0.0008,0.0008,15.9714
2026-07-07 06:00:00,125,91569,65945,25624,0.1134,96.0,4.0,0.0,2.4,6140.0,9392.2,10600.2,9007.8,145.8,10,30,36,0.0,12.0,20.0,0.0,3972,732.552,0.3886,0.0009,0.0009,15.5011
2026-07-07 07:00:00,109,69885,48504,21381,0.0864,97.2477,2.7523,0.0,2.7523,6175.0,8938.2,9556.68,8713.0,167.8,10,29,33,1.8349,3.6697,18.3486,0.0,3065,641.1468,0.4408,0.0008,0.0008,14.3352
2026-07-07 08:00:00,114,76468,55049,21419,0.0995,96.4912,3.5088,0.8772,0.0,6114.5,7510.15,9625.32,7229.1,153.05,10,30,38,1.7544,4.386,20.1754,0.0,3428,670.7719,0.3891,0.0009,0.0009,16.0045
2026-07-07 09:00:00,214,139930,101143,38787,0.1758,97.1963,2.8037,0.0,1.8692,6139.0,8173.1,9209.72,7806.5,152.0,10,30,43,2.3364,1.8692,14.486,0.4673,6254,653.8785,0.3835,0.0008,0.0008,16.124
2026-07-07 10:00:00,195,135771,96061,39710,0.1722,96.9231,3.0769,0.5128,1.0256,6207.0,9014.8,9543.7,8936.3,149.2,10,29,43,1.5385,4.1026,20.0,0.0,6315,696.2615,0.4134,0.0009,0.0009,15.9028
2026-07-07 11:00:00,210,142599,99044,43555,0.1779,94.7619,5.2381,0.4762,2.381,6294.5,8869.1,9754.69,8564.9,158.65,10,30,42,1.4286,3.8095,20.4762,0.0,6807,679.0429,0.4398,0.0008,0.0009,15.6285
2026-07-07 12:00:00,174,127023,89432,37591,0.1608,95.4023,4.5977,1.7241,1.7241,6167.0,8812.65,9359.1,8354.1,154.8,10,30,39,1.1494,1.7241,15.5172,0.0,6188,730.0172,0.4203,0.0009,0.001,16.4614
2026-07-07 13:00:00,172,114213,78643,35570,0.1411,98.8372,1.1628,0.5814,0.5814,6191.0,8652.0,9697.88,8202.25,171.45,10,29,44,1.1628,2.907,16.2791,0.0,5616,664.0291,0.4523,0.0008,0.0008,15.7886
2026-07-07 14:00:00,188,128761,89585,39176,0.1591,97.3404,2.6596,1.0638,0.0,6240.0,7709.3,9847.44,7242.5,175.95,10,29,40,0.5319,1.5957,14.3617,0.5319,6240,684.8989,0.4373,0.0008,0.0009,15.9281
2026-07-07 15:00:00,219,169062,122334,46728,0.2176,97.2603,2.7397,0.0,1.8265,6184.0,8096.6,9371.24,7494.9,172.0,10,30,46,0.9132,4.1096,15.0685,0.4566,7280,771.9726,0.382,0.001,0.001,15.5795
2026-07-07 16:00:00,180,126287,90917,35370,0.1627,96.1111,3.8889,0.0,0.5556,6097.5,7711.95,9934.96,6963.8,157.65,10,30,43,2.7778,5.0,17.2222,0.0,5429,701.5944,0.389,0.0009,0.0009,15.3492
2026-07-07 17:00:00,214,139291,98323,40968,0.1736,96.2617,3.7383,0.4673,2.3364,6112.5,7657.75,9481.2,7067.1,177.05,10,30,44,0.9346,7.4766,20.5607,0.4673,6348,650.8925,0.4167,0.0008,0.0008,15.495
2026-07-07 18:00:00,123,84816,58829,25987,0.1079,96.748,3.252,0.813,2.439,6175.0,8332.7,9650.3,7959.4,175.8,10,28,40,1.626,4.065,23.5772,0.0,4424,689.561,0.4417,0.0009,0.0009,17.0239
2026-07-07 19:00:00,122,84283,59102,25181,0.1043,95.9016,4.0984,0.8197,1.6393,6099.0,8844.15,9580.06,7956.2,132.85,10,29,34,2.459,4.918,20.4918,0.0,3926,690.8443,0.4261,0.0009,0.0009,15.5911
2026-07-07 20:00:00,157,104162,73385,30777,0.1302,93.6306,6.3694,1.2739,1.9108,6192.0,8021.0,9371.2,7683.4,156.6,10,29,39,2.5478,5.0955,14.6497,0.0,4924,663.4522,0.4194,0.0008,0.0009,15.999
2026-07-07 21:00:00,202,137207,95592,41615,0.1677,97.0297,2.9703,0.0,1.9802,6168.5,8889.6,9957.29,8578.1,139.85,10,29,44,0.9901,4.4554,12.8713,0.0,6440,679.2426,0.4353,0.0008,0.0009,15.4752
2026-07-07 22:00:00,51,37064,26109,10955,0.0467,98.0392,1.9608,0.0,0.0,6156.0,8016.0,8802.0,7374.0,176.5,10,23,27,0.0,1.9608,23.5294,0.0,1762,726.7451,0.4196,0.0009,0.0009,16.084
2026-07-07 23:00:00,49,35112,25234,9878,0.0443,93.8776,6.1224,0.0,2.0408,6111.0,8795.0,9376.36,7864.6,160.8,10,19,24,0.0,2.0408,20.4082,0.0,1705,716.5714,0.3915,0.0009,0.001,17.2606
2026-07-08 00:00:00,34,19461,13079,6382,0.0234,97.0588,2.9412,2.9412,0.0,6237.0,7771.2,8103.57,6962.3,157.05,9,17,21,2.9412,0.0,20.5882,0.0,963,572.3824,0.488,0.0007,0.0007,15.0893
2026-07-08 01:00:00,29,20211,13674,6537,0.0247,96.5517,3.4483,0.0,3.4483,6440.0,9052.4,10218.4,8826.4,137.2,10,17,23,0.0,6.8966,31.0345,0.0,1046,696.931,0.4781,0.0009,0.0009,16.0012
2026-07-08 02:00:00,29,19499,13308,6191,0.0236,100.0,0.0,0.0,0.0,6384.0,9212.8,10531.76,8582.6,184.2,10,19,18,0.0,10.3448,17.2414,0.0,1118,672.3793,0.4652,0.0008,0.0008,18.0585
2026-07-08 03:00:00,34,21602,15642,5960,0.0301,100.0,0.0,0.0,0.0,6151.5,8203.35,9346.13,7713.15,152.05,10,18,23,0.0,0.0,17.6471,0.0,1026,635.3529,0.381,0.0009,0.0009,17.2148
2026-07-08 04:00:00,52,36914,26331,10583,0.048,94.2308,5.7692,1.9231,0.0,6270.5,8488.05,8983.44,8032.1,156.6,10,23,28,3.8462,1.9231,15.3846,0.0,1843,709.8846,0.4019,0.0009,0.001,17.4147
2026-07-08 05:00:00,36,25125,18248,6877,0.0316,91.6667,8.3333,0.0,0.0,6311.0,8350.25,9148.2,8320.25,138.0,10,23,23,0.0,2.7778,11.1111,0.0,1020,697.9167,0.3769,0.0009,0.001,14.832
2026-07-08 06:00:00,144,98651,69618,29033,0.1252,94.4444,5.5556,0.6944,2.0833,6333.0,8729.95,9422.94,8106.85,172.05,10,30,40,0.6944,6.25,18.75,0.0,4366,685.0764,0.417,0.0009,0.0009,15.0381
2026-07-08 07:00:00,107,73544,53230,20314,0.0927,98.1308,1.8692,0.0,0.0,6139.0,8652.1,9343.66,8585.8,149.8,10,29,35,0.0,4.6729,29.9065,0.0,3285,687.3271,0.3816,0.0009,0.0009,16.1711
2026-07-08 08:00:00,124,92796,66958,25838,0.1168,97.5806,2.4194,0.0,0.0,6267.0,8231.25,9526.9,7242.75,144.4,10,30,44,1.6129,6.4516,21.7742,0.0,4185,748.3548,0.3859,0.0009,0.001,16.1971
2026-07-08 09:00:00,197,143642,100529,43113,0.1804,98.4772,1.5228,1.0152,0.0,6246.0,8854.4,9906.64,8232.8,175.4,10,30,43,1.5228,3.0457,20.8122,0.0,6595,729.1472,0.4289,0.0009,0.0009,15.297
2026-07-08 10:00:00,193,134173,97240,36933,0.1687,95.8549,4.1451,1.5544,2.5907,6164.0,8735.2,9834.32,8249.0,168.4,10,30,43,3.1088,2.0725,15.0259,0.5181,5698,695.1969,0.3798,0.0009,0.0009,15.4279
2026-07-08 11:00:00,195,142930,103270,39660,0.1772,94.8718,5.1282,0.5128,3.0769,6304.0,8744.9,9977.6,8613.0,168.1,10,30,41,1.0256,4.1026,18.4615,0.0,6083,732.9744,0.384,0.0009,0.001,15.3379
2026-07-08 12:00:00,178,122529,87731,34798,0.1527,97.7528,2.2472,1.1236,0.5618,6236.5,9173.8,10255.04,9090.45,149.15,10,29,38,2.2472,3.3708,19.6629,0.0,5424,688.3652,0.3966,0.0009,0.0009,15.5871
2026-07-08 13:00:00,218,143257,97944,45313,0.1805,97.7064,2.2936,0.4587,0.9174,6272.0,8635.05,9775.94,8541.3,154.15,10,30,43,1.8349,2.7523,13.7615,0.0,7064,657.1422,0.4626,0.0008,0.0008,15.5893
2026-07-08 14:00:00,191,130337,87009,43328,0.1628,96.8586,3.1414,0.5236,1.0471,6219.0,8476.0,9889.0,8122.5,165.5,10,30,43,0.0,5.7592,21.9895,0.5236,6975,682.3927,0.498,0.0009,0.0009,16.0981
2026-07-08 15:00:00,188,139667,97708,41959,0.1737,97.3404,2.6596,0.5319,2.1277,6359.0,9503.35,9891.6,9058.9,173.5,10,30,39,0.0,2.1277,14.3617,0.0,6518,742.9096,0.4294,0.0009,0.0009,15.5342
2026-07-08 16:00:00,184,125230,87105,38125,0.1598,96.1957,3.8043,1.087,2.1739,6284.0,8765.25,9977.63,8184.95,144.85,10,30,46,2.1739,3.8043,20.6522,0.0,6153,680.5978,0.4377,0.0009,0.0009,16.139
2026-07-08 17:00:00,201,135218,96024,39194,0.1692,92.5373,7.4627,3.4826,1.4925,6219.0,7996.0,9994.0,7655.0,159.0,10,30,43,1.4925,3.9801,18.9055,0.0,6380,672.7264,0.4082,0.0008,0.0009,16.278
2026-07-08 18:00:00,108,75285,51442,23843,0.0953,90.7407,9.2593,2.7778,4.6296,6188.5,8333.4,9390.39,8097.4,180.3,10,28,37,0.9259,7.4074,13.8889,0.0,3681,697.0833,0.4635,0.0009,0.001,15.4385
2026-07-08 19:00:00,109,66310,45958,20352,0.0833,96.3303,3.6697,1.8349,0.9174,6217.0,9320.2,9959.6,9054.0,181.6,10,30,37,0.9174,4.5872,11.9266,0.0,3389,608.3486,0.4428,0.0008,0.0008,16.6519
2026-07-08 20:00:00,128,86522,61077,25445,0.1088,95.3125,4.6875,0.7812,2.3438,6342.5,8653.0,10319.69,8623.0,160.3,10,30,37,0.0,5.4688,16.4062,0.0,4157,675.9531,0.4166,0.0009,0.0009,16.3372
2026-07-08 21:00:00,115,78823,58231,20592,0.1006,95.6522,4.3478,0.0,3.4783,6188.0,7741.8,8659.34,7503.6,150.6,10,30,39,1.7391,2.6087,20.8696,0.8696,3280,685.4174,0.3536,0.0009,0.0009,15.9285
2026-07-08 22:00:00,53,33696,22283,11413,0.0425,94.3396,5.6604,0.0,1.8868,6384.0,8854.4,9611.6,8313.2,124.8,10,21,21,0.0,1.8868,20.7547,0.0,1881,635.7736,0.5122,0.0008,0.0009,16.4812
2026-07-08 23:00:00,48,29913,21805,8108,0.0392,95.8333,4.1667,2.0833,0.0,5986.5,8312.25,9578.06,8275.25,169.8,10,23,24,4.1667,4.1667,14.5833,0.0,1236,623.1875,0.3718,0.0008,0.0009,15.2442
2026-07-09 00:00:00,26,15787,10864,4923,0.0194,96.1538,3.8462,0.0,0.0,6175.0,8698.0,10512.25,8391.75,175.5,8,15,17,3.8462,0.0,7.6923,0.0,822,607.1923,0.4531,0.0007,0.0008,16.6971
2026-07-09 01:00:00,29,22857,16309,6548,0.0285,100.0,0.0,0.0,0.0,6397.0,9329.8,9477.08,9234.4,152.8,10,20,17,0.0,3.4483,13.7931,0.0,1004,788.1724,0.4015,0.001,0.001,15.3329
2026-07-09 02:00:00,22,15707,10728,4979,0.0192,95.4545,4.5455,0.0,4.5455,6170.5,8121.8,9306.72,7313.2,114.95,8,16,16,4.5455,4.5455,18.1818,0.0,797,713.9545,0.4641,0.0009,0.0009,16.0072
2026-07-09 03:00:00,28,18058,13129,4929,0.0227,92.8571,7.1429,0.0,3.5714,6218.0,7774.2,9438.74,7251.65,135.0,10,18,20,3.5714,0.0,17.8571,0.0,813,644.9286,0.3754,0.0008,0.0009,16.4942
2026-07-09 04:00:00,24,15062,11194,3868,0.0185,95.8333,4.1667,0.0,4.1667,6216.5,8630.65,9065.32,8600.65,233.4,8,17,16,0.0,4.1667,20.8333,0.0,468,627.5833,0.3455,0.0008,0.0008,12.0993
2026-07-09 05:00:00,36,24683,17889,6794,0.0311,97.2222,2.7778,0.0,2.7778,6370.0,7588.5,8760.5,6821.5,145.25,10,20,21,0.0,8.3333,22.2222,0.0,1145,685.6389,0.3798,0.0009,0.0009,16.8531
2026-07-09 06:00:00,70,46325,31166,15159,0.0577,98.5714,1.4286,0.0,0.0,6216.5,7470.75,8883.0,7047.65,127.5,10,30,29,1.4286,1.4286,20.0,0.0,2505,661.7857,0.4864,0.0008,0.0008,16.5248
2026-07-09 07:00:00,73,52050,36660,15390,0.0691,98.6301,1.3699,0.0,1.3699,6234.0,8037.2,9498.72,7482.4,194.6,10,27,25,0.0,8.2192,13.6986,0.0,2475,713.0137,0.4198,0.0009,0.001,16.0819
2026-07-09 08:00:00,62,37037,25281,11756,0.0467,95.1613,4.8387,1.6129,1.6129,6185.0,7970.35,8926.04,7384.85,183.75,9,26,25,1.6129,4.8387,20.9677,0.0,1856,597.371,0.465,0.0008,0.0008,15.7877
2026-07-09 09:00:00,126,86134,61655,24479,0.1121,97.619,2.381,0.7937,1.5873,6224.5,8408.5,9555.0,8051.25,159.25,10,28,40,0.0,3.1746,16.6667,0.0,4006,683.6032,0.397,0.0009,0.0009,16.365
2026-07-09 10:00:00,143,98967,72715,26252,0.1234,97.9021,2.0979,1.3986,0.0,6179.0,7849.2,9562.24,7342.4,173.1,10,29,42,1.3986,3.4965,13.986,0.0,4251,692.0769,0.361,0.0009,0.0009,16.1931
2026-07-09 11:00:00,143,94338,63076,31262,0.1183,99.3007,0.6993,0.0,0.6993,6295.0,7567.8,9735.76,7146.2,178.9,10,30,36,0.6993,3.4965,18.8811,0.0,4982,659.7063,0.4956,0.0008,0.0008,15.9363
2026-07-09 12:00:00,127,88103,63354,24749,0.1114,96.063,3.937,1.5748,0.0,6224.0,8004.8,9945.64,7334.0,189.3,10,26,34,0.7874,3.1496,18.8976,0.0,4090,693.7244,0.3906,0.0009,0.0009,16.5259
2026-07-09 13:00:00,144,97203,67424,29779,0.1186,95.1389,4.8611,1.3889,0.6944,6309.5,8409.8,9843.3,7246.05,151.85,10,29,38,0.6944,4.1667,20.1389,0.0,4741,675.0208,0.4417,0.0008,0.0009,15.9206
2026-07-09 14:00:00,127,83378,55323,28055,0.1048,92.9134,7.0866,1.5748,2.3622,6279.0,8716.4,9915.88,7524.2,159.0,10,28,38,1.5748,5.5118,17.3228,0.0,4726,656.5197,0.5071,0.0008,0.0009,16.8455
2026-07-09 15:00:00,120,76780,53297,23483,0.098,98.3333,1.6667,1.6667,0.0,6315.5,9375.35,9939.79,9042.05,144.45,10,27,39,2.5,5.0,17.5,0.0,3493,639.8333,0.4406,0.0008,0.0008,14.8746
2026-07-09 16:00:00,151,100464,69746,30718,0.1269,98.0132,1.9868,0.0,1.3245,6266.0,8737.0,10299.5,8569.5,165.0,10,28,38,1.3245,6.6225,17.2185,1.3245,4747,665.3245,0.4404,0.0008,0.0009,15.4535
2026-07-09 17:00:00,111,78968,56241,22727,0.0976,96.3964,3.6036,0.9009,1.8018,6316.0,8835.0,10010.8,8304.5,177.5,10,27,33,4.5045,1.8018,19.8198,0.0,3600,711.4234,0.4041,0.0009,0.0009,15.8402
2026-07-09 18:00:00,84,54944,37255,17689,0.0679,94.0476,5.9524,1.1905,2.381,6311.0,8129.65,8945.57,7363.1,157.75,10,27,34,1.1905,3.5714,14.2857,0.0,2637,654.0952,0.4748,0.0008,0.0009,14.9076
2026-07-09 19:00:00,86,54857,37056,17801,0.0694,96.5116,3.4884,1.1628,1.1628,6189.0,9558.25,10549.9,8952.0,177.25,10,25,26,1.1628,4.6512,18.6047,0.0,2715,637.8721,0.4804,0.0008,0.0008,15.252
2026-07-09 20:00:00,80,54234,38578,15656,0.0713,96.25,3.75,0.0,2.5,6086.0,8463.2,10156.9,7130.35,159.05,10,25,27,1.25,5.0,23.75,0.0,2465,677.925,0.4058,0.0009,0.0009,15.7448
2026-07-09 21:00:00,80,55177,39311,15866,0.0669,95.0,5.0,0.0,3.75,6222.0,8063.15,9575.61,7068.2,164.15,10,28,31,0.0,7.5,12.5,0.0,2293,689.7125,0.4036,0.0008,0.0009,14.4523
2026-07-09 22:00:00,36,23041,15677,7364,0.0284,88.8889,11.1111,2.7778,2.7778,6228.5,7699.0,8538.7,6948.0,164.0,9,18,21,2.7778,0.0,16.6667,0.0,1242,640.0278,0.4697,0.0008,0.0009,16.8658
2026-07-09 23:00:00,38,29180,19597,9583,0.0372,97.3684,2.6316,2.6316,0.0,6341.0,9274.25,10049.91,8701.0,185.05,9,20,20,0.0,5.2632,18.4211,0.0,1689,767.8947,0.489,0.001,0.001,17.625
2026-07-10 00:00:00,29,19855,13438,6417,0.0258,89.6552,10.3448,0.0,3.4483,6202.0,7908.4,8187.44,6826.2,185.2,7,16,16,0.0,6.8966,17.2414,0.0,943,684.6552,0.4775,0.0009,0.001,14.6953
2026-07-10 01:00:00,37,27226,19430,7796,0.033,94.5946,5.4054,0.0,2.7027,6403.0,9050.2,9702.52,8894.8,145.0,10,22,23,2.7027,8.1081,5.4054,0.0,1146,735.8378,0.4012,0.0009,0.0009,14.6998
2026-07-10 02:00:00,25,17506,11496,6010,0.0216,100.0,0.0,0.0,0.0,6573.0,9313.4,10170.76,8620.8,134.6,8,14,18,0.0,4.0,12.0,0.0,933,700.24,0.5228,0.0009,0.0009,15.5241
2026-07-10 03:00:00,28,18497,12969,5528,0.0232,89.2857,10.7143,0.0,10.7143,6107.0,8090.75,9277.03,7322.35,118.15,10,18,18,0.0,3.5714,3.5714,0.0,823,660.6071,0.4262,0.0008,0.0009,14.8878
2026-07-10 04:00:00,36,25074,17923,7151,0.0322,97.2222,2.7778,0.0,2.7778,6216.0,7572.75,9105.9,6413.5,165.75,9,17,21,0.0,0.0,38.8889,0.0,1142,696.5,0.399,0.0009,0.0009,15.9698
2026-07-10 05:00:00,31,21316,15014,6302,0.0258,100.0,0.0,0.0,0.0,6326.0,8167.0,10004.8,7100.5,129.5,8,17,17,0.0,0.0,19.3548,0.0,909,687.6129,0.4197,0.0008,0.0008,14.424
2026-07-10 06:00:00,72,46465,31699,14766,0.0599,94.4444,5.5556,0.0,4.1667,6293.5,8661.6,9324.11,8041.85,148.35,10,25,27,1.3889,1.3889,25.0,0.0,2467,645.3472,0.4658,0.0008,0.0009,16.7073
2026-07-10 07:00:00,82,59910,43089,16821,0.0751,98.7805,1.2195,0.0,0.0,6301.0,8364.2,9495.51,7735.2,157.05,10,27,30,1.2195,2.439,20.7317,0.0,2754,730.6098,0.3904,0.0009,0.0009,16.3724
2026-07-10 08:00:00,82,55845,38446,17399,0.0741,93.9024,6.0976,0.0,1.2195,6334.0,9370.15,10127.9,8769.55,210.0,10,27,29,3.6585,3.6585,18.2927,0.0,2632,681.0366,0.4526,0.0009,0.001,15.1273
2026-07-10 09:00:00,125,89205,62592,26613,0.1119,94.4,5.6,2.4,0.8,6416.0,8815.6,10055.08,8621.6,152.4,10,28,39,1.6,5.6,16.8,0.0,4533,713.64,0.4252,0.0009,0.0009,17.033
2026-07-10 10:00:00,112,75258,52877,22381,0.0964,94.6429,5.3571,0.8929,1.7857,6256.5,8918.25,9881.75,8672.55,158.35,10,29,36,0.8929,3.5714,17.8571,0.0,3939,671.9464,0.4233,0.0009,0.0009,17.5997
2026-07-10 11:00:00,167,107803,72733,35070,0.1345,94.012,5.988,0.5988,1.7964,6331.0,9369.8,10167.64,8891.5,165.4,10,30,38,0.5988,3.5928,20.3593,0.0,5519,645.5269,0.4822,0.0008,0.0009,15.7371
2026-07-10 12:00:00,119,84464,61421,23043,0.1033,95.7983,4.2017,0.8403,1.6807,6273.0,8680.7,9971.5,7708.9,139.9,10,27,31,1.6807,2.521,15.1261,0.0,3425,709.7815,0.3752,0.0009,0.0009,14.8635
2026-07-10 13:00:00,136,93097,63194,29903,0.1174,94.8529,5.1471,0.7353,3.6765,6352.0,9366.75,9813.0,9123.5,171.5,10,29,39,1.4706,3.6765,12.5,0.0,5056,684.5368,0.4732,0.0009,0.0009,16.908
2026-07-10 14:00:00,142,102463,74968,27495,0.133,92.9577,7.0423,2.8169,2.1127,6278.5,8460.25,10520.86,8250.3,159.6,10,28,38,0.7042,1.4085,16.9014,0.0,4338,721.5704,0.3668,0.0009,0.001,15.7774
2026-07-10 15:00:00,123,81191,56489,24702,0.1019,95.122,4.878,2.439,0.0,6238.0,9452.4,9961.88,8940.1,125.0,10,29,35,0.813,4.065,23.5772,0.0,3895,660.0894,0.4373,0.0008,0.0009,15.768
2026-07-10 16:00:00,137,96847,70353,26494,0.1251,97.8102,2.1898,0.0,2.1898,6299.0,9023.0,9864.56,8521.2,156.4,10,29,36,0.0,3.6496,18.9781,0.0,4326,706.9124,0.3766,0.0009,0.0009,16.3282
2026-07-10 17:00:00,135,90916,61286,29630,0.1118,94.8148,5.1852,2.2222,2.2222,6379.0,9664.0,10793.04,8677.0,158.3,10,29,40,0.7407,4.4444,20.0,0.0,4672,673.4519,0.4835,0.0008,0.0009,15.7678
2026-07-10 18:00:00,83,54275,36351,17924,0.0692,91.5663,8.4337,0.0,3.6145,6299.0,7794.1,9299.3,7442.9,177.5,10,23,32,1.2048,4.8193,20.4819,0.0,2722,653.9157,0.4931,0.0008,0.0009,15.1863
2026-07-10 19:00:00,80,49928,33439,16489,0.0635,97.5,2.5,0.0,2.5,6461.5,8744.15,9736.76,8578.25,186.9,10,23,31,0.0,1.25,16.25,0.0,2679,624.1,0.4931,0.0008,0.0008,16.2472
2026-07-10 20:00:00,71,50960,35104,15856,0.0637,94.3662,5.6338,0.0,4.2254,6387.0,8083.5,8992.7,7478.0,141.5,10,26,30,1.4085,0.0,11.2676,0.0,2752,717.7465,0.4517,0.0009,0.001,17.3562
2026-07-10 21:00:00,80,54857,39741,15116,0.0683,96.25,3.75,0.0,1.25,6263.5,8982.25,9265.37,8566.0,176.75,10,26,32,1.25,0.0,15.0,0.0,2421,685.7125,0.3804,0.0009,0.0009,16.0161
2026-07-10 22:00:00,50,37224,27570,9654,0.045,100.0,0.0,0.0,0.0,6274.0,7477.65,9847.0,7118.7,144.6,10,24,28,0.0,2.0,18.0,0.0,1580,744.48,0.3502,0.0009,0.0009,16.3663
2026-07-10 23:00:00,42,29276,19624,9652,0.0365,90.4762,9.5238,2.381,4.7619,6351.0,7972.8,8955.44,7178.2,151.75,10,22,24,0.0,7.1429,14.2857,0.0,1571,697.0476,0.4918,0.0009,0.001,16.2764
2026-07-11 00:00:00,26,17793,12671,5122,0.0221,100.0,0.0,0.0,0.0,6269.0,9671.5,10427.0,9600.25,122.25,9,16,19,3.8462,0.0,11.5385,0.0,771,684.3462,0.4042,0.0009,0.0009,15.0527
2026-07-11 01:00:00,21,16303,11529,4774,0.0204,100.0,0.0,0.0,0.0,6654.0,8291.0,9454.2,7787.0,181.0,8,13,16,4.7619,4.7619,9.5238,0.0,824,776.3333,0.4141,0.001,0.001,17.2602
2026-07-11 02:00:00,22,15470,11072,4398,0.0189,95.4545,4.5455,0.0,0.0,6327.5,7599.8,8070.05,6812.75,179.2,8,16,14,0.0,9.0909,22.7273,0.0,652,703.1818,0.3972,0.0009,0.0009,14.8249
2026-07-11 03:00:00,16,11218,6593,4625,0.0135,100.0,0.0,0.0,0.0,6300.5,10089.0,13931.4,7635.25,149.75,9,15,12,0.0,6.25,18.75,0.0,871,701.125,0.7015,0.0008,0.0008,18.8324
2026-07-11 04:00:00,21,15438,11132,4306,0.0203,95.2381,4.7619,4.7619,0.0,6155.0,7870.0,9287.6,7417.0,111.0,9,15,16,0.0,4.7619,33.3333,0.0,684,735.1429,0.3868,0.001,0.001,15.8848
2026-07-11 05:00:00,20,11892,8240,3652,0.0149,90.0,10.0,0.0,5.0,6217.0,8094.75,8258.15,7433.45,119.0,9,16,16,0.0,5.0,10.0,0.0,591,594.6,0.4432,0.0007,0.0008,16.1829
2026-07-11 06:00:00,50,39490,26709,12781,0.0498,98.0,2.0,0.0,2.0,6450.5,8541.3,9507.56,7686.7,145.95,10,22,27,2.0,2.0,20.0,0.0,1978,789.8,0.4785,0.001,0.001,15.4761
2026-07-11 07:00:00,47,32340,21818,10522,0.0408,95.7447,4.2553,2.1277,0.0,6364.0,9405.1,10387.84,9021.7,135.7,10,23,26,0.0,8.5106,17.0213,0.0,1610,688.0851,0.4823,0.0009,0.0009,15.3013
2026-07-11 08:00:00,64,48015,34338,13677,0.0606,95.3125,4.6875,1.5625,1.5625,6340.5,8792.9,9276.03,8024.4,160.7,10,28,28,1.5625,4.6875,21.875,0.0,2086,750.2344,0.3983,0.0009,0.001,15.2519
2026-07-11 09:00:00,91,61000,42900,18100,0.0773,93.4066,6.5934,1.0989,3.2967,6275.0,8229.0,9524.7,7584.0,185.5,10,28,33,1.0989,0.0,17.5824,0.0,2844,670.3297,0.4219,0.0008,0.0009,15.7127
2026-07-11 10:00:00,84,56162,38330,17832,0.0699,97.619,2.381,1.1905,1.1905,6420.5,7995.75,10473.98,7330.6,148.25,10,28,33,0.0,5.9524,19.0476,1.1905,2879,668.5952,0.4652,0.0008,0.0009,16.1451
2026-07-11 11:00:00,105,70581,47828,22753,0.0909,94.2857,5.7143,0.0,4.7619,6407.0,8072.6,9286.88,7450.0,150.8,10,29,36,2.8571,8.5714,22.8571,0.0,3547,672.2,0.4757,0.0009,0.0009,15.5892
2026-07-11 12:00:00,97,66580,47904,18676,0.0827,97.9381,2.0619,1.0309,0.0,6432.0,8426.4,9346.84,7421.0,181.0,10,30,33,3.0928,5.1546,12.3711,0.0,3307,686.3918,0.3899,0.0009,0.0009,17.7072
2026-07-11 13:00:00,101,62552,42859,19693,0.0777,94.0594,5.9406,1.9802,2.9703,6331.0,9426.0,10594.0,9014.0,185.0,10,29,37,2.9703,3.9604,16.8317,0.0,3348,619.3267,0.4595,0.0008,0.0008,17.001
2026-07-11 14:00:00,90,58153,39519,18634,0.0718,95.5556,4.4444,2.2222,1.1111,6390.0,8021.5,9840.76,7254.2,159.4,10,28,33,1.1111,5.5556,22.2222,0.0,2952,646.1444,0.4715,0.0008,0.0008,15.842
2026-07-11 15:00:00,77,53114,36320,16794,0.0667,93.5065,6.4935,2.5974,1.2987,6361.0,8900.0,10414.76,8177.8,149.2,10,25,33,0.0,6.4935,29.8701,1.2987,2559,689.7922,0.4624,0.0009,0.0009,15.2376
2026-07-11 16:00:00,108,68745,49441,19304,0.0856,97.2222,2.7778,0.9259,0.9259,6254.0,8371.8,9548.36,8075.35,144.55,10,27,38,2.7778,1.8519,24.0741,0.0,3106,636.5278,0.3904,0.0008,0.0008,16.0899
2026-07-11 17:00:00,97,62853,42648,20205,0.0785,97.9381,2.0619,2.0619,0.0,6278.0,8824.2,9485.16,8555.6,185.6,10,25,31,0.0,6.1856,12.3711,0.0,3282,647.9691,0.4738,0.0008,0.0008,16.2435
2026-07-11 18:00:00,60,45727,34079,11648,0.057,90.0,10.0,0.0,6.6667,6287.0,8744.35,10810.15,8628.25,183.3,10,24,27,0.0,3.3333,20.0,0.0,1805,762.1167,0.3418,0.0009,0.0011,15.4962
2026-07-11 19:00:00,60,45427,33428,11999,0.0631,98.3333,1.6667,1.6667,0.0,6395.5,8266.15,9087.17,7779.8,168.05,10,24,27,0.0,1.6667,8.3333,0.0,1967,757.1167,0.359,0.0011,0.0011,16.393
2026-07-11 20:00:00,64,45171,32544,12627,0.0551,95.3125,4.6875,1.5625,1.5625,6317.0,8128.15,10464.51,7549.85,184.2,10,28,33,3.125,3.125,21.875,0.0,2047,705.7969,0.388,0.0009,0.0009,16.2113
2026-07-11 21:00:00,50,33565,24413,9152,0.0422,98.0,2.0,0.0,2.0,6275.5,8761.7,10328.7,8221.65,148.65,10,23,26,0.0,4.0,26.0,0.0,1508,671.3,0.3749,0.0008,0.0009,16.4773
2026-07-11 22:00:00,29,21460,14658,6802,0.026,96.5517,3.4483,0.0,3.4483,7010.0,9871.8,10582.52,9021.0,253.0,8,18,19,3.4483,0.0,13.7931,0.0,1230,740.0,0.464,0.0009,0.0009,18.0829
2026-07-11 23:00:00,29,19851,13748,6103,0.0254,100.0,0.0,0.0,0.0,6424.0,8760.6,9457.8,7878.8,149.0,10,17,20,0.0,3.4483,10.3448,0.0,1127,684.5172,0.4439,0.0009,0.0009,18.4663
2026-07-12 00:00:00,17,13045,9375,3670,0.0195,100.0,0.0,0.0,0.0,6155.0,7317.0,7710.6,6741.2,139.0,9,12,13,0.0,0.0,35.2941,0.0,548,767.3529,0.3915,0.0011,0.0011,14.9319
2026-07-12 01:00:00,12,7315,5116,2199,0.0088,100.0,0.0,0.0,0.0,6494.5,9409.0,9470.6,8398.45,151.45,6,9,9,0.0,0.0,41.6667,0.0,409,609.5833,0.4298,0.0007,0.0007,18.5994
2026-07-12 02:00:00,14,8347,5585,2762,0.0116,100.0,0.0,0.0,0.0,6328.0,9438.35,9459.67,9084.8,173.3,8,13,13,0.0,0.0,28.5714,0.0,512,596.2143,0.4945,0.0008,0.0008,18.5373
2026-07-12 03:00:00,25,18436,11386,7050,0.0221,100.0,0.0,0.0,0.0,6914.0,8370.0,9491.68,7453.6,160.4,8,16,16,0.0,0.0,24.0,0.0,1159,737.44,0.6192,0.0009,0.0009,16.4397
2026-07-12 04:00:00,21,14050,9618,4432,0.0169,95.2381,4.7619,0.0,4.7619,6290.0,10185.0,10624.2,9181.0,131.0,9,15,17,0.0,9.5238,23.8095,0.0,778,669.0476,0.4608,0.0008,0.0008,17.5542
2026-07-12 05:00:00,21,19595,14108,5487,0.0248,90.4762,9.5238,0.0,0.0,6609.0,9190.0,9503.6,7111.0,177.0,8,16,18,0.0,9.5238,28.5714,0.0,817,933.0952,0.3889,0.0012,0.0013,14.8897
2026-07-12 06:00:00,60,40469,29573,10896,0.051,96.6667,3.3333,1.6667,0.0,6442.5,8263.75,9434.56,7917.1,142.4,10,26,30,0.0,3.3333,21.6667,0.0,1841,674.4833,0.3684,0.0009,0.0009,16.8961
2026-07-12 07:00:00,41,27601,19483,8118,0.0351,92.6829,7.3171,2.439,0.0,6492.0,10558.0,11191.8,10326.0,184.0,9,20,24,0.0,4.878,7.3171,0.0,1388,673.1951,0.4167,0.0009,0.0009,17.0978
2026-07-12 08:00:00,48,33180,23537,9643,0.0406,100.0,0.0,0.0,0.0,6348.5,8716.0,9462.12,7244.45,148.85,10,22,26,0.0,2.0833,10.4167,0.0,1602,691.25,0.4097,0.0008,0.0008,16.6131
2026-07-12 09:00:00,97,70398,51570,18828,0.0894,93.8144,6.1856,1.0309,5.1546,6372.0,8749.8,9733.48,8164.4,175.6,10,29,35,1.0309,5.1546,18.5567,0.0,3021,725.7526,0.3651,0.0009,0.001,16.0453
2026-07-12 10:00:00,98,71536,52177,19359,0.0884,96.9388,3.0612,0.0,2.0408,6415.5,8588.15,9291.06,7742.75,150.3,10,26,33,0.0,7.1429,24.4898,0.0,3139,729.9592,0.371,0.0009,0.0009,16.2147
2026-07-12 11:00:00,97,63528,44045,19483,0.0823,97.9381,2.0619,1.0309,1.0309,6246.0,8095.0,9830.92,7077.8,180.2,10,29,37,4.1237,3.0928,11.3402,0.0,2750,654.9278,0.4423,0.0008,0.0009,14.1149
2026-07-12 12:00:00,74,48311,33716,14595,0.0598,94.5946,5.4054,1.3514,0.0,6413.0,8791.0,9785.88,8558.35,175.35,10,27,34,0.0,5.4054,25.6757,0.0,2532,652.8514,0.4329,0.0008,0.0009,17.3484
2026-07-12 13:00:00,84,56962,40381,16581,0.0727,95.2381,4.7619,1.1905,1.1905,6423.0,9312.05,10790.02,8913.85,193.8,10,28,33,2.381,2.381,11.9048,0.0,2719,678.119,0.4106,0.0009,0.0009,16.3983
2026-07-12 14:00:00,101,64838,43032,21806,0.0841,94.0594,5.9406,1.9802,0.9901,6384.0,8739.0,10371.0,8709.0,175.0,10,26,36,0.9901,8.9109,15.8416,0.0,3599,641.9604,0.5067,0.0008,0.0009,16.5046
2026-07-12 15:00:00,75,50537,35956,14581,0.0636,94.6667,5.3333,1.3333,2.6667,6304.0,8293.3,9942.22,7460.4,151.1,10,23,32,1.3333,1.3333,21.3333,0.0,2241,673.8267,0.4055,0.0008,0.0009,15.3693
2026-07-12 16:00:00,94,56804,39256,17548,0.0702,92.5532,7.4468,0.0,6.383,6312.5,9039.85,10460.68,8318.35,155.1,10,26,34,0.0,5.3191,14.8936,0.0,2770,604.2979,0.447,0.0007,0.0008,15.7853
2026-07-12 17:00:00,99,61542,42805,18737,0.0773,96.9697,3.0303,2.0202,0.0,6394.0,7775.1,9786.56,6959.3,158.5,10,29,29,2.0202,1.0101,18.1818,0.0,2911,621.6364,0.4377,0.0008,0.0008,15.5361
2026-07-12 18:00:00,43,30871,21835,9036,0.0404,97.6744,2.3256,2.3256,0.0,6440.0,8231.2,9832.28,7927.0,159.7,10,20,23,2.3256,2.3256,32.5581,0.0,1492,717.9302,0.4138,0.0009,0.001,16.5117
2026-07-12 19:00:00,52,37241,24622,12619,0.047,94.2308,5.7692,0.0,1.9231,6503.0,8883.05,10165.1,7766.5,135.45,10,27,30,0.0,1.9231,13.4615,0.0,1902,716.1731,0.5125,0.0009,0.001,15.0725
2026-07-12 20:00:00,71,49347,36694,12653,0.061,95.7746,4.2254,0.0,2.8169,6356.0,9111.0,10220.8,8966.5,179.0,10,25,33,0.0,2.8169,18.3099,0.0,1836,695.0282,0.3448,0.0009,0.0009,14.5104
2026-07-12 21:00:00,51,33879,23623,10256,0.0432,94.1176,5.8824,1.9608,1.9608,6457.0,9743.5,10061.5,9347.0,154.0,10,24,27,1.9608,5.8824,19.6078,0.0,1601,664.2941,0.4342,0.0008,0.0009,15.6104
2026-07-12 22:00:00,23,15434,11457,3977,0.0185,95.6522,4.3478,0.0,4.3478,6464.0,7552.5,8694.24,6629.0,253.1,7,14,13,0.0,4.3478,13.0435,0.0,672,671.0435,0.3471,0.0008,0.0008,16.8972
2026-07-12 23:00:00,44,26494,18413,8081,0.0337,97.7273,2.2727,0.0,0.0,6262.5,7372.25,9839.95,6783.15,154.15,10,23,28,0.0,0.0,11.3636,0.0,1251,602.1364,0.4389,0.0008,0.0008,15.4808
2026-07-13 00:00:00,23,14815,9676,5139,0.0197,100.0,0.0,0.0,0.0,6431.0,7131.0,7515.08,6636.1,189.3,7,13,17,0.0,0.0,8.6957,0.0,720,644.1304,0.5311,0.0009,0.0009,14.0105
2026-07-13 01:00:00,22,21969,11647,10322,0.0286,95.4545,4.5455,0.0,4.5455,6272.0,7687.0,8058.98,7134.8,108.5,9,16,17,0.0,9.0909,13.6364,0.0,2075,998.5909,0.8862,0.0013,0.0014,20.1027
2026-07-13 02:00:00,13,9593,7380,2213,0.0115,100.0,0.0,0.0,0.0,6796.0,9707.0,9786.2,9491.0,142.6,7,11,9,0.0,0.0,30.7692,0.0,397,737.9231,0.2999,0.0009,0.0009,17.9394
2026-07-13 03:00:00,23,21915,12762,9153,0.0294,86.9565,13.0435,4.3478,4.3478,6520.0,8556.5,8612.24,7692.3,192.3,10,18,15,0.0,0.0,8.6957,0.0,1736,952.8261,0.7172,0.0013,0.0015,18.9665
2026-07-13 04:00:00,26,16810,11560,5250,0.0214,96.1538,3.8462,3.8462,0.0,6405.5,9450.75,10008.75,9044.75,159.25,7,19,19,3.8462,3.8462,23.0769,0.0,814,646.5385,0.4542,0.0008,0.0009,15.5048
2026-07-13 05:00:00,36,27779,20815,6964,0.0368,100.0,0.0,0.0,0.0,6421.0,8582.5,9728.45,8099.5,185.75,10,17,22,2.7778,2.7778,8.3333,2.7778,958,771.6389,0.3346,0.001,0.001,13.7565
2026-07-13 06:00:00,73,50699,37292,13407,0.0652,94.5205,5.4795,1.3699,1.3699,6321.0,7884.4,10125.68,7368.4,157.2,10,25,31,1.3699,1.3699,12.3288,0.0,1995,694.5068,0.3595,0.0009,0.0009,14.8803
2026-07-13 07:00:00,69,49884,34776,15108,0.0631,97.1014,2.8986,0.0,1.4493,6532.0,9623.4,10376.68,8990.6,128.2,10,26,33,0.0,5.7971,14.4928,0.0,2555,722.9565,0.4344,0.0009,0.0009,16.9116
2026-07-13 08:00:00,81,56797,41154,15643,0.0698,95.0617,4.9383,2.4691,1.2346,6526.0,9090.0,10318.2,8373.0,138.0,10,26,29,0.0,3.7037,18.5185,0.0,2590,701.1975,0.3801,0.0009,0.0009,16.5569
2026-07-13 09:00:00,134,89755,61384,28371,0.1134,97.0149,2.9851,0.0,2.2388,6383.0,8560.75,10110.99,7525.45,172.1,10,30,37,0.7463,2.9851,17.1642,0.7463,4473,669.8134,0.4622,0.0008,0.0009,15.7661
2026-07-13 10:00:00,139,99663,70729,28934,0.1252,96.4029,3.5971,0.7194,0.7194,6526.0,8404.5,9982.68,7573.8,184.3,10,29,41,2.1583,0.7194,20.1439,1.4388,5099,717.0,0.4091,0.0009,0.0009,17.6229
2026-07-13 11:00:00,213,148366,105384,42982,0.1846,96.2441,3.7559,0.939,1.8779,6436.0,8701.6,10037.0,8013.4,147.2,10,30,41,2.8169,4.6948,12.2066,0.0,7115,696.554,0.4079,0.0009,0.0009,16.5534
2026-07-13 12:00:00,139,96541,68331,28210,0.1222,95.6835,4.3165,1.4388,2.1583,6404.0,8723.5,10170.72,8538.1,149.5,10,27,40,1.4388,3.5971,17.2662,0.0,4800,694.5396,0.4128,0.0009,0.0009,17.0152
2026-07-13 13:00:00,135,93816,64969,28847,0.1167,96.2963,3.7037,2.2222,1.4815,6341.0,9283.1,10174.32,7926.9,161.2,10,30,40,1.4815,3.7037,14.0741,0.0,4441,694.9333,0.444,0.0009,0.0009,15.395
2026-07-13 14:00:00,110,79048,55207,23841,0.0951,97.2727,2.7273,0.0,2.7273,6478.0,8944.4,10162.03,7692.85,176.55,10,26,34,0.0,0.0,26.3636,0.9091,3858,718.6182,0.4318,0.0009,0.0009,16.1822
2026-07-13 15:00:00,135,88021,62776,25245,0.111,94.0741,5.9259,2.2222,2.963,6379.0,8285.0,9687.32,7915.6,178.7,10,28,36,2.2222,2.963,15.5556,0.0,4086,652.0074,0.4021,0.0008,0.0009,16.1854
2026-07-13 16:00:00,128,85784,59126,26658,0.1074,95.3125,4.6875,1.5625,3.125,6390.5,9578.2,10540.58,8910.3,142.95,10,29,36,1.5625,3.125,19.5312,0.0,4409,670.1875,0.4509,0.0008,0.0009,16.5391
2026-07-13 17:00:00,120,83581,58877,24704,0.103,95.0,5.0,0.8333,1.6667,6458.5,8522.8,10186.54,7631.7,154.25,10,28,34,0.0,5.0,16.6667,0.0,4045,696.5083,0.4196,0.0009,0.0009,16.3739
2026-07-13 18:00:00,79,48887,34052,14835,0.0606,94.9367,5.0633,3.7975,1.2658,6442.0,7616.5,9166.98,7198.2,115.1,10,26,30,0.0,2.5316,17.7215,1.2658,2195,618.8228,0.4357,0.0008,0.0008,14.7961
2026-07-13 19:00:00,84,60820,44177,16643,0.0778,95.2381,4.7619,1.1905,3.5714,6400.0,8936.25,10381.61,7925.8,147.0,10,28,32,0.0,7.1429,14.2857,0.0,2998,724.0476,0.3767,0.0009,0.001,18.0136
2026-07-13 20:00:00,88,62418,44898,17520,0.0779,93.1818,6.8182,2.2727,1.1364,6555.5,8091.2,9754.91,7509.25,170.8,10,30,34,3.4091,3.4091,21.5909,0.0,2962,709.2955,0.3902,0.0009,0.001,16.9064
2026-07-13 21:00:00,80,62643,44498,18145,0.0772,95.0,5.0,1.25,2.5,6547.0,9392.05,10234.78,7940.9,148.25,10,28,31,0.0,5.0,20.0,0.0,3121,783.0375,0.4078,0.001,0.001,17.2003
2026-07-13 22:00:00,28,17761,11130,6631,0.0215,100.0,0.0,0.0,0.0,6822.5,8765.95,9829.84,8279.8,120.0,9,16,19,3.5714,0.0,14.2857,0.0,946,634.3214,0.5958,0.0008,0.0008,14.2663
2026-07-13 23:00:00,37,26764,20196,6568,0.0347,94.5946,5.4054,2.7027,2.7027,6429.0,9653.6,10459.52,9189.6,160.8,10,19,23,5.4054,8.1081,13.5135,0.0,1008,723.3514,0.3252,0.0009,0.001,15.3471
2026-07-14 00:00:00,29,20088,12863,7225,0.0253,89.6552,10.3448,0.0,6.8966,7549.0,11814.8,12167.2,9915.6,117.2,8,17,18,0.0,13.7931,17.2414,0.0,1177,692.6897,0.5617,0.0009,0.001,16.2907
2026-07-14 01:00:00,21,13322,8961,4361,0.0182,85.7143,14.2857,9.5238,4.7619,7163.0,9647.0,12547.0,8202.0,153.0,8,15,16,0.0,9.5238,14.2857,0.0,771,634.381,0.4867,0.0009,0.001,17.6794
2026-07-14 02:00:00,35,22029,15669,6360,0.028,97.1429,2.8571,2.8571,0.0,7377.0,10392.8,10739.5,7959.2,156.0,9,21,22,0.0,0.0,11.4286,2.8571,938,629.4,0.4059,0.0008,0.0008,14.7484
2026-07-14 03:00:00,31,19342,12811,6531,0.0234,96.7742,3.2258,0.0,3.2258,7172.0,9461.5,10521.1,8001.0,171.0,9,16,19,0.0,9.6774,25.8065,0.0,775,623.9355,0.5098,0.0008,0.0008,11.8665
2026-07-14 04:00:00,25,14128,9824,4304,0.0171,92.0,8.0,0.0,4.0,7445.0,10170.0,11637.28,8218.2,238.8,10,19,16,4.0,4.0,12.0,0.0,726,565.12,0.4381,0.0007,0.0007,16.868
2026-07-14 05:00:00,39,30385,22175,8210,0.0366,89.7436,10.2564,0.0,2.5641,7570.0,12360.6,12683.5,10542.2,170.5,9,23,25,0.0,0.0,23.0769,0.0,1381,779.1026,0.3702,0.0009,0.001,16.821
2026-07-14 06:00:00,69,47166,31652,15514,0.06,88.4058,11.5942,1.4493,4.3478,7401.0,10250.6,11347.68,8516.0,190.0,10,26,30,2.8986,5.7971,17.3913,0.0,2182,683.5652,0.4901,0.0009,0.001,14.0647
2026-07-14 07:00:00,81,59095,41886,17209,0.0751,86.4198,13.5802,7.4074,2.4691,7517.0,10303.0,12325.6,8499.0,170.0,10,27,31,1.2346,4.9383,12.3457,0.0,2844,729.5679,0.4109,0.0009,0.0011,16.5262
2026-07-14 08:00:00,72,48526,34340,14186,0.0596,93.0556,6.9444,2.7778,1.3889,7401.5,10603.35,12707.57,8806.4,133.05,10,26,34,2.7778,2.7778,16.6667,1.3889,2462,673.9722,0.4131,0.0008,0.0009,17.3551
2026-07-14 09:00:00,116,75398,53025,22373,0.0962,87.931,12.069,2.5862,6.0345,7267.0,11691.0,12897.1,10041.75,160.0,10,29,39,0.0,7.7586,17.2414,0.8621,3332,649.9828,0.4219,0.0008,0.0009,14.893
2026-07-14 10:00:00,142,98183,69239,28944,0.1238,83.8028,16.1972,4.9296,6.338,7295.0,12245.15,13607.06,10457.35,166.75,10,30,41,2.1127,6.338,19.7183,0.0,4517,691.4296,0.418,0.0009,0.001,15.606
2026-07-14 11:00:00,145,100813,71673,29140,0.1291,91.0345,8.9655,1.3793,4.1379,7377.0,11025.8,12641.44,9236.6,139.8,10,29,36,4.8276,4.8276,16.5517,0.0,4748,695.2621,0.4066,0.0009,0.001,16.2938
2026-07-14 12:00:00,123,78311,54732,23579,0.0966,91.0569,8.9431,3.252,2.439,7348.0,12509.8,13582.26,10152.2,176.9,10,28,36,1.626,8.1301,13.8211,0.0,4097,636.6748,0.4308,0.0008,0.0009,17.3756
2026-07-14 13:00:00,133,94408,67576,26832,0.1153,84.2105,15.7895,3.0075,7.5188,7401.0,9991.8,11405.52,8372.4,138.4,10,28,35,1.5038,8.2707,15.7895,0.0,4380,709.8346,0.3971,0.0009,0.001,16.3238
2026-07-14 14:00:00,143,95956,69692,26264,0.1206,88.1119,11.8881,2.7972,4.1958,7340.0,11246.8,12819.38,9203.8,147.8,10,29,39,0.0,9.0909,19.5804,0.0,4035,671.021,0.3769,0.0008,0.001,15.3632
2026-07-14 15:00:00,149,96383,66595,29788,0.1217,89.2617,10.7383,2.6846,2.6846,7444.0,11219.8,13326.8,9397.8,141.6,10,28,37,2.6846,3.3557,20.1342,0.0,4660,646.8658,0.4473,0.0008,0.0009,15.6439
2026-07-14 16:00:00,129,85681,60877,24804,0.1121,92.2481,7.7519,2.3256,3.876,7353.0,10810.2,12622.64,9116.4,172.6,10,30,35,0.0,2.3256,13.9535,0.7752,4162,664.1938,0.4074,0.0009,0.0009,16.7796
2026-07-14 17:00:00,137,99561,68998,30563,0.1264,88.3212,11.6788,5.1095,2.9197,7458.0,11222.4,13177.08,8646.6,176.4,10,29,41,0.7299,3.6496,17.5182,0.0,5173,726.7226,0.443,0.0009,0.001,16.9257
2026-07-14 18:00:00,75,48248,35295,12953,0.0632,98.6667,1.3333,1.3333,0.0,7351.0,11132.6,13852.38,9426.8,142.6,10,28,30,0.0,5.3333,16.0,0.0,1843,643.3067,0.367,0.0008,0.0009,14.2284
2026-07-14 19:00:00,93,65344,46643,18701,0.0791,92.4731,7.5269,5.3763,0.0,7676.0,11596.2,12630.68,9783.0,133.4,10,28,35,2.1505,7.5269,20.4301,0.0,2939,702.6237,0.4009,0.0009,0.0009,15.7157
2026-07-14 20:00:00,84,55876,40979,14897,0.0728,91.6667,8.3333,1.1905,2.381,7334.0,12523.4,13453.4,10503.15,135.8,10,26,32,0.0,4.7619,14.2857,0.0,2328,665.1905,0.3635,0.0009,0.0009,15.6273
2026-07-14 21:00:00,80,52367,37470,14897,0.0655,92.5,7.5,2.5,3.75,7576.0,11398.35,12570.21,9848.8,148.0,10,26,37,0.0,8.75,10.0,1.25,2205,654.5875,0.3976,0.0008,0.0009,14.8016
2026-07-14 22:00:00,42,24559,17552,7007,0.0318,85.7143,14.2857,0.0,4.7619,7010.0,9256.95,11600.06,8188.2,125.75,10,20,22,4.7619,4.7619,14.2857,0.0,1062,584.7381,0.3992,0.0008,0.0009,15.1563
2026-07-14 23:00:00,28,21930,16333,5597,0.0266,96.4286,3.5714,0.0,3.5714,7526.5,12816.15,13902.35,9893.25,181.85,10,17,16,0.0,3.5714,25.0,0.0,1102,783.2143,0.3427,0.001,0.001,19.6891
2026-07-15 00:00:00,27,19497,14473,5024,0.0238,96.2963,3.7037,3.7037,0.0,12966.0,18110.3,18162.58,11460.2,195.2,7,15,17,7.4074,0.0,14.8148,0.0,840,722.1111,0.3471,0.0009,0.0009,16.7197
2026-07-15 01:00:00,25,18580,12464,6116,0.0233,96.0,4.0,0.0,4.0,10470.0,17671.6,21672.76,10443.2,145.2,10,18,18,0.0,4.0,16.0,0.0,1078,743.2,0.4907,0.0009,0.001,17.6259
2026-07-15 02:00:00,16,9815,6480,3335,0.0118,100.0,0.0,0.0,0.0,14224.5,21098.0,22504.4,13546.25,91.0,8,15,11,0.0,0.0,18.75,0.0,646,613.4375,0.5147,0.0007,0.0007,19.3703
2026-07-15 03:00:00,26,18895,13124,5771,0.0227,88.4615,11.5385,3.8462,3.8462,12227.5,21469.5,24460.25,13832.5,150.5,9,15,17,0.0,3.8462,0.0,0.0,929,726.7308,0.4397,0.0009,0.001,16.0977
2026-07-15 04:00:00,25,20203,14585,5618,0.0249,88.0,12.0,0.0,8.0,11639.0,17349.2,18601.88,11224.4,158.4,10,15,17,0.0,4.0,20.0,0.0,880,808.12,0.3852,0.001,0.0011,15.6639
2026-07-15 05:00:00,25,16818,12203,4615,0.0202,96.0,4.0,0.0,0.0,11249.0,17557.4,18747.72,11017.6,134.8,10,15,18,0.0,0.0,12.0,0.0,846,672.72,0.3782,0.0008,0.0008,18.3315
2026-07-15 06:00:00,84,62120,42495,19625,0.0791,91.6667,8.3333,2.381,2.381,12015.5,19215.7,20461.35,11365.95,140.85,10,28,33,0.0,7.1429,15.4762,0.0,3447,739.5238,0.4618,0.0009,0.001,17.5643
2026-07-15 07:00:00,70,50017,35882,14135,0.0641,90.0,10.0,0.0,7.1429,10720.0,18697.8,21178.72,12048.3,214.1,10,22,27,1.4286,5.7143,11.4286,0.0,2237,714.5286,0.3939,0.0009,0.001,15.826
2026-07-15 08:00:00,71,48595,34732,13863,0.0625,92.9577,7.0423,4.2254,2.8169,10626.0,20390.5,22925.8,13293.0,178.0,10,28,32,1.4085,7.0423,14.0845,1.4085,2023,684.4366,0.3991,0.0009,0.0009,14.5928
2026-07-15 09:00:00,135,89965,61565,28400,0.1132,96.2963,3.7037,0.7407,1.4815,12275.0,21659.0,22867.42,13935.2,159.3,10,30,34,1.4815,4.4444,15.5556,0.0,4732,666.4074,0.4613,0.0008,0.0009,16.662
2026-07-15 10:00:00,116,82128,57859,24269,0.1049,90.5172,9.4828,1.7241,6.8966,11929.5,20898.25,23835.6,13655.0,207.0,10,30,35,0.0,6.0345,12.931,0.0,4238,708.0,0.4195,0.0009,0.001,17.4626
2026-07-15 11:00:00,108,79402,56967,22435,0.0985,93.5185,6.4815,1.8519,1.8519,11920.0,20573.9,22963.62,13199.35,157.5,10,28,35,0.9259,3.7037,16.6667,0.0,3437,735.2037,0.3938,0.0009,0.001,15.3198
2026-07-15 12:00:00,133,89344,63124,26220,0.1148,94.7368,5.2632,0.7519,3.7594,10669.0,18847.2,22546.28,11744.8,171.8,10,29,40,2.2556,6.015,20.3008,0.7519,3953,671.7594,0.4154,0.0009,0.0009,15.0763
2026-07-15 13:00:00,121,91614,67069,24545,0.1162,91.7355,8.2645,3.3058,3.3058,11181.0,18212.0,23833.4,11645.0,165.0,10,30,39,0.8264,4.9587,15.7025,0.0,3824,757.1405,0.366,0.001,0.001,15.5795
2026-07-15 14:00:00,134,94688,66251,28437,0.1213,94.0299,5.9701,2.9851,1.4925,11260.0,18418.35,20107.84,11549.4,177.45,10,29,37,4.4776,1.4925,20.1493,0.0,4455,706.6269,0.4292,0.0009,0.001,15.6662
2026-07-15 15:00:00,133,87373,59659,27714,0.1065,94.7368,5.2632,0.0,3.0075,11155.0,22039.4,23175.88,14424.4,139.8,10,29,39,0.7519,3.7594,19.5489,0.0,4512,656.9398,0.4645,0.0008,0.0008,16.2806
2026-07-15 16:00:00,149,104580,72694,31886,0.1321,93.9597,6.0403,0.6711,3.3557,10792.0,21238.4,24378.6,13183.4,154.2,10,28,37,0.6711,6.7114,18.1208,0.0,4889,701.8792,0.4386,0.0009,0.0009,15.3327
2026-07-15 17:00:00,138,92351,65052,27299,0.1144,89.8551,10.1449,1.4493,4.3478,11432.5,20076.35,22323.97,12182.65,169.9,10,29,41,2.8986,6.5217,14.4928,0.0,4462,669.2101,0.4196,0.0008,0.0009,16.3449
2026-07-15 18:00:00,85,53632,36473,17159,0.0678,96.4706,3.5294,0.0,1.1765,11147.0,18604.6,22559.56,11991.4,151.8,10,26,33,0.0,3.5294,14.1176,0.0,2600,630.9647,0.4705,0.0008,0.0008,15.1524
2026-07-15 19:00:00,65,50177,33943,16234,0.0625,96.9231,3.0769,0.0,3.0769,12151.0,18879.2,19816.08,10988.2,169.8,10,26,28,0.0,4.6154,21.5385,1.5385,2584,771.9538,0.4783,0.001,0.001,15.9172
2026-07-15 20:00:00,80,60846,43466,17380,0.0777,96.25,3.75,0.0,3.75,12650.5,18311.75,21771.67,11518.5,146.05,10,27,29,1.25,7.5,23.75,0.0,3128,760.575,0.3999,0.001,0.001,17.9977
2026-07-15 21:00:00,75,46540,32158,14382,0.0611,90.6667,9.3333,1.3333,2.6667,10252.0,17384.8,22042.8,10952.2,163.7,10,24,30,0.0,9.3333,22.6667,1.3333,2068,620.5333,0.4472,0.0008,0.0009,14.3791
2026-07-15 22:00:00,38,23966,16526,7440,0.0295,86.8421,13.1579,0.0,5.2632,10924.5,18577.5,20646.68,11416.85,157.3,10,22,20,0.0,5.2632,21.0526,0.0,1204,630.6842,0.4502,0.0008,0.0009,16.1828
2026-07-15 23:00:00,37,25780,19391,6389,0.0315,89.1892,10.8108,2.7027,2.7027,12423.0,19344.8,22885.12,12233.8,168.4,10,20,21,0.0,10.8108,18.9189,0.0,966,696.7568,0.3295,0.0009,0.001,15.1197
2026-07-16 00:00:00,28,19358,13634,5724,0.0232,92.8571,7.1429,3.5714,3.5714,13126.0,20444.3,23592.53,13153.0,164.65,9,20,20,3.5714,3.5714,28.5714,0.0,851,691.3571,0.4198,0.0008,0.0009,14.8672
2026-07-16 01:00:00,23,12206,8308,3898,0.0146,95.6522,4.3478,0.0,0.0,10844.0,15612.6,21399.5,10106.6,145.3,8,15,17,0.0,8.6957,8.6957,0.0,644,530.6957,0.4692,0.0006,0.0007,16.5213
2026-07-16 02:00:00,26,16719,11447,5272,0.0208,92.3077,7.6923,0.0,3.8462,10450.0,21050.75,23483.5,13228.75,231.5,8,14,17,3.8462,7.6923,11.5385,0.0,818,643.0385,0.4606,0.0008,0.0009,15.5159
2026-07-16 03:00:00,27,17624,12172,5452,0.0235,88.8889,11.1111,0.0,3.7037,11642.0,17638.0,21947.74,10973.8,167.3,8,15,16,3.7037,0.0,18.5185,0.0,925,652.7407,0.4479,0.0009,0.001,16.9663
2026-07-16 04:00:00,44,26616,19524,7092,0.0329,93.1818,6.8182,4.5455,2.2727,10246.5,19232.35,21552.26,12297.15,127.8,10,20,23,0.0,4.5455,15.9091,2.2727,1101,604.9091,0.3632,0.0007,0.0008,15.5245
2026-07-16 05:00:00,19,13823,9720,4103,0.0184,89.4737,10.5263,5.2632,0.0,12266.0,21619.4,22558.28,13643.6,175.4,6,11,11,0.0,0.0,10.5263,0.0,717,727.5263,0.4221,0.001,0.0011,17.475
2026-07-16 06:00:00,76,48340,31953,16387,0.0613,89.4737,10.5263,2.6316,5.2632,11418.0,21187.75,21675.0,13378.25,166.75,10,25,34,0.0,2.6316,21.0526,0.0,2366,636.0526,0.5128,0.0008,0.0009,14.4383
2026-07-16 07:00:00,74,53022,37745,15277,0.0657,93.2432,6.7568,2.7027,2.7027,12113.5,18024.35,22513.3,11541.1,141.55,10,27,32,4.0541,8.1081,20.2703,0.0,2546,716.5135,0.4047,0.0009,0.001,16.6656
2026-07-16 08:00:00,86,58534,40646,17888,0.0727,93.0233,6.9767,3.4884,1.1628,11871.5,18074.75,22785.1,11482.5,173.25,9,24,35,1.1628,6.9767,16.2791,0.0,2861,680.6279,0.4401,0.0008,0.0009,15.994
2026-07-16 09:00:00,140,92530,63910,28620,0.1162,92.1429,7.8571,2.8571,2.1429,11731.5,21327.9,23741.53,13694.2,163.1,10,29,38,2.8571,3.5714,17.1429,0.0,4371,660.9286,0.4478,0.0008,0.0009,15.2725
2026-07-16 10:00:00,136,96087,68526,27561,0.1197,93.3824,6.6176,2.9412,2.9412,10797.0,20825.5,22912.15,12908.75,159.25,10,29,37,0.0,4.4118,17.6471,0.0,4366,706.5221,0.4022,0.0009,0.0009,15.8412
2026-07-16 11:00:00,134,96565,69562,27003,0.1219,94.0299,5.9701,2.2388,1.4925,12454.5,19057.75,21737.86,11612.3,162.7,10,28,34,0.0,5.2239,17.1642,0.0,4048,720.6343,0.3882,0.0009,0.001,14.9909
2026-07-16 12:00:00,132,92398,65966,26432,0.114,93.1818,6.8182,3.0303,1.5152,11805.5,20513.15,23492.68,12659.3,188.95,10,26,33,0.0,6.8182,22.7273,0.0,4139,699.9848,0.4007,0.0009,0.0009,15.659
2026-07-16 13:00:00,135,95984,67093,28891,0.12,94.8148,5.1852,0.7407,1.4815,11830.0,19835.4,23979.18,12465.8,164.0,10,29,39,2.2222,4.4444,14.0741,0.0,4289,710.9926,0.4306,0.0009,0.0009,14.8455
2026-07-16 14:00:00,112,74847,52903,21944,0.0963,91.9643,8.0357,0.8929,3.5714,10940.0,18803.25,23626.89,12266.4,197.85,10,29,35,1.7857,8.9286,16.0714,0.8929,3229,668.2768,0.4148,0.0009,0.0009,14.7147
2026-07-16 15:00:00,135,97442,67132,30310,0.1245,94.0741,5.9259,2.963,1.4815,10972.0,21637.0,23704.02,12937.9,156.6,10,30,38,1.4815,5.1852,12.5926,0.0,4304,721.7926,0.4515,0.0009,0.001,14.1999
2026-07-16 16:00:00,134,96670,67342,29328,0.12,94.7761,5.2239,1.4925,1.4925,11121.5,20302.25,22771.89,11997.65,176.05,10,30,42,1.4925,2.2388,15.6716,0.0,4793,721.4179,0.4355,0.0009,0.0009,16.3427
2026-07-16 17:00:00,135,88272,61664,26608,0.1118,89.6296,10.3704,2.2222,4.4444,11091.0,17933.7,22995.32,11216.6,168.2,10,30,35,0.7407,2.963,19.2593,0.0,3950,653.8667,0.4315,0.0008,0.0009,14.8452
2026-07-16 18:00:00,73,53149,34368,18781,0.0684,100.0,0.0,0.0,0.0,11590.0,21193.0,29456.8,13296.4,198.4,10,25,30,2.7397,4.1096,19.1781,0.0,2694,728.0685,0.5465,0.0009,0.0009,14.3443
2026-07-16 19:00:00,72,48408,34906,13502,0.0607,95.8333,4.1667,1.3889,2.7778,11738.0,18915.05,21259.75,11463.3,166.9,10,26,33,4.1667,2.7778,19.4444,0.0,2107,672.3333,0.3868,0.0008,0.0009,15.6051
2026-07-16 20:00:00,64,44504,32795,11709,0.0555,96.875,3.125,0.0,1.5625,10726.0,17036.6,22835.1,10713.95,137.9,10,27,30,0.0,1.5625,17.1875,0.0,2081,695.375,0.357,0.0009,0.0009,17.7727
2026-07-16 21:00:00,82,52695,37506,15189,0.0642,92.6829,7.3171,0.0,4.878,10838.5,21131.8,22502.59,13394.1,150.7,10,26,34,0.0,4.878,18.2927,1.2195,2413,642.622,0.405,0.0008,0.0008,15.8865
2026-07-16 22:00:00,32,20486,14862,5624,0.0258,100.0,0.0,0.0,0.0,11063.0,20592.4,22424.32,13319.65,223.8,10,19,22,0.0,9.375,21.875,0.0,819,640.1875,0.3784,0.0008,0.0008,14.5626
2026-07-16 23:00:00,42,32336,23423,8913,0.0409,92.8571,7.1429,0.0,4.7619,10807.5,21411.8,22087.22,13701.7,163.1,10,23,25,0.0,0.0,23.8095,0.0,1333,769.9048,0.3805,0.001,0.001,14.9557
2026-07-17 00:00:00,22,14940,9793,5147,0.0195,90.9091,9.0909,4.5455,4.5455,6971.5,8744.15,9737.55,8255.2,183.65,8,14,12,0.0,9.0909,13.6364,0.0,730,679.0909,0.5256,0.0009,0.001,14.183
2026-07-17 01:00:00,27,19359,13286,6073,0.0246,96.2963,3.7037,0.0,0.0,6376.0,8822.3,9001.32,6594.6,124.3,9,16,20,0.0,7.4074,14.8148,0.0,801,717.0,0.4571,0.0009,0.0009,13.1895
2026-07-17 02:00:00,12,10139,7340,2799,0.0127,100.0,0.0,0.0,0.0,6585.0,10415.45,11304.69,8871.15,213.95,7,9,11,0.0,0.0,16.6667,0.0,503,844.9167,0.3813,0.0011,0.0011,17.9707
2026-07-17 03:00:00,34,23889,17244,6645,0.0303,97.0588,2.9412,2.9412,0.0,6732.0,9343.3,10649.73,9109.3,153.15,10,18,23,0.0,8.8235,14.7059,0.0,1038,702.6176,0.3854,0.0009,0.0009,15.6208
2026-07-17 04:00:00,24,17075,12656,4419,0.0215,95.8333,4.1667,0.0,0.0,6232.5,7187.2,9235.63,6116.4,127.6,8,17,19,0.0,8.3333,12.5,0.0,569,711.4583,0.3492,0.0009,0.0009,12.8762
2026-07-17 05:00:00,31,24363,18401,5962,0.0297,96.7742,3.2258,0.0,0.0,6526.0,10048.0,10298.9,9482.0,169.5,9,17,20,0.0,3.2258,9.6774,0.0,943,785.9032,0.324,0.001,0.001,15.8168
2026-07-17 06:00:00,88,63800,46642,17158,0.0793,94.3182,5.6818,2.2727,2.2727,6534.5,8717.55,10497.62,7945.15,157.3,10,28,32,1.1364,2.2727,27.2727,0.0,2650,725.0,0.3679,0.0009,0.001,15.4447
2026-07-17 07:00:00,98,64806,44587,20219,0.0835,96.9388,3.0612,0.0,2.0408,6598.0,8617.85,10602.16,8036.6,141.6,9,26,30,4.0816,4.0816,16.3265,0.0,3374,661.2857,0.4535,0.0009,0.0009,16.6873
2026-07-17 08:00:00,77,46396,32250,14146,0.0583,98.7013,1.2987,0.0,1.2987,6440.0,8198.6,9470.6,7083.0,145.0,10,26,26,2.5974,6.4935,28.5714,1.2987,2378,602.5455,0.4386,0.0008,0.0008,16.8104
2026-07-17 09:00:00,141,98824,71067,27757,0.1218,95.0355,4.9645,1.4184,2.8369,6528.0,9191.0,10666.4,8911.0,176.0,10,30,40,1.4184,5.6738,18.4397,0.0,4335,700.8794,0.3906,0.0009,0.0009,15.6177
2026-07-17 10:00:00,139,93437,66010,27427,0.1221,96.4029,3.5971,0.7194,1.4388,6542.0,9136.9,10711.56,8387.1,179.3,10,28,41,0.7194,4.3165,12.9496,0.0,4468,672.2086,0.4155,0.0009,0.0009,16.2905
2026-07-17 11:00:00,140,94809,67603,27206,0.1177,97.1429,2.8571,0.0,1.4286,6585.0,9627.7,10252.39,8480.25,166.95,10,29,37,0.7143,2.8571,15.7143,0.0,4278,677.2071,0.4024,0.0008,0.0009,15.7245
2026-07-17 12:00:00,125,83406,56158,27248,0.1028,95.2,4.8,1.6,0.8,6663.0,8628.4,10812.56,7729.2,140.8,10,28,35,0.8,2.4,20.0,0.8,4428,667.248,0.4852,0.0008,0.0009,16.2507
2026-07-17 13:00:00,126,85325,59871,25454,0.1088,96.8254,3.1746,0.0,3.1746,6454.0,8638.0,10218.25,7717.0,151.5,10,29,41,1.5873,3.9683,14.2857,0.0,3984,677.1825,0.4251,0.0009,0.0009,15.6518
2026-07-17 14:00:00,126,92169,66914,25255,0.1165,95.2381,4.7619,3.1746,0.7937,6599.5,9664.75,10754.5,8764.5,159.5,10,29,41,0.0,7.9365,15.873,0.7937,4122,731.5,0.3774,0.0009,0.001,16.3215
2026-07-17 15:00:00,130,86056,63128,22928,0.1116,96.1538,3.8462,0.7692,0.7692,6475.5,9923.75,11246.85,9320.5,153.7,10,30,37,1.5385,3.8462,17.6923,0.0,3775,661.9692,0.3632,0.0009,0.0009,16.4646
2026-07-17 16:00:00,147,97704,65066,32638,0.1259,95.9184,4.0816,2.0408,2.0408,6456.0,10030.4,11001.66,9323.7,164.4,10,28,37,0.6803,4.0816,12.9252,0.6803,5562,664.6531,0.5016,0.0009,0.0009,17.0415
2026-07-17 17:00:00,137,94887,66722,28165,0.1168,92.7007,7.2993,1.4599,2.9197,6551.0,8791.6,10041.08,7535.2,164.2,10,28,30,0.7299,5.1095,18.2482,0.0,4443,692.6058,0.4221,0.0009,0.0009,15.7749
2026-07-17 18:00:00,86,57116,38113,19003,0.0706,93.0233,6.9767,1.1628,0.0,6567.5,8498.75,9693.95,7319.25,178.0,10,25,32,2.3256,5.814,18.6047,0.0,2722,664.1395,0.4986,0.0008,0.0009,14.3241
2026-07-17 19:00:00,80,53313,38626,14687,0.0676,97.5,2.5,0.0,0.0,6401.5,7979.3,9774.95,7502.45,141.85,10,26,33,1.25,3.75,15.0,0.0,2462,666.4125,0.3802,0.0008,0.0009,16.7631
2026-07-17 20:00:00,64,41930,27734,14196,0.0535,96.875,3.125,1.5625,1.5625,6658.0,8899.95,10556.89,7782.2,147.5,10,26,30,1.5625,6.25,20.3125,0.0,2259,655.1562,0.5119,0.0008,0.0009,15.9129
2026-07-17 21:00:00,95,70604,50650,19954,0.0859,95.7895,4.2105,3.1579,1.0526,6608.0,8841.8,10441.34,7781.7,190.2,10,28,35,0.0,3.1579,18.9474,0.0,3171,743.2,0.394,0.0009,0.0009,15.8916
2026-07-17 22:00:00,46,33708,24483,9225,0.0444,95.6522,4.3478,2.1739,2.1739,6546.0,9383.25,10352.6,8495.0,133.5,9,19,22,2.1739,2.1739,26.087,0.0,1381,732.7826,0.3768,0.001,0.001,14.9702
2026-07-17 23:00:00,42,28385,19289,9096,0.0373,92.8571,7.1429,0.0,0.0,6760.0,9122.9,11308.03,8311.9,137.9,10,21,22,2.381,9.5238,14.2857,0.0,1315,675.8333,0.4716,0.0009,0.001,14.4569
2026-07-18 00:00:00,32,23853,16507,7346,0.0313,96.875,3.125,0.0,3.125,6491.0,9076.0,10327.23,8622.9,141.65,10,19,18,0.0,6.25,18.75,0.0,1161,745.4062,0.445,0.001,0.001,15.8045
2026-07-18 01:00:00,23,14408,10026,4382,0.0173,91.3043,8.6957,0.0,8.6957,6530.0,8833.3,10207.84,8560.2,180.0,8,17,17,0.0,13.0435,13.0435,0.0,689,626.4348,0.4371,0.0008,0.0008,15.7234
2026-07-18 02:00:00,30,21062,14746,6316,0.0259,93.3333,6.6667,3.3333,3.3333,6711.5,8704.7,9655.36,8377.45,140.9,10,20,19,3.3333,0.0,33.3333,0.0,937,702.0667,0.4283,0.0009,0.0009,14.8353
2026-07-18 03:00:00,18,11255,6715,4540,0.0135,94.4444,5.5556,0.0,5.5556,6450.5,11050.7,11348.54,9528.05,132.95,8,14,13,0.0,5.5556,0.0,0.0,951,625.2778,0.6761,0.0008,0.0008,20.9471
2026-07-18 04:00:00,33,25877,20271,5606,0.0317,93.9394,6.0606,0.0,6.0606,6402.0,8339.0,8755.12,7336.2,179.4,10,21,22,3.0303,0.0,24.2424,0.0,921,784.1515,0.2766,0.001,0.001,16.4288
2026-07-18 05:00:00,34,27587,20536,7051,0.0342,97.0588,2.9412,0.0,2.9412,6401.0,9790.4,10867.99,9462.3,151.4,9,21,22,0.0,5.8824,26.4706,0.0,996,811.3824,0.3433,0.001,0.001,14.1257
2026-07-18 06:00:00,82,54016,37202,16814,0.0664,96.3415,3.6585,1.2195,2.439,6425.0,8236.05,10617.61,7552.85,147.2,10,25,33,1.2195,2.439,14.6341,0.0,2525,658.7317,0.452,0.0008,0.0008,15.0172
2026-07-18 07:00:00,78,50258,35415,14843,0.0608,91.0256,8.9744,2.5641,0.0,6541.0,9043.05,10690.98,8761.05,146.0,10,25,32,0.0,3.8462,15.3846,0.0,2351,644.3333,0.4191,0.0008,0.0009,15.8391
2026-07-18 08:00:00,105,71911,51453,20458,0.0875,96.1905,3.8095,1.9048,1.9048,6515.0,10027.4,10730.68,9445.0,154.8,10,26,33,1.9048,3.8095,18.0952,0.0,3453,684.8667,0.3976,0.0008,0.0009,16.8785
2026-07-18 09:00:00,139,93923,67550,26373,0.1167,96.4029,3.5971,0.0,2.8777,6718.0,9424.2,10756.9,8800.4,155.3,10,30,37,0.7194,2.8777,17.9856,0.0,4279,675.705,0.3904,0.0008,0.0009,16.2249
2026-07-18 10:00:00,129,92415,65510,26905,0.1193,92.2481,7.7519,0.7752,6.2016,6509.0,8525.2,10603.4,7425.0,162.6,10,28,38,0.7752,6.9767,14.7287,0.0,3921,716.3953,0.4107,0.0009,0.001,14.5735
2026-07-18 11:00:00,142,99636,70074,29562,0.127,92.9577,7.0423,1.4085,3.5211,6388.0,8756.9,10324.35,7898.2,158.75,10,29,39,2.1127,2.8169,15.493,0.0,4443,701.662,0.4219,0.0009,0.001,15.0294
2026-07-18 12:00:00,136,87640,59204,28436,0.1116,95.5882,4.4118,1.4706,2.2059,6493.5,8863.25,10052.3,7683.75,150.75,10,30,36,0.0,2.2059,17.6471,0.7353,4582,644.4118,0.4803,0.0008,0.0009,16.1134
2026-07-18 13:00:00,116,80668,54546,26122,0.1015,97.4138,2.5862,0.0,1.7241,6560.5,10133.75,10611.95,9408.5,162.5,10,29,35,0.8621,2.5862,18.9655,0.0,3889,695.4138,0.4789,0.0009,0.0009,14.8878
2026-07-18 14:00:00,130,90946,63170,27776,0.1195,99.2308,0.7692,0.0,0.7692,6425.0,9018.25,10952.22,8128.85,157.55,10,30,42,1.5385,2.3077,18.4615,0.0,4513,699.5846,0.4397,0.0009,0.0009,16.2478
2026-07-18 15:00:00,140,93361,64397,28964,0.1192,97.8571,2.1429,1.4286,0.7143,6580.0,8696.25,11012.89,8081.05,160.0,10,27,39,0.7143,4.2857,17.8571,0.0,4491,666.8643,0.4498,0.0009,0.0009,15.5055
2026-07-18 16:00:00,131,90436,65108,25328,0.1142,93.8931,6.1069,0.7634,3.0534,6473.0,8587.0,10694.4,7805.5,166.0,10,28,32,1.5267,4.5802,18.3206,0.0,4178,690.3511,0.389,0.0009,0.0009,16.4956
2026-07-18 17:00:00,123,88688,63078,25610,0.1138,95.935,4.065,0.0,1.626,6699.0,8692.2,10491.4,7629.4,139.9,10,29,37,1.626,2.439,13.8211,0.0,3987,721.0407,0.406,0.0009,0.001,15.5681
2026-07-18 18:00:00,88,58490,39605,18885,0.075,93.1818,6.8182,0.0,4.5455,6402.5,8404.45,10683.43,7568.3,151.3,10,28,34,1.1364,2.2727,7.9545,1.1364,2971,664.6591,0.4768,0.0009,0.0009,15.7321
2026-07-18 19:00:00,87,60054,43338,16716,0.0795,96.5517,3.4483,1.1494,1.1494,6480.0,9129.2,11317.76,8189.9,156.4,9,24,31,1.1494,3.4483,16.092,0.0,2723,690.2759,0.3857,0.0009,0.0009,16.2898
2026-07-18 20:00:00,84,59092,43020,16072,0.0739,97.619,2.381,1.1905,1.1905,6518.0,7994.1,9867.36,7240.3,178.85,10,25,29,0.0,1.1905,20.2381,0.0,2860,703.4762,0.3736,0.0009,0.0009,17.7949
2026-07-18 21:00:00,81,50383,34933,15450,0.0643,96.2963,3.7037,0.0,0.0,6466.0,8940.0,10173.4,8285.0,167.0,10,27,31,1.2346,2.4691,20.9877,0.0,2263,622.0123,0.4423,0.0008,0.0008,14.6472
2026-07-18 22:00:00,32,20960,15441,5519,0.0263,100.0,0.0,0.0,0.0,6578.0,7550.1,8578.83,7148.4,148.3,10,19,19,0.0,9.375,18.75,0.0,923,655.0,0.3574,0.0008,0.0008,16.724
2026-07-18 23:00:00,39,25448,17400,8048,0.031,97.4359,2.5641,0.0,2.5641,6587.0,10050.6,10354.84,8016.3,107.2,10,22,21,0.0,10.2564,15.3846,0.0,1255,652.5128,0.4625,0.0008,0.0008,15.5939
2026-07-19 00:00:00,24,17286,12065,5221,0.0223,95.8333,4.1667,0.0,0.0,6742.5,9105.6,9858.29,7579.65,175.45,7,14,15,8.3333,4.1667,16.6667,4.1667,747,720.25,0.4327,0.0009,0.001,14.3076
2026-07-19 01:00:00,35,23896,17091,6805,0.0314,88.5714,11.4286,8.5714,0.0,6502.0,8873.3,9519.88,7916.6,147.9,9,20,23,0.0,8.5714,8.5714,0.0,1165,682.7429,0.3982,0.0009,0.001,17.1198
2026-07-19 02:00:00,38,30387,22229,8158,0.0386,100.0,0.0,0.0,0.0,6631.0,9156.35,10593.91,8546.95,173.9,10,21,21,0.0,2.6316,13.1579,0.0,1469,799.6579,0.367,0.001,0.001,18.0069
2026-07-19 03:00:00,64,45860,32224,13636,0.0611,92.1875,7.8125,1.5625,3.125,6558.5,8738.2,9959.64,7975.7,166.25,10,28,31,0.0,6.25,20.3125,0.0,2148,716.5625,0.4232,0.001,0.001,15.7524
2026-07-19 04:00:00,76,50127,35462,14665,0.0668,96.0526,3.9474,1.3158,1.3158,6585.0,8155.0,9819.75,7210.75,158.25,10,29,32,2.6316,3.9474,19.7368,0.0,2322,659.5658,0.4135,0.0009,0.0009,15.8336
2026-07-19 05:00:00,61,45771,31790,13981,0.0598,93.4426,6.5574,0.0,6.5574,6588.0,7803.0,8449.6,6860.0,175.0,10,22,30,3.2787,1.6393,18.0328,0.0,2219,750.3443,0.4398,0.001,0.001,15.8715
2026-07-19 06:00:00,85,58538,42632,15906,0.0728,97.6471,2.3529,0.0,1.1765,6546.0,9244.0,10838.2,8439.8,160.8,10,27,34,0.0,4.7059,12.9412,0.0,2528,688.6824,0.3731,0.0009,0.0009,15.8934
2026-07-19 07:00:00,83,55870,39265,16605,0.0677,93.9759,6.0241,2.4096,3.6145,6458.0,8488.5,11443.4,7594.4,174.2,10,28,35,0.0,8.4337,16.8675,0.0,2751,673.1325,0.4229,0.0008,0.0009,16.5673
2026-07-19 08:00:00,82,51205,35070,16135,0.0624,92.6829,7.3171,2.439,3.6585,6546.0,9020.9,10289.4,8482.9,148.7,10,24,32,1.2195,7.3171,18.2927,0.0,2511,624.4512,0.4601,0.0008,0.0008,15.5624
2026-07-19 09:00:00,132,92633,66643,25990,0.1157,95.4545,4.5455,0.7576,2.2727,6610.5,9639.25,11056.73,9301.9,164.4,10,30,36,1.5152,6.8182,20.4545,0.0,4489,701.7652,0.39,0.0009,0.0009,17.272
2026-07-19 10:00:00,133,85421,58180,27241,0.1101,100.0,0.0,0.0,0.0,6536.0,9278.6,10885.4,8580.2,161.4,10,27,41,0.7519,3.7594,19.5489,0.7519,4076,642.2632,0.4682,0.0008,0.0008,14.9627
2026-07-19 11:00:00,156,103518,72464,31054,0.1305,95.5128,4.4872,0.0,0.641,6559.0,9953.75,10825.8,9323.0,163.5,10,30,43,1.2821,6.4103,18.5897,1.2821,5111,663.5769,0.4285,0.0008,0.0009,16.4584
2026-07-19 12:00:00,122,82683,57563,25120,0.104,97.541,2.459,1.6393,0.8197,6556.5,8765.6,9832.09,7813.95,169.95,10,29,35,4.918,5.7377,14.7541,0.0,3854,677.7295,0.4364,0.0009,0.0009,15.3424
2026-07-19 13:00:00,141,97131,68767,28364,0.12,97.1631,2.8369,1.4184,0.7092,6581.0,9134.0,10227.6,8603.0,167.0,10,29,39,1.4184,1.4184,15.6028,0.0,4394,688.8723,0.4125,0.0009,0.0009,15.4915
2026-07-19 14:00:00,131,93537,66069,27468,0.1175,93.8931,6.1069,3.0534,1.5267,6524.0,8363.0,9735.0,7482.0,143.5,10,30,36,1.5267,9.1603,16.0305,0.0,4318,714.0229,0.4157,0.0009,0.001,15.7201
2026-07-19 15:00:00,159,104734,74966,29768,0.133,96.2264,3.7736,1.2579,0.6289,6370.0,8832.3,10283.5,7747.8,157.0,10,30,39,1.2579,5.6604,12.5786,0.0,4970,658.7044,0.3971,0.0008,0.0009,16.6958
2026-07-19 16:00:00,158,107588,75945,31643,0.1385,91.1392,8.8608,4.4304,3.1646,6556.5,8120.3,9549.59,7382.15,165.45,10,30,39,2.5316,4.4304,20.8861,0.6329,5296,680.9367,0.4167,0.0009,0.001,16.7367
2026-07-19 17:00:00,123,84022,58135,25887,0.1076,94.3089,5.6911,1.626,3.252,6545.0,8398.5,9743.18,7839.3,146.3,10,29,32,0.813,4.065,16.2602,0.0,3871,683.1057,0.4453,0.0009,0.0009,14.9535
2026-07-19 18:00:00,77,45424,30874,14550,0.0567,93.5065,6.4935,0.0,1.2987,6513.0,9190.0,10688.08,8862.6,147.4,10,27,29,1.2987,2.5974,27.2727,1.2987,2269,589.9221,0.4713,0.0007,0.0008,15.5945
2026-07-19 19:00:00,91,61505,42072,19433,0.0826,97.8022,2.1978,0.0,1.0989,6569.0,9799.5,10441.6,8978.0,162.0,10,30,36,2.1978,4.3956,14.2857,0.0,2991,675.8791,0.4619,0.0009,0.0009,15.3913
2026-07-19 20:00:00,83,64986,47136,17850,0.079,95.1807,4.8193,1.2048,1.2048,6852.0,10248.0,10737.98,9591.6,144.0,10,28,33,4.8193,4.8193,14.4578,0.0,2813,782.9639,0.3787,0.001,0.001,15.7591
2026-07-19 21:00:00,81,58309,41130,17179,0.0704,97.5309,2.4691,0.0,1.2346,6576.0,10044.0,10937.4,9161.0,189.0,10,28,35,1.2346,2.4691,14.8148,1.2346,3124,719.8642,0.4177,0.0009,0.0009,18.185
2026-07-19 22:00:00,59,38679,27495,11184,0.0505,89.8305,10.1695,1.6949,8.4746,6646.0,8183.7,8875.1,7883.1,127.4,10,26,30,0.0,8.4746,15.2542,0.0,1701,655.5763,0.4068,0.0009,0.001,15.2092
2026-07-19 23:00:00,46,29587,21277,8310,0.0385,95.6522,4.3478,0.0,0.0,6537.5,8075.75,9039.85,7492.75,138.25,10,24,22,2.1739,2.1739,23.913,0.0,1414,643.1957,0.3906,0.0008,0.0009,17.0156
2026-07-20 00:00:00,35,22685,15838,6847,0.0286,94.2857,5.7143,0.0,2.8571,6461.0,8383.6,8899.86,7648.0,187.0,9,21,21,0.0,2.8571,11.4286,0.0,1154,648.1429,0.4323,0.0008,0.0009,16.8541
2026-07-20 01:00:00,36,21095,15308,5787,0.0258,97.2222,2.7778,2.7778,0.0,6401.5,8681.75,9423.0,7808.0,138.0,8,18,21,2.7778,5.5556,19.4444,2.7778,865,585.9722,0.378,0.0007,0.0007,14.9473
2026-07-20 02:00:00,31,21005,13577,7428,0.0278,100.0,0.0,0.0,0.0,6544.0,8690.0,9903.3,8112.5,205.5,9,17,18,0.0,0.0,12.9032,0.0,1179,677.5806,0.5471,0.0009,0.0009,15.8724
2026-07-20 03:00:00,34,22102,15387,6715,0.0273,91.1765,8.8235,2.9412,2.9412,7018.0,10384.95,10994.34,9673.3,192.6,10,22,21,0.0,2.9412,14.7059,0.0,970,650.0588,0.4364,0.0008,0.0009,14.4453
2026-07-20 04:00:00,31,22565,16432,6133,0.028,93.5484,6.4516,0.0,3.2258,6663.0,9814.5,10155.4,8650.0,123.0,8,18,17,0.0,3.2258,38.7097,0.0,896,727.9032,0.3732,0.0009,0.001,14.6095
2026-07-20 05:00:00,25,15530,10685,4845,0.0215,100.0,0.0,0.0,0.0,6355.0,7895.8,8355.64,6316.8,200.2,7,15,17,4.0,0.0,20.0,0.0,798,621.2,0.4534,0.0009,0.0009,16.4706
2026-07-20 06:00:00,110,74997,52686,22311,0.099,95.4545,4.5455,2.7273,0.9091,6588.0,8649.7,10417.35,7757.65,163.1,10,27,37,0.0,2.7273,19.0909,0.0,3772,681.7909,0.4235,0.0009,0.0009,16.9065
2026-07-20 07:00:00,96,65136,45676,19460,0.0818,94.7917,5.2083,3.125,1.0417,6527.5,9278.25,10135.6,8210.0,178.75,10,25,30,0.0,4.1667,15.625,0.0,2968,678.5,0.426,0.0009,0.0009,15.2518
2026-07-20 08:00:00,121,79745,57404,22341,0.0998,96.6942,3.3058,0.0,0.8264,6553.0,10142.0,10926.4,9439.0,162.0,10,28,38,0.0,4.1322,19.0083,0.0,3650,659.0496,0.3892,0.0008,0.0009,16.3377
2026-07-20 09:00:00,176,116364,82085,34279,0.1452,95.4545,4.5455,1.7045,1.7045,6590.5,9848.75,10798.25,9507.5,156.0,10,30,40,0.5682,5.1136,21.5909,0.0,5651,661.1591,0.4176,0.0008,0.0009,16.4853
2026-07-20 10:00:00,172,114090,76321,37769,0.1413,97.6744,2.3256,1.1628,0.5814,6687.0,8849.95,10333.75,7955.9,163.45,10,29,41,1.7442,1.1628,18.0233,0.0,5650,663.314,0.4949,0.0008,0.0008,14.9594
2026-07-20 11:00:00,182,128108,91919,36189,0.1586,93.4066,6.5934,2.7473,1.6484,6521.5,9521.6,10909.73,8809.2,169.0,10,29,45,1.0989,4.9451,23.6264,0.0,5864,703.8901,0.3937,0.0009,0.0009,16.2038
2026-07-20 12:00:00,167,107861,75304,32557,0.1326,94.6108,5.3892,1.1976,1.1976,6531.0,9006.1,10911.88,8173.6,164.5,10,29,41,2.994,3.5928,16.7665,0.0,4905,645.8743,0.4323,0.0008,0.0008,15.0659
2026-07-20 13:00:00,203,137262,97508,39754,0.1755,96.5517,3.4483,0.9852,1.4778,6547.0,9134.9,10338.58,8585.1,177.3,10,30,39,2.4631,3.4483,15.2709,0.4926,6304,676.1675,0.4077,0.0009,0.0009,15.8575
2026-07-20 14:00:00,192,129525,88997,40528,0.1618,95.3125,4.6875,0.5208,2.0833,6518.0,8870.5,10393.38,7880.6,177.9,10,30,42,1.0417,3.6458,12.5,0.0,6392,674.6094,0.4554,0.0008,0.0009,15.7718
2026-07-20 15:00:00,178,125786,89903,35883,0.1556,96.6292,3.3708,1.6854,0.5618,6626.5,9184.95,10066.92,7748.95,204.65,10,30,43,1.6854,5.0562,20.2247,0.5618,5780,706.6629,0.3991,0.0009,0.0009,16.1079
2026-07-20 16:00:00,179,121330,84927,36403,0.1542,96.648,3.352,1.676,1.1173,6579.0,9000.7,10980.66,8419.9,168.1,10,28,39,2.2346,5.0279,17.8771,0.5587,5885,677.8212,0.4286,0.0009,0.0009,16.1663
2026-07-20 17:00:00,172,110010,75276,34734,0.1407,97.6744,2.3256,0.0,0.5814,6527.0,8743.35,10160.09,7518.5,172.55,10,28,36,0.5814,2.907,18.0233,0.0,5656,639.593,0.4614,0.0008,0.0008,16.2838
2026-07-20 18:00:00,109,74286,52947,21339,0.0925,90.8257,9.1743,1.8349,1.8349,6618.0,8394.8,10073.8,7335.4,151.0,10,27,34,0.9174,0.9174,19.2661,0.0,3243,681.5229,0.403,0.0008,0.0009,15.1975
2026-07-20 19:00:00,99,70806,49758,21048,0.0862,97.9798,2.0202,0.0,1.0101,6501.0,10068.3,10881.34,9608.6,142.0,10,27,37,2.0202,8.0808,19.1919,0.0,3331,715.2121,0.423,0.0009,0.0009,15.8257
2026-07-20 20:00:00,94,64824,46527,18297,0.0823,94.6809,5.3191,1.0638,3.1915,6720.5,9713.0,10390.21,8880.5,154.5,10,28,33,0.0,4.2553,15.9574,0.0,3199,689.617,0.3933,0.0009,0.0009,17.4837
2026-07-20 21:00:00,93,56546,36782,19764,0.0743,93.5484,6.4516,1.0753,2.1505,6517.0,8173.4,10358.96,7488.6,159.0,10,23,32,3.2258,5.3763,21.5054,0.0,2987,608.0215,0.5373,0.0008,0.0009,15.1133
2026-07-20 22:00:00,57,42420,30567,11853,0.0526,92.9825,7.0175,1.7544,3.5088,6807.0,10013.6,10668.28,9356.8,164.0,10,25,29,0.0,8.7719,17.5439,0.0,1843,744.2105,0.3878,0.0009,0.001,15.5488
2026-07-20 23:00:00,49,33204,22599,10605,0.0436,95.9184,4.0816,2.0408,2.0408,6512.0,9805.4,11604.28,8997.6,130.2,10,26,26,0.0,4.0816,14.2857,0.0,1793,677.6327,0.4693,0.0009,0.0009,16.9071
2026-07-21 00:00:00,22,13449,8467,4982,0.0161,90.9091,9.0909,0.0,9.0909,6541.5,7746.8,7871.12,6563.6,122.5,9,18,15,0.0,4.5455,13.6364,0.0,765,611.3182,0.5884,0.0007,0.0008,15.3553
2026-07-21 01:00:00,35,23359,15412,7947,0.0307,94.2857,5.7143,2.8571,0.0,6607.0,10184.9,10503.78,9096.8,178.3,9,18,20,2.8571,5.7143,5.7143,0.0,1034,667.4,0.5156,0.0009,0.0009,13.0112
2026-07-21 02:00:00,40,29106,19695,9411,0.0368,95.0,5.0,0.0,5.0,6670.0,8483.85,9325.16,8143.55,215.35,10,21,25,0.0,5.0,15.0,0.0,1755,727.65,0.4778,0.0009,0.001,18.6484
2026-07-21 03:00:00,33,21389,13993,7396,0.0265,96.9697,3.0303,0.0,3.0303,6600.0,8016.4,8494.92,7244.0,167.0,10,19,19,0.0,6.0606,24.2424,0.0,1223,648.1515,0.5285,0.0008,0.0008,16.536
2026-07-21 04:00:00,33,20854,14584,6270,0.0261,96.9697,3.0303,0.0,3.0303,6528.0,7677.2,7845.32,6927.2,127.6,8,17,20,3.0303,3.0303,21.2121,0.0,870,631.9394,0.4299,0.0008,0.0008,13.8756
2026-07-21 05:00:00,27,17651,12818,4833,0.0212,96.2963,3.7037,3.7037,0.0,6915.0,10258.2,10575.68,9730.6,139.5,9,19,19,0.0,0.0,7.4074,0.0,880,653.7407,0.377,0.0008,0.0008,18.2082
2026-07-21 06:00:00,89,61887,45479,16408,0.0761,95.5056,4.4944,1.1236,1.1236,6477.0,9201.2,11414.12,8583.2,165.8,10,27,36,2.2472,4.4944,15.7303,0.0,2584,695.3596,0.3608,0.0009,0.0009,15.7484
2026-07-21 07:00:00,120,81553,58742,22811,0.1018,92.5,7.5,2.5,1.6667,6396.0,8808.25,9698.61,7673.2,182.25,10,28,34,0.0,4.1667,17.5,1.6667,3328,679.6083,0.3883,0.0008,0.0009,14.5895
2026-07-21 08:00:00,107,71978,51027,20951,0.0931,94.3925,5.6075,0.9346,3.7383,6535.0,9287.2,10457.98,9017.2,181.8,10,30,36,0.9346,3.7383,23.3645,0.0,3193,672.6916,0.4106,0.0009,0.0009,15.2403
2026-07-21 09:00:00,151,95214,65799,29415,0.1194,92.7152,7.2848,1.9868,1.3245,6480.0,9086.5,10493.0,7777.5,165.5,10,29,34,1.3245,7.2848,27.8146,0.0,4642,630.5563,0.447,0.0008,0.0009,15.7811
2026-07-21 10:00:00,164,109026,74983,34043,0.1389,95.7317,4.2683,1.2195,1.8293,6527.0,9511.15,10332.53,8830.75,161.85,10,30,39,0.6098,3.6585,18.2927,0.0,5145,664.7927,0.454,0.0008,0.0009,15.1132
2026-07-21 11:00:00,193,126900,86675,40225,0.1564,95.3368,4.6632,0.5181,2.0725,6704.0,9467.6,10689.76,8670.6,147.4,10,27,45,0.5181,8.8083,19.6891,0.0,6537,657.513,0.4641,0.0008,0.0008,16.2511
2026-07-21 12:00:00,172,116852,81317,35535,0.1468,95.3488,4.6512,1.1628,1.7442,6575.0,8747.15,11136.04,7654.6,163.9,10,30,38,1.1628,4.6512,20.9302,0.5814,5392,679.3721,0.437,0.0009,0.0009,15.1738
2026-07-21 13:00:00,178,131824,94081,37743,0.1643,95.5056,4.4944,1.6854,2.2472,6492.0,8706.95,10200.9,7356.35,147.3,10,30,38,0.0,3.9326,19.6629,0.0,5721,740.5843,0.4012,0.0009,0.001,15.1578
2026-07-21 14:00:00,182,122292,84269,38023,0.1549,95.6044,4.3956,1.0989,3.2967,6802.5,10493.55,10870.09,9784.4,171.75,10,29,43,2.1978,3.8462,15.3846,0.0,6295,671.9341,0.4512,0.0009,0.0009,16.5558
2026-07-21 15:00:00,166,117665,82342,35323,0.1448,93.3735,6.6265,1.2048,3.012,6465.5,9069.25,10735.3,8391.0,183.75,10,30,42,0.0,4.8193,23.494,0.0,5455,708.8253,0.429,0.0009,0.0009,15.4432
2026-07-21 16:00:00,188,135751,95767,39984,0.1719,93.617,6.383,1.5957,2.6596,6658.0,8589.9,10758.98,7825.0,183.65,10,28,42,1.0638,5.3191,18.617,0.0,5877,722.0798,0.4175,0.0009,0.001,14.6984
2026-07-21 17:00:00,168,120258,81132,39126,0.1541,93.4524,6.5476,2.9762,2.381,6656.0,8953.35,10722.74,7803.55,146.85,10,30,39,1.1905,4.7619,17.8571,0.0,5900,715.8214,0.4823,0.0009,0.001,15.0795
2026-07-21 18:00:00,101,67290,47696,19594,0.084,97.0297,2.9703,0.9901,0.9901,6413.0,9429.0,9977.0,8359.0,154.0,10,28,36,1.9802,1.9802,21.7822,0.0,3136,666.2376,0.4108,0.0008,0.0009,16.0049
2026-07-21 19:00:00,92,66258,47005,19253,0.0832,91.3043,8.6957,2.1739,4.3478,6496.0,9058.3,11049.17,8347.5,158.35,10,27,32,3.2609,3.2609,16.3043,0.0,3251,720.1957,0.4096,0.0009,0.001,16.8857
2026-07-21 20:00:00,115,79757,56534,23223,0.0979,96.5217,3.4783,0.0,0.8696,6611.0,9841.3,10396.26,9257.0,178.0,10,29,35,3.4783,6.087,20.0,0.0,3646,693.5391,0.4108,0.0009,0.0009,15.7
2026-07-21 21:00:00,91,62302,42830,19472,0.081,93.4066,6.5934,3.2967,2.1978,6602.0,8944.5,10707.7,7817.5,149.0,10,28,32,2.1978,6.5934,16.4835,0.0,3259,684.6374,0.4546,0.0009,0.001,16.7369
2026-07-21 22:00:00,67,43824,29732,14092,0.0545,92.5373,7.4627,1.4925,4.4776,6489.0,10199.7,10773.7,9228.2,160.3,10,26,28,4.4776,10.4478,20.8955,0.0,2163,654.0896,0.474,0.0008,0.0009,15.3491
2026-07-21 23:00:00,58,43257,32320,10937,0.0552,96.5517,3.4483,1.7241,1.7241,6596.5,7959.55,8144.57,7159.9,148.3,10,23,25,0.0,5.1724,17.2414,1.7241,1805,745.8103,0.3384,0.001,0.001,16.5036
