hour,provider,request_count,total_tokens,input_tokens,output_tokens,estimated_cost,success_rate,error_rate,rate_limit_rate,server_error_rate,p50_latency_ms,p95_latency_ms,p99_latency_ms,p95_first_token_latency_ms,queue_p95_ms,active_customers,active_keys,distinct_ips,safety_hit_rate,retry_rate,cache_hit_rate,fallback_rate,reasoning_tokens,tokens_per_request,output_input_ratio,cost_per_request,cost_per_success,reasoning_token_share
2026-04-23 00:00:00,DeepSeek,26,18249,12934,5315,0.0219,100.0,0.0,0.0,0.0,6455.5,7656.25,7721.0,6705.0,138.0,10,16,21,0.0,0.0,19.2308,0.0,882,701.8846,0.4109,0.0008,0.0008,16.5945
2026-04-23 01:00:00,DeepSeek,24,13624,8715,4909,0.0163,95.8333,4.1667,0.0,0.0,6571.5,10113.75,10544.57,9491.45,128.85,10,17,15,0.0,8.3333,20.8333,0.0,887,567.6667,0.5633,0.0007,0.0007,18.0689
2026-04-23 02:00:00,DeepSeek,21,15035,10081,4954,0.018,100.0,0.0,0.0,0.0,7052.0,10530.0,11542.0,9684.0,157.0,9,18,15,4.7619,0.0,23.8095,0.0,678,715.9524,0.4914,0.0009,0.0009,13.6859
2026-04-23 02:00:00,MiniMax,1,537,358,179,0.0013,100.0,0.0,0.0,0.0,1595.0,1595.0,1595.0,568.0,36.0,1,1,1,0.0,0.0,0.0,0.0,23,537.0,0.5,0.0013,0.0013,12.8492
2026-04-23 03:00:00,DeepSeek,18,13778,10155,3623,0.0165,100.0,0.0,0.0,0.0,6651.0,7910.1,8436.42,7272.05,155.55,9,12,15,0.0,5.5556,11.1111,0.0,764,765.4444,0.3568,0.0009,0.0009,21.0875
2026-04-23 03:00:00,MiniMax,1,769,618,151,0.0018,100.0,0.0,0.0,0.0,1346.0,1346.0,1346.0,665.0,95.0,1,1,1,0.0,0.0,0.0,0.0,39,769.0,0.2443,0.0018,0.0018,25.8278
2026-04-23 03:00:00,Qwen,1,286,180,106,0.0005,100.0,0.0,0.0,0.0,919.0,919.0,919.0,564.0,47.0,1,1,1,0.0,0.0,100.0,0.0,0,286.0,0.5889,0.0005,0.0005,0.0
2026-04-23 04:00:00,DeepSeek,20,11856,7858,3998,0.0142,95.0,5.0,0.0,0.0,6743.5,10727.7,10875.14,9953.05,151.25,10,15,12,0.0,0.0,20.0,0.0,733,592.8,0.5088,0.0007,0.0007,18.3342
2026-04-23 05:00:00,DeepSeek,30,20684,14267,6417,0.0248,100.0,0.0,0.0,0.0,6628.0,8529.0,9418.47,8142.8,171.9,9,18,16,0.0,0.0,13.3333,0.0,994,689.4667,0.4498,0.0008,0.0008,15.4901
2026-04-23 06:00:00,DeepSeek,71,52171,39053,13118,0.0626,94.3662,5.6338,2.8169,2.8169,6673.0,9861.0,10360.4,8870.5,161.5,10,22,31,1.4085,2.8169,16.9014,0.0,2040,734.8028,0.3359,0.0009,0.0009,15.5512
2026-04-23 06:00:00,MiniMax,4,2541,1721,820,0.0061,100.0,0.0,0.0,0.0,1879.5,2146.6,2153.32,649.65,93.6,4,4,4,0.0,0.0,0.0,0.0,111,635.25,0.4765,0.0015,0.0015,13.5366
2026-04-23 07:00:00,DeepSeek,70,48434,35439,12995,0.0581,98.5714,1.4286,0.0,0.0,6551.0,9395.45,9957.34,9054.95,141.85,10,27,33,0.0,4.2857,25.7143,0.0,2147,691.9143,0.3667,0.0008,0.0008,16.5217
2026-04-23 07:00:00,MiniMax,6,5117,3671,1446,0.0123,100.0,0.0,0.0,0.0,2120.0,2392.0,2431.2,790.25,174.25,6,6,6,0.0,0.0,33.3333,0.0,251,852.8333,0.3939,0.002,0.002,17.3582
2026-04-23 08:00:00,DeepSeek,68,49365,35450,13915,0.0592,94.1176,5.8824,0.0,4.4118,6587.0,8389.05,9717.0,7447.5,151.45,9,26,29,0.0,5.8824,25.0,0.0,2178,725.9559,0.3925,0.0009,0.0009,15.6522
2026-04-23 08:00:00,MiniMax,3,1394,944,450,0.0033,66.6667,33.3333,0.0,33.3333,1470.0,1660.8,1677.76,560.6,35.7,3,3,3,0.0,0.0,0.0,0.0,91,464.6667,0.4767,0.0011,0.0017,20.2222
2026-04-23 08:00:00,Qwen,1,664,600,64,0.0011,0.0,100.0,0.0,0.0,1644.0,1644.0,1644.0,1357.0,35.0,1,1,1,0.0,0.0,0.0,0.0,0,664.0,0.1067,0.0011,,0.0
2026-04-23 09:00:00,DeepSeek,112,67702,47186,20516,0.0812,99.1071,0.8929,0.0,0.0,6523.0,9593.25,10098.41,8986.85,143.35,9,26,34,0.0,6.25,16.0714,0.0,3348,604.4821,0.4348,0.0007,0.0007,16.319
2026-04-23 09:00:00,MiniMax,1,1556,1162,394,0.0037,100.0,0.0,0.0,0.0,2463.0,2463.0,2463.0,443.0,83.0,1,1,1,0.0,0.0,0.0,0.0,26,1556.0,0.3391,0.0037,0.0037,6.599
2026-04-23 10:00:00,DeepSeek,127,92163,63856,28307,0.1106,95.2756,4.7244,0.0,3.1496,6769.0,8796.7,10719.66,7563.1,168.7,10,30,39,0.7874,8.6614,22.0472,0.7874,4412,725.6929,0.4433,0.0009,0.0009,15.5863
2026-04-23 10:00:00,MiniMax,6,4271,2596,1675,0.0103,100.0,0.0,0.0,0.0,2291.5,3314.25,3563.65,759.75,187.5,4,5,5,0.0,0.0,16.6667,0.0,296,711.8333,0.6452,0.0017,0.0017,17.6716
2026-04-23 10:00:00,Qwen,2,897,705,192,0.0014,100.0,0.0,0.0,0.0,1264.5,1529.55,1553.11,603.5,73.95,2,2,2,0.0,0.0,0.0,0.0,0,448.5,0.2723,0.0007,0.0007,0.0
2026-04-23 11:00:00,DeepSeek,98,64815,46155,18660,0.0778,93.8776,6.1224,1.0204,3.0612,6551.0,8481.3,10550.63,7884.15,142.7,10,30,37,1.0204,2.0408,18.3673,0.0,2954,661.3776,0.4043,0.0008,0.0008,15.8307
2026-04-23 11:00:00,MiniMax,3,2598,2164,434,0.0062,100.0,0.0,0.0,0.0,1421.0,1577.6,1591.52,704.5,100.7,3,3,3,0.0,0.0,33.3333,0.0,75,866.0,0.2006,0.0021,0.0021,17.2811
2026-04-23 12:00:00,DeepSeek,109,77551,54877,22674,0.0931,94.4954,5.5046,1.8349,3.6697,6697.0,8824.6,10901.36,8359.4,158.8,10,28,35,1.8349,5.5046,21.1009,0.0,3562,711.4771,0.4132,0.0009,0.0009,15.7096
2026-04-23 12:00:00,MiniMax,6,4651,2658,1993,0.0112,66.6667,33.3333,0.0,33.3333,2668.5,3681.0,3681.0,783.25,61.75,4,5,6,0.0,0.0,33.3333,0.0,193,775.1667,0.7498,0.0019,0.0028,9.6839
2026-04-23 12:00:00,Qwen,3,3692,2837,855,0.0059,100.0,0.0,0.0,0.0,1177.0,2938.3,3094.86,613.6,46.1,3,3,3,0.0,33.3333,0.0,0.0,0,1230.6667,0.3014,0.002,0.002,0.0
2026-04-23 13:00:00,DeepSeek,90,61785,43472,18313,0.0741,95.5556,4.4444,0.0,3.3333,6624.0,8340.95,10084.93,7560.05,174.0,10,24,30,0.0,7.7778,16.6667,0.0,2817,686.5,0.4213,0.0008,0.0009,15.3825
2026-04-23 13:00:00,MiniMax,5,2233,1624,609,0.0054,100.0,0.0,0.0,0.0,1395.0,1562.0,1576.4,650.2,75.0,5,5,5,0.0,0.0,0.0,0.0,96,446.6,0.375,0.0011,0.0011,15.7635
2026-04-23 13:00:00,Qwen,1,1089,688,401,0.0017,100.0,0.0,0.0,0.0,2175.0,2175.0,2175.0,373.0,42.0,1,1,1,0.0,0.0,0.0,0.0,0,1089.0,0.5828,0.0017,0.0017,0.0
2026-04-23 14:00:00,DeepSeek,104,67361,46542,20819,0.0808,94.2308,5.7692,0.0,2.8846,6529.0,9125.4,10338.07,7930.2,146.25,10,26,34,0.9615,3.8462,20.1923,0.0,3209,647.7019,0.4473,0.0008,0.0008,15.4138
2026-04-23 14:00:00,MiniMax,3,1510,787,723,0.0036,100.0,0.0,0.0,0.0,1831.0,2968.6,3069.72,824.3,159.6,2,2,3,0.0,0.0,0.0,0.0,129,503.3333,0.9187,0.0012,0.0012,17.8423
2026-04-23 14:00:00,Qwen,3,1751,856,895,0.0028,100.0,0.0,0.0,0.0,1672.0,2592.7,2674.54,544.7,93.0,2,3,2,0.0,0.0,33.3333,0.0,0,583.6667,1.0456,0.0009,0.0009,0.0
2026-04-23 15:00:00,DeepSeek,128,84677,60843,23834,0.1016,95.3125,4.6875,3.125,0.7812,6613.0,8586.85,9388.71,7867.6,156.25,10,28,32,0.7812,3.9062,18.75,0.0,3818,661.5391,0.3917,0.0008,0.0008,16.0191
2026-04-23 15:00:00,MiniMax,6,3218,2563,655,0.0077,100.0,0.0,0.0,0.0,1099.5,1716.75,1792.95,677.75,109.25,4,5,6,0.0,0.0,16.6667,0.0,92,536.3333,0.2556,0.0013,0.0013,14.0458
2026-04-23 15:00:00,Qwen,2,682,385,297,0.0011,100.0,0.0,0.0,0.0,1392.0,1396.5,1396.9,407.65,96.3,2,2,2,0.0,0.0,0.0,0.0,0,341.0,0.7714,0.0005,0.0005,0.0
2026-04-23 16:00:00,DeepSeek,122,84669,60761,23908,0.1016,96.7213,3.2787,1.6393,0.8197,6556.0,8730.85,10869.15,8266.4,170.0,10,29,41,0.0,3.2787,16.3934,0.0,3832,694.0082,0.3935,0.0008,0.0009,16.0281
2026-04-23 16:00:00,MiniMax,4,2068,1392,676,0.005,75.0,25.0,25.0,0.0,1798.5,1960.45,1972.09,751.55,119.35,4,4,4,0.0,25.0,0.0,0.0,144,517.0,0.4856,0.0012,0.0017,21.3018
2026-04-23 16:00:00,Qwen,7,5513,3880,1633,0.0088,100.0,0.0,0.0,0.0,1342.0,2156.4,2233.68,464.7,80.0,7,7,7,0.0,0.0,57.1429,0.0,0,787.5714,0.4209,0.0013,0.0013,0.0
2026-04-23 17:00:00,DeepSeek,112,75927,52634,23293,0.0911,95.5357,4.4643,0.8929,2.6786,6492.5,8549.2,10758.41,7283.7,149.05,10,27,34,1.7857,5.3571,16.9643,0.0,3602,677.9196,0.4425,0.0008,0.0009,15.4639
2026-04-23 17:00:00,MiniMax,4,2294,1407,887,0.0055,75.0,25.0,25.0,0.0,1839.0,3183.7,3342.34,970.45,92.45,4,4,4,0.0,0.0,25.0,0.0,160,573.5,0.6304,0.0014,0.0018,18.0383
2026-04-23 17:00:00,Qwen,1,406,233,173,0.0006,100.0,0.0,0.0,0.0,1100.0,1100.0,1100.0,538.0,79.0,1,1,1,0.0,0.0,0.0,0.0,0,406.0,0.7425,0.0006,0.0006,0.0
2026-04-23 18:00:00,DeepSeek,77,54067,38600,15467,0.0649,96.1039,3.8961,0.0,3.8961,6533.0,9869.2,10904.2,9394.0,156.6,10,24,29,0.0,1.2987,18.1818,0.0,2564,702.1688,0.4007,0.0008,0.0009,16.5772
2026-04-23 18:00:00,MiniMax,2,1617,1138,479,0.0039,100.0,0.0,0.0,0.0,2507.0,2927.3,2964.66,658.7,68.9,2,2,2,0.0,0.0,0.0,0.0,101,808.5,0.4209,0.0019,0.0019,21.0856
2026-04-23 18:00:00,Qwen,1,242,112,130,0.0004,100.0,0.0,0.0,0.0,1391.0,1391.0,1391.0,605.0,53.0,1,1,1,0.0,0.0,0.0,0.0,0,242.0,1.1607,0.0004,0.0004,0.0
2026-04-23 19:00:00,DeepSeek,86,57421,40022,17399,0.0689,100.0,0.0,0.0,0.0,6462.5,10110.0,10850.75,9717.5,160.75,10,28,32,0.0,4.6512,12.7907,0.0,2632,667.686,0.4347,0.0008,0.0008,15.1273
2026-04-23 19:00:00,MiniMax,2,1059,857,202,0.0025,100.0,0.0,0.0,0.0,1827.0,2158.2,2187.64,821.9,106.15,1,2,2,0.0,0.0,0.0,0.0,25,529.5,0.2357,0.0013,0.0013,12.3762
2026-04-23 19:00:00,Qwen,3,1737,1224,513,0.0028,100.0,0.0,0.0,0.0,1315.0,2141.2,2214.64,1289.6,205.2,3,3,3,0.0,0.0,0.0,0.0,0,579.0,0.4191,0.0009,0.0009,0.0
2026-04-23 20:00:00,DeepSeek,52,36030,24634,11396,0.0432,90.3846,9.6154,0.0,1.9231,6666.0,8967.05,9823.12,8336.85,198.15,10,28,27,3.8462,1.9231,19.2308,0.0,1618,692.8846,0.4626,0.0008,0.0009,14.198
2026-04-23 20:00:00,MiniMax,1,785,676,109,0.0019,100.0,0.0,0.0,0.0,1544.0,1544.0,1544.0,705.0,62.0,1,1,1,0.0,0.0,0.0,0.0,18,785.0,0.1612,0.0019,0.0019,16.5138
2026-04-23 20:00:00,Qwen,1,551,357,194,0.0009,100.0,0.0,0.0,0.0,1499.0,1499.0,1499.0,511.0,104.0,1,1,1,0.0,0.0,100.0,0.0,0,551.0,0.5434,0.0009,0.0009,0.0
2026-04-23 21:00:00,DeepSeek,73,49783,33932,15851,0.0597,95.8904,4.1096,1.3699,1.3699,6574.0,8623.2,9882.0,7734.6,165.4,10,25,33,1.3699,4.1096,15.0685,0.0,2520,681.9589,0.4671,0.0008,0.0009,15.8981
2026-04-23 21:00:00,MiniMax,5,4080,3072,1008,0.0098,80.0,20.0,20.0,0.0,2267.0,2914.6,2978.12,963.0,143.2,3,4,4,0.0,20.0,20.0,0.0,178,816.0,0.3281,0.002,0.0024,17.6587
2026-04-23 21:00:00,Qwen,1,718,587,131,0.0011,0.0,100.0,0.0,0.0,891.0,891.0,891.0,550.0,33.0,1,1,1,0.0,0.0,0.0,0.0,0,718.0,0.2232,0.0011,,0.0
2026-04-23 22:00:00,DeepSeek,32,26575,20618,5957,0.0319,96.875,3.125,0.0,3.125,6666.5,9958.9,11016.03,9456.5,171.2,9,17,21,3.125,3.125,12.5,0.0,966,830.4688,0.2889,0.001,0.001,16.2162
2026-04-23 22:00:00,MiniMax,1,394,249,145,0.0009,100.0,0.0,0.0,0.0,1548.0,1548.0,1548.0,393.0,21.0,1,1,1,0.0,0.0,0.0,100.0,40,394.0,0.5823,0.0009,0.0009,27.5862
2026-04-23 23:00:00,DeepSeek,32,21516,15000,6516,0.0258,96.875,3.125,0.0,3.125,6933.0,9027.15,9988.69,8254.75,150.85,10,18,19,6.25,9.375,21.875,0.0,907,672.375,0.4344,0.0008,0.0008,13.9196
2026-04-23 23:00:00,MiniMax,1,490,311,179,0.0012,100.0,0.0,0.0,0.0,1551.0,1551.0,1551.0,577.0,58.0,1,1,1,0.0,0.0,0.0,0.0,29,490.0,0.5756,0.0012,0.0012,16.2011
2026-04-24 00:00:00,DeepSeek,28,19515,13699,5816,0.0234,96.4286,3.5714,0.0,3.5714,6535.0,9360.45,10115.78,8829.95,140.9,7,16,19,0.0,7.1429,17.8571,0.0,890,696.9643,0.4246,0.0008,0.0009,15.3026
2026-04-24 00:00:00,MiniMax,2,2726,2228,498,0.0065,100.0,0.0,0.0,0.0,2283.5,3015.65,3080.73,585.15,124.65,2,2,2,0.0,0.0,0.0,0.0,72,1363.0,0.2235,0.0033,0.0033,14.4578
2026-04-24 00:00:00,Qwen,1,713,410,303,0.0011,100.0,0.0,0.0,0.0,1663.0,1663.0,1663.0,474.0,41.0,1,1,1,0.0,0.0,0.0,0.0,0,713.0,0.739,0.0011,0.0011,0.0
2026-04-24 01:00:00,DeepSeek,33,22613,15330,7283,0.0271,96.9697,3.0303,0.0,3.0303,6675.0,9244.2,12076.68,8420.2,152.0,10,20,20,0.0,6.0606,6.0606,0.0,1110,685.2424,0.4751,0.0008,0.0008,15.241
2026-04-24 01:00:00,Qwen,1,1532,1440,92,0.0025,100.0,0.0,0.0,0.0,1231.0,1231.0,1231.0,636.0,14.0,1,1,1,0.0,0.0,100.0,0.0,0,1532.0,0.0639,0.0025,0.0025,0.0
2026-04-24 02:00:00,DeepSeek,17,10010,7134,2876,0.012,94.1176,5.8824,5.8824,0.0,6653.0,9119.0,10085.4,8480.6,144.4,8,15,14,0.0,11.7647,35.2941,0.0,508,588.8235,0.4031,0.0007,0.0008,17.6634
2026-04-24 02:00:00,MiniMax,2,1813,1363,450,0.0044,100.0,0.0,0.0,0.0,1071.5,1530.05,1570.81,534.75,112.65,2,2,2,0.0,0.0,0.0,0.0,69,906.5,0.3302,0.0022,0.0022,15.3333
2026-04-24 02:00:00,Qwen,1,549,321,228,0.0009,100.0,0.0,0.0,0.0,1476.0,1476.0,1476.0,415.0,69.0,1,1,1,0.0,0.0,0.0,0.0,0,549.0,0.7103,0.0009,0.0009,0.0
2026-04-24 03:00:00,DeepSeek,23,12753,7595,5158,0.0153,91.3043,8.6957,0.0,4.3478,6927.0,8894.5,9133.68,7568.9,143.6,8,15,16,0.0,8.6957,8.6957,0.0,727,554.4783,0.6791,0.0007,0.0007,14.0946
2026-04-24 03:00:00,MiniMax,1,511,157,354,0.0012,100.0,0.0,0.0,0.0,2172.0,2172.0,2172.0,649.0,43.0,1,1,1,0.0,0.0,0.0,0.0,20,511.0,2.2548,0.0012,0.0012,5.6497
2026-04-24 03:00:00,Qwen,1,586,521,65,0.0009,100.0,0.0,0.0,0.0,776.0,776.0,776.0,408.0,27.0,1,1,1,0.0,0.0,0.0,0.0,0,586.0,0.1248,0.0009,0.0009,0.0
2026-04-24 04:00:00,DeepSeek,16,9302,5798,3504,0.0112,100.0,0.0,0.0,0.0,6531.0,8700.75,9124.95,7520.25,193.25,7,12,12,0.0,6.25,6.25,0.0,587,581.375,0.6043,0.0007,0.0007,16.7523
2026-04-24 04:00:00,Qwen,1,529,418,111,0.0008,100.0,0.0,0.0,0.0,809.0,809.0,809.0,501.0,136.0,1,1,1,0.0,0.0,0.0,0.0,0,529.0,0.2656,0.0008,0.0008,0.0
2026-04-24 05:00:00,DeepSeek,23,15662,11594,4068,0.0188,95.6522,4.3478,4.3478,0.0,6336.0,7320.9,7789.3,6998.6,114.8,8,17,17,0.0,4.3478,26.087,0.0,620,680.9565,0.3509,0.0008,0.0009,15.2409
2026-04-24 06:00:00,DeepSeek,73,52030,36385,15645,0.0624,93.1507,6.8493,0.0,4.1096,6525.0,8776.6,10060.48,7868.4,151.0,9,23,27,0.0,0.0,10.9589,0.0,2673,712.7397,0.43,0.0009,0.0009,17.0853
2026-04-24 06:00:00,MiniMax,7,6162,4959,1203,0.0148,100.0,0.0,0.0,0.0,1848.0,2663.1,2853.42,866.6,138.6,5,6,6,0.0,0.0,28.5714,0.0,161,880.2857,0.2426,0.0021,0.0021,13.3832
2026-04-24 06:00:00,Qwen,1,250,140,110,0.0004,100.0,0.0,0.0,0.0,1157.0,1157.0,1157.0,360.0,26.0,1,1,1,0.0,0.0,0.0,0.0,0,250.0,0.7857,0.0004,0.0004,0.0
2026-04-24 07:00:00,DeepSeek,65,47441,33904,13537,0.0569,96.9231,3.0769,1.5385,0.0,6632.0,8532.4,9805.32,7663.6,160.2,10,24,31,0.0,4.6154,13.8462,0.0,2164,729.8615,0.3993,0.0009,0.0009,15.9858
2026-04-24 07:00:00,MiniMax,7,4960,3288,1672,0.0119,100.0,0.0,0.0,0.0,1675.0,2937.4,3192.28,887.3,158.3,6,7,6,0.0,0.0,42.8571,0.0,251,708.5714,0.5085,0.0017,0.0017,15.012
2026-04-24 08:00:00,DeepSeek,55,41928,29126,12802,0.0503,92.7273,7.2727,1.8182,3.6364,6693.0,8016.4,8888.4,6821.8,151.5,10,23,28,0.0,9.0909,32.7273,0.0,2056,762.3273,0.4395,0.0009,0.001,16.06
2026-04-24 08:00:00,MiniMax,2,817,521,296,0.002,100.0,0.0,0.0,0.0,1440.0,1451.7,1452.74,541.2,95.55,1,2,1,0.0,0.0,50.0,0.0,59,408.5,0.5681,0.001,0.001,19.9324
2026-04-24 08:00:00,Qwen,1,448,227,221,0.0007,100.0,0.0,0.0,0.0,1486.0,1486.0,1486.0,300.0,18.0,1,1,1,0.0,0.0,0.0,0.0,0,448.0,0.9736,0.0007,0.0007,0.0
2026-04-24 09:00:00,DeepSeek,105,70300,47646,22654,0.0844,96.1905,3.8095,0.9524,1.9048,6752.0,8793.0,10091.8,8536.6,137.6,10,29,37,1.9048,5.7143,23.8095,0.0,3938,669.5238,0.4755,0.0008,0.0008,17.3832
2026-04-24 09:00:00,MiniMax,6,3790,2234,1556,0.0091,100.0,0.0,0.0,0.0,2103.5,3053.75,3095.55,732.25,80.25,5,5,5,0.0,16.6667,0.0,0.0,194,631.6667,0.6965,0.0015,0.0015,12.4679
2026-04-24 09:00:00,Qwen,1,266,183,83,0.0004,100.0,0.0,0.0,0.0,745.0,745.0,745.0,390.0,59.0,1,1,1,0.0,0.0,0.0,0.0,0,266.0,0.4536,0.0004,0.0004,0.0
2026-04-24 10:00:00,DeepSeek,114,80669,57141,23528,0.0968,97.3684,2.6316,1.7544,0.8772,6557.5,9099.0,11064.43,8485.75,181.95,10,29,36,0.8772,3.5088,18.4211,0.0,3892,707.6228,0.4118,0.0008,0.0009,16.542
2026-04-24 10:00:00,MiniMax,4,3274,2730,544,0.0079,75.0,25.0,0.0,0.0,1629.5,2019.45,2026.29,1056.55,208.55,4,4,4,0.0,0.0,25.0,0.0,105,818.5,0.1993,0.002,0.0026,19.3015
2026-04-24 10:00:00,Qwen,3,2256,1437,819,0.0036,100.0,0.0,0.0,0.0,1507.0,1943.5,1982.3,438.3,77.6,3,3,3,0.0,33.3333,0.0,0.0,0,752.0,0.5699,0.0012,0.0012,0.0
2026-04-24 11:00:00,DeepSeek,110,71275,51120,20155,0.0855,98.1818,1.8182,0.0,1.8182,6544.0,9661.0,10547.88,9370.6,178.55,10,29,36,2.7273,5.4545,16.3636,0.9091,3239,647.9545,0.3943,0.0008,0.0008,16.0705
2026-04-24 11:00:00,MiniMax,6,6479,5387,1092,0.0155,100.0,0.0,0.0,0.0,1477.0,2407.75,2487.95,780.0,130.5,5,6,5,16.6667,0.0,0.0,16.6667,191,1079.8333,0.2027,0.0026,0.0026,17.4908
2026-04-24 11:00:00,Qwen,2,1182,797,385,0.0019,100.0,0.0,0.0,0.0,1371.5,1467.35,1475.87,470.6,105.3,2,2,2,0.0,0.0,0.0,0.0,0,591.0,0.4831,0.0009,0.0009,0.0
2026-04-24 12:00:00,DeepSeek,95,63736,45028,18708,0.0765,93.6842,6.3158,0.0,4.2105,6651.0,9160.8,10156.96,8479.9,195.3,10,26,32,2.1053,3.1579,18.9474,0.0,3249,670.9053,0.4155,0.0008,0.0009,17.3669
2026-04-24 12:00:00,MiniMax,3,1542,1144,398,0.0037,100.0,0.0,0.0,0.0,1712.0,1795.7,1803.14,768.2,139.9,1,2,2,0.0,0.0,0.0,0.0,34,514.0,0.3479,0.0012,0.0012,8.5427
2026-04-24 12:00:00,Qwen,1,715,440,275,0.0011,100.0,0.0,0.0,0.0,2498.0,2498.0,2498.0,1202.0,78.0,1,1,1,0.0,0.0,0.0,0.0,0,715.0,0.625,0.0011,0.0011,0.0
2026-04-24 13:00:00,DeepSeek,121,86487,64406,22081,0.1038,93.3884,6.6116,0.0,4.1322,6575.0,8307.0,10190.6,7202.0,176.0,10,29,38,2.4793,4.1322,14.876,0.0,3418,714.7686,0.3428,0.0009,0.0009,15.4794
2026-04-24 13:00:00,MiniMax,8,5775,3953,1822,0.0139,100.0,0.0,0.0,0.0,1753.5,3228.95,3683.39,809.35,164.9,6,7,7,12.5,0.0,50.0,0.0,333,721.875,0.4609,0.0017,0.0017,18.2766
2026-04-24 13:00:00,Qwen,2,1407,970,437,0.0023,50.0,50.0,50.0,0.0,1403.0,1865.6,1906.72,478.9,180.6,2,2,2,0.0,0.0,0.0,0.0,0,703.5,0.4505,0.0011,0.0023,0.0
2026-04-24 14:00:00,DeepSeek,121,85333,60979,24354,0.1024,94.2149,5.7851,0.8264,1.6529,6604.0,8930.0,10001.6,8531.0,184.0,10,26,37,0.8264,4.1322,14.876,0.0,3918,705.2314,0.3994,0.0008,0.0009,16.0877
2026-04-24 14:00:00,MiniMax,2,1840,1386,454,0.0044,100.0,0.0,0.0,0.0,2826.0,2847.6,2849.52,1155.55,198.4,2,2,2,0.0,0.0,0.0,0.0,53,920.0,0.3276,0.0022,0.0022,11.674
2026-04-24 14:00:00,Qwen,1,690,304,386,0.0011,100.0,0.0,0.0,0.0,1888.0,1888.0,1888.0,589.0,74.0,1,1,1,0.0,0.0,0.0,0.0,0,690.0,1.2697,0.0011,0.0011,0.0
2026-04-24 15:00:00,DeepSeek,106,72546,50696,21850,0.0871,98.1132,1.8868,0.9434,0.0,6629.5,9607.5,10612.3,9036.75,174.75,10,28,39,1.8868,3.7736,21.6981,0.0,3782,684.3962,0.431,0.0008,0.0008,17.3089
2026-04-24 15:00:00,MiniMax,6,3527,2352,1175,0.0085,100.0,0.0,0.0,0.0,1544.0,2707.75,2763.95,679.0,110.0,6,6,6,0.0,16.6667,50.0,0.0,219,587.8333,0.4996,0.0014,0.0014,18.6383
2026-04-24 15:00:00,Qwen,2,1195,890,305,0.0019,100.0,0.0,0.0,0.0,1127.5,1143.25,1144.65,405.75,116.15,2,2,2,0.0,0.0,0.0,0.0,0,597.5,0.3427,0.001,0.001,0.0
2026-04-24 16:00:00,DeepSeek,89,61138,42908,18230,0.0734,95.5056,4.4944,0.0,2.2472,6615.0,9500.0,10090.0,8099.6,170.6,10,26,30,2.2472,13.4831,19.1011,0.0,3184,686.9438,0.4249,0.0008,0.0009,17.4657
2026-04-24 16:00:00,MiniMax,6,5000,3703,1297,0.012,100.0,0.0,0.0,0.0,1898.0,2740.5,2801.7,758.25,116.25,3,5,5,0.0,16.6667,16.6667,0.0,303,833.3333,0.3503,0.002,0.002,23.3616
2026-04-24 16:00:00,Qwen,1,632,571,61,0.001,100.0,0.0,0.0,0.0,728.0,728.0,728.0,316.0,43.0,1,1,1,0.0,0.0,100.0,0.0,0,632.0,0.1068,0.001,0.001,0.0
2026-04-24 17:00:00,DeepSeek,124,83951,58713,25238,0.1007,94.3548,5.6452,0.8065,1.6129,6548.5,9179.0,10549.11,7965.15,161.25,10,29,38,1.6129,4.8387,17.7419,0.8065,4277,677.0242,0.4299,0.0008,0.0009,16.9467
2026-04-24 17:00:00,MiniMax,3,2872,2569,303,0.0069,100.0,0.0,0.0,0.0,1339.0,1714.3,1747.66,563.6,23.7,3,3,3,0.0,0.0,0.0,0.0,39,957.3333,0.1179,0.0023,0.0023,12.8713
2026-04-24 17:00:00,Qwen,4,2806,2141,665,0.0045,100.0,0.0,0.0,0.0,1283.0,2161.6,2240.32,511.3,100.35,4,4,4,0.0,0.0,25.0,0.0,0,701.5,0.3106,0.0011,0.0011,0.0
2026-04-24 18:00:00,DeepSeek,69,45786,31067,14719,0.0549,88.4058,11.5942,7.2464,2.8986,6774.0,10143.0,10358.2,9543.6,144.6,10,24,35,0.0,5.7971,17.3913,0.0,2176,663.5652,0.4738,0.0008,0.0009,14.7836
2026-04-24 18:00:00,MiniMax,1,580,357,223,0.0014,100.0,0.0,0.0,0.0,1865.0,1865.0,1865.0,787.0,11.0,1,1,1,0.0,0.0,0.0,0.0,16,580.0,0.6246,0.0014,0.0014,7.1749
2026-04-24 18:00:00,Qwen,2,870,487,383,0.0014,100.0,0.0,0.0,0.0,1350.5,1466.15,1476.43,526.05,71.9,1,2,2,0.0,0.0,0.0,0.0,0,435.0,0.7864,0.0007,0.0007,0.0
2026-04-24 19:00:00,DeepSeek,79,56417,39738,16679,0.0677,92.4051,7.5949,2.5316,3.7975,6602.0,9889.6,10482.28,9420.7,154.4,10,26,33,0.0,2.5316,10.1266,0.0,2657,714.1392,0.4197,0.0009,0.0009,15.9302
2026-04-24 19:00:00,MiniMax,3,1848,1370,478,0.0044,100.0,0.0,0.0,0.0,1792.0,2247.4,2287.88,983.8,72.2,2,3,2,0.0,0.0,33.3333,0.0,103,616.0,0.3489,0.0015,0.0015,21.5481
2026-04-24 19:00:00,Qwen,3,2260,1367,893,0.0036,100.0,0.0,0.0,0.0,1540.0,2354.5,2426.9,462.8,83.1,3,3,3,0.0,0.0,33.3333,0.0,0,753.3333,0.6533,0.0012,0.0012,0.0
2026-04-24 20:00:00,DeepSeek,66,48276,34610,13666,0.0579,93.9394,6.0606,1.5152,3.0303,6393.5,8934.0,9537.75,7834.5,173.75,10,28,29,0.0,6.0606,15.1515,0.0,2385,731.4545,0.3949,0.0009,0.0009,17.4521
2026-04-24 20:00:00,MiniMax,1,544,413,131,0.0013,100.0,0.0,0.0,0.0,1504.0,1504.0,1504.0,592.0,8.0,1,1,1,0.0,0.0,0.0,0.0,36,544.0,0.3172,0.0013,0.0013,27.4809
2026-04-24 21:00:00,DeepSeek,74,52866,38086,14780,0.0634,91.8919,8.1081,2.7027,2.7027,6590.5,8366.0,10014.53,7336.85,165.7,10,26,34,1.3514,2.7027,25.6757,1.3514,2452,714.4054,0.3881,0.0009,0.0009,16.59
2026-04-24 21:00:00,MiniMax,3,3131,2233,898,0.0075,66.6667,33.3333,0.0,0.0,1589.0,2497.1,2577.82,561.0,44.2,2,2,2,33.3333,0.0,0.0,0.0,126,1043.6667,0.4021,0.0025,0.0038,14.0312
2026-04-24 21:00:00,Qwen,1,653,234,419,0.001,100.0,0.0,0.0,0.0,2094.0,2094.0,2094.0,415.0,60.0,1,1,1,0.0,0.0,0.0,0.0,0,653.0,1.7906,0.001,0.001,0.0
2026-04-24 22:00:00,DeepSeek,48,29660,20860,8800,0.0356,95.8333,4.1667,0.0,2.0833,6457.0,9620.3,10165.97,8645.75,144.7,10,25,25,4.1667,4.1667,18.75,0.0,1375,617.9167,0.4219,0.0007,0.0008,15.625
2026-04-24 22:00:00,MiniMax,3,2230,1142,1088,0.0054,66.6667,33.3333,0.0,33.3333,1723.0,3028.9,3144.98,573.3,140.5,2,3,3,0.0,33.3333,33.3333,0.0,100,743.3333,0.9527,0.0018,0.0027,9.1912
2026-04-24 22:00:00,Qwen,1,368,151,217,0.0006,100.0,0.0,0.0,0.0,1399.0,1399.0,1399.0,366.0,33.0,1,1,1,0.0,0.0,0.0,0.0,0,368.0,1.4371,0.0006,0.0006,0.0
2026-04-24 23:00:00,DeepSeek,35,26265,17174,9091,0.0315,97.1429,2.8571,0.0,0.0,6614.0,10145.9,10366.42,9192.6,164.6,10,21,19,0.0,2.8571,28.5714,0.0,1572,750.4286,0.5293,0.0009,0.0009,17.2918
2026-04-24 23:00:00,MiniMax,1,720,484,236,0.0017,100.0,0.0,0.0,0.0,2018.0,2018.0,2018.0,410.0,39.0,1,1,1,0.0,0.0,0.0,0.0,39,720.0,0.4876,0.0017,0.0017,16.5254
2026-04-25 00:00:00,DeepSeek,14,7795,4594,3201,0.0094,100.0,0.0,0.0,0.0,6391.0,8757.55,10230.71,7145.3,94.05,6,11,10,0.0,0.0,21.4286,0.0,657,556.7857,0.6968,0.0007,0.0007,20.5248
2026-04-25 00:00:00,Qwen,1,316,213,103,0.0005,100.0,0.0,0.0,0.0,1512.0,1512.0,1512.0,1208.0,104.0,1,1,1,0.0,0.0,0.0,0.0,0,316.0,0.4836,0.0005,0.0005,0.0
2026-04-25 01:00:00,DeepSeek,17,10332,7078,3254,0.0124,100.0,0.0,0.0,0.0,6303.0,7894.4,8394.88,7177.4,210.2,7,11,10,0.0,0.0,29.4118,0.0,561,607.7647,0.4597,0.0007,0.0007,17.2403
2026-04-25 01:00:00,Qwen,1,566,410,156,0.0009,100.0,0.0,0.0,0.0,1028.0,1028.0,1028.0,423.0,36.0,1,1,1,0.0,0.0,0.0,0.0,0,566.0,0.3805,0.0009,0.0009,0.0
2026-04-25 02:00:00,DeepSeek,14,11198,8112,3086,0.0134,92.8571,7.1429,0.0,0.0,7047.5,8968.25,9766.45,8208.0,155.55,7,9,12,0.0,7.1429,28.5714,0.0,549,799.8571,0.3804,0.001,0.001,17.79
2026-04-25 02:00:00,MiniMax,1,354,218,136,0.0008,100.0,0.0,0.0,0.0,1456.0,1456.0,1456.0,794.0,104.0,1,1,1,0.0,0.0,0.0,0.0,13,354.0,0.6239,0.0008,0.0008,9.5588
2026-04-25 03:00:00,DeepSeek,12,6742,4147,2595,0.0081,91.6667,8.3333,8.3333,0.0,6702.0,8568.35,9044.87,7721.3,156.95,8,10,11,0.0,0.0,16.6667,0.0,545,561.8333,0.6258,0.0007,0.0007,21.0019
2026-04-25 03:00:00,Qwen,1,1097,978,119,0.0018,100.0,0.0,0.0,0.0,888.0,888.0,888.0,562.0,83.0,1,1,1,0.0,0.0,0.0,0.0,0,1097.0,0.1217,0.0018,0.0018,0.0
2026-04-25 04:00:00,DeepSeek,17,10989,7277,3712,0.0132,100.0,0.0,0.0,0.0,6887.0,10056.2,10194.44,9620.6,137.2,7,12,12,0.0,5.8824,5.8824,0.0,736,646.4118,0.5101,0.0008,0.0008,19.8276
2026-04-25 05:00:00,DeepSeek,16,13663,10750,2913,0.0164,100.0,0.0,0.0,0.0,6360.5,7920.5,8075.3,7362.75,167.0,8,12,12,0.0,6.25,12.5,0.0,480,853.9375,0.271,0.001,0.001,16.4779
2026-04-25 05:00:00,MiniMax,1,1160,1004,156,0.0028,100.0,0.0,0.0,0.0,1124.0,1124.0,1124.0,651.0,42.0,1,1,1,0.0,0.0,0.0,0.0,9,1160.0,0.1554,0.0028,0.0028,5.7692
2026-04-25 06:00:00,DeepSeek,58,41770,31012,10758,0.0501,94.8276,5.1724,1.7241,0.0,6406.0,8046.9,10049.58,7190.05,159.4,10,25,27,0.0,8.6207,20.6897,0.0,1890,720.1724,0.3469,0.0009,0.0009,17.5683
2026-04-25 06:00:00,MiniMax,2,1188,929,259,0.0029,100.0,0.0,0.0,0.0,1846.0,1946.8,1955.76,667.55,108.15,2,2,2,0.0,0.0,0.0,0.0,32,594.0,0.2788,0.0014,0.0014,12.3552
2026-04-25 06:00:00,Qwen,2,1271,700,571,0.002,100.0,0.0,0.0,0.0,1506.5,1781.45,1805.89,511.9,60.5,2,2,2,0.0,0.0,0.0,0.0,0,635.5,0.8157,0.001,0.001,0.0
2026-04-25 07:00:00,DeepSeek,57,41644,30536,11108,0.05,96.4912,3.5088,1.7544,0.0,6447.0,9287.6,10538.28,9111.6,174.0,10,26,32,1.7544,0.0,21.0526,0.0,1701,730.5965,0.3638,0.0009,0.0009,15.3133
2026-04-25 07:00:00,MiniMax,6,4027,2749,1278,0.0097,83.3333,16.6667,0.0,16.6667,1917.0,2296.0,2340.0,1131.0,97.25,5,6,6,0.0,0.0,33.3333,0.0,226,671.1667,0.4649,0.0016,0.0019,17.6839
2026-04-25 07:00:00,Qwen,1,359,181,178,0.0006,100.0,0.0,0.0,0.0,1332.0,1332.0,1332.0,355.0,16.0,1,1,1,0.0,100.0,0.0,0.0,0,359.0,0.9834,0.0006,0.0006,0.0
2026-04-25 08:00:00,DeepSeek,47,33927,23470,10457,0.0407,100.0,0.0,0.0,0.0,6696.0,9541.0,10549.04,8694.7,169.8,9,23,25,2.1277,2.1277,17.0213,0.0,1683,721.8511,0.4455,0.0009,0.0009,16.0945
2026-04-25 08:00:00,MiniMax,5,3941,3278,663,0.0095,100.0,0.0,0.0,0.0,1520.0,1747.4,1789.48,850.4,71.8,4,4,5,0.0,0.0,0.0,0.0,113,788.2,0.2023,0.0019,0.0019,17.0437
2026-04-25 09:00:00,DeepSeek,78,55257,40847,14410,0.0663,96.1538,3.8462,1.2821,2.5641,6590.0,8878.4,9856.1,8052.65,165.25,10,26,31,1.2821,3.8462,11.5385,0.0,2357,708.4231,0.3528,0.0009,0.0009,16.3567
2026-04-25 09:00:00,MiniMax,3,2156,1131,1025,0.0052,100.0,0.0,0.0,0.0,3248.0,3489.2,3510.64,621.5,76.9,3,3,3,0.0,0.0,33.3333,0.0,92,718.6667,0.9063,0.0017,0.0017,8.9756
2026-04-25 09:00:00,Qwen,6,3537,2125,1412,0.0057,66.6667,33.3333,16.6667,16.6667,1430.5,1991.5,1996.7,658.25,228.25,5,5,6,0.0,0.0,50.0,0.0,0,589.5,0.6645,0.0009,0.0014,0.0
2026-04-25 10:00:00,DeepSeek,87,57141,40825,16316,0.0686,98.8506,1.1494,1.1494,0.0,6467.0,8762.4,11393.76,8339.5,138.9,10,26,32,0.0,3.4483,12.6437,0.0,2807,656.7931,0.3997,0.0008,0.0008,17.204
2026-04-25 10:00:00,MiniMax,1,316,79,237,0.0008,0.0,100.0,0.0,100.0,1593.0,1593.0,1593.0,657.0,51.0,1,1,1,0.0,100.0,0.0,0.0,20,316.0,3.0,0.0008,,8.4388
2026-04-25 11:00:00,DeepSeek,101,75740,56396,19344,0.0909,97.0297,2.9703,0.9901,0.9901,6477.0,8803.0,10014.0,8235.0,183.0,10,27,40,0.9901,6.9307,19.802,0.9901,3347,749.901,0.343,0.0009,0.0009,17.3025
2026-04-25 11:00:00,MiniMax,3,2134,1136,998,0.0051,66.6667,33.3333,0.0,33.3333,3241.0,3290.5,3294.9,595.1,135.9,3,3,3,0.0,0.0,0.0,0.0,166,711.3333,0.8785,0.0017,0.0026,16.6333
2026-04-25 12:00:00,DeepSeek,89,53123,38081,15042,0.0637,94.382,5.618,2.2472,1.1236,6461.0,8105.6,9959.24,7652.4,154.8,10,27,36,1.1236,6.7416,21.3483,0.0,2368,596.8876,0.395,0.0007,0.0008,15.7426
2026-04-25 12:00:00,MiniMax,5,3368,2480,888,0.0081,100.0,0.0,0.0,0.0,1701.0,1767.2,1770.24,674.8,69.8,5,5,5,0.0,0.0,20.0,0.0,108,673.6,0.3581,0.0016,0.0016,12.1622
2026-04-25 12:00:00,Qwen,3,2544,1822,722,0.0041,100.0,0.0,0.0,0.0,1336.0,1918.3,1970.06,547.1,70.5,3,3,3,0.0,0.0,33.3333,0.0,0,848.0,0.3963,0.0014,0.0014,0.0
2026-04-25 13:00:00,DeepSeek,86,56271,38841,17430,0.0675,97.6744,2.3256,1.1628,1.1628,6613.5,9456.5,10875.75,7945.75,161.75,10,29,33,1.1628,0.0,20.9302,0.0,2656,654.314,0.4488,0.0008,0.0008,15.2381
2026-04-25 13:00:00,MiniMax,2,1480,1096,384,0.0036,100.0,0.0,0.0,0.0,1573.5,2239.05,2298.21,707.55,178.35,2,2,2,0.0,50.0,0.0,0.0,77,740.0,0.3504,0.0018,0.0018,20.0521
2026-04-25 13:00:00,Qwen,2,2120,1765,355,0.0034,100.0,0.0,0.0,0.0,1456.0,1608.1,1621.62,471.95,51.45,2,2,2,0.0,0.0,0.0,0.0,0,1060.0,0.2011,0.0017,0.0017,0.0
2026-04-25 14:00:00,DeepSeek,84,61287,42527,18760,0.0735,97.619,2.381,0.0,1.1905,6513.5,9056.7,9689.55,7493.4,140.55,10,28,31,1.1905,3.5714,22.619,0.0,3114,729.6071,0.4411,0.0009,0.0009,16.5991
2026-04-25 14:00:00,MiniMax,2,1000,436,564,0.0024,100.0,0.0,0.0,0.0,2428.5,3247.95,3320.79,617.35,39.7,2,2,2,0.0,0.0,0.0,0.0,73,500.0,1.2936,0.0012,0.0012,12.9433
2026-04-25 14:00:00,Qwen,1,486,114,372,0.0008,100.0,0.0,0.0,0.0,1813.0,1813.0,1813.0,481.0,41.0,1,1,1,0.0,0.0,0.0,0.0,0,486.0,3.2632,0.0008,0.0008,0.0
2026-04-25 15:00:00,DeepSeek,75,53418,37388,16030,0.0641,90.6667,9.3333,1.3333,4.0,6501.0,8406.5,9850.46,7220.5,158.3,10,27,32,1.3333,1.3333,12.0,0.0,2500,712.24,0.4287,0.0009,0.0009,15.5958
2026-04-25 15:00:00,MiniMax,1,1281,917,364,0.0031,100.0,0.0,0.0,0.0,3723.0,3723.0,3723.0,899.0,151.0,1,1,1,0.0,0.0,0.0,0.0,31,1281.0,0.3969,0.0031,0.0031,8.5165
2026-04-25 15:00:00,Qwen,2,1097,827,270,0.0018,100.0,0.0,0.0,0.0,1299.5,1358.45,1363.69,432.05,71.5,2,2,2,0.0,0.0,0.0,0.0,0,548.5,0.3265,0.0009,0.0009,0.0
2026-04-25 16:00:00,DeepSeek,72,45048,28213,16835,0.0541,95.8333,4.1667,1.3889,1.3889,6697.0,9734.25,10088.13,8926.6,218.9,9,25,29,1.3889,2.7778,22.2222,0.0,2714,625.6667,0.5967,0.0008,0.0008,16.1212
2026-04-25 16:00:00,MiniMax,6,4359,3105,1254,0.0105,83.3333,16.6667,0.0,16.6667,1636.5,2051.0,2129.4,660.5,84.0,4,5,6,0.0,0.0,16.6667,0.0,153,726.5,0.4039,0.0017,0.0021,12.201
2026-04-25 16:00:00,Qwen,2,784,467,317,0.0013,100.0,0.0,0.0,0.0,1020.5,1267.55,1289.51,528.7,72.4,1,1,2,0.0,0.0,100.0,0.0,0,392.0,0.6788,0.0006,0.0006,0.0
2026-04-25 17:00:00,DeepSeek,86,58711,41957,16754,0.0705,96.5116,3.4884,1.1628,2.3256,6523.5,10190.75,11006.1,9661.5,151.75,9,27,29,1.1628,10.4651,19.7674,0.0,2935,682.686,0.3993,0.0008,0.0008,17.5182
2026-04-25 17:00:00,MiniMax,5,2447,1618,829,0.0059,80.0,20.0,20.0,0.0,1757.0,2325.8,2427.56,705.8,124.0,5,5,5,0.0,20.0,0.0,0.0,139,489.4,0.5124,0.0012,0.0015,16.7672
2026-04-25 17:00:00,Qwen,2,936,711,225,0.0015,100.0,0.0,0.0,0.0,1137.5,1408.85,1432.97,647.45,178.65,2,2,2,0.0,0.0,0.0,0.0,0,468.0,0.3165,0.0007,0.0007,0.0
2026-04-25 18:00:00,DeepSeek,58,42010,29998,12012,0.0504,94.8276,5.1724,0.0,5.1724,6362.5,9333.3,10895.27,9225.0,131.3,9,22,26,0.0,3.4483,20.6897,0.0,2058,724.3103,0.4004,0.0009,0.0009,17.1329
2026-04-25 18:00:00,MiniMax,2,1335,855,480,0.0032,100.0,0.0,0.0,0.0,2055.0,2711.1,2769.42,582.4,72.35,2,2,2,0.0,0.0,0.0,0.0,64,667.5,0.5614,0.0016,0.0016,13.3333
2026-04-25 18:00:00,Qwen,1,1012,803,209,0.0016,100.0,0.0,0.0,0.0,1389.0,1389.0,1389.0,460.0,109.0,1,1,1,0.0,0.0,0.0,0.0,0,1012.0,0.2603,0.0016,0.0016,0.0
2026-04-25 19:00:00,DeepSeek,47,28686,19774,8912,0.0344,87.234,12.766,2.1277,4.2553,6441.0,8051.8,8921.3,7531.7,177.1,9,21,25,2.1277,10.6383,17.0213,0.0,1580,610.3404,0.4507,0.0007,0.0008,17.7289
2026-04-25 19:00:00,MiniMax,2,1912,1485,427,0.0046,50.0,50.0,50.0,0.0,2134.5,2219.55,2227.11,745.25,67.9,2,2,2,0.0,50.0,50.0,0.0,59,956.0,0.2875,0.0023,0.0046,13.8173
2026-04-25 20:00:00,DeepSeek,40,29117,21686,7431,0.0349,100.0,0.0,0.0,0.0,6561.0,8303.8,8895.29,7698.2,160.35,9,18,22,0.0,0.0,15.0,0.0,1349,727.925,0.3427,0.0009,0.0009,18.1537
2026-04-25 20:00:00,MiniMax,1,828,710,118,0.002,100.0,0.0,0.0,0.0,1189.0,1189.0,1189.0,460.0,24.0,1,1,1,0.0,0.0,0.0,0.0,28,828.0,0.1662,0.002,0.002,23.7288
2026-04-25 21:00:00,DeepSeek,39,26685,19829,6856,0.032,92.3077,7.6923,2.5641,5.1282,6375.0,7913.9,9999.38,7105.9,121.2,9,21,22,0.0,5.1282,15.3846,0.0,1029,684.2308,0.3458,0.0008,0.0009,15.0088
2026-04-25 21:00:00,MiniMax,2,1217,766,451,0.0029,50.0,50.0,0.0,0.0,1526.5,1641.25,1651.45,890.0,69.4,2,2,2,0.0,50.0,0.0,0.0,72,608.5,0.5888,0.0015,0.0029,15.9645
2026-04-25 21:00:00,Qwen,1,669,499,170,0.0011,100.0,0.0,0.0,0.0,1131.0,1131.0,1131.0,494.0,27.0,1,1,1,0.0,0.0,0.0,0.0,0,669.0,0.3407,0.0011,0.0011,0.0
2026-04-25 22:00:00,DeepSeek,25,16723,11786,4937,0.0201,92.0,8.0,0.0,8.0,6479.0,8037.2,8267.8,6868.4,181.4,10,18,20,0.0,8.0,20.0,0.0,755,668.92,0.4189,0.0008,0.0009,15.2927
2026-04-25 22:00:00,MiniMax,3,2671,2121,550,0.0064,100.0,0.0,0.0,0.0,1400.0,2472.8,2568.16,829.7,211.7,3,3,3,0.0,0.0,0.0,0.0,140,890.3333,0.2593,0.0021,0.0021,25.4545
2026-04-25 23:00:00,DeepSeek,34,21132,14766,6366,0.0254,91.1765,8.8235,2.9412,2.9412,6588.0,9022.6,10594.11,8356.7,147.4,7,15,17,2.9412,0.0,29.4118,0.0,1034,621.5294,0.4311,0.0007,0.0008,16.2425
2026-04-25 23:00:00,MiniMax,4,2921,2340,581,0.007,100.0,0.0,0.0,0.0,1674.5,1770.7,1773.34,679.05,98.85,4,4,4,0.0,0.0,0.0,0.0,101,730.25,0.2483,0.0018,0.0018,17.3838
2026-04-25 23:00:00,Qwen,1,849,585,264,0.0014,100.0,0.0,0.0,0.0,1251.0,1251.0,1251.0,341.0,50.0,1,1,1,0.0,0.0,0.0,0.0,0,849.0,0.4513,0.0014,0.0014,0.0
2026-04-26 00:00:00,DeepSeek,16,10802,7142,3660,0.013,100.0,0.0,0.0,0.0,6697.0,7654.75,7742.95,7061.25,70.0,7,11,13,0.0,0.0,12.5,0.0,557,675.125,0.5125,0.0008,0.0008,15.2186
2026-04-26 00:00:00,MiniMax,1,705,189,516,0.0017,100.0,0.0,0.0,0.0,2898.0,2898.0,2898.0,589.0,80.0,1,1,1,100.0,0.0,0.0,0.0,48,705.0,2.7302,0.0017,0.0017,9.3023
2026-04-26 01:00:00,DeepSeek,20,14961,11068,3893,0.018,100.0,0.0,0.0,0.0,6562.0,8062.55,9241.31,7386.15,114.95,7,12,15,0.0,5.0,25.0,0.0,625,748.05,0.3517,0.0009,0.0009,16.0545
2026-04-26 01:00:00,MiniMax,1,990,594,396,0.0024,100.0,0.0,0.0,0.0,2412.0,2412.0,2412.0,549.0,84.0,1,1,1,0.0,0.0,0.0,0.0,68,990.0,0.6667,0.0024,0.0024,17.1717
2026-04-26 01:00:00,Qwen,1,834,646,188,0.0013,100.0,0.0,0.0,0.0,1112.0,1112.0,1112.0,402.0,39.0,1,1,1,0.0,0.0,0.0,0.0,0,834.0,0.291,0.0013,0.0013,0.0
2026-04-26 02:00:00,DeepSeek,23,12923,8632,4291,0.0155,95.6522,4.3478,0.0,0.0,6614.0,8226.8,9088.5,7380.2,203.7,8,17,16,0.0,0.0,13.0435,0.0,750,561.8696,0.4971,0.0007,0.0007,17.4784
2026-04-26 03:00:00,DeepSeek,19,12341,8826,3515,0.0148,100.0,0.0,0.0,0.0,6586.0,8245.9,8338.78,7082.5,152.6,8,15,13,5.2632,5.2632,10.5263,0.0,519,649.5263,0.3983,0.0008,0.0008,14.7653
2026-04-26 03:00:00,MiniMax,1,403,143,260,0.001,100.0,0.0,0.0,0.0,1916.0,1916.0,1916.0,717.0,158.0,1,1,1,0.0,0.0,0.0,0.0,38,403.0,1.8182,0.001,0.001,14.6154
2026-04-26 04:00:00,DeepSeek,21,16645,12350,4295,0.02,95.2381,4.7619,4.7619,0.0,6587.0,7521.0,7807.4,6822.0,242.0,10,16,16,0.0,0.0,14.2857,4.7619,642,792.619,0.3478,0.001,0.001,14.9476
2026-04-26 04:00:00,MiniMax,1,518,428,90,0.0012,0.0,100.0,0.0,0.0,1682.0,1682.0,1682.0,726.0,88.0,1,1,1,0.0,0.0,0.0,0.0,16,518.0,0.2103,0.0012,,17.7778
2026-04-26 05:00:00,DeepSeek,9,5360,3611,1749,0.0064,88.8889,11.1111,0.0,0.0,6351.0,8680.8,8764.96,7588.4,75.4,5,8,8,0.0,11.1111,55.5556,0.0,262,595.5556,0.4844,0.0007,0.0008,14.98
2026-04-26 06:00:00,DeepSeek,48,34423,23733,10690,0.0413,93.75,6.25,2.0833,4.1667,6442.0,8784.4,12778.79,7975.9,179.6,9,21,23,2.0833,4.1667,16.6667,0.0,1582,717.1458,0.4504,0.0009,0.0009,14.7989
2026-04-26 06:00:00,MiniMax,5,3475,2288,1187,0.0083,80.0,20.0,0.0,0.0,1846.0,3368.4,3656.88,774.4,83.4,4,4,5,0.0,20.0,0.0,0.0,215,695.0,0.5188,0.0017,0.0021,18.1129
2026-04-26 07:00:00,DeepSeek,62,41934,28855,13079,0.0503,93.5484,6.4516,1.6129,1.6129,6687.0,10181.9,10836.03,9392.45,156.85,10,22,24,1.6129,6.4516,24.1935,0.0,2293,676.3548,0.4533,0.0008,0.0009,17.5319
2026-04-26 07:00:00,MiniMax,5,2932,2239,693,0.007,80.0,20.0,0.0,0.0,1304.0,1564.2,1577.64,687.6,48.6,3,4,4,0.0,0.0,20.0,20.0,90,586.4,0.3095,0.0014,0.0018,12.987
2026-04-26 08:00:00,DeepSeek,50,36596,25833,10763,0.0439,90.0,10.0,0.0,6.0,6431.5,7679.85,9560.38,6853.75,169.6,10,22,24,0.0,10.0,10.0,0.0,1781,731.92,0.4166,0.0009,0.001,16.5474
2026-04-26 08:00:00,MiniMax,3,2773,2214,559,0.0067,100.0,0.0,0.0,0.0,1870.0,2002.3,2014.06,855.3,190.1,3,3,3,0.0,0.0,0.0,0.0,47,924.3333,0.2525,0.0022,0.0022,8.4079
2026-04-26 08:00:00,Qwen,1,511,460,51,0.0008,100.0,0.0,0.0,0.0,918.0,918.0,918.0,334.0,13.0,1,1,1,0.0,0.0,0.0,0.0,0,511.0,0.1109,0.0008,0.0008,0.0
2026-04-26 09:00:00,DeepSeek,90,66638,47313,19325,0.08,94.4444,5.5556,1.1111,0.0,6686.5,9332.85,9736.78,8155.25,174.2,10,29,35,3.3333,2.2222,21.1111,0.0,2789,740.4222,0.4085,0.0009,0.0009,14.4321
2026-04-26 09:00:00,MiniMax,5,3518,2124,1394,0.0084,100.0,0.0,0.0,0.0,1823.0,3173.0,3349.0,827.6,111.0,4,5,4,0.0,0.0,20.0,0.0,270,703.6,0.6563,0.0017,0.0017,19.3687
2026-04-26 10:00:00,DeepSeek,94,59681,42388,17293,0.0716,96.8085,3.1915,0.0,1.0638,6480.0,8177.55,9274.38,7580.9,149.7,10,28,35,1.0638,1.0638,20.2128,0.0,2643,634.9043,0.408,0.0008,0.0008,15.2836
2026-04-26 10:00:00,MiniMax,4,3401,2414,987,0.0082,100.0,0.0,0.0,0.0,2008.0,2410.5,2466.9,825.45,182.45,4,4,4,0.0,0.0,50.0,0.0,172,850.25,0.4089,0.002,0.002,17.4265
2026-04-26 10:00:00,Qwen,2,693,459,234,0.0011,100.0,0.0,0.0,0.0,1404.5,1647.05,1668.61,724.35,47.25,1,2,2,0.0,0.0,50.0,0.0,0,346.5,0.5098,0.0006,0.0006,0.0
2026-04-26 11:00:00,DeepSeek,96,64448,45146,19302,0.0773,92.7083,7.2917,2.0833,5.2083,6496.5,9192.25,11362.9,8498.0,165.5,10,29,38,2.0833,5.2083,15.625,0.0,3224,671.3333,0.4275,0.0008,0.0009,16.7029
2026-04-26 11:00:00,MiniMax,2,1575,1066,509,0.0038,100.0,0.0,0.0,0.0,1932.5,1986.95,1991.79,625.15,114.65,1,1,1,0.0,0.0,50.0,0.0,117,787.5,0.4775,0.0019,0.0019,22.9862
2026-04-26 11:00:00,Qwen,1,411,264,147,0.0007,100.0,0.0,0.0,0.0,1380.0,1380.0,1380.0,377.0,15.0,1,1,1,0.0,0.0,0.0,0.0,0,411.0,0.5568,0.0007,0.0007,0.0
2026-04-26 12:00:00,DeepSeek,76,54163,38836,15327,0.065,97.3684,2.6316,0.0,2.6316,6466.0,8643.25,10109.0,8098.0,158.75,10,27,30,0.0,7.8947,18.4211,0.0,2480,712.6711,0.3947,0.0009,0.0009,16.1806
2026-04-26 12:00:00,MiniMax,5,3403,2061,1342,0.0082,100.0,0.0,0.0,0.0,1796.0,3729.2,4073.84,723.8,126.8,3,4,4,20.0,20.0,40.0,0.0,269,680.6,0.6511,0.0016,0.0016,20.0447
2026-04-26 12:00:00,Qwen,1,998,775,223,0.0016,100.0,0.0,0.0,0.0,1695.0,1695.0,1695.0,483.0,35.0,1,1,1,0.0,0.0,0.0,0.0,0,998.0,0.2877,0.0016,0.0016,0.0
2026-04-26 13:00:00,DeepSeek,77,55144,39113,16031,0.0662,94.8052,5.1948,1.2987,3.8961,6512.0,8267.0,9227.96,7164.2,149.2,10,24,30,0.0,5.1948,16.8831,0.0,2596,716.1558,0.4099,0.0009,0.0009,16.1936
2026-04-26 13:00:00,MiniMax,3,1627,1389,238,0.0039,100.0,0.0,0.0,0.0,1488.0,1509.6,1511.52,748.2,96.3,2,2,3,0.0,0.0,0.0,0.0,47,542.3333,0.1713,0.0013,0.0013,19.7479
2026-04-26 13:00:00,Qwen,2,1306,796,510,0.0021,100.0,0.0,0.0,0.0,1579.0,1944.4,1976.88,456.2,82.2,2,2,2,0.0,0.0,50.0,0.0,0,653.0,0.6407,0.001,0.001,0.0
2026-04-26 14:00:00,DeepSeek,89,64186,45656,18530,0.077,95.5056,4.4944,0.0,3.3708,6568.0,8680.4,10285.6,7986.6,151.6,9,25,32,1.1236,3.3708,19.1011,0.0,3404,721.191,0.4059,0.0009,0.0009,18.3702
2026-04-26 14:00:00,MiniMax,5,3424,2703,721,0.0082,100.0,0.0,0.0,0.0,1368.0,2186.4,2226.88,808.8,130.0,5,5,5,0.0,0.0,40.0,20.0,135,684.8,0.2667,0.0016,0.0016,18.724
2026-04-26 14:00:00,Qwen,1,628,534,94,0.001,100.0,0.0,0.0,0.0,725.0,725.0,725.0,390.0,50.0,1,1,1,0.0,0.0,100.0,0.0,0,628.0,0.176,0.001,0.001,0.0
2026-04-26 15:00:00,DeepSeek,96,65800,46445,19355,0.079,96.875,3.125,0.0,1.0417,6642.5,9517.5,10771.65,8644.0,139.75,10,29,34,0.0,2.0833,19.7917,0.0,2914,685.4167,0.4167,0.0008,0.0008,15.0555
2026-04-26 15:00:00,MiniMax,7,4513,3460,1053,0.0108,85.7143,14.2857,0.0,0.0,1796.0,2144.9,2235.38,1181.5,152.2,5,7,7,0.0,14.2857,28.5714,0.0,160,644.7143,0.3043,0.0015,0.0018,15.1947
2026-04-26 15:00:00,Qwen,3,1358,816,542,0.0022,100.0,0.0,0.0,0.0,1119.0,1560.0,1599.2,653.9,81.2,3,3,3,0.0,0.0,0.0,0.0,0,452.6667,0.6642,0.0007,0.0007,0.0
2026-04-26 16:00:00,DeepSeek,77,52518,35988,16530,0.063,96.1039,3.8961,0.0,0.0,6467.0,8008.8,8846.24,7341.6,165.6,10,27,33,0.0,5.1948,20.7792,0.0,2648,682.0519,0.4593,0.0008,0.0009,16.0194
2026-04-26 16:00:00,MiniMax,8,5259,3708,1551,0.0126,100.0,0.0,0.0,0.0,2036.0,2288.85,2296.97,916.2,226.2,5,8,8,0.0,0.0,12.5,0.0,209,657.375,0.4183,0.0016,0.0016,13.4752
2026-04-26 16:00:00,Qwen,1,1078,783,295,0.0017,100.0,0.0,0.0,0.0,1904.0,1904.0,1904.0,428.0,50.0,1,1,1,0.0,0.0,0.0,0.0,0,1078.0,0.3768,0.0017,0.0017,0.0
2026-04-26 17:00:00,DeepSeek,65,45074,30293,14781,0.0541,93.8462,6.1538,1.5385,1.5385,6779.0,9523.6,10364.52,8349.2,161.0,10,24,31,0.0,3.0769,23.0769,0.0,2345,693.4462,0.4879,0.0008,0.0009,15.865
2026-04-26 17:00:00,MiniMax,2,1034,647,387,0.0025,100.0,0.0,0.0,0.0,2355.0,2954.4,3007.68,1035.85,81.2,1,2,2,0.0,0.0,0.0,0.0,83,517.0,0.5981,0.0012,0.0012,21.447
2026-04-26 18:00:00,DeepSeek,59,41503,29196,12307,0.0498,96.6102,3.3898,3.3898,0.0,6551.0,8867.5,10492.2,8195.2,203.6,10,25,29,1.6949,3.3898,13.5593,0.0,1773,703.4407,0.4215,0.0008,0.0009,14.4064
2026-04-26 18:00:00,MiniMax,6,3848,2732,1116,0.0092,100.0,0.0,0.0,0.0,1658.5,2204.25,2223.25,752.75,91.5,3,6,6,0.0,0.0,33.3333,0.0,184,641.3333,0.4085,0.0015,0.0015,16.4875
2026-04-26 18:00:00,Qwen,1,515,293,222,0.0008,100.0,0.0,0.0,0.0,1603.0,1603.0,1603.0,436.0,125.0,1,1,1,0.0,0.0,0.0,0.0,0,515.0,0.7577,0.0008,0.0008,0.0
2026-04-26 19:00:00,DeepSeek,61,40011,28535,11476,0.048,96.7213,3.2787,0.0,3.2787,6462.0,8622.0,10689.0,8212.0,145.0,10,24,27,1.6393,1.6393,11.4754,0.0,1896,655.918,0.4022,0.0008,0.0008,16.5214
2026-04-26 19:00:00,MiniMax,2,2046,1333,713,0.0049,100.0,0.0,0.0,0.0,3023.5,3741.25,3805.05,883.25,134.05,2,2,2,0.0,0.0,0.0,0.0,115,1023.0,0.5349,0.0025,0.0025,16.129
2026-04-26 19:00:00,Qwen,4,2283,1502,781,0.0037,100.0,0.0,0.0,0.0,1606.5,1989.75,2020.35,646.05,92.5,3,4,4,0.0,25.0,50.0,0.0,0,570.75,0.52,0.0009,0.0009,0.0
2026-04-26 20:00:00,DeepSeek,54,40742,29430,11312,0.0489,92.5926,7.4074,1.8519,1.8519,6541.5,9212.8,10457.56,8008.75,139.7,10,25,27,0.0,5.5556,27.7778,0.0,1921,754.4815,0.3844,0.0009,0.001,16.982
2026-04-26 20:00:00,MiniMax,2,1047,618,429,0.0025,100.0,0.0,0.0,0.0,1718.5,1842.25,1853.25,611.3,73.75,2,2,2,0.0,0.0,0.0,0.0,76,523.5,0.6942,0.0013,0.0013,17.7156
2026-04-26 21:00:00,DeepSeek,57,34732,23012,11720,0.0417,92.9825,7.0175,1.7544,3.5088,6577.0,8616.8,9750.84,7647.0,149.0,10,24,27,0.0,7.0175,19.2982,0.0,1674,609.3333,0.5093,0.0007,0.0008,14.2833
2026-04-26 21:00:00,MiniMax,3,1579,1194,385,0.0038,100.0,0.0,0.0,0.0,1582.0,1895.2,1923.04,659.1,83.1,3,3,3,0.0,0.0,66.6667,0.0,68,526.3333,0.3224,0.0013,0.0013,17.6623
2026-04-26 21:00:00,Qwen,1,370,299,71,0.0006,100.0,0.0,0.0,0.0,1198.0,1198.0,1198.0,377.0,68.0,1,1,1,0.0,0.0,0.0,0.0,0,370.0,0.2375,0.0006,0.0006,0.0
2026-04-26 22:00:00,DeepSeek,20,12800,9675,3125,0.0154,95.0,5.0,0.0,5.0,6504.0,8453.0,9182.6,8014.05,117.0,9,15,14,0.0,0.0,5.0,0.0,578,640.0,0.323,0.0008,0.0008,18.496
2026-04-26 22:00:00,MiniMax,1,1706,1422,284,0.0041,100.0,0.0,0.0,0.0,2110.0,2110.0,2110.0,515.0,33.0,1,1,1,0.0,0.0,0.0,0.0,20,1706.0,0.1997,0.0041,0.0041,7.0423
2026-04-26 22:00:00,Qwen,1,1261,1034,227,0.002,100.0,0.0,0.0,0.0,1379.0,1379.0,1379.0,391.0,46.0,1,1,1,0.0,0.0,0.0,0.0,0,1261.0,0.2195,0.002,0.002,0.0
2026-04-26 23:00:00,DeepSeek,31,20186,13685,6501,0.0242,90.3226,9.6774,0.0,6.4516,6542.0,9047.5,10256.7,8199.5,146.0,9,18,21,3.2258,3.2258,16.129,0.0,1050,651.1613,0.475,0.0008,0.0009,16.1514
2026-04-26 23:00:00,Qwen,2,1361,974,387,0.0022,100.0,0.0,0.0,0.0,1255.0,1302.7,1306.94,496.4,65.65,2,2,2,0.0,0.0,50.0,0.0,0,680.5,0.3973,0.0011,0.0011,0.0
2026-04-27 00:00:00,DeepSeek,25,15673,10769,4904,0.0188,96.0,4.0,0.0,4.0,6259.0,8421.4,8985.44,6257.8,140.8,8,15,17,0.0,0.0,24.0,0.0,777,626.92,0.4554,0.0008,0.0008,15.8442
2026-04-27 00:00:00,MiniMax,1,581,457,124,0.0014,100.0,0.0,0.0,0.0,1192.0,1192.0,1192.0,518.0,22.0,1,1,1,0.0,0.0,100.0,0.0,25,581.0,0.2713,0.0014,0.0014,20.1613
2026-04-27 01:00:00,DeepSeek,21,12339,8908,3431,0.0148,100.0,0.0,0.0,0.0,6273.0,8000.0,9316.0,7504.0,158.0,9,16,14,0.0,4.7619,9.5238,0.0,586,587.5714,0.3852,0.0007,0.0007,17.0796
2026-04-27 02:00:00,DeepSeek,36,23749,16380,7369,0.0285,100.0,0.0,0.0,0.0,6430.5,8239.25,9270.6,7346.5,136.25,10,19,23,0.0,2.7778,16.6667,0.0,1272,659.6944,0.4499,0.0008,0.0008,17.2615
2026-04-27 02:00:00,MiniMax,4,3369,2556,813,0.0081,100.0,0.0,0.0,0.0,1690.0,2048.1,2094.42,774.8,159.75,4,4,4,0.0,0.0,0.0,0.0,132,842.25,0.3181,0.002,0.002,16.2362
2026-04-27 02:00:00,Qwen,1,359,154,205,0.0006,100.0,0.0,0.0,0.0,1582.0,1582.0,1582.0,403.0,77.0,1,1,1,0.0,0.0,0.0,0.0,0,359.0,1.3312,0.0006,0.0006,0.0
2026-04-27 03:00:00,DeepSeek,25,16622,10463,6159,0.0199,100.0,0.0,0.0,0.0,6490.0,8911.0,9622.96,7223.0,192.6,8,14,18,4.0,4.0,16.0,0.0,1000,664.88,0.5886,0.0008,0.0008,16.2364
2026-04-27 03:00:00,MiniMax,3,2330,1677,653,0.0056,100.0,0.0,0.0,0.0,1822.0,2560.0,2625.6,642.7,76.3,3,3,3,0.0,0.0,66.6667,0.0,85,776.6667,0.3894,0.0019,0.0019,13.0168
2026-04-27 03:00:00,Qwen,1,1227,969,258,0.002,100.0,0.0,0.0,0.0,1484.0,1484.0,1484.0,361.0,40.0,1,1,1,0.0,0.0,0.0,0.0,0,1227.0,0.2663,0.002,0.002,0.0
2026-04-27 04:00:00,DeepSeek,15,11335,8485,2850,0.0136,93.3333,6.6667,6.6667,0.0,6407.0,7886.5,8359.7,7280.9,148.6,7,12,9,0.0,0.0,0.0,0.0,512,755.6667,0.3359,0.0009,0.001,17.9649
2026-04-27 04:00:00,MiniMax,2,977,688,289,0.0023,100.0,0.0,0.0,0.0,1291.0,1666.3,1699.66,643.3,20.95,2,2,2,0.0,0.0,50.0,0.0,32,488.5,0.4201,0.0012,0.0012,11.0727
2026-04-27 04:00:00,Qwen,2,1571,1145,426,0.0025,100.0,0.0,0.0,0.0,1045.5,1055.85,1056.77,593.7,38.95,2,2,2,0.0,0.0,0.0,0.0,0,785.5,0.3721,0.0013,0.0013,0.0
2026-04-27 05:00:00,DeepSeek,26,18065,11309,6756,0.0217,100.0,0.0,0.0,0.0,6846.5,9763.0,10118.5,9175.75,195.75,8,15,13,0.0,7.6923,19.2308,0.0,1048,694.8077,0.5974,0.0008,0.0008,15.5121
2026-04-27 05:00:00,Qwen,1,333,279,54,0.0005,100.0,0.0,0.0,0.0,538.0,538.0,538.0,387.0,25.0,1,1,1,0.0,0.0,0.0,0.0,0,333.0,0.1935,0.0005,0.0005,0.0
2026-04-27 06:00:00,DeepSeek,60,39081,27494,11587,0.0469,93.3333,6.6667,0.0,0.0,6429.0,10150.45,11396.42,9454.8,198.5,10,24,27,6.6667,8.3333,20.0,0.0,1954,651.35,0.4214,0.0008,0.0008,16.8637
2026-04-27 06:00:00,MiniMax,2,932,404,528,0.0022,100.0,0.0,0.0,0.0,1744.5,2211.15,2252.63,613.6,57.05,2,2,2,0.0,0.0,0.0,0.0,59,466.0,1.3069,0.0011,0.0011,11.1742
2026-04-27 06:00:00,Qwen,5,2636,2070,566,0.0042,80.0,20.0,0.0,20.0,764.0,1355.8,1431.16,568.2,105.8,3,3,4,0.0,0.0,0.0,0.0,0,527.2,0.2734,0.0008,0.0011,0.0
2026-04-27 07:00:00,DeepSeek,67,44446,30762,13684,0.0533,100.0,0.0,0.0,0.0,6539.0,8259.5,10323.46,7002.9,163.9,10,26,28,0.0,1.4925,17.9104,0.0,2202,663.3731,0.4448,0.0008,0.0008,16.0918
2026-04-27 07:00:00,MiniMax,2,666,525,141,0.0016,100.0,0.0,0.0,0.0,1253.5,1333.15,1340.23,655.3,58.95,2,2,2,0.0,0.0,0.0,0.0,26,333.0,0.2686,0.0008,0.0008,18.4397
2026-04-27 08:00:00,DeepSeek,72,47119,33871,13248,0.0565,94.4444,5.5556,1.3889,4.1667,6520.5,8192.9,9648.24,7373.45,156.3,10,26,31,1.3889,1.3889,19.4444,0.0,2205,654.4306,0.3911,0.0008,0.0008,16.644
2026-04-27 08:00:00,MiniMax,1,547,319,228,0.0013,100.0,0.0,0.0,0.0,1936.0,1936.0,1936.0,689.0,58.0,1,1,1,0.0,0.0,0.0,0.0,18,547.0,0.7147,0.0013,0.0013,7.8947
2026-04-27 08:00:00,Qwen,3,2734,2247,487,0.0044,100.0,0.0,0.0,0.0,1363.0,1479.1,1489.42,1029.4,106.0,2,3,3,0.0,0.0,33.3333,0.0,0,911.3333,0.2167,0.0015,0.0015,0.0
2026-04-27 09:00:00,DeepSeek,110,79451,57588,21863,0.0953,95.4545,4.5455,1.8182,1.8182,6456.0,8364.4,9937.61,7448.85,184.75,10,27,35,0.0,1.8182,24.5455,0.9091,3382,722.2818,0.3796,0.0009,0.0009,15.4691
2026-04-27 09:00:00,MiniMax,3,2788,2099,689,0.0067,100.0,0.0,0.0,0.0,1806.0,2310.0,2354.8,799.7,71.6,3,3,3,0.0,33.3333,0.0,0.0,103,929.3333,0.3283,0.0022,0.0022,14.9492
2026-04-27 09:00:00,Qwen,3,2386,1480,906,0.0038,100.0,0.0,0.0,0.0,1341.0,1773.9,1812.38,596.1,67.4,3,3,3,0.0,0.0,0.0,0.0,0,795.3333,0.6122,0.0013,0.0013,0.0
2026-04-27 10:00:00,DeepSeek,117,86889,61321,25568,0.1043,96.5812,3.4188,1.7094,0.0,6530.0,8556.0,10365.64,7481.2,160.4,10,29,35,0.8547,3.4188,17.9487,0.0,4132,742.641,0.417,0.0009,0.0009,16.1608
2026-04-27 10:00:00,MiniMax,6,2766,1373,1393,0.0066,100.0,0.0,0.0,0.0,1658.5,3325.5,3351.5,776.5,107.0,4,6,6,0.0,0.0,16.6667,0.0,276,461.0,1.0146,0.0011,0.0011,19.8134
2026-04-27 10:00:00,Qwen,3,1887,1347,540,0.003,100.0,0.0,0.0,0.0,1247.0,1287.5,1291.1,550.0,150.6,3,3,3,0.0,0.0,33.3333,0.0,0,629.0,0.4009,0.001,0.001,0.0
2026-04-27 11:00:00,DeepSeek,126,88692,61714,26978,0.1064,96.0317,3.9683,0.0,3.1746,6427.5,8635.0,10461.25,7833.0,189.75,10,30,38,2.381,4.7619,16.6667,0.0,4208,703.9048,0.4371,0.0008,0.0009,15.5979
2026-04-27 11:00:00,MiniMax,6,3721,2635,1086,0.0089,83.3333,16.6667,16.6667,0.0,1648.0,2136.75,2220.95,728.25,120.5,3,3,4,0.0,16.6667,33.3333,0.0,155,620.1667,0.4121,0.0015,0.0018,14.2726
2026-04-27 11:00:00,Qwen,3,2049,1570,479,0.0033,100.0,0.0,0.0,0.0,956.0,1575.2,1630.24,593.2,177.2,2,3,3,0.0,0.0,0.0,0.0,0,683.0,0.3051,0.0011,0.0011,0.0
2026-04-27 12:00:00,DeepSeek,127,86612,60316,26296,0.1039,95.2756,4.7244,0.0,2.3622,6489.0,8532.8,10106.72,7802.7,180.8,10,28,38,1.5748,3.1496,22.0472,0.0,4178,681.9843,0.436,0.0008,0.0009,15.8883
2026-04-27 12:00:00,MiniMax,4,2564,1382,1182,0.0062,100.0,0.0,0.0,0.0,1638.0,3483.9,3737.58,678.7,104.45,4,4,4,0.0,0.0,0.0,0.0,248,641.0,0.8553,0.0015,0.0015,20.9814
2026-04-27 12:00:00,Qwen,6,2825,1595,1230,0.0045,83.3333,16.6667,0.0,16.6667,1275.5,2372.25,2551.25,497.25,85.5,3,4,5,0.0,0.0,16.6667,0.0,0,470.8333,0.7712,0.0008,0.0009,0.0
2026-04-27 13:00:00,DeepSeek,144,101979,71536,30443,0.1224,98.6111,1.3889,0.6944,0.0,6473.5,9191.75,9899.5,8678.85,125.85,10,28,38,1.3889,4.8611,21.5278,0.6944,4912,708.1875,0.4256,0.0008,0.0009,16.1351
2026-04-27 13:00:00,MiniMax,5,2505,1515,990,0.006,100.0,0.0,0.0,0.0,1629.0,4059.4,4483.08,730.4,100.0,5,5,5,0.0,0.0,40.0,0.0,134,501.0,0.6535,0.0012,0.0012,13.5354
2026-04-27 13:00:00,Qwen,3,3773,3397,376,0.006,100.0,0.0,0.0,0.0,1450.0,2072.8,2128.16,1309.4,153.5,2,2,2,0.0,0.0,0.0,0.0,0,1257.6667,0.1107,0.002,0.002,0.0
2026-04-27 14:00:00,DeepSeek,126,88261,64439,23822,0.1059,94.4444,5.5556,3.1746,1.5873,6515.5,8173.5,9596.25,7203.0,196.25,10,28,39,1.5873,4.7619,16.6667,0.0,4163,700.4841,0.3697,0.0008,0.0009,17.4754
2026-04-27 14:00:00,MiniMax,8,5229,3476,1753,0.0126,100.0,0.0,0.0,0.0,2015.0,2295.3,2329.46,659.0,132.05,5,6,5,12.5,0.0,12.5,0.0,278,653.625,0.5043,0.0016,0.0016,15.8585
2026-04-27 14:00:00,Qwen,3,2228,1675,553,0.0036,100.0,0.0,0.0,0.0,1635.0,1936.5,1963.3,1079.0,129.7,3,3,3,0.0,0.0,0.0,0.0,0,742.6667,0.3301,0.0012,0.0012,0.0
2026-04-27 15:00:00,DeepSeek,117,79901,56942,22959,0.0959,95.7265,4.2735,0.8547,1.7094,6471.0,9826.2,10837.8,9418.6,163.0,10,28,38,0.8547,3.4188,23.0769,0.0,3890,682.9145,0.4032,0.0008,0.0009,16.9432
2026-04-27 15:00:00,MiniMax,3,1935,932,1003,0.0046,100.0,0.0,0.0,0.0,2772.0,3026.7,3049.34,504.7,109.8,3,3,3,0.0,0.0,0.0,0.0,133,645.0,1.0762,0.0015,0.0015,13.2602
2026-04-27 15:00:00,Qwen,3,1308,880,428,0.0021,100.0,0.0,0.0,0.0,969.0,1602.6,1658.92,540.2,132.1,3,3,3,0.0,0.0,0.0,0.0,0,436.0,0.4864,0.0007,0.0007,0.0
2026-04-27 16:00:00,DeepSeek,115,77001,53660,23341,0.0924,88.6957,11.3043,1.7391,6.087,6550.0,9285.0,11030.04,8795.4,173.4,10,30,40,0.8696,3.4783,17.3913,0.0,3828,669.5739,0.435,0.0008,0.0009,16.4003
2026-04-27 16:00:00,MiniMax,1,219,128,91,0.0005,100.0,0.0,0.0,0.0,1146.0,1146.0,1146.0,660.0,112.0,1,1,1,0.0,0.0,0.0,0.0,9,219.0,0.7109,0.0005,0.0005,9.8901
2026-04-27 16:00:00,Qwen,3,2317,1773,544,0.0037,100.0,0.0,0.0,0.0,1232.0,1719.8,1763.16,552.6,77.0,2,2,3,0.0,0.0,33.3333,0.0,0,772.3333,0.3068,0.0012,0.0012,0.0
2026-04-27 17:00:00,DeepSeek,106,75308,53962,21346,0.0904,92.4528,7.5472,0.9434,2.8302,6461.5,9919.0,10539.6,9299.5,156.0,10,29,36,0.0,4.717,13.2075,0.9434,3634,710.4528,0.3956,0.0009,0.0009,17.0243
2026-04-27 17:00:00,MiniMax,7,4009,2962,1047,0.0096,100.0,0.0,0.0,0.0,1338.0,2102.8,2288.56,725.2,77.1,5,6,6,0.0,0.0,0.0,0.0,191,572.7143,0.3535,0.0014,0.0014,18.2426
2026-04-27 17:00:00,Qwen,3,1515,867,648,0.0024,100.0,0.0,0.0,0.0,1302.0,2321.7,2412.34,681.0,101.6,3,3,3,0.0,0.0,0.0,0.0,0,505.0,0.7474,0.0008,0.0008,0.0
2026-04-27 18:00:00,DeepSeek,90,62357,44084,18273,0.0748,93.3333,6.6667,2.2222,3.3333,6491.0,7868.35,9282.07,7164.2,131.1,10,28,36,1.1111,2.2222,8.8889,0.0,3144,692.8556,0.4145,0.0008,0.0009,17.2057
2026-04-27 18:00:00,MiniMax,3,1558,944,614,0.0037,66.6667,33.3333,0.0,0.0,1829.0,2079.2,2101.44,653.6,120.4,2,3,2,0.0,0.0,0.0,0.0,145,519.3333,0.6504,0.0012,0.0019,23.6156
2026-04-27 18:00:00,Qwen,2,964,569,395,0.0015,100.0,0.0,0.0,0.0,1369.5,1540.05,1555.21,586.35,118.45,2,2,2,0.0,0.0,50.0,0.0,0,482.0,0.6942,0.0008,0.0008,0.0
2026-04-27 19:00:00,DeepSeek,66,44843,32726,12117,0.0538,96.9697,3.0303,0.0,1.5152,6741.5,8851.0,9814.15,7759.5,185.75,10,26,29,0.0,1.5152,27.2727,0.0,2005,679.4394,0.3703,0.0008,0.0008,16.547
2026-04-27 19:00:00,MiniMax,1,393,278,115,0.0009,100.0,0.0,0.0,0.0,1433.0,1433.0,1433.0,558.0,78.0,1,1,1,0.0,0.0,0.0,0.0,19,393.0,0.4137,0.0009,0.0009,16.5217
2026-04-27 19:00:00,Qwen,3,1582,1064,518,0.0025,100.0,0.0,0.0,0.0,1389.0,1645.5,1668.3,500.3,141.5,3,3,3,0.0,0.0,0.0,0.0,0,527.3333,0.4868,0.0008,0.0008,0.0
2026-04-27 20:00:00,DeepSeek,72,53127,38449,14678,0.0638,94.4444,5.5556,2.7778,1.3889,6596.5,10172.35,11742.02,9578.05,156.8,10,27,32,1.3889,0.0,18.0556,0.0,2154,737.875,0.3818,0.0009,0.0009,14.675
2026-04-27 20:00:00,MiniMax,3,2442,1906,536,0.0059,100.0,0.0,0.0,0.0,1760.0,2817.5,2911.5,1265.2,76.2,3,3,3,0.0,33.3333,0.0,0.0,141,814.0,0.2812,0.002,0.002,26.306
2026-04-27 20:00:00,Qwen,3,2464,1916,548,0.0039,100.0,0.0,0.0,0.0,909.0,2282.4,2404.48,520.5,138.7,3,3,3,0.0,0.0,0.0,0.0,0,821.3333,0.286,0.0013,0.0013,0.0
2026-04-27 21:00:00,DeepSeek,78,48897,33085,15812,0.0587,93.5897,6.4103,1.2821,2.5641,6555.0,8152.8,9683.64,7611.55,150.9,10,28,31,0.0,5.1282,16.6667,0.0,2725,626.8846,0.4779,0.0008,0.0008,17.2337
2026-04-27 21:00:00,MiniMax,1,271,199,72,0.0006,100.0,0.0,0.0,0.0,1131.0,1131.0,1131.0,588.0,16.0,1,1,1,0.0,0.0,0.0,0.0,7,271.0,0.3618,0.0006,0.0006,9.7222
2026-04-27 21:00:00,Qwen,1,869,635,234,0.0014,100.0,0.0,0.0,0.0,1585.0,1585.0,1585.0,449.0,104.0,1,1,1,0.0,0.0,0.0,0.0,0,869.0,0.3685,0.0014,0.0014,0.0
2026-04-27 22:00:00,DeepSeek,38,28564,20590,7974,0.0343,100.0,0.0,0.0,0.0,6551.0,8807.3,9626.49,7782.35,166.0,10,21,25,2.6316,5.2632,21.0526,0.0,1375,751.6842,0.3873,0.0009,0.0009,17.2435
2026-04-27 22:00:00,MiniMax,2,1140,940,200,0.0027,100.0,0.0,0.0,0.0,1821.0,2154.0,2183.6,1258.35,44.3,2,2,2,0.0,0.0,0.0,0.0,33,570.0,0.2128,0.0014,0.0014,16.5
2026-04-27 22:00:00,Qwen,2,1633,1289,344,0.0026,50.0,50.0,0.0,50.0,953.0,1307.6,1339.12,535.3,82.1,2,2,2,0.0,50.0,0.0,0.0,0,816.5,0.2669,0.0013,0.0026,0.0
2026-04-27 23:00:00,DeepSeek,41,30374,20710,9664,0.0364,95.122,4.878,2.439,2.439,6630.0,7784.0,8223.6,7125.0,190.0,10,21,23,0.0,2.439,21.9512,0.0,1378,740.8293,0.4666,0.0009,0.0009,14.2591
2026-04-27 23:00:00,MiniMax,3,1267,777,490,0.003,100.0,0.0,0.0,0.0,1843.0,2364.1,2410.42,550.4,32.8,2,2,3,0.0,0.0,0.0,0.0,72,422.3333,0.6306,0.001,0.001,14.6939
2026-04-28 00:00:00,DeepSeek,22,13459,7880,5579,0.0162,100.0,0.0,0.0,0.0,6525.0,8353.65,8571.03,7319.7,169.05,8,15,12,0.0,0.0,31.8182,0.0,939,611.7727,0.708,0.0007,0.0007,16.831
2026-04-28 01:00:00,DeepSeek,13,7693,5530,2163,0.0092,100.0,0.0,0.0,0.0,6060.0,8769.8,9603.56,7957.4,117.8,4,8,10,0.0,15.3846,15.3846,0.0,394,591.7692,0.3911,0.0007,0.0007,18.2154
2026-04-28 01:00:00,MiniMax,3,1768,1034,734,0.0042,100.0,0.0,0.0,0.0,1969.0,2841.1,2918.62,587.1,158.4,3,3,3,0.0,0.0,0.0,0.0,129,589.3333,0.7099,0.0014,0.0014,17.5749
2026-04-28 02:00:00,DeepSeek,24,16750,11179,5571,0.0201,95.8333,4.1667,0.0,0.0,6371.5,8582.7,9752.44,7888.7,155.6,9,18,16,0.0,4.1667,33.3333,0.0,839,697.9167,0.4983,0.0008,0.0009,15.0601
2026-04-28 02:00:00,MiniMax,1,476,352,124,0.0011,100.0,0.0,0.0,0.0,1599.0,1599.0,1599.0,545.0,29.0,1,1,1,0.0,0.0,0.0,0.0,16,476.0,0.3523,0.0011,0.0011,12.9032
2026-04-28 03:00:00,DeepSeek,10,5309,3402,1907,0.0064,100.0,0.0,0.0,0.0,6465.0,7800.35,8260.07,7222.8,157.85,7,9,8,0.0,10.0,40.0,0.0,278,530.9,0.5606,0.0006,0.0006,14.5779
2026-04-28 04:00:00,DeepSeek,22,13305,9154,4151,0.016,100.0,0.0,0.0,0.0,6441.5,9082.75,10087.26,8607.25,149.9,8,14,12,0.0,0.0,18.1818,0.0,642,604.7727,0.4535,0.0007,0.0007,15.4662
2026-04-28 04:00:00,MiniMax,1,460,299,161,0.0011,100.0,0.0,0.0,0.0,1384.0,1384.0,1384.0,725.0,58.0,1,1,1,0.0,0.0,0.0,0.0,26,460.0,0.5385,0.0011,0.0011,16.1491
2026-04-28 05:00:00,DeepSeek,29,21634,15501,6133,0.026,96.5517,3.4483,0.0,3.4483,6478.0,9375.2,10237.36,8398.2,130.2,10,19,19,0.0,6.8966,17.2414,0.0,988,746.0,0.3957,0.0009,0.0009,16.1096
2026-04-28 05:00:00,MiniMax,1,1397,1044,353,0.0034,100.0,0.0,0.0,0.0,2557.0,2557.0,2557.0,747.0,186.0,1,1,1,0.0,0.0,0.0,0.0,61,1397.0,0.3381,0.0034,0.0034,17.2805
2026-04-28 06:00:00,DeepSeek,87,57047,38949,18098,0.0685,97.7011,2.2989,0.0,1.1494,6368.0,9658.3,11127.58,8758.4,136.9,10,26,35,0.0,2.2989,19.5402,0.0,2923,655.7126,0.4647,0.0008,0.0008,16.151
2026-04-28 06:00:00,MiniMax,2,1254,894,360,0.003,100.0,0.0,0.0,0.0,1679.5,1752.85,1759.37,816.45,72.4,2,2,2,0.0,0.0,0.0,0.0,43,627.0,0.4027,0.0015,0.0015,11.9444
2026-04-28 06:00:00,Qwen,2,682,407,275,0.0011,100.0,0.0,0.0,0.0,1313.5,1367.95,1372.79,519.65,161.3,2,2,2,0.0,0.0,50.0,0.0,0,341.0,0.6757,0.0005,0.0005,0.0
2026-04-28 07:00:00,DeepSeek,86,60020,42417,17603,0.072,97.6744,2.3256,0.0,2.3256,6524.5,9776.75,10694.45,9076.5,161.75,10,28,30,0.0,3.4884,15.1163,0.0,3005,697.907,0.415,0.0008,0.0009,17.071
2026-04-28 07:00:00,MiniMax,3,2221,1467,754,0.0053,100.0,0.0,0.0,0.0,1343.0,3358.1,3537.22,580.3,102.9,3,3,3,0.0,0.0,0.0,0.0,168,740.3333,0.514,0.0018,0.0018,22.2812
2026-04-28 07:00:00,Qwen,2,893,608,285,0.0014,100.0,0.0,0.0,0.0,1462.5,1543.05,1550.21,507.9,52.95,2,2,2,0.0,0.0,0.0,0.0,0,446.5,0.4688,0.0007,0.0007,0.0
2026-04-28 08:00:00,DeepSeek,62,45085,31662,13423,0.0541,98.3871,1.6129,0.0,1.6129,6308.0,9388.35,10978.71,8955.65,162.25,9,20,26,1.6129,3.2258,17.7419,0.0,2031,727.1774,0.4239,0.0009,0.0009,15.1307
2026-04-28 08:00:00,MiniMax,1,752,468,284,0.0018,100.0,0.0,0.0,0.0,1867.0,1867.0,1867.0,568.0,18.0,1,1,1,0.0,0.0,100.0,0.0,27,752.0,0.6068,0.0018,0.0018,9.507
2026-04-28 08:00:00,Qwen,1,278,124,154,0.0004,100.0,0.0,0.0,0.0,883.0,883.0,883.0,458.0,15.0,1,1,1,0.0,0.0,0.0,0.0,0,278.0,1.2419,0.0004,0.0004,0.0
2026-04-28 09:00:00,DeepSeek,98,66264,47656,18608,0.0795,97.9592,2.0408,0.0,2.0408,6440.5,9680.75,10014.58,9481.6,146.45,10,28,33,2.0408,5.102,20.4082,0.0,3086,676.1633,0.3905,0.0008,0.0008,16.5843
2026-04-28 09:00:00,MiniMax,3,2700,1314,1386,0.0065,100.0,0.0,0.0,0.0,3110.0,4702.1,4843.62,869.4,69.4,3,3,3,33.3333,0.0,0.0,0.0,297,900.0,1.0548,0.0022,0.0022,21.4286
2026-04-28 09:00:00,Qwen,1,1118,824,294,0.0018,100.0,0.0,0.0,0.0,1432.0,1432.0,1432.0,396.0,85.0,1,1,1,0.0,0.0,100.0,0.0,0,1118.0,0.3568,0.0018,0.0018,0.0
2026-04-28 10:00:00,DeepSeek,125,83967,58883,25084,0.1008,96.0,4.0,0.8,1.6,6371.0,9084.6,10362.84,8059.0,154.8,10,27,37,1.6,4.8,16.8,0.0,4066,671.736,0.426,0.0008,0.0008,16.2095
2026-04-28 10:00:00,MiniMax,4,2265,1618,647,0.0054,100.0,0.0,0.0,0.0,1558.0,1895.8,1927.96,657.45,95.85,4,4,4,0.0,0.0,50.0,0.0,84,566.25,0.3999,0.0014,0.0014,12.983
2026-04-28 10:00:00,Qwen,3,2795,1911,884,0.0045,100.0,0.0,0.0,0.0,1879.0,1890.7,1891.74,1139.8,122.9,3,3,3,0.0,0.0,33.3333,0.0,0,931.6667,0.4626,0.0015,0.0015,0.0
2026-04-28 11:00:00,DeepSeek,137,91152,64835,26317,0.1094,97.0803,2.9197,0.0,1.4599,6438.0,9547.2,10529.28,9117.8,171.6,10,28,35,2.1898,2.1898,13.1387,0.0,4203,665.3431,0.4059,0.0008,0.0008,15.9707
2026-04-28 11:00:00,MiniMax,10,7601,4763,2838,0.0182,90.0,10.0,10.0,0.0,2044.5,4020.3,4562.46,1176.85,160.4,7,9,8,0.0,10.0,20.0,0.0,532,760.1,0.5958,0.0018,0.002,18.7456
2026-04-28 11:00:00,Qwen,4,2642,1576,1066,0.0042,100.0,0.0,0.0,0.0,1376.5,1844.55,1864.11,762.35,142.25,3,3,4,0.0,0.0,0.0,0.0,0,660.5,0.6764,0.0011,0.0011,0.0
2026-04-28 12:00:00,DeepSeek,130,98825,72438,26387,0.1186,94.6154,5.3846,0.7692,3.0769,6495.5,8085.5,9335.26,7440.5,159.55,10,30,34,1.5385,3.0769,16.9231,0.7692,4546,760.1923,0.3643,0.0009,0.001,17.2282
2026-04-28 12:00:00,MiniMax,9,6595,5251,1344,0.0158,100.0,0.0,0.0,0.0,1584.0,2073.2,2101.04,758.8,117.8,3,8,8,0.0,0.0,0.0,0.0,262,732.7778,0.256,0.0018,0.0018,19.494
2026-04-28 12:00:00,Qwen,3,2500,1632,868,0.004,100.0,0.0,0.0,0.0,1452.0,3012.6,3151.32,367.8,72.6,3,3,3,0.0,0.0,33.3333,0.0,0,833.3333,0.5319,0.0013,0.0013,0.0
2026-04-28 13:00:00,DeepSeek,114,80214,58062,22152,0.0962,96.4912,3.5088,0.8772,0.8772,6417.0,9819.35,11042.22,9334.35,150.4,10,27,36,0.0,7.0175,11.4035,0.8772,3451,703.6316,0.3815,0.0008,0.0009,15.5787
2026-04-28 13:00:00,MiniMax,5,2945,1733,1212,0.0071,100.0,0.0,0.0,0.0,2439.0,2951.4,3024.68,765.2,235.0,4,5,4,0.0,0.0,0.0,0.0,265,589.0,0.6994,0.0014,0.0014,21.8647
2026-04-28 13:00:00,Qwen,2,1604,801,803,0.0026,100.0,0.0,0.0,0.0,2292.0,2904.9,2959.38,507.3,100.35,2,2,2,0.0,0.0,0.0,0.0,0,802.0,1.0025,0.0013,0.0013,0.0
2026-04-28 14:00:00,DeepSeek,127,88644,63928,24716,0.1064,97.6378,2.3622,0.0,1.5748,6407.0,8159.9,9588.44,7431.1,129.6,10,27,34,1.5748,6.2992,18.1102,0.0,4018,697.9843,0.3866,0.0008,0.0009,16.2567
2026-04-28 14:00:00,MiniMax,6,4116,2657,1459,0.0099,100.0,0.0,0.0,0.0,2004.5,2409.5,2415.5,802.25,124.25,5,6,5,0.0,16.6667,0.0,0.0,280,686.0,0.5491,0.0016,0.0016,19.1912
2026-04-28 14:00:00,Qwen,3,1929,1356,573,0.0031,66.6667,33.3333,0.0,0.0,1465.0,1780.0,1808.0,1265.1,103.7,3,3,3,0.0,33.3333,33.3333,0.0,0,643.0,0.4226,0.001,0.0015,0.0
2026-04-28 15:00:00,DeepSeek,118,85046,58834,26212,0.1021,95.7627,4.2373,1.6949,0.8475,6522.0,8765.85,9536.04,7728.2,156.15,10,27,35,0.8475,5.0847,16.9492,0.0,4240,720.7288,0.4455,0.0009,0.0009,16.1758
2026-04-28 15:00:00,MiniMax,5,3879,2752,1127,0.0093,100.0,0.0,0.0,0.0,1801.0,2114.2,2142.84,763.4,114.8,4,5,5,0.0,0.0,0.0,20.0,208,775.8,0.4095,0.0019,0.0019,18.4561
2026-04-28 15:00:00,Qwen,1,868,646,222,0.0014,100.0,0.0,0.0,0.0,1336.0,1336.0,1336.0,476.0,61.0,1,1,1,0.0,0.0,0.0,0.0,0,868.0,0.3437,0.0014,0.0014,0.0
2026-04-28 16:00:00,DeepSeek,112,82820,59630,23190,0.0994,98.2143,1.7857,0.0,0.8929,6523.0,7960.35,9485.58,7381.35,163.0,10,28,35,1.7857,2.6786,19.6429,0.0,3985,739.4643,0.3889,0.0009,0.0009,17.1841
2026-04-28 16:00:00,MiniMax,10,8203,6042,2161,0.0197,80.0,20.0,10.0,10.0,2086.0,3362.7,3979.74,834.8,169.65,6,7,8,0.0,0.0,20.0,0.0,240,820.3,0.3577,0.002,0.0025,11.106
2026-04-28 16:00:00,Qwen,1,814,716,98,0.0013,100.0,0.0,0.0,0.0,1590.0,1590.0,1590.0,1240.0,26.0,1,1,1,0.0,0.0,0.0,0.0,0,814.0,0.1369,0.0013,0.0013,0.0
2026-04-28 17:00:00,DeepSeek,124,88965,62969,25996,0.1068,94.3548,5.6452,0.8065,2.4194,6413.0,8935.4,9916.4,8174.05,157.25,10,26,37,0.0,4.0323,20.9677,0.0,4151,717.4597,0.4128,0.0009,0.0009,15.9678
2026-04-28 17:00:00,MiniMax,6,3338,2330,1008,0.008,83.3333,16.6667,16.6667,0.0,1934.5,2849.75,2967.55,1207.0,127.0,5,5,5,0.0,16.6667,83.3333,0.0,187,556.3333,0.4326,0.0013,0.0016,18.5516
2026-04-28 17:00:00,Qwen,2,1247,736,511,0.002,100.0,0.0,0.0,0.0,1472.0,1679.9,1698.38,390.75,50.45,2,2,2,0.0,0.0,0.0,0.0,0,623.5,0.6943,0.001,0.001,0.0
2026-04-28 18:00:00,DeepSeek,72,49624,33063,16561,0.0596,94.4444,5.5556,0.0,2.7778,6636.0,10179.95,11241.79,9193.5,140.9,10,27,27,0.0,1.3889,15.2778,0.0,2708,689.2222,0.5009,0.0008,0.0009,16.3517
2026-04-28 18:00:00,MiniMax,2,2787,2052,735,0.0067,50.0,50.0,0.0,0.0,2439.0,2601.0,2615.4,660.25,113.45,2,2,2,0.0,0.0,0.0,0.0,96,1393.5,0.3582,0.0033,0.0067,13.0612
2026-04-28 18:00:00,Qwen,1,508,350,158,0.0008,100.0,0.0,0.0,0.0,1054.0,1054.0,1054.0,542.0,151.0,1,1,1,0.0,0.0,0.0,0.0,0,508.0,0.4514,0.0008,0.0008,0.0
2026-04-28 19:00:00,DeepSeek,80,53635,36114,17521,0.0644,97.5,2.5,1.25,1.25,6562.5,8802.7,10230.76,8507.2,222.25,10,26,35,0.0,1.25,17.5,0.0,2903,670.4375,0.4852,0.0008,0.0008,16.5687
2026-04-28 19:00:00,MiniMax,1,396,155,241,0.001,100.0,0.0,0.0,0.0,2505.0,2505.0,2505.0,880.0,109.0,1,1,1,0.0,0.0,100.0,0.0,59,396.0,1.5548,0.001,0.001,24.4813
2026-04-28 19:00:00,Qwen,2,1318,886,432,0.0021,100.0,0.0,0.0,0.0,1171.5,1402.35,1422.87,514.0,172.5,2,2,2,0.0,0.0,50.0,0.0,0,659.0,0.4876,0.0011,0.0011,0.0
2026-04-28 20:00:00,DeepSeek,69,45366,31747,13619,0.0544,95.6522,4.3478,1.4493,1.4493,6340.0,7431.2,8542.6,7050.8,145.4,10,22,30,0.0,2.8986,10.1449,0.0,2222,657.4783,0.429,0.0008,0.0008,16.3154
2026-04-28 20:00:00,MiniMax,2,2481,2048,433,0.006,100.0,0.0,0.0,0.0,2391.5,3124.55,3189.71,655.65,111.35,2,2,2,0.0,0.0,50.0,0.0,87,1240.5,0.2114,0.003,0.003,20.0924
2026-04-28 20:00:00,Qwen,1,831,516,315,0.0013,100.0,0.0,0.0,0.0,1353.0,1353.0,1353.0,355.0,53.0,1,1,1,0.0,0.0,0.0,0.0,0,831.0,0.6105,0.0013,0.0013,0.0
2026-04-28 21:00:00,DeepSeek,78,54582,37630,16952,0.0655,94.8718,5.1282,0.0,2.5641,6466.5,9887.55,10697.43,8919.55,143.5,10,28,36,0.0,1.2821,15.3846,0.0,3034,699.7692,0.4505,0.0008,0.0009,17.8976
2026-04-28 21:00:00,Qwen,2,1525,1026,499,0.0024,100.0,0.0,0.0,0.0,1190.5,1265.65,1272.33,470.75,29.4,1,1,2,0.0,0.0,0.0,0.0,0,762.5,0.4864,0.0012,0.0012,0.0
2026-04-28 22:00:00,DeepSeek,30,21260,14897,6363,0.0255,96.6667,3.3333,0.0,3.3333,6583.5,9158.5,9849.51,8309.45,156.3,8,20,16,0.0,13.3333,20.0,0.0,1092,708.6667,0.4271,0.0009,0.0009,17.1617
2026-04-28 22:00:00,MiniMax,4,3758,3113,645,0.009,100.0,0.0,0.0,0.0,1526.0,2006.55,2021.31,926.05,171.1,3,4,4,0.0,0.0,25.0,0.0,71,939.5,0.2072,0.0023,0.0023,11.0078
2026-04-28 23:00:00,DeepSeek,46,31134,21154,9980,0.0374,95.6522,4.3478,0.0,4.3478,6347.5,10354.0,11164.25,9567.25,101.0,9,20,24,0.0,4.3478,23.913,0.0,1538,676.8261,0.4718,0.0008,0.0008,15.4108
2026-04-28 23:00:00,MiniMax,1,493,380,113,0.0012,0.0,100.0,0.0,0.0,1187.0,1187.0,1187.0,552.0,51.0,1,1,1,0.0,0.0,0.0,0.0,24,493.0,0.2974,0.0012,,21.2389
2026-04-29 00:00:00,DeepSeek,27,22886,17415,5471,0.0275,92.5926,7.4074,7.4074,0.0,6294.0,8054.3,9639.14,7568.3,173.8,10,18,19,0.0,3.7037,14.8148,0.0,965,847.6296,0.3142,0.001,0.0011,17.6385
2026-04-29 01:00:00,DeepSeek,27,18670,12465,6205,0.0224,96.2963,3.7037,3.7037,0.0,6614.0,9950.4,10094.14,9076.2,124.5,10,22,20,0.0,0.0,22.2222,0.0,1026,691.4815,0.4978,0.0008,0.0009,16.5351
2026-04-29 01:00:00,Qwen,2,1328,1038,290,0.0021,50.0,50.0,0.0,0.0,1067.0,1396.4,1425.68,480.55,95.15,2,2,2,0.0,50.0,50.0,0.0,0,664.0,0.2794,0.0011,0.0021,0.0
2026-04-29 02:00:00,DeepSeek,18,11845,8201,3644,0.0142,94.4444,5.5556,0.0,0.0,6553.0,8510.85,9462.17,7905.15,157.15,8,13,14,0.0,0.0,22.2222,0.0,630,658.0556,0.4443,0.0008,0.0008,17.2887
2026-04-29 02:00:00,Qwen,1,718,473,245,0.0011,100.0,0.0,0.0,0.0,1877.0,1877.0,1877.0,429.0,93.0,1,1,1,0.0,0.0,0.0,0.0,0,718.0,0.518,0.0011,0.0011,0.0
2026-04-29 03:00:00,DeepSeek,17,12496,8412,4084,0.015,94.1176,5.8824,0.0,5.8824,6563.0,8171.0,9694.2,7779.8,82.0,7,13,16,0.0,5.8824,23.5294,0.0,697,735.0588,0.4855,0.0009,0.0009,17.0666
2026-04-29 03:00:00,MiniMax,1,451,303,148,0.0011,100.0,0.0,0.0,0.0,1600.0,1600.0,1600.0,561.0,7.0,1,1,1,0.0,0.0,0.0,0.0,15,451.0,0.4884,0.0011,0.0011,10.1351
2026-04-29 03:00:00,Qwen,3,2232,1341,891,0.0036,100.0,0.0,0.0,0.0,1325.0,1964.0,2020.8,597.9,97.2,3,3,3,33.3333,0.0,0.0,0.0,0,744.0,0.6644,0.0012,0.0012,0.0
2026-04-29 04:00:00,DeepSeek,31,24673,18050,6623,0.0296,100.0,0.0,0.0,0.0,6480.0,7860.0,9482.0,7223.0,164.5,9,20,15,0.0,6.4516,16.129,0.0,1137,795.9032,0.3669,0.001,0.001,17.1674
2026-04-29 04:00:00,MiniMax,2,1344,924,420,0.0032,100.0,0.0,0.0,0.0,2192.5,2463.85,2487.97,795.8,202.0,2,2,2,0.0,0.0,0.0,0.0,75,672.0,0.4545,0.0016,0.0016,17.8571
2026-04-29 04:00:00,Qwen,2,950,478,472,0.0015,100.0,0.0,0.0,0.0,1066.5,1249.65,1265.93,437.6,115.45,2,2,2,0.0,0.0,0.0,0.0,0,475.0,0.9874,0.0008,0.0008,0.0
2026-04-29 05:00:00,DeepSeek,33,21676,15609,6067,0.026,96.9697,3.0303,0.0,3.0303,6395.0,8737.6,9586.68,7984.0,183.4,9,18,19,0.0,3.0303,12.1212,0.0,1139,656.8485,0.3887,0.0008,0.0008,18.7737
2026-04-29 05:00:00,MiniMax,1,654,555,99,0.0016,100.0,0.0,0.0,0.0,2098.0,2098.0,2098.0,1060.0,43.0,1,1,1,0.0,0.0,0.0,0.0,22,654.0,0.1784,0.0016,0.0016,22.2222
2026-04-29 06:00:00,DeepSeek,77,47339,33342,13997,0.0568,94.8052,5.1948,1.2987,1.2987,6282.0,8083.0,9401.76,7201.0,161.2,10,26,34,1.2987,6.4935,16.8831,0.0,2189,614.7922,0.4198,0.0007,0.0008,15.6391
2026-04-29 06:00:00,MiniMax,2,1177,868,309,0.0028,50.0,50.0,50.0,0.0,1531.5,1930.65,1966.13,671.75,119.25,2,2,2,0.0,0.0,0.0,0.0,20,588.5,0.356,0.0014,0.0028,6.4725
2026-04-29 06:00:00,Qwen,1,870,688,182,0.0014,100.0,0.0,0.0,0.0,1197.0,1197.0,1197.0,468.0,108.0,1,1,1,0.0,0.0,0.0,0.0,0,870.0,0.2645,0.0014,0.0014,0.0
2026-04-29 07:00:00,DeepSeek,75,50114,34734,15380,0.0601,94.6667,5.3333,0.0,4.0,6397.0,8436.7,9991.46,8093.8,166.7,10,26,30,0.0,4.0,12.0,0.0,2231,668.1867,0.4428,0.0008,0.0008,14.5059
2026-04-29 07:00:00,MiniMax,4,2824,1959,865,0.0068,100.0,0.0,0.0,0.0,1939.5,2608.65,2686.53,817.1,158.0,4,4,4,0.0,25.0,0.0,0.0,120,706.0,0.4416,0.0017,0.0017,13.8728
2026-04-29 07:00:00,Qwen,3,1480,1011,469,0.0024,100.0,0.0,0.0,0.0,1271.0,1638.2,1670.84,1184.7,104.8,3,3,3,0.0,0.0,33.3333,0.0,0,493.3333,0.4639,0.0008,0.0008,0.0
2026-04-29 08:00:00,DeepSeek,71,50029,34719,15310,0.06,95.7746,4.2254,0.0,2.8169,6397.0,8034.5,9508.1,7230.0,212.5,9,27,31,1.4085,1.4085,12.6761,0.0,2275,704.6338,0.441,0.0008,0.0009,14.8596
2026-04-29 08:00:00,MiniMax,1,777,264,513,0.0019,100.0,0.0,0.0,0.0,3450.0,3450.0,3450.0,578.0,27.0,1,1,1,0.0,0.0,0.0,0.0,25,777.0,1.9432,0.0019,0.0019,4.8733
2026-04-29 08:00:00,Qwen,3,1773,1357,416,0.0028,100.0,0.0,0.0,0.0,1089.0,1123.2,1126.24,442.0,158.3,3,3,3,0.0,0.0,0.0,0.0,0,591.0,0.3066,0.0009,0.0009,0.0
2026-04-29 09:00:00,DeepSeek,124,85027,60581,24446,0.102,100.0,0.0,0.0,0.0,6323.5,9275.5,10179.35,9080.5,176.25,10,30,44,0.0,3.2258,14.5161,0.0,3970,685.7016,0.4035,0.0008,0.0008,16.2399
2026-04-29 09:00:00,MiniMax,10,6274,4331,1943,0.0151,100.0,0.0,0.0,0.0,1690.0,2505.25,2561.05,952.8,208.35,6,9,7,0.0,0.0,40.0,0.0,338,627.4,0.4486,0.0015,0.0015,17.3958
2026-04-29 09:00:00,Qwen,6,2976,1865,1111,0.0048,83.3333,16.6667,16.6667,0.0,1144.0,2208.0,2426.4,727.0,211.0,4,5,6,0.0,16.6667,50.0,0.0,0,496.0,0.5957,0.0008,0.001,0.0
2026-04-29 10:00:00,DeepSeek,118,81260,58859,22401,0.0975,96.6102,3.3898,1.6949,1.6949,6375.0,9250.7,10846.29,9152.7,144.75,10,29,36,2.5424,2.5424,15.2542,0.0,3660,688.6441,0.3806,0.0008,0.0009,16.3386
2026-04-29 10:00:00,MiniMax,7,5979,4605,1374,0.0143,100.0,0.0,0.0,0.0,1704.0,2543.0,2768.6,1064.4,45.8,6,7,7,0.0,14.2857,14.2857,0.0,185,854.1429,0.2984,0.002,0.002,13.4643
2026-04-29 10:00:00,Qwen,4,2087,1516,571,0.0033,100.0,0.0,0.0,0.0,1087.0,1274.7,1286.94,1020.15,72.75,4,4,4,0.0,0.0,0.0,25.0,0,521.75,0.3766,0.0008,0.0008,0.0
2026-04-29 11:00:00,DeepSeek,113,78643,56822,21821,0.0944,94.6903,5.3097,1.7699,2.6549,6468.0,7723.6,10299.24,7319.8,148.8,10,30,35,2.6549,8.8496,16.8142,0.0,3303,695.9558,0.384,0.0008,0.0009,15.1368
2026-04-29 11:00:00,MiniMax,6,3142,2095,1047,0.0075,100.0,0.0,0.0,0.0,1517.5,1988.0,2108.0,702.5,110.0,3,4,6,0.0,16.6667,0.0,16.6667,234,523.6667,0.4998,0.0013,0.0013,22.3496
2026-04-29 11:00:00,Qwen,4,4059,3427,632,0.0065,75.0,25.0,0.0,25.0,1177.0,2040.45,2160.09,456.45,85.1,3,3,4,0.0,0.0,0.0,0.0,0,1014.75,0.1844,0.0016,0.0022,0.0
2026-04-29 12:00:00,DeepSeek,125,89449,61560,27889,0.1073,95.2,4.8,0.8,0.8,6364.0,8628.2,9974.84,8259.4,165.0,10,29,39,0.0,4.8,16.8,0.0,4438,715.592,0.453,0.0009,0.0009,15.9131
2026-04-29 12:00:00,MiniMax,5,2105,1151,954,0.0051,100.0,0.0,0.0,0.0,2245.0,2464.4,2497.68,861.4,129.0,5,5,5,0.0,0.0,0.0,0.0,192,421.0,0.8288,0.001,0.001,20.1258
2026-04-29 12:00:00,Qwen,3,1865,1177,688,0.003,66.6667,33.3333,33.3333,0.0,1466.0,1826.9,1858.98,497.4,185.1,3,3,3,0.0,33.3333,0.0,0.0,0,621.6667,0.5845,0.001,0.0015,0.0
2026-04-29 13:00:00,DeepSeek,134,89713,60751,28962,0.1077,97.7612,2.2388,1.4925,0.7463,6395.5,9007.6,9917.82,8341.25,151.0,10,27,37,2.2388,4.4776,17.9104,0.0,4732,669.5,0.4767,0.0008,0.0008,16.3387
2026-04-29 13:00:00,MiniMax,3,1560,726,834,0.0037,100.0,0.0,0.0,0.0,2241.0,2457.9,2477.18,833.6,45.9,2,2,2,0.0,0.0,0.0,0.0,197,520.0,1.1488,0.0012,0.0012,23.6211
2026-04-29 13:00:00,Qwen,2,1556,984,572,0.0025,100.0,0.0,0.0,0.0,1691.0,2139.2,2179.04,433.55,29.75,2,2,2,0.0,50.0,0.0,0.0,0,778.0,0.5813,0.0012,0.0012,0.0
2026-04-29 14:00:00,DeepSeek,106,74054,53082,20972,0.0889,92.4528,7.5472,1.8868,3.7736,6545.5,9313.0,10537.55,9260.5,160.75,10,27,38,0.9434,4.717,17.9245,0.0,3526,698.6226,0.3951,0.0008,0.0009,16.8129
2026-04-29 14:00:00,MiniMax,6,3755,1780,1975,0.009,100.0,0.0,0.0,0.0,2413.0,3032.25,3095.25,890.25,150.75,4,4,5,0.0,0.0,50.0,0.0,226,625.8333,1.1096,0.0015,0.0015,11.443
2026-04-29 15:00:00,DeepSeek,146,96235,67502,28733,0.1155,93.8356,6.1644,1.3699,2.0548,6365.0,9610.5,10594.2,8968.25,149.25,10,30,35,0.6849,4.7945,22.6027,0.0,4568,659.1438,0.4257,0.0008,0.0008,15.8981
2026-04-29 15:00:00,MiniMax,3,2716,1866,850,0.0065,66.6667,33.3333,0.0,33.3333,2894.0,2958.8,2964.56,725.1,140.0,3,3,3,0.0,0.0,33.3333,0.0,90,905.3333,0.4555,0.0022,0.0033,10.5882
2026-04-29 15:00:00,Qwen,4,2286,1554,732,0.0037,100.0,0.0,0.0,0.0,1304.0,1776.0,1819.2,509.55,50.9,4,4,4,0.0,0.0,25.0,0.0,0,571.5,0.471,0.0009,0.0009,0.0
2026-04-29 16:00:00,DeepSeek,114,76180,51211,24969,0.0914,93.8596,6.1404,0.0,1.7544,6474.0,8686.5,10159.54,8281.3,144.05,10,29,40,0.0,1.7544,21.0526,0.0,3652,668.2456,0.4876,0.0008,0.0009,14.6261
2026-04-29 16:00:00,MiniMax,2,638,409,229,0.0015,100.0,0.0,0.0,0.0,1254.0,1517.7,1541.14,699.4,122.05,2,2,2,0.0,0.0,0.0,0.0,52,319.0,0.5599,0.0008,0.0008,22.7074
2026-04-29 16:00:00,Qwen,2,1192,868,324,0.0019,100.0,0.0,0.0,0.0,1051.5,1220.25,1235.25,542.95,111.55,2,2,2,0.0,0.0,0.0,0.0,0,596.0,0.3733,0.001,0.001,0.0
2026-04-29 17:00:00,DeepSeek,131,95777,68997,26780,0.1149,95.4198,4.5802,0.0,3.0534,6473.0,8898.0,9924.8,7667.5,170.5,10,28,36,0.0,3.0534,13.7405,0.0,4258,731.1221,0.3881,0.0009,0.0009,15.8999
2026-04-29 17:00:00,MiniMax,7,4031,2827,1204,0.0097,100.0,0.0,0.0,0.0,1502.0,3102.1,3513.22,849.2,145.3,4,5,6,0.0,0.0,28.5714,0.0,280,575.8571,0.4259,0.0014,0.0014,23.2558
2026-04-29 17:00:00,Qwen,3,2788,2155,633,0.0045,100.0,0.0,0.0,0.0,903.0,1789.5,1868.3,497.2,33.9,3,3,3,0.0,0.0,33.3333,0.0,0,929.3333,0.2937,0.0015,0.0015,0.0
2026-04-29 18:00:00,DeepSeek,77,53146,38328,14818,0.0638,88.3117,11.6883,1.2987,6.4935,6563.0,8373.8,10163.04,7487.2,128.6,10,26,28,3.8961,6.4935,15.5844,0.0,2420,690.2078,0.3866,0.0008,0.0009,16.3315
2026-04-29 18:00:00,MiniMax,4,4110,3474,636,0.0099,100.0,0.0,0.0,0.0,1358.0,2424.95,2572.19,1164.45,91.1,3,4,4,0.0,0.0,25.0,0.0,91,1027.5,0.1831,0.0025,0.0025,14.3082
2026-04-29 18:00:00,Qwen,3,2691,1653,1038,0.0043,66.6667,33.3333,0.0,0.0,1653.0,1909.5,1932.3,731.9,51.5,3,3,3,0.0,0.0,0.0,0.0,0,897.0,0.6279,0.0014,0.0022,0.0
2026-04-29 19:00:00,DeepSeek,72,46347,32062,14285,0.0556,97.2222,2.7778,0.0,2.7778,6549.5,10040.9,10456.32,9368.8,131.35,10,24,30,1.3889,5.5556,15.2778,0.0,2276,643.7083,0.4455,0.0008,0.0008,15.9328
2026-04-29 19:00:00,MiniMax,2,1319,752,567,0.0032,100.0,0.0,0.0,0.0,2116.0,2118.7,2118.94,739.7,200.85,2,2,2,0.0,0.0,0.0,0.0,91,659.5,0.754,0.0016,0.0016,16.0494
2026-04-29 19:00:00,Qwen,1,604,138,466,0.001,100.0,0.0,0.0,0.0,2615.0,2615.0,2615.0,511.0,117.0,1,1,1,0.0,0.0,0.0,0.0,0,604.0,3.3768,0.001,0.001,0.0
2026-04-29 20:00:00,DeepSeek,67,49891,33928,15963,0.0599,97.0149,2.9851,0.0,1.4925,6586.0,9277.5,10181.88,8940.6,167.0,10,26,28,1.4925,1.4925,13.4328,0.0,2874,744.6418,0.4705,0.0009,0.0009,18.0041
2026-04-29 20:00:00,MiniMax,4,3027,2120,907,0.0073,75.0,25.0,0.0,0.0,2467.0,2821.25,2826.65,1188.2,71.85,4,4,4,0.0,0.0,25.0,0.0,178,756.75,0.4278,0.0018,0.0024,19.6251
2026-04-29 21:00:00,DeepSeek,69,45892,33326,12566,0.0551,97.1014,2.8986,1.4493,1.4493,6357.0,9623.0,10379.8,8997.8,166.4,10,24,30,1.4493,0.0,10.1449,0.0,1723,665.1014,0.3771,0.0008,0.0008,13.7116
2026-04-29 21:00:00,MiniMax,2,1373,1087,286,0.0033,100.0,0.0,0.0,0.0,1460.5,1745.35,1770.67,863.55,45.8,2,2,2,0.0,0.0,50.0,0.0,47,686.5,0.2631,0.0016,0.0016,16.4336
2026-04-29 21:00:00,Qwen,1,718,295,423,0.0011,100.0,0.0,0.0,0.0,2185.0,2185.0,2185.0,502.0,81.0,1,1,1,0.0,0.0,100.0,0.0,0,718.0,1.4339,0.0011,0.0011,0.0
2026-04-29 22:00:00,DeepSeek,37,23474,16275,7199,0.0282,97.2973,2.7027,0.0,0.0,6442.0,7317.6,9669.12,7103.8,156.0,8,18,17,2.7027,5.4054,24.3243,0.0,1155,634.4324,0.4423,0.0008,0.0008,16.0439
2026-04-29 22:00:00,MiniMax,2,1124,893,231,0.0027,100.0,0.0,0.0,0.0,1570.0,1592.5,1594.5,656.05,103.85,2,2,2,0.0,0.0,0.0,0.0,42,562.0,0.2587,0.0013,0.0013,18.1818
2026-04-29 22:00:00,Qwen,3,3684,3133,551,0.0059,66.6667,33.3333,33.3333,0.0,1519.0,2013.1,2057.02,505.8,149.2,3,3,3,0.0,0.0,0.0,0.0,0,1228.0,0.1759,0.002,0.0029,0.0
2026-04-29 23:00:00,DeepSeek,47,40720,29073,11647,0.0489,97.8723,2.1277,2.1277,0.0,6451.0,8527.4,10347.64,7912.3,190.1,10,24,26,2.1277,8.5106,19.1489,0.0,1512,866.383,0.4006,0.001,0.0011,12.9819
2026-04-29 23:00:00,MiniMax,2,1544,692,852,0.0037,100.0,0.0,0.0,0.0,1952.5,3063.55,3162.31,509.05,53.6,2,2,2,0.0,0.0,0.0,0.0,213,772.0,1.2312,0.0019,0.0019,25.0
2026-04-30 00:00:00,DeepSeek,18,13019,9454,3565,0.0156,94.4444,5.5556,0.0,0.0,6182.0,8283.8,9107.96,7964.8,104.0,10,13,16,0.0,0.0,16.6667,0.0,654,723.2778,0.3771,0.0009,0.0009,18.345
2026-04-30 00:00:00,MiniMax,3,2058,1597,461,0.0049,100.0,0.0,0.0,0.0,1351.0,1729.0,1762.6,648.8,113.0,2,2,3,0.0,33.3333,33.3333,0.0,72,686.0,0.2887,0.0016,0.0016,15.6182
2026-04-30 01:00:00,DeepSeek,25,19045,14204,4841,0.0229,92.0,8.0,0.0,4.0,6330.0,8947.2,9665.4,8731.6,198.4,8,15,15,0.0,4.0,8.0,0.0,744,761.8,0.3408,0.0009,0.001,15.3687
2026-04-30 01:00:00,MiniMax,1,485,360,125,0.0012,100.0,0.0,0.0,0.0,1797.0,1797.0,1797.0,1211.0,17.0,1,1,1,0.0,0.0,0.0,0.0,22,485.0,0.3472,0.0012,0.0012,17.6
2026-04-30 01:00:00,Qwen,1,738,365,373,0.0012,100.0,0.0,0.0,0.0,1692.0,1692.0,1692.0,457.0,26.0,1,1,1,0.0,0.0,0.0,0.0,0,738.0,1.0219,0.0012,0.0012,0.0
2026-04-30 02:00:00,DeepSeek,23,15592,10713,4879,0.0187,91.3043,8.6957,4.3478,0.0,6378.0,7866.3,9761.24,6937.6,167.4,9,18,15,4.3478,4.3478,21.7391,0.0,705,677.913,0.4554,0.0008,0.0009,14.4497
2026-04-30 02:00:00,MiniMax,1,1044,922,122,0.0025,100.0,0.0,0.0,0.0,1378.0,1378.0,1378.0,549.0,66.0,1,1,1,0.0,0.0,0.0,0.0,32,1044.0,0.1323,0.0025,0.0025,26.2295
2026-04-30 03:00:00,DeepSeek,33,22453,15953,6500,0.0269,96.9697,3.0303,3.0303,0.0,6366.0,8618.2,9506.92,8334.0,163.4,10,18,22,0.0,0.0,12.1212,0.0,1109,680.3939,0.4074,0.0008,0.0008,17.0615
2026-04-30 03:00:00,MiniMax,1,462,368,94,0.0011,100.0,0.0,0.0,0.0,853.0,853.0,853.0,632.0,12.0,1,1,1,0.0,0.0,0.0,0.0,8,462.0,0.2554,0.0011,0.0011,8.5106
2026-04-30 04:00:00,DeepSeek,19,11725,8498,3227,0.0141,100.0,0.0,0.0,0.0,6348.0,7346.1,7627.62,6925.5,157.2,7,12,10,0.0,5.2632,26.3158,0.0,556,617.1053,0.3797,0.0007,0.0007,17.2296
2026-04-30 04:00:00,MiniMax,2,927,709,218,0.0022,100.0,0.0,0.0,0.0,1615.5,1835.55,1855.11,755.15,158.3,2,2,2,0.0,0.0,0.0,0.0,40,463.5,0.3075,0.0011,0.0011,18.3486
2026-04-30 05:00:00,DeepSeek,19,12998,9453,3545,0.0156,78.9474,21.0526,5.2632,10.5263,6475.0,8152.6,9064.12,7672.8,97.9,9,12,13,0.0,10.5263,26.3158,0.0,658,684.1053,0.375,0.0008,0.001,18.5614
2026-04-30 05:00:00,MiniMax,1,479,312,167,0.0012,100.0,0.0,0.0,0.0,1996.0,1996.0,1996.0,810.0,51.0,1,1,1,0.0,0.0,0.0,0.0,35,479.0,0.5353,0.0012,0.0012,20.9581
2026-04-30 05:00:00,Qwen,1,1158,757,401,0.0019,100.0,0.0,0.0,0.0,1628.0,1628.0,1628.0,335.0,13.0,1,1,1,0.0,0.0,0.0,0.0,0,1158.0,0.5297,0.0019,0.0019,0.0
2026-04-30 06:00:00,DeepSeek,55,34380,23362,11018,0.0413,96.3636,3.6364,0.0,3.6364,6422.0,8496.7,8935.98,7499.1,112.6,8,19,21,0.0,1.8182,16.3636,0.0,1681,625.0909,0.4716,0.0008,0.0008,15.2569
2026-04-30 06:00:00,MiniMax,1,720,515,205,0.0017,100.0,0.0,0.0,0.0,1476.0,1476.0,1476.0,503.0,45.0,1,1,1,0.0,0.0,0.0,0.0,27,720.0,0.3981,0.0017,0.0017,13.1707
2026-04-30 06:00:00,Qwen,2,1143,692,451,0.0018,50.0,50.0,0.0,0.0,1920.0,2198.1,2222.82,1204.2,64.45,2,2,2,0.0,50.0,0.0,0.0,0,571.5,0.6517,0.0009,0.0018,0.0
2026-04-30 07:00:00,DeepSeek,64,41009,27459,13550,0.0492,96.875,3.125,0.0,3.125,6472.5,9424.5,9885.46,8972.6,158.5,10,24,28,1.5625,6.25,26.5625,0.0,2096,640.7656,0.4935,0.0008,0.0008,15.4686
2026-04-30 07:00:00,MiniMax,4,2905,2353,552,0.007,100.0,0.0,0.0,0.0,1528.5,1752.25,1755.25,793.6,37.95,4,4,4,0.0,0.0,75.0,0.0,70,726.25,0.2346,0.0017,0.0017,12.6812
2026-04-30 07:00:00,Qwen,4,2609,1765,844,0.0042,100.0,0.0,0.0,0.0,1400.0,1629.7,1653.94,1160.05,40.85,3,4,4,0.0,0.0,25.0,0.0,0,652.25,0.4782,0.001,0.001,0.0
2026-04-30 08:00:00,DeepSeek,64,41615,27315,14300,0.0499,90.625,9.375,1.5625,6.25,6329.0,8049.45,10634.25,7532.05,165.8,10,27,31,0.0,1.5625,12.5,0.0,2585,650.2344,0.5235,0.0008,0.0009,18.0769
2026-04-30 08:00:00,MiniMax,2,1002,421,581,0.0024,100.0,0.0,0.0,0.0,2390.5,2761.75,2794.75,747.5,77.2,1,2,2,0.0,0.0,0.0,50.0,61,501.0,1.38,0.0012,0.0012,10.4991
2026-04-30 08:00:00,Qwen,2,2350,1587,763,0.0038,100.0,0.0,0.0,0.0,1682.5,2165.35,2208.27,438.35,83.15,2,2,2,0.0,0.0,0.0,0.0,0,1175.0,0.4808,0.0019,0.0019,0.0
2026-04-30 09:00:00,DeepSeek,124,85775,60676,25099,0.1029,95.1613,4.8387,1.6129,0.8065,6449.0,8596.45,10434.56,8298.4,175.8,10,29,38,0.8065,4.0323,20.9677,0.0,3888,691.7339,0.4137,0.0008,0.0009,15.4907
2026-04-30 09:00:00,MiniMax,5,3691,2974,717,0.0089,100.0,0.0,0.0,0.0,1487.0,2762.6,3002.12,779.0,78.6,5,5,5,0.0,20.0,20.0,0.0,117,738.2,0.2411,0.0018,0.0018,16.318
2026-04-30 09:00:00,Qwen,3,2244,1603,641,0.0036,100.0,0.0,0.0,0.0,1411.0,2146.3,2211.66,1226.4,60.1,2,3,3,0.0,0.0,0.0,0.0,0,748.0,0.3999,0.0012,0.0012,0.0
2026-04-30 10:00:00,DeepSeek,114,75097,50587,24510,0.0901,92.9825,7.0175,1.7544,1.7544,6478.0,8877.5,10035.07,8309.7,145.5,10,29,40,1.7544,8.7719,21.0526,0.0,3939,658.7456,0.4845,0.0008,0.0009,16.071
2026-04-30 10:00:00,MiniMax,4,2640,1860,780,0.0063,75.0,25.0,0.0,0.0,1881.5,2481.45,2497.89,780.35,73.3,4,4,4,0.0,0.0,25.0,0.0,170,660.0,0.4194,0.0016,0.0021,21.7949
2026-04-30 10:00:00,Qwen,6,3363,2059,1304,0.0054,100.0,0.0,0.0,0.0,1605.0,2171.0,2269.4,1058.5,62.25,5,6,6,0.0,0.0,50.0,0.0,0,560.5,0.6333,0.0009,0.0009,0.0
2026-04-30 11:00:00,DeepSeek,94,67870,50711,17159,0.0814,98.9362,1.0638,1.0638,0.0,6399.0,9013.6,10001.63,8156.9,156.2,10,27,32,1.0638,0.0,15.9574,0.0,2696,722.0213,0.3384,0.0009,0.0009,15.7119
2026-04-30 11:00:00,MiniMax,5,3910,2751,1159,0.0094,100.0,0.0,0.0,0.0,1697.0,2470.8,2570.96,634.4,78.6,3,5,4,0.0,20.0,20.0,0.0,229,782.0,0.4213,0.0019,0.0019,19.7584
2026-04-30 11:00:00,Qwen,2,1527,1138,389,0.0024,100.0,0.0,0.0,0.0,1194.0,1376.7,1392.94,641.5,34.0,1,2,2,0.0,0.0,50.0,0.0,0,763.5,0.3418,0.0012,0.0012,0.0
2026-04-30 12:00:00,DeepSeek,102,67255,47858,19397,0.0807,94.1176,5.8824,2.9412,2.9412,6379.5,8883.95,9559.27,8358.75,152.45,10,28,38,2.9412,4.902,20.5882,0.9804,2964,659.3627,0.4053,0.0008,0.0008,15.2807
2026-04-30 12:00:00,MiniMax,4,1836,1147,689,0.0044,100.0,0.0,0.0,0.0,1730.0,2483.15,2571.83,955.65,181.65,3,3,4,0.0,0.0,50.0,0.0,154,459.0,0.6007,0.0011,0.0011,22.3512
2026-04-30 12:00:00,Qwen,1,2015,1692,323,0.0032,0.0,100.0,0.0,0.0,1350.0,1350.0,1350.0,503.0,116.0,1,1,1,0.0,0.0,0.0,0.0,0,2015.0,0.1909,0.0032,,0.0
2026-04-30 13:00:00,DeepSeek,109,75848,53577,22271,0.091,94.4954,5.5046,0.9174,3.6697,6419.0,8952.6,10522.6,8013.8,194.2,10,29,33,2.7523,4.5872,19.2661,0.0,3544,695.8532,0.4157,0.0008,0.0009,15.9131
2026-04-30 13:00:00,MiniMax,3,1450,993,457,0.0035,100.0,0.0,0.0,0.0,2004.0,2005.8,2005.96,656.6,183.9,3,3,3,0.0,0.0,0.0,0.0,54,483.3333,0.4602,0.0012,0.0012,11.8162
2026-04-30 14:00:00,DeepSeek,111,79345,56925,22420,0.0952,91.8919,8.1081,4.5045,2.7027,6407.0,8959.0,9596.2,8826.0,144.5,10,28,34,2.7027,2.7027,13.5135,0.0,3633,714.8198,0.3939,0.0009,0.0009,16.2043
2026-04-30 14:00:00,MiniMax,6,2991,1847,1144,0.0072,100.0,0.0,0.0,0.0,1518.5,2800.25,3059.25,928.5,239.75,6,6,6,0.0,0.0,16.6667,0.0,208,498.5,0.6194,0.0012,0.0012,18.1818
2026-04-30 14:00:00,Qwen,3,1086,832,254,0.0017,100.0,0.0,0.0,0.0,1153.0,1307.8,1321.56,684.6,150.1,3,3,3,0.0,0.0,33.3333,0.0,0,362.0,0.3053,0.0006,0.0006,0.0
2026-04-30 15:00:00,DeepSeek,79,51267,34888,16379,0.0615,98.7342,1.2658,0.0,0.0,6285.0,8355.1,10845.3,7711.9,140.0,10,27,31,1.2658,1.2658,15.1899,0.0,2711,648.9494,0.4695,0.0008,0.0008,16.5517
2026-04-30 15:00:00,MiniMax,8,5426,4105,1321,0.013,87.5,12.5,0.0,12.5,1332.5,2157.45,2312.29,698.05,121.65,6,6,8,0.0,0.0,50.0,0.0,171,678.25,0.3218,0.0016,0.0019,12.9447
2026-04-30 16:00:00,DeepSeek,126,84464,56048,28416,0.1014,95.2381,4.7619,0.7937,2.381,6364.5,9577.0,10603.0,8696.5,180.75,10,30,33,0.7937,3.9683,18.254,0.0,4666,670.3492,0.507,0.0008,0.0008,16.4203
2026-04-30 16:00:00,MiniMax,5,2961,2080,881,0.0071,100.0,0.0,0.0,0.0,1585.0,1913.6,1945.12,718.6,78.6,4,4,5,0.0,0.0,0.0,0.0,183,592.2,0.4236,0.0014,0.0014,20.7719
2026-04-30 17:00:00,DeepSeek,105,65971,47087,18884,0.0792,94.2857,5.7143,0.0,1.9048,6374.0,9149.0,10339.92,8828.2,160.4,10,30,35,0.9524,3.8095,18.0952,0.0,3056,628.2952,0.401,0.0008,0.0008,16.183
2026-04-30 17:00:00,MiniMax,6,3695,2749,946,0.0089,100.0,0.0,0.0,0.0,1613.5,2291.25,2408.65,938.0,104.75,4,6,4,0.0,0.0,16.6667,0.0,158,615.8333,0.3441,0.0015,0.0015,16.7019
2026-04-30 17:00:00,Qwen,5,2872,2049,823,0.0046,60.0,40.0,20.0,0.0,869.0,1857.6,1883.52,1084.8,175.4,4,4,4,0.0,40.0,20.0,0.0,0,574.4,0.4017,0.0009,0.0015,0.0
2026-04-30 18:00:00,DeepSeek,62,38855,27294,11561,0.0466,96.7742,3.2258,1.6129,0.0,6254.0,7689.9,8313.03,6879.6,173.0,9,24,29,0.0,3.2258,17.7419,0.0,1982,626.6935,0.4236,0.0008,0.0008,17.1438
2026-04-30 18:00:00,MiniMax,2,2560,2100,460,0.0061,100.0,0.0,0.0,0.0,1863.5,2286.05,2323.61,633.15,43.65,2,2,2,0.0,0.0,50.0,0.0,59,1280.0,0.219,0.0031,0.0031,12.8261
2026-04-30 18:00:00,Qwen,3,2116,1460,656,0.0034,100.0,0.0,0.0,0.0,1288.0,1980.1,2041.62,556.6,84.5,3,3,3,0.0,0.0,0.0,0.0,0,705.3333,0.4493,0.0011,0.0011,0.0
2026-04-30 19:00:00,DeepSeek,68,47368,33963,13405,0.0568,95.5882,4.4118,2.9412,0.0,6346.5,8486.7,9886.22,7912.2,163.65,10,25,29,1.4706,2.9412,17.6471,0.0,2334,696.5882,0.3947,0.0008,0.0009,17.4114
2026-04-30 19:00:00,MiniMax,5,2326,1499,827,0.0056,100.0,0.0,0.0,0.0,1422.0,2184.6,2188.92,976.4,122.6,4,5,4,0.0,0.0,0.0,0.0,115,465.2,0.5517,0.0011,0.0011,13.9057
2026-04-30 19:00:00,Qwen,1,869,707,162,0.0014,100.0,0.0,0.0,0.0,1366.0,1366.0,1366.0,463.0,54.0,1,1,1,0.0,0.0,0.0,0.0,0,869.0,0.2291,0.0014,0.0014,0.0
2026-04-30 20:00:00,DeepSeek,65,47956,35596,12360,0.0575,96.9231,3.0769,0.0,1.5385,6364.0,9312.0,10612.28,9116.4,166.6,10,25,31,0.0,7.6923,10.7692,0.0,1941,737.7846,0.3472,0.0009,0.0009,15.7039
2026-04-30 20:00:00,MiniMax,3,1589,867,722,0.0038,100.0,0.0,0.0,0.0,1401.0,4671.6,4962.32,1380.2,192.1,2,3,2,0.0,33.3333,33.3333,0.0,154,529.6667,0.8328,0.0013,0.0013,21.3296
2026-04-30 20:00:00,Qwen,2,1415,1192,223,0.0023,100.0,0.0,0.0,0.0,1007.5,1134.85,1146.17,338.5,108.15,2,2,2,0.0,0.0,50.0,0.0,0,707.5,0.1871,0.0011,0.0011,0.0
2026-04-30 21:00:00,DeepSeek,79,59385,42748,16637,0.0713,97.4684,2.5316,0.0,1.2658,6313.0,9169.4,10073.22,8790.9,134.5,10,27,30,2.5316,1.2658,22.7848,0.0,2580,751.7089,0.3892,0.0009,0.0009,15.5076
2026-04-30 21:00:00,MiniMax,5,2841,1734,1107,0.0068,100.0,0.0,0.0,0.0,1504.0,2921.4,3029.88,772.6,72.6,4,5,4,0.0,20.0,0.0,0.0,176,568.2,0.6384,0.0014,0.0014,15.8988
2026-04-30 21:00:00,Qwen,1,367,268,99,0.0006,100.0,0.0,0.0,0.0,1059.0,1059.0,1059.0,718.0,131.0,1,1,1,0.0,0.0,0.0,0.0,0,367.0,0.3694,0.0006,0.0006,0.0
2026-04-30 22:00:00,DeepSeek,28,16569,10995,5574,0.0199,100.0,0.0,0.0,0.0,6335.0,7403.15,8879.89,7274.75,167.6,7,15,14,0.0,0.0,10.7143,0.0,908,591.75,0.507,0.0007,0.0007,16.2899
2026-04-30 22:00:00,MiniMax,3,1854,1399,455,0.0044,100.0,0.0,0.0,0.0,1703.0,1953.2,1975.44,702.2,104.5,3,3,3,0.0,0.0,33.3333,0.0,76,618.0,0.3252,0.0015,0.0015,16.7033
2026-04-30 23:00:00,DeepSeek,30,17621,11670,5951,0.0211,96.6667,3.3333,0.0,3.3333,6432.5,9231.65,9900.98,8994.8,110.25,7,16,17,3.3333,0.0,13.3333,0.0,921,587.3667,0.5099,0.0007,0.0007,15.4764
2026-04-30 23:00:00,MiniMax,2,1208,876,332,0.0029,100.0,0.0,0.0,0.0,1593.5,1656.05,1661.61,500.2,84.9,2,2,2,0.0,0.0,0.0,0.0,58,604.0,0.379,0.0014,0.0014,17.4699
2026-05-01 00:00:00,DeepSeek,18,12256,9141,3115,0.0147,88.8889,11.1111,11.1111,0.0,6210.5,7624.7,8670.54,7183.25,134.55,10,13,12,0.0,11.1111,5.5556,0.0,507,680.8889,0.3408,0.0008,0.0009,16.2761
2026-05-01 00:00:00,MiniMax,1,668,297,371,0.0016,100.0,0.0,0.0,0.0,2190.0,2190.0,2190.0,584.0,75.0,1,1,1,0.0,0.0,0.0,0.0,76,668.0,1.2492,0.0016,0.0016,20.4852
2026-05-01 01:00:00,DeepSeek,14,11499,8830,2669,0.0138,85.7143,14.2857,0.0,7.1429,6194.5,7990.45,9429.29,7569.45,129.0,7,12,12,0.0,0.0,0.0,0.0,507,821.3571,0.3023,0.001,0.0011,18.9959
2026-05-01 02:00:00,DeepSeek,17,14655,10498,4157,0.0176,94.1176,5.8824,0.0,0.0,6216.0,9448.0,9844.8,8011.4,98.8,7,13,13,0.0,11.7647,5.8824,0.0,681,862.0588,0.396,0.001,0.0011,16.382
2026-05-01 02:00:00,MiniMax,1,427,256,171,0.001,100.0,0.0,0.0,0.0,1836.0,1836.0,1836.0,853.0,63.0,1,1,1,0.0,0.0,0.0,0.0,25,427.0,0.668,0.001,0.001,14.6199
2026-05-01 03:00:00,DeepSeek,26,18401,12465,5936,0.0221,96.1538,3.8462,0.0,0.0,6448.0,7811.0,9623.75,7001.0,133.75,10,18,18,0.0,3.8462,19.2308,0.0,908,707.7308,0.4762,0.0008,0.0009,15.2965
2026-05-01 03:00:00,MiniMax,2,775,540,235,0.0019,100.0,0.0,0.0,0.0,1472.5,1567.45,1575.89,747.9,168.95,2,2,2,0.0,0.0,0.0,0.0,36,387.5,0.4352,0.0009,0.0009,15.3191
2026-05-01 04:00:00,DeepSeek,21,15085,10062,5023,0.0181,95.2381,4.7619,0.0,4.7619,6533.0,8079.0,8245.4,6999.0,149.0,8,14,13,0.0,4.7619,14.2857,0.0,858,718.3333,0.4992,0.0009,0.0009,17.0814
2026-05-01 04:00:00,MiniMax,1,607,407,200,0.0015,100.0,0.0,0.0,0.0,1891.0,1891.0,1891.0,625.0,89.0,1,1,1,0.0,0.0,100.0,0.0,20,607.0,0.4914,0.0015,0.0015,10.0
2026-05-01 05:00:00,DeepSeek,15,11930,7682,4248,0.0143,100.0,0.0,0.0,0.0,6770.0,9052.8,9772.96,8314.4,106.6,7,12,14,6.6667,13.3333,33.3333,0.0,606,795.3333,0.553,0.001,0.001,14.2655
2026-05-01 05:00:00,MiniMax,1,821,493,328,0.002,100.0,0.0,0.0,0.0,2215.0,2215.0,2215.0,569.0,56.0,1,1,1,0.0,0.0,0.0,0.0,37,821.0,0.6653,0.002,0.002,11.2805
2026-05-01 05:00:00,Qwen,2,1270,1019,251,0.002,100.0,0.0,0.0,0.0,1366.5,1645.05,1669.81,1091.5,77.6,2,2,2,0.0,0.0,0.0,0.0,0,635.0,0.2463,0.001,0.001,0.0
2026-05-01 06:00:00,DeepSeek,55,37227,26891,10336,0.0447,94.5455,5.4545,0.0,1.8182,6445.0,9433.4,10003.54,9063.1,233.3,10,25,26,1.8182,0.0,10.9091,0.0,1746,676.8545,0.3844,0.0008,0.0009,16.8924
2026-05-01 06:00:00,MiniMax,2,1402,713,689,0.0034,100.0,0.0,0.0,0.0,2239.5,2346.15,2355.63,606.7,103.2,2,2,2,0.0,0.0,0.0,0.0,97,701.0,0.9663,0.0017,0.0017,14.0784
2026-05-01 06:00:00,Qwen,2,1850,1397,453,0.003,100.0,0.0,0.0,0.0,1334.0,1687.7,1719.14,459.0,96.85,1,1,2,0.0,0.0,50.0,0.0,0,925.0,0.3243,0.0015,0.0015,0.0
2026-05-01 07:00:00,DeepSeek,45,27196,19540,7656,0.0326,97.7778,2.2222,0.0,2.2222,6297.0,8662.4,9213.56,8621.4,120.0,7,19,20,2.2222,2.2222,24.4444,0.0,1164,604.3556,0.3918,0.0007,0.0007,15.2038
2026-05-01 07:00:00,MiniMax,5,3767,2771,996,0.009,100.0,0.0,0.0,0.0,1716.0,2406.2,2469.24,732.8,105.6,4,5,5,0.0,0.0,40.0,0.0,196,753.4,0.3594,0.0018,0.0018,19.6787
2026-05-01 08:00:00,DeepSeek,64,44356,32286,12070,0.0532,92.1875,7.8125,1.5625,3.125,6238.5,8220.85,8934.1,7402.8,149.0,10,26,29,0.0,6.25,26.5625,0.0,1853,693.0625,0.3738,0.0008,0.0009,15.3521
2026-05-01 08:00:00,MiniMax,1,547,488,59,0.0013,100.0,0.0,0.0,0.0,1476.0,1476.0,1476.0,529.0,77.0,1,1,1,0.0,0.0,0.0,0.0,13,547.0,0.1209,0.0013,0.0013,22.0339
2026-05-01 08:00:00,Qwen,2,1155,883,272,0.0018,100.0,0.0,0.0,0.0,1441.5,1652.55,1671.31,1181.0,158.0,2,2,2,0.0,0.0,0.0,50.0,0,577.5,0.308,0.0009,0.0009,0.0
2026-05-01 09:00:00,DeepSeek,100,70652,49638,21014,0.0848,95.0,5.0,3.0,0.0,6338.5,7760.35,10126.58,7088.0,211.9,10,25,35,3.0,6.0,22.0,0.0,3601,706.52,0.4233,0.0008,0.0009,17.1362
2026-05-01 09:00:00,MiniMax,2,1799,1569,230,0.0043,100.0,0.0,0.0,0.0,1352.5,1433.05,1440.21,725.0,147.6,2,2,2,0.0,0.0,50.0,0.0,58,899.5,0.1466,0.0022,0.0022,25.2174
2026-05-01 09:00:00,Qwen,3,1461,1127,334,0.0023,100.0,0.0,0.0,0.0,993.0,1424.1,1462.42,602.4,164.2,3,3,3,0.0,0.0,33.3333,0.0,0,487.0,0.2964,0.0008,0.0008,0.0
2026-05-01 10:00:00,DeepSeek,118,84921,57480,27441,0.1019,97.4576,2.5424,0.8475,0.8475,6476.0,7874.15,8453.75,6952.85,154.45,10,29,37,0.8475,2.5424,21.1864,0.0,4338,719.6695,0.4774,0.0009,0.0009,15.8085
2026-05-01 10:00:00,MiniMax,6,3616,2835,781,0.0087,83.3333,16.6667,0.0,0.0,1304.5,2464.75,2534.55,847.75,264.0,4,5,5,0.0,16.6667,0.0,0.0,115,602.6667,0.2755,0.0014,0.0017,14.7247
2026-05-01 11:00:00,DeepSeek,85,56038,39132,16906,0.0672,96.4706,3.5294,0.0,1.1765,6181.0,7639.0,9672.2,7434.2,166.4,10,28,28,0.0,4.7059,14.1176,0.0,2788,659.2706,0.432,0.0008,0.0008,16.4912
2026-05-01 11:00:00,MiniMax,2,1561,1365,196,0.0037,100.0,0.0,0.0,0.0,1718.5,2082.55,2114.91,795.3,145.05,2,2,2,0.0,0.0,0.0,0.0,18,780.5,0.1436,0.0019,0.0019,9.1837
2026-05-01 11:00:00,Qwen,4,2944,1708,1236,0.0047,100.0,0.0,0.0,0.0,1940.0,2738.6,2822.12,1057.2,135.45,3,4,4,0.0,0.0,25.0,0.0,0,736.0,0.7237,0.0012,0.0012,0.0
2026-05-01 12:00:00,DeepSeek,94,64895,46248,18647,0.0779,95.7447,4.2553,1.0638,1.0638,6255.0,8434.9,9656.01,7919.6,161.35,10,25,33,2.1277,4.2553,25.5319,0.0,3259,690.3723,0.4032,0.0008,0.0009,17.4773
2026-05-01 12:00:00,MiniMax,5,3459,2166,1293,0.0083,100.0,0.0,0.0,0.0,2122.0,3168.8,3306.56,735.2,70.8,4,5,5,0.0,0.0,0.0,0.0,185,691.8,0.597,0.0017,0.0017,14.3078
2026-05-01 12:00:00,Qwen,2,820,596,224,0.0013,100.0,0.0,0.0,0.0,1279.5,1690.35,1726.87,1456.2,58.5,2,2,2,0.0,0.0,0.0,0.0,0,410.0,0.3758,0.0007,0.0007,0.0
2026-05-01 13:00:00,DeepSeek,88,62551,43777,18774,0.0751,95.4545,4.5455,1.1364,1.1364,6376.5,9444.6,10781.05,9115.2,152.3,10,27,29,0.0,6.8182,13.6364,0.0,2681,710.8068,0.4289,0.0009,0.0009,14.2804
2026-05-01 13:00:00,MiniMax,6,3962,2549,1413,0.0095,100.0,0.0,0.0,0.0,1846.5,2776.75,2888.15,749.25,170.25,5,6,6,0.0,16.6667,16.6667,0.0,267,660.3333,0.5543,0.0016,0.0016,18.896
2026-05-01 13:00:00,Qwen,1,281,97,184,0.0004,100.0,0.0,0.0,0.0,1442.0,1442.0,1442.0,562.0,49.0,1,1,1,0.0,0.0,0.0,0.0,0,281.0,1.8969,0.0004,0.0004,0.0
2026-05-01 14:00:00,DeepSeek,102,69907,48822,21085,0.0839,93.1373,6.8627,0.0,5.8824,6398.0,8039.1,10153.67,7676.55,153.6,10,27,33,3.9216,3.9216,20.5882,0.0,3183,685.3627,0.4319,0.0008,0.0009,15.096
2026-05-01 14:00:00,MiniMax,3,1923,855,1068,0.0046,100.0,0.0,0.0,0.0,2156.0,3992.0,4155.2,669.7,90.4,3,3,3,0.0,0.0,33.3333,0.0,202,641.0,1.2491,0.0015,0.0015,18.9139
2026-05-01 14:00:00,Qwen,6,3589,2554,1035,0.0057,66.6667,33.3333,0.0,16.6667,1541.5,1700.0,1703.2,556.75,180.5,4,6,5,0.0,16.6667,0.0,0.0,0,598.1667,0.4052,0.001,0.0014,0.0
2026-05-01 15:00:00,DeepSeek,97,61774,43422,18352,0.0741,98.9691,1.0309,0.0,1.0309,6468.0,9598.8,10394.68,9116.6,147.0,10,25,29,1.0309,2.0619,14.433,0.0,3097,636.8454,0.4226,0.0008,0.0008,16.8755
2026-05-01 15:00:00,MiniMax,4,3709,3054,655,0.0089,100.0,0.0,0.0,0.0,1630.0,2500.9,2596.18,801.85,107.65,4,4,4,0.0,0.0,50.0,0.0,157,927.25,0.2145,0.0022,0.0022,23.9695
2026-05-01 16:00:00,DeepSeek,99,69629,50035,19594,0.0836,95.9596,4.0404,0.0,3.0303,6337.0,9078.1,9720.2,8913.0,132.2,10,26,34,2.0202,4.0404,18.1818,0.0,3239,703.3232,0.3916,0.0008,0.0009,16.5306
2026-05-01 16:00:00,MiniMax,2,984,732,252,0.0024,50.0,50.0,50.0,0.0,1215.5,1262.75,1266.95,526.05,88.0,2,2,2,0.0,0.0,50.0,0.0,48,492.0,0.3443,0.0012,0.0024,19.0476
2026-05-01 16:00:00,Qwen,3,2172,1825,347,0.0035,100.0,0.0,0.0,0.0,780.0,1330.8,1379.76,544.2,110.1,3,3,3,0.0,0.0,0.0,0.0,0,724.0,0.1901,0.0012,0.0012,0.0
2026-05-01 17:00:00,DeepSeek,88,63984,45593,18391,0.0768,96.5909,3.4091,0.0,0.0,6436.5,8536.45,10358.5,8272.8,146.65,10,29,36,1.1364,4.5455,19.3182,0.0,2963,727.0909,0.4034,0.0009,0.0009,16.1111
2026-05-01 17:00:00,MiniMax,3,1418,877,541,0.0034,100.0,0.0,0.0,0.0,1488.0,1838.1,1869.22,707.4,44.7,3,3,3,0.0,0.0,66.6667,0.0,65,472.6667,0.6169,0.0011,0.0011,12.0148
2026-05-01 18:00:00,DeepSeek,64,42540,29530,13010,0.051,100.0,0.0,0.0,0.0,6236.5,8244.95,9512.13,7465.0,147.45,10,25,31,1.5625,4.6875,15.625,0.0,1892,664.6875,0.4406,0.0008,0.0008,14.5427
2026-05-01 18:00:00,MiniMax,2,1106,889,217,0.0027,100.0,0.0,0.0,0.0,1192.5,1285.65,1293.93,540.6,42.25,2,2,2,0.0,0.0,0.0,0.0,33,553.0,0.2441,0.0013,0.0013,15.2074
2026-05-01 18:00:00,Qwen,2,1185,925,260,0.0019,100.0,0.0,0.0,0.0,1123.0,1156.3,1159.26,537.3,195.75,2,2,2,0.0,0.0,0.0,0.0,0,592.5,0.2811,0.0009,0.0009,0.0
2026-05-01 19:00:00,DeepSeek,63,36349,24317,12032,0.0436,100.0,0.0,0.0,0.0,6296.0,8461.8,9644.2,7659.8,141.4,9,23,26,1.5873,4.7619,11.1111,0.0,1860,576.9683,0.4948,0.0007,0.0007,15.4588
2026-05-01 19:00:00,MiniMax,3,1417,1038,379,0.0034,100.0,0.0,0.0,0.0,1368.0,1791.0,1828.6,855.7,98.7,3,3,3,0.0,0.0,0.0,0.0,46,472.3333,0.3651,0.0011,0.0011,12.1372
2026-05-01 19:00:00,Qwen,1,536,420,116,0.0009,100.0,0.0,0.0,0.0,1094.0,1094.0,1094.0,515.0,69.0,1,1,1,0.0,0.0,100.0,0.0,0,536.0,0.2762,0.0009,0.0009,0.0
2026-05-01 20:00:00,DeepSeek,46,32829,21826,11003,0.0394,97.8261,2.1739,2.1739,0.0,6511.5,8203.0,9350.1,7395.0,177.75,9,20,21,0.0,10.8696,19.5652,0.0,1915,713.6739,0.5041,0.0009,0.0009,17.4043
2026-05-01 20:00:00,Qwen,2,1275,1127,148,0.002,100.0,0.0,0.0,0.0,1042.5,1077.15,1080.23,514.45,75.75,2,2,2,0.0,0.0,50.0,0.0,0,637.5,0.1313,0.001,0.001,0.0
2026-05-01 21:00:00,DeepSeek,55,35857,24839,11018,0.043,98.1818,1.8182,0.0,1.8182,6266.0,8525.7,9590.36,7816.2,160.6,10,23,27,0.0,1.8182,12.7273,0.0,1806,651.9455,0.4436,0.0008,0.0008,16.3914
2026-05-01 21:00:00,MiniMax,5,4084,2883,1201,0.0098,100.0,0.0,0.0,0.0,1965.0,2745.2,2821.04,722.2,188.0,4,5,5,0.0,0.0,0.0,0.0,158,816.8,0.4166,0.002,0.002,13.1557
2026-05-01 21:00:00,Qwen,2,1952,1574,378,0.0031,100.0,0.0,0.0,0.0,1266.5,1565.75,1592.35,528.25,94.8,2,2,2,0.0,0.0,50.0,0.0,0,976.0,0.2402,0.0016,0.0016,0.0
2026-05-01 22:00:00,DeepSeek,27,15526,10301,5225,0.0186,92.5926,7.4074,3.7037,3.7037,6368.0,8821.2,9527.32,8791.2,130.8,10,18,18,3.7037,3.7037,7.4074,0.0,885,575.037,0.5072,0.0007,0.0007,16.9378
2026-05-01 22:00:00,MiniMax,1,823,710,113,0.002,100.0,0.0,0.0,0.0,1316.0,1316.0,1316.0,646.0,149.0,1,1,1,0.0,0.0,100.0,0.0,15,823.0,0.1592,0.002,0.002,13.2743
2026-05-01 23:00:00,DeepSeek,24,15543,11422,4121,0.0187,95.8333,4.1667,0.0,0.0,6243.5,7152.4,7507.94,6243.65,129.25,9,19,14,4.1667,8.3333,29.1667,0.0,605,647.625,0.3608,0.0008,0.0008,14.6809
2026-05-01 23:00:00,MiniMax,1,703,546,157,0.0017,100.0,0.0,0.0,0.0,1840.0,1840.0,1840.0,611.0,88.0,1,1,1,0.0,0.0,0.0,0.0,34,703.0,0.2875,0.0017,0.0017,21.6561
2026-05-01 23:00:00,Qwen,1,589,335,254,0.0009,100.0,0.0,0.0,0.0,1682.0,1682.0,1682.0,371.0,35.0,1,1,1,0.0,0.0,0.0,0.0,0,589.0,0.7582,0.0009,0.0009,0.0
2026-05-02 00:00:00,DeepSeek,9,5440,3673,1767,0.0065,88.8889,11.1111,11.1111,0.0,4601.0,6361.2,6507.44,6331.2,92.6,6,9,8,0.0,22.2222,0.0,0.0,278,604.4444,0.4811,0.0007,0.0008,15.7329
2026-05-02 00:00:00,MiniMax,1,631,277,354,0.0015,100.0,0.0,0.0,0.0,3476.0,3476.0,3476.0,1330.0,89.0,1,1,1,0.0,0.0,100.0,0.0,70,631.0,1.278,0.0015,0.0015,19.774
2026-05-02 00:00:00,Qwen,1,458,337,121,0.0007,100.0,0.0,0.0,0.0,1607.0,1607.0,1607.0,1097.0,112.0,1,1,1,0.0,0.0,0.0,0.0,0,458.0,0.3591,0.0007,0.0007,0.0
2026-05-02 01:00:00,DeepSeek,12,7646,5183,2463,0.0092,91.6667,8.3333,0.0,8.3333,4565.0,4865.2,4872.24,4802.15,107.95,7,9,10,0.0,0.0,16.6667,0.0,361,637.1667,0.4752,0.0008,0.0008,14.6569
2026-05-02 01:00:00,MiniMax,1,537,332,205,0.0013,100.0,0.0,0.0,0.0,1462.0,1462.0,1462.0,506.0,11.0,1,1,1,0.0,100.0,0.0,0.0,56,537.0,0.6175,0.0013,0.0013,27.3171
2026-05-02 01:00:00,Qwen,1,352,274,78,0.0006,100.0,0.0,0.0,0.0,1869.0,1869.0,1869.0,1301.0,38.0,1,1,1,0.0,0.0,0.0,0.0,0,352.0,0.2847,0.0006,0.0006,0.0
2026-05-02 02:00:00,DeepSeek,10,7355,5686,1669,0.0088,100.0,0.0,0.0,0.0,4491.5,6259.7,6603.14,6229.7,146.0,4,6,8,0.0,0.0,20.0,0.0,246,735.5,0.2935,0.0009,0.0009,14.7394
2026-05-02 02:00:00,MiniMax,1,528,239,289,0.0013,100.0,0.0,0.0,0.0,2801.0,2801.0,2801.0,788.0,197.0,1,1,1,0.0,0.0,100.0,0.0,59,528.0,1.2092,0.0013,0.0013,20.4152
2026-05-02 03:00:00,DeepSeek,12,8081,5259,2822,0.0097,100.0,0.0,0.0,0.0,4634.0,5012.35,5048.87,4763.75,175.05,8,11,11,0.0,0.0,25.0,0.0,414,673.4167,0.5366,0.0008,0.0008,14.6704
2026-05-02 04:00:00,DeepSeek,14,11205,7478,3727,0.0134,92.8571,7.1429,0.0,7.1429,4823.0,5854.55,5871.71,4775.7,150.75,8,11,11,0.0,0.0,0.0,0.0,738,800.3571,0.4984,0.001,0.001,19.8014
2026-05-02 04:00:00,MiniMax,1,1434,797,637,0.0034,100.0,0.0,0.0,0.0,3014.0,3014.0,3014.0,648.0,59.0,1,1,1,0.0,0.0,0.0,0.0,86,1434.0,0.7992,0.0034,0.0034,13.5008
2026-05-02 05:00:00,DeepSeek,20,12642,8535,4107,0.0152,100.0,0.0,0.0,0.0,4604.5,4893.05,5273.81,4791.8,237.7,7,13,13,0.0,0.0,15.0,0.0,616,632.1,0.4812,0.0008,0.0008,14.9988
2026-05-02 05:00:00,Qwen,1,550,320,230,0.0009,100.0,0.0,0.0,0.0,1745.0,1745.0,1745.0,421.0,28.0,1,1,1,0.0,0.0,0.0,0.0,0,550.0,0.7188,0.0009,0.0009,0.0
2026-05-02 06:00:00,DeepSeek,47,31307,21725,9582,0.0376,89.3617,10.6383,0.0,10.6383,4730.0,5989.3,7108.96,5928.1,177.3,9,19,21,0.0,6.383,25.5319,0.0,1456,666.1064,0.4411,0.0008,0.0009,15.1952
2026-05-02 06:00:00,MiniMax,1,874,208,666,0.0021,100.0,0.0,0.0,0.0,4417.0,4417.0,4417.0,515.0,82.0,1,1,1,0.0,0.0,0.0,0.0,102,874.0,3.2019,0.0021,0.0021,15.3153
2026-05-02 07:00:00,DeepSeek,46,34261,24628,9633,0.0411,86.9565,13.0435,4.3478,8.6957,4611.0,5573.5,6052.4,5171.0,192.75,10,22,25,0.0,6.5217,15.2174,0.0,1593,744.8043,0.3911,0.0009,0.001,16.5369
2026-05-02 07:00:00,MiniMax,1,983,740,243,0.0024,100.0,0.0,0.0,0.0,1278.0,1278.0,1278.0,536.0,113.0,1,1,1,0.0,0.0,0.0,0.0,55,983.0,0.3284,0.0024,0.0024,22.6337
2026-05-02 08:00:00,DeepSeek,41,28128,19255,8873,0.0338,87.8049,12.1951,0.0,4.878,4607.0,5129.0,5795.2,4741.0,177.0,10,25,21,0.0,12.1951,21.9512,0.0,1542,686.0488,0.4608,0.0008,0.0009,17.3786
2026-05-02 08:00:00,MiniMax,1,490,392,98,0.0012,100.0,0.0,0.0,0.0,1346.0,1346.0,1346.0,695.0,107.0,1,1,1,0.0,0.0,0.0,0.0,20,490.0,0.25,0.0012,0.0012,20.4082
2026-05-02 09:00:00,DeepSeek,55,39016,26754,12262,0.0468,94.5455,5.4545,3.6364,1.8182,4599.0,5910.5,6413.54,5681.7,149.2,10,23,25,1.8182,7.2727,18.1818,0.0,1948,709.3818,0.4583,0.0009,0.0009,15.8865
2026-05-02 09:00:00,MiniMax,1,694,348,346,0.0017,100.0,0.0,0.0,0.0,1690.0,1690.0,1690.0,497.0,104.0,1,1,1,0.0,0.0,0.0,0.0,41,694.0,0.9943,0.0017,0.0017,11.8497
2026-05-02 09:00:00,Qwen,2,1093,609,484,0.0017,100.0,0.0,0.0,0.0,1355.0,1489.1,1501.02,585.0,105.75,2,2,2,0.0,0.0,50.0,0.0,0,546.5,0.7947,0.0009,0.0009,0.0
2026-05-02 10:00:00,DeepSeek,53,33611,23272,10339,0.0403,94.3396,5.6604,3.7736,0.0,4590.0,5996.8,7049.72,5966.8,139.2,9,24,22,1.8868,1.8868,24.5283,0.0,1733,634.1698,0.4443,0.0008,0.0008,16.7618
2026-05-02 10:00:00,MiniMax,1,341,260,81,0.0008,100.0,0.0,0.0,0.0,1652.0,1652.0,1652.0,464.0,47.0,1,1,1,0.0,0.0,0.0,0.0,15,341.0,0.3115,0.0008,0.0008,18.5185
2026-05-02 10:00:00,Qwen,3,1663,1082,581,0.0027,100.0,0.0,0.0,0.0,1247.0,1772.6,1819.32,631.9,182.2,2,2,3,0.0,0.0,0.0,0.0,0,554.3333,0.537,0.0009,0.0009,0.0
2026-05-02 11:00:00,DeepSeek,71,49192,35494,13698,0.059,90.1408,9.8592,1.4085,7.0423,4559.0,5238.0,6222.5,5195.0,200.5,10,28,24,0.0,5.6338,23.9437,0.0,2273,692.8451,0.3859,0.0008,0.0009,16.5937
2026-05-02 11:00:00,MiniMax,2,1026,822,204,0.0025,50.0,50.0,0.0,0.0,1579.5,1978.65,2014.13,598.15,71.9,2,2,2,0.0,50.0,0.0,0.0,32,513.0,0.2482,0.0012,0.0025,15.6863
2026-05-02 11:00:00,Qwen,3,1666,1145,521,0.0027,100.0,0.0,0.0,0.0,1201.0,1274.8,1281.36,511.3,62.5,2,3,2,0.0,0.0,0.0,0.0,0,555.3333,0.455,0.0009,0.0009,0.0
2026-05-02 12:00:00,DeepSeek,68,42668,28036,14632,0.0512,92.6471,7.3529,0.0,4.4118,4573.0,5689.9,6967.21,5522.7,180.05,10,23,24,0.0,1.4706,16.1765,0.0,2425,627.4706,0.5219,0.0008,0.0008,16.5733
2026-05-02 12:00:00,MiniMax,4,2211,1451,760,0.0053,100.0,0.0,0.0,0.0,1952.5,2486.45,2531.69,847.1,234.75,3,4,4,0.0,0.0,25.0,0.0,156,552.75,0.5238,0.0013,0.0013,20.5263
2026-05-02 13:00:00,DeepSeek,53,32586,21937,10649,0.0391,84.9057,15.0943,3.7736,7.5472,4644.0,6165.0,6987.88,5834.4,160.4,10,26,25,0.0,3.7736,22.6415,0.0,1867,614.8302,0.4854,0.0007,0.0009,17.5322
2026-05-02 13:00:00,MiniMax,2,1024,697,327,0.0025,100.0,0.0,0.0,0.0,1602.5,1701.95,1710.79,643.15,58.7,2,2,2,0.0,0.0,0.0,0.0,48,512.0,0.4692,0.0012,0.0012,14.6789
2026-05-02 13:00:00,Qwen,3,1821,1187,634,0.0029,100.0,0.0,0.0,0.0,1487.0,1739.9,1762.38,554.4,99.6,3,3,3,0.0,0.0,0.0,0.0,0,607.0,0.5341,0.001,0.001,0.0
2026-05-02 14:00:00,DeepSeek,63,43516,31294,12222,0.0522,90.4762,9.5238,3.1746,3.1746,4553.0,5990.3,6556.82,5652.8,170.9,10,25,26,0.0,6.3492,26.9841,0.0,2206,690.7302,0.3906,0.0008,0.0009,18.0494
2026-05-02 14:00:00,MiniMax,6,4089,3117,972,0.0098,83.3333,16.6667,0.0,16.6667,1303.0,2312.5,2546.5,665.5,59.75,4,5,5,0.0,0.0,33.3333,0.0,201,681.5,0.3118,0.0016,0.002,20.679
2026-05-02 14:00:00,Qwen,1,1016,778,238,0.0016,100.0,0.0,0.0,0.0,1251.0,1251.0,1251.0,643.0,57.0,1,1,1,0.0,0.0,0.0,0.0,0,1016.0,0.3059,0.0016,0.0016,0.0
2026-05-02 15:00:00,DeepSeek,58,42738,30817,11921,0.0513,86.2069,13.7931,1.7241,10.3448,4510.0,6068.5,6783.92,5913.55,156.3,10,28,28,0.0,8.6207,18.9655,0.0,1894,736.8621,0.3868,0.0009,0.001,15.8879
2026-05-02 16:00:00,DeepSeek,74,49027,34421,14606,0.0588,94.5946,5.4054,0.0,2.7027,4589.5,6477.7,7441.35,6302.5,145.55,10,27,32,1.3514,6.7568,32.4324,0.0,2434,662.527,0.4243,0.0008,0.0008,16.6644
2026-05-02 16:00:00,MiniMax,5,3388,2701,687,0.0081,100.0,0.0,0.0,0.0,1406.0,2380.6,2480.12,541.8,43.4,4,4,5,0.0,0.0,20.0,0.0,94,677.6,0.2544,0.0016,0.0016,13.6827
2026-05-02 16:00:00,Qwen,1,722,627,95,0.0012,100.0,0.0,0.0,0.0,1222.0,1222.0,1222.0,772.0,105.0,1,1,1,0.0,0.0,0.0,0.0,0,722.0,0.1515,0.0012,0.0012,0.0
2026-05-02 17:00:00,DeepSeek,56,37893,26383,11510,0.0455,89.2857,10.7143,5.3571,1.7857,4582.5,6321.0,6755.3,6291.0,166.5,9,21,26,3.5714,3.5714,19.6429,0.0,1703,676.6607,0.4363,0.0008,0.0009,14.7958
2026-05-02 17:00:00,MiniMax,2,1107,653,454,0.0027,100.0,0.0,0.0,0.0,1644.5,2017.55,2050.71,615.85,19.25,2,2,2,0.0,0.0,0.0,0.0,44,553.5,0.6953,0.0013,0.0013,9.6916
2026-05-02 17:00:00,Qwen,1,776,702,74,0.0012,100.0,0.0,0.0,0.0,1035.0,1035.0,1035.0,387.0,94.0,1,1,1,0.0,0.0,0.0,0.0,0,776.0,0.1054,0.0012,0.0012,0.0
2026-05-02 18:00:00,DeepSeek,35,20239,14030,6209,0.0243,91.4286,8.5714,0.0,5.7143,4478.0,5227.8,5663.2,4878.0,154.4,10,20,23,2.8571,5.7143,28.5714,0.0,996,578.2571,0.4426,0.0007,0.0008,16.0412
2026-05-02 18:00:00,MiniMax,2,1142,877,265,0.0027,100.0,0.0,0.0,0.0,1579.0,1726.6,1739.72,880.55,147.6,2,2,2,0.0,0.0,0.0,0.0,47,571.0,0.3022,0.0014,0.0014,17.7358
2026-05-02 19:00:00,DeepSeek,36,25602,18237,7365,0.0307,91.6667,8.3333,5.5556,2.7778,4450.5,5741.25,7022.85,5379.75,148.25,9,20,23,0.0,5.5556,19.4444,0.0,1155,711.1667,0.4038,0.0009,0.0009,15.6823
2026-05-02 19:00:00,MiniMax,3,2898,2619,279,0.007,100.0,0.0,0.0,0.0,1527.0,1709.7,1725.94,669.5,143.2,3,3,3,0.0,0.0,33.3333,0.0,46,966.0,0.1065,0.0023,0.0023,16.4875
2026-05-02 19:00:00,Qwen,1,278,137,141,0.0004,100.0,0.0,0.0,0.0,972.0,972.0,972.0,426.0,60.0,1,1,1,0.0,0.0,0.0,0.0,0,278.0,1.0292,0.0004,0.0004,0.0
2026-05-02 20:00:00,DeepSeek,41,24123,16553,7570,0.0289,95.122,4.878,0.0,4.878,4587.0,6802.0,6994.4,6772.0,193.0,10,20,25,0.0,2.439,14.6341,0.0,1220,588.3659,0.4573,0.0007,0.0007,16.1162
2026-05-02 20:00:00,MiniMax,3,1755,1282,473,0.0042,100.0,0.0,0.0,0.0,1346.0,1583.6,1604.72,775.0,208.5,3,3,3,0.0,0.0,66.6667,0.0,50,585.0,0.369,0.0014,0.0014,10.5708
2026-05-02 20:00:00,Qwen,1,1156,905,251,0.0018,100.0,0.0,0.0,0.0,1398.0,1398.0,1398.0,365.0,8.0,1,1,1,0.0,0.0,0.0,0.0,0,1156.0,0.2773,0.0018,0.0018,0.0
2026-05-02 21:00:00,DeepSeek,42,27811,20227,7584,0.0334,95.2381,4.7619,0.0,2.381,4517.5,5560.85,6385.22,5090.5,187.4,10,21,24,0.0,4.7619,26.1905,0.0,1191,662.1667,0.3749,0.0008,0.0008,15.7041
2026-05-02 22:00:00,DeepSeek,15,9043,5714,3329,0.0109,86.6667,13.3333,0.0,6.6667,4628.0,5859.3,6739.06,5829.3,160.3,7,13,13,0.0,6.6667,20.0,0.0,589,602.8667,0.5826,0.0007,0.0008,17.693
2026-05-02 22:00:00,MiniMax,1,637,519,118,0.0015,100.0,0.0,0.0,0.0,1335.0,1335.0,1335.0,596.0,6.0,1,1,1,0.0,0.0,0.0,0.0,22,637.0,0.2274,0.0015,0.0015,18.6441
2026-05-02 23:00:00,DeepSeek,11,5348,3520,1828,0.0064,81.8182,18.1818,9.0909,0.0,4520.0,5171.0,5391.0,4865.5,177.0,5,9,11,0.0,0.0,27.2727,0.0,292,486.1818,0.5193,0.0006,0.0007,15.9737
2026-05-02 23:00:00,MiniMax,1,899,546,353,0.0022,100.0,0.0,0.0,0.0,3153.0,3153.0,3153.0,1027.0,131.0,1,1,1,0.0,0.0,0.0,0.0,73,899.0,0.6465,0.0022,0.0022,20.6799
2026-05-02 23:00:00,Qwen,1,924,714,210,0.0015,100.0,0.0,0.0,0.0,1959.0,1959.0,1959.0,1255.0,23.0,1,1,1,0.0,0.0,0.0,0.0,0,924.0,0.2941,0.0015,0.0015,0.0
2026-05-03 00:00:00,DeepSeek,13,7337,5276,2061,0.0088,92.3077,7.6923,0.0,7.6923,6052.0,6543.8,6566.36,5801.0,160.8,3,7,9,0.0,7.6923,7.6923,0.0,382,564.3846,0.3906,0.0007,0.0007,18.5347
2026-05-03 00:00:00,MiniMax,1,373,277,96,0.0009,100.0,0.0,0.0,0.0,1877.0,1877.0,1877.0,789.0,78.0,1,1,1,0.0,0.0,100.0,0.0,21,373.0,0.3466,0.0009,0.0009,21.875
2026-05-03 00:00:00,Qwen,1,225,176,49,0.0004,100.0,0.0,0.0,0.0,775.0,775.0,775.0,571.0,67.0,1,1,1,0.0,0.0,100.0,0.0,0,225.0,0.2784,0.0004,0.0004,0.0
2026-05-03 01:00:00,DeepSeek,17,11488,8062,3426,0.0138,94.1176,5.8824,5.8824,0.0,6193.0,8037.4,9005.08,7555.8,146.6,9,12,12,0.0,5.8824,11.7647,0.0,505,675.7647,0.425,0.0008,0.0009,14.7402
2026-05-03 02:00:00,DeepSeek,10,7556,5205,2351,0.0091,100.0,0.0,0.0,0.0,6937.5,8653.95,9485.19,8271.6,227.6,5,8,9,0.0,0.0,20.0,0.0,362,755.6,0.4517,0.0009,0.0009,15.3977
2026-05-03 02:00:00,MiniMax,1,896,821,75,0.0022,100.0,0.0,0.0,0.0,1470.0,1470.0,1470.0,720.0,151.0,1,1,1,0.0,100.0,0.0,0.0,9,896.0,0.0914,0.0022,0.0022,12.0
2026-05-03 03:00:00,DeepSeek,12,6908,4652,2256,0.0083,100.0,0.0,0.0,0.0,6318.5,7827.65,8495.13,7591.75,164.0,8,10,10,0.0,0.0,8.3333,0.0,350,575.6667,0.485,0.0007,0.0007,15.5142
2026-05-03 03:00:00,MiniMax,3,1942,1269,673,0.0047,100.0,0.0,0.0,0.0,1272.0,1540.2,1564.04,613.5,126.0,3,3,3,0.0,0.0,33.3333,0.0,83,647.3333,0.5303,0.0016,0.0016,12.3328
2026-05-03 04:00:00,DeepSeek,11,7165,3997,3168,0.0086,100.0,0.0,0.0,0.0,6188.0,8056.0,8909.6,6746.0,108.5,6,8,9,0.0,0.0,18.1818,0.0,497,651.3636,0.7926,0.0008,0.0008,15.6881
2026-05-03 04:00:00,MiniMax,1,284,162,122,0.0007,100.0,0.0,0.0,0.0,1510.0,1510.0,1510.0,470.0,15.0,1,1,1,0.0,0.0,0.0,100.0,6,284.0,0.7531,0.0007,0.0007,4.918
2026-05-03 05:00:00,DeepSeek,15,10577,7207,3370,0.0127,100.0,0.0,0.0,0.0,6039.0,7783.9,9196.78,7190.2,159.3,8,13,12,0.0,0.0,13.3333,0.0,547,705.1333,0.4676,0.0008,0.0008,16.2315
2026-05-03 05:00:00,Qwen,3,3089,2428,661,0.0049,100.0,0.0,0.0,0.0,1540.0,1686.7,1699.74,1172.0,58.1,3,3,3,0.0,0.0,33.3333,0.0,0,1029.6667,0.2722,0.0016,0.0016,0.0
2026-05-03 06:00:00,DeepSeek,42,27759,18902,8857,0.0333,95.2381,4.7619,0.0,2.381,6484.0,9019.3,9893.37,8853.3,163.2,10,22,26,4.7619,4.7619,26.1905,0.0,1551,660.9286,0.4686,0.0008,0.0008,17.5116
2026-05-03 06:00:00,MiniMax,2,1384,1158,226,0.0033,100.0,0.0,0.0,0.0,1092.0,1191.0,1199.8,575.55,50.0,2,2,2,0.0,50.0,0.0,0.0,48,692.0,0.1952,0.0017,0.0017,21.2389
2026-05-03 06:00:00,Qwen,1,446,268,178,0.0007,100.0,0.0,0.0,0.0,1397.0,1397.0,1397.0,458.0,69.0,1,1,1,0.0,0.0,0.0,0.0,0,446.0,0.6642,0.0007,0.0007,0.0
2026-05-03 07:00:00,DeepSeek,39,29117,20723,8394,0.0349,92.3077,7.6923,2.5641,2.5641,6215.0,9030.9,9556.46,8905.7,144.2,7,19,18,0.0,7.6923,10.2564,0.0,1466,746.5897,0.4051,0.0009,0.001,17.4649
2026-05-03 07:00:00,MiniMax,3,1635,1028,607,0.0039,100.0,0.0,0.0,0.0,1551.0,2037.0,2080.2,762.2,84.3,2,2,3,0.0,0.0,0.0,0.0,118,545.0,0.5905,0.0013,0.0013,19.4399
2026-05-03 07:00:00,Qwen,1,684,520,164,0.0011,100.0,0.0,0.0,0.0,1422.0,1422.0,1422.0,417.0,38.0,1,1,1,0.0,0.0,0.0,0.0,0,684.0,0.3154,0.0011,0.0011,0.0
2026-05-03 08:00:00,DeepSeek,38,26713,19225,7488,0.0321,94.7368,5.2632,2.6316,0.0,6368.0,7387.05,8958.54,7020.6,121.35,10,23,23,0.0,2.6316,13.1579,0.0,1172,702.9737,0.3895,0.0008,0.0009,15.6517
2026-05-03 08:00:00,Qwen,1,1010,256,754,0.0016,100.0,0.0,0.0,0.0,4075.0,4075.0,4075.0,417.0,78.0,1,1,1,0.0,0.0,0.0,0.0,0,1010.0,2.9453,0.0016,0.0016,0.0
2026-05-03 09:00:00,DeepSeek,75,48770,34939,13831,0.0585,97.3333,2.6667,0.0,2.6667,6306.0,9217.9,10563.74,9170.8,150.3,10,25,30,1.3333,2.6667,21.3333,0.0,2169,650.2667,0.3959,0.0008,0.0008,15.6822
2026-05-03 09:00:00,MiniMax,5,4213,2870,1343,0.0101,80.0,20.0,20.0,0.0,1684.0,2729.6,2937.92,616.0,64.2,4,5,5,0.0,0.0,20.0,0.0,193,842.6,0.4679,0.002,0.0025,14.3708
2026-05-03 09:00:00,Qwen,3,2225,1729,496,0.0036,100.0,0.0,0.0,0.0,1463.0,1587.2,1598.24,509.2,97.7,2,3,3,0.0,0.0,0.0,0.0,0,741.6667,0.2869,0.0012,0.0012,0.0
2026-05-03 10:00:00,DeepSeek,68,43758,30065,13693,0.0525,97.0588,2.9412,1.4706,0.0,6129.5,7240.45,9107.65,6876.95,161.2,10,26,28,1.4706,0.0,8.8235,0.0,1927,643.5,0.4554,0.0008,0.0008,14.0729
2026-05-03 10:00:00,MiniMax,1,448,133,315,0.0011,100.0,0.0,0.0,0.0,1414.0,1414.0,1414.0,392.0,1.0,1,1,1,0.0,0.0,0.0,0.0,70,448.0,2.3684,0.0011,0.0011,22.2222
2026-05-03 10:00:00,Qwen,2,1229,865,364,0.002,100.0,0.0,0.0,0.0,1782.5,2030.45,2052.49,1234.65,94.65,2,2,2,0.0,0.0,0.0,0.0,0,614.5,0.4208,0.001,0.001,0.0
2026-05-03 11:00:00,DeepSeek,75,49008,34038,14970,0.0588,96.0,4.0,1.3333,2.6667,6282.0,8178.6,9737.9,7572.8,152.3,10,26,30,0.0,4.0,30.6667,0.0,2657,653.44,0.4398,0.0008,0.0008,17.7488
2026-05-03 11:00:00,MiniMax,8,5770,4103,1667,0.0138,87.5,12.5,0.0,12.5,1722.5,2213.45,2301.09,670.45,117.95,5,8,6,0.0,12.5,25.0,0.0,241,721.25,0.4063,0.0017,0.002,14.4571
2026-05-03 11:00:00,Qwen,1,826,472,354,0.0013,100.0,0.0,0.0,0.0,1059.0,1059.0,1059.0,429.0,97.0,1,1,1,0.0,0.0,0.0,0.0,0,826.0,0.75,0.0013,0.0013,0.0
2026-05-03 12:00:00,DeepSeek,71,45340,32142,13198,0.0544,98.5915,1.4085,1.4085,0.0,6127.0,7507.0,8170.6,6872.0,118.5,10,24,29,1.4085,2.8169,11.2676,0.0,2171,638.5915,0.4106,0.0008,0.0008,16.4495
2026-05-03 12:00:00,MiniMax,2,1195,884,311,0.0029,100.0,0.0,0.0,0.0,1588.5,1836.45,1858.49,599.3,60.8,2,2,2,0.0,0.0,0.0,0.0,66,597.5,0.3518,0.0014,0.0014,21.2219
2026-05-03 13:00:00,DeepSeek,72,51319,35829,15490,0.0616,98.6111,1.3889,0.0,1.3889,6247.0,9488.1,10032.63,8957.1,181.6,10,26,26,1.3889,1.3889,12.5,1.3889,2435,712.7639,0.4323,0.0009,0.0009,15.7198
2026-05-03 13:00:00,MiniMax,1,424,281,143,0.001,0.0,100.0,100.0,0.0,2122.0,2122.0,2122.0,551.0,73.0,1,1,1,0.0,0.0,0.0,0.0,22,424.0,0.5089,0.001,,15.3846
2026-05-03 13:00:00,Qwen,3,1897,1165,732,0.003,100.0,0.0,0.0,0.0,1435.0,2015.5,2067.1,482.1,76.7,3,3,3,33.3333,0.0,33.3333,0.0,0,632.3333,0.6283,0.001,0.001,0.0
2026-05-03 14:00:00,DeepSeek,73,53940,38270,15670,0.0647,94.5205,5.4795,1.3699,2.7397,6354.0,9335.0,9774.4,8571.0,174.6,10,26,31,0.0,2.7397,20.5479,0.0,2747,738.9041,0.4095,0.0009,0.0009,17.5303
2026-05-03 14:00:00,Qwen,4,2650,1208,1442,0.0042,100.0,0.0,0.0,0.0,1918.0,3019.95,3140.79,460.0,174.05,4,4,4,0.0,25.0,0.0,0.0,0,662.5,1.1937,0.0011,0.0011,0.0
2026-05-03 15:00:00,DeepSeek,63,43441,29908,13533,0.0521,93.6508,6.3492,0.0,1.5873,6212.0,8044.5,10216.64,7300.2,161.8,10,23,28,0.0,4.7619,22.2222,0.0,2390,689.5397,0.4525,0.0008,0.0009,17.6605
2026-05-03 15:00:00,MiniMax,3,2068,1294,774,0.005,100.0,0.0,0.0,0.0,1766.0,1802.0,1805.2,674.1,143.6,3,3,3,0.0,0.0,33.3333,0.0,179,689.3333,0.5981,0.0017,0.0017,23.1266
2026-05-03 16:00:00,DeepSeek,69,50178,34223,15955,0.0602,94.2029,5.7971,1.4493,2.8986,6496.0,8904.0,9724.0,8394.6,170.6,9,25,26,1.4493,10.1449,20.2899,0.0,2466,727.2174,0.4662,0.0009,0.0009,15.456
2026-05-03 16:00:00,MiniMax,5,3280,2141,1139,0.0079,100.0,0.0,0.0,0.0,1640.0,2735.2,2883.84,996.8,105.8,3,4,5,0.0,20.0,40.0,0.0,164,656.0,0.532,0.0016,0.0016,14.3986
2026-05-03 16:00:00,Qwen,2,765,436,329,0.0012,100.0,0.0,0.0,0.0,904.0,1039.0,1051.0,383.65,90.55,2,2,2,0.0,0.0,50.0,0.0,0,382.5,0.7546,0.0006,0.0006,0.0
2026-05-03 17:00:00,DeepSeek,75,46414,33590,12824,0.0557,97.3333,2.6667,0.0,1.3333,6184.0,8461.8,9692.22,8161.6,139.6,10,28,33,0.0,2.6667,18.6667,0.0,1907,618.8533,0.3818,0.0007,0.0008,14.8706
2026-05-03 17:00:00,MiniMax,3,1765,1472,293,0.0042,100.0,0.0,0.0,0.0,1209.0,1922.7,1986.14,1124.1,72.2,3,3,3,0.0,0.0,33.3333,0.0,65,588.3333,0.199,0.0014,0.0014,22.1843
2026-05-03 17:00:00,Qwen,1,225,126,99,0.0004,100.0,0.0,0.0,0.0,1087.0,1087.0,1087.0,375.0,43.0,1,1,1,0.0,0.0,0.0,0.0,0,225.0,0.7857,0.0004,0.0004,0.0
2026-05-03 18:00:00,DeepSeek,44,29665,20078,9587,0.0356,97.7273,2.2727,2.2727,0.0,6456.5,9732.0,10532.03,9237.65,118.4,9,22,23,2.2727,4.5455,22.7273,0.0,1583,674.2045,0.4775,0.0008,0.0008,16.5119
2026-05-03 18:00:00,MiniMax,1,901,788,113,0.0022,100.0,0.0,0.0,0.0,1415.0,1415.0,1415.0,517.0,48.0,1,1,1,0.0,0.0,100.0,0.0,19,901.0,0.1434,0.0022,0.0022,16.8142
2026-05-03 18:00:00,Qwen,3,1416,546,870,0.0023,100.0,0.0,0.0,0.0,1585.0,1674.1,1682.02,464.9,97.2,3,3,3,0.0,33.3333,33.3333,0.0,0,472.0,1.5934,0.0008,0.0008,0.0
2026-05-03 19:00:00,DeepSeek,45,29744,19902,9842,0.0357,97.7778,2.2222,0.0,2.2222,6230.0,8666.2,9311.28,8059.4,221.8,10,20,24,0.0,4.4444,11.1111,0.0,1721,660.9778,0.4945,0.0008,0.0008,17.4863
2026-05-03 19:00:00,MiniMax,3,2132,1357,775,0.0051,100.0,0.0,0.0,0.0,2073.0,2478.9,2514.98,600.5,116.7,2,3,3,0.0,0.0,66.6667,0.0,122,710.6667,0.5711,0.0017,0.0017,15.7419
2026-05-03 20:00:00,DeepSeek,42,28136,19305,8831,0.0338,95.2381,4.7619,0.0,4.7619,6203.5,8131.25,8317.52,6698.15,162.1,10,23,25,0.0,2.381,26.1905,0.0,1426,669.9048,0.4574,0.0008,0.0008,16.1477
2026-05-03 20:00:00,MiniMax,2,846,565,281,0.002,100.0,0.0,0.0,0.0,1820.5,2046.85,2066.97,627.95,66.85,2,2,2,0.0,50.0,0.0,0.0,53,423.0,0.4973,0.001,0.001,18.8612
2026-05-03 20:00:00,Qwen,2,1309,981,328,0.0021,100.0,0.0,0.0,0.0,1293.5,1797.95,1842.79,547.35,217.3,2,2,2,0.0,0.0,0.0,0.0,0,654.5,0.3344,0.001,0.001,0.0
2026-05-03 21:00:00,DeepSeek,56,35507,23761,11746,0.0426,91.0714,8.9286,0.0,3.5714,6209.5,7975.0,9604.2,6891.0,152.75,10,23,29,1.7857,8.9286,14.2857,0.0,1691,634.0536,0.4943,0.0008,0.0008,14.3964
2026-05-03 21:00:00,MiniMax,3,2008,1492,516,0.0048,66.6667,33.3333,33.3333,0.0,1574.0,1609.1,1612.22,689.5,161.6,3,3,3,0.0,0.0,33.3333,0.0,94,669.3333,0.3458,0.0016,0.0024,18.2171
2026-05-03 22:00:00,DeepSeek,26,16850,12293,4557,0.0202,100.0,0.0,0.0,0.0,6220.0,7638.0,8416.0,7464.25,124.0,9,17,19,7.6923,3.8462,26.9231,0.0,709,648.0769,0.3707,0.0008,0.0008,15.5585
2026-05-03 22:00:00,MiniMax,1,497,334,163,0.0012,100.0,0.0,0.0,0.0,1109.0,1109.0,1109.0,738.0,87.0,1,1,1,0.0,0.0,0.0,0.0,10,497.0,0.488,0.0012,0.0012,6.135
2026-05-03 22:00:00,Qwen,2,776,449,327,0.0012,100.0,0.0,0.0,0.0,1305.5,1558.85,1581.37,450.8,52.35,1,2,1,0.0,0.0,100.0,0.0,0,388.0,0.7283,0.0006,0.0006,0.0
2026-05-03 23:00:00,DeepSeek,21,12854,8751,4103,0.0154,95.2381,4.7619,0.0,4.7619,6259.0,9467.0,9595.0,9171.0,89.0,8,11,11,4.7619,0.0,14.2857,0.0,696,612.0952,0.4689,0.0007,0.0008,16.9632
2026-05-03 23:00:00,MiniMax,2,907,574,333,0.0022,100.0,0.0,0.0,0.0,1865.0,1987.4,1998.28,702.8,154.5,2,2,2,0.0,50.0,0.0,0.0,70,453.5,0.5801,0.0011,0.0011,21.021
2026-05-04 00:00:00,DeepSeek,25,18340,12525,5815,0.022,96.0,4.0,0.0,4.0,6223.0,7220.6,7496.96,6409.8,127.0,9,14,16,0.0,4.0,20.0,0.0,1052,733.6,0.4643,0.0009,0.0009,18.0911
2026-05-04 00:00:00,MiniMax,1,1753,993,760,0.0042,100.0,0.0,0.0,0.0,5197.0,5197.0,5197.0,529.0,82.0,1,1,1,0.0,0.0,100.0,0.0,176,1753.0,0.7654,0.0042,0.0042,23.1579
2026-05-04 01:00:00,DeepSeek,17,11596,8165,3431,0.0139,94.1176,5.8824,0.0,0.0,6143.0,8042.4,9035.68,7434.0,158.6,8,15,13,0.0,5.8824,23.5294,0.0,580,682.1176,0.4202,0.0008,0.0009,16.9047
2026-05-04 02:00:00,DeepSeek,14,9735,6199,3536,0.0117,92.8571,7.1429,0.0,7.1429,6279.0,8037.0,8723.4,7026.8,172.15,8,12,10,0.0,0.0,21.4286,0.0,459,695.3571,0.5704,0.0008,0.0009,12.9808
2026-05-04 02:00:00,MiniMax,1,672,544,128,0.0016,0.0,100.0,0.0,100.0,1182.0,1182.0,1182.0,568.0,47.0,1,1,1,0.0,0.0,100.0,0.0,31,672.0,0.2353,0.0016,,24.2188
2026-05-04 03:00:00,DeepSeek,135,91969,63310,28659,0.1104,89.6296,10.3704,10.3704,0.0,6364.0,10525.5,17380.28,9305.8,154.9,8,12,28,0.0,23.7037,17.7778,0.0,4198,681.2519,0.4527,0.0008,0.0009,14.6481
2026-05-04 03:00:00,MiniMax,5,3180,2416,764,0.0076,100.0,0.0,0.0,0.0,1090.0,1978.4,2045.28,797.6,73.8,2,2,5,0.0,40.0,20.0,0.0,107,636.0,0.3162,0.0015,0.0015,14.0052
2026-05-04 04:00:00,DeepSeek,30,22649,16859,5790,0.0272,96.6667,3.3333,0.0,3.3333,6154.0,8059.6,8113.76,7941.05,172.3,9,20,18,0.0,6.6667,13.3333,0.0,1003,754.9667,0.3434,0.0009,0.0009,17.323
2026-05-04 04:00:00,MiniMax,3,1821,1561,260,0.0044,100.0,0.0,0.0,0.0,1122.0,1148.1,1150.42,520.4,52.3,2,3,3,0.0,0.0,33.3333,0.0,55,607.0,0.1666,0.0015,0.0015,21.1538
2026-05-04 05:00:00,DeepSeek,24,16527,11153,5374,0.0198,95.8333,4.1667,0.0,0.0,6310.0,8002.05,9224.98,7386.65,106.5,8,15,18,0.0,8.3333,4.1667,0.0,1003,688.625,0.4818,0.0008,0.0009,18.6639
2026-05-04 06:00:00,DeepSeek,62,40732,30962,9770,0.0489,100.0,0.0,0.0,0.0,5977.0,7185.9,7307.12,6761.1,147.7,9,22,22,3.2258,6.4516,12.9032,0.0,1469,656.9677,0.3155,0.0008,0.0008,15.0358
2026-05-04 06:00:00,MiniMax,3,2683,1935,748,0.0064,100.0,0.0,0.0,0.0,1791.0,2066.4,2090.88,637.6,39.6,2,2,3,0.0,0.0,0.0,0.0,104,894.3333,0.3866,0.0021,0.0021,13.9037
2026-05-04 06:00:00,Qwen,2,1232,937,295,0.002,100.0,0.0,0.0,0.0,1219.5,1248.75,1251.35,356.55,66.65,2,2,2,0.0,0.0,50.0,50.0,0,616.0,0.3148,0.001,0.001,0.0
2026-05-04 07:00:00,DeepSeek,70,48417,30499,17918,0.0581,95.7143,4.2857,1.4286,1.4286,6324.5,9396.0,9924.15,8885.9,134.55,10,25,28,0.0,2.8571,21.4286,0.0,3076,691.6714,0.5875,0.0008,0.0009,17.1671
2026-05-04 07:00:00,MiniMax,5,3399,2570,829,0.0082,100.0,0.0,0.0,0.0,1323.0,2486.4,2641.28,813.2,150.0,4,4,5,0.0,0.0,20.0,0.0,112,679.8,0.3226,0.0016,0.0016,13.5103
2026-05-04 07:00:00,Qwen,1,611,465,146,0.001,100.0,0.0,0.0,0.0,1338.0,1338.0,1338.0,405.0,88.0,1,1,1,0.0,0.0,100.0,0.0,0,611.0,0.314,0.001,0.001,0.0
2026-05-04 08:00:00,DeepSeek,61,42179,28765,13414,0.0506,95.082,4.918,4.918,0.0,6345.0,9058.0,9853.8,8807.0,167.0,10,25,24,3.2787,3.2787,9.8361,0.0,1940,691.459,0.4663,0.0008,0.0009,14.4625
2026-05-04 08:00:00,MiniMax,4,2030,1252,778,0.0049,100.0,0.0,0.0,0.0,1766.0,2380.75,2454.55,800.35,82.85,3,4,4,0.0,0.0,25.0,0.0,157,507.5,0.6214,0.0012,0.0012,20.1799
2026-05-04 08:00:00,Qwen,2,1108,601,507,0.0018,100.0,0.0,0.0,0.0,1668.0,1933.5,1957.1,584.4,145.0,2,2,2,0.0,0.0,50.0,0.0,0,554.0,0.8436,0.0009,0.0009,0.0
2026-05-04 09:00:00,DeepSeek,115,71453,48515,22938,0.0857,95.6522,4.3478,1.7391,1.7391,6185.0,8720.0,9172.0,8181.1,186.8,10,28,35,0.0,2.6087,14.7826,0.0,3691,621.3304,0.4728,0.0007,0.0008,16.0912
2026-05-04 09:00:00,MiniMax,7,4637,2585,2052,0.0111,100.0,0.0,0.0,0.0,1830.0,4000.1,4728.02,673.4,88.0,5,7,6,0.0,0.0,14.2857,0.0,258,662.4286,0.7938,0.0016,0.0016,12.5731
2026-05-04 09:00:00,Qwen,3,1623,896,727,0.0026,100.0,0.0,0.0,0.0,1388.0,1644.5,1667.3,718.2,195.6,3,3,3,0.0,0.0,66.6667,0.0,0,541.0,0.8114,0.0009,0.0009,0.0
2026-05-04 10:00:00,DeepSeek,120,78248,54149,24099,0.0939,95.8333,4.1667,0.8333,1.6667,6178.0,7487.2,9900.94,7114.15,155.6,10,30,40,1.6667,3.3333,19.1667,0.0,4009,652.0667,0.445,0.0008,0.0008,16.6355
2026-05-04 10:00:00,MiniMax,5,3040,2158,882,0.0073,100.0,0.0,0.0,0.0,1986.0,2876.2,2989.64,1071.0,97.0,4,4,5,20.0,0.0,20.0,0.0,130,608.0,0.4087,0.0015,0.0015,14.7392
2026-05-04 10:00:00,Qwen,6,3739,2029,1710,0.006,100.0,0.0,0.0,0.0,1665.5,1830.0,1832.4,691.0,196.5,5,6,6,16.6667,16.6667,16.6667,0.0,0,623.1667,0.8428,0.001,0.001,0.0
2026-05-04 11:00:00,DeepSeek,117,81212,58091,23121,0.0975,95.7265,4.2735,0.8547,3.4188,6116.0,7931.2,9094.4,7419.8,140.8,10,28,30,2.5641,3.4188,19.6581,0.0,3853,694.1197,0.398,0.0008,0.0009,16.6645
2026-05-04 11:00:00,MiniMax,4,3198,2499,699,0.0077,100.0,0.0,0.0,0.0,1273.0,2028.65,2108.93,667.5,125.05,4,4,4,0.0,0.0,0.0,0.0,66,799.5,0.2797,0.0019,0.0019,9.4421
2026-05-04 11:00:00,Qwen,3,1858,1191,667,0.003,100.0,0.0,0.0,0.0,1308.0,1860.6,1909.72,489.0,73.5,3,3,3,0.0,0.0,0.0,33.3333,0,619.3333,0.56,0.001,0.001,0.0
2026-05-04 12:00:00,DeepSeek,98,67296,48323,18973,0.0808,95.9184,4.0816,0.0,1.0204,6185.0,8601.75,9544.45,8464.7,153.2,10,29,33,0.0,7.1429,18.3673,0.0,3165,686.6939,0.3926,0.0008,0.0009,16.6816
2026-05-04 12:00:00,MiniMax,5,4955,3574,1381,0.0119,100.0,0.0,0.0,0.0,2240.0,3915.8,4227.96,879.6,143.2,4,5,5,0.0,0.0,20.0,20.0,281,991.0,0.3864,0.0024,0.0024,20.3476
2026-05-04 12:00:00,Qwen,4,3409,2881,528,0.0055,100.0,0.0,0.0,0.0,926.0,1231.6,1243.12,445.2,95.85,4,4,4,0.0,0.0,25.0,0.0,0,852.25,0.1833,0.0014,0.0014,0.0
2026-05-04 13:00:00,DeepSeek,119,79065,56066,22999,0.0949,94.958,5.042,0.8403,1.6807,6227.0,8518.1,9990.94,8448.0,171.3,10,29,33,4.2017,5.042,17.6471,1.6807,3858,664.4118,0.4102,0.0008,0.0008,16.7746
2026-05-04 13:00:00,MiniMax,7,5002,3977,1025,0.012,100.0,0.0,0.0,0.0,1532.0,2543.8,2571.16,814.2,172.4,6,6,7,0.0,0.0,0.0,0.0,177,714.5714,0.2577,0.0017,0.0017,17.2683
2026-05-04 13:00:00,Qwen,2,1404,1082,322,0.0022,50.0,50.0,0.0,0.0,1058.5,1201.15,1213.83,416.0,58.1,2,2,2,0.0,0.0,0.0,0.0,0,702.0,0.2976,0.0011,0.0022,0.0
2026-05-04 14:00:00,DeepSeek,115,77826,53413,24413,0.0934,100.0,0.0,0.0,0.0,6364.0,8213.2,8911.78,7916.5,171.3,10,27,34,3.4783,1.7391,12.1739,0.0,4298,676.7478,0.4571,0.0008,0.0008,17.6054
2026-05-04 14:00:00,MiniMax,6,3439,2107,1332,0.0083,100.0,0.0,0.0,0.0,1596.5,2841.75,3037.95,900.75,123.25,4,4,6,0.0,0.0,0.0,0.0,217,573.1667,0.6322,0.0014,0.0014,16.2913
2026-05-04 14:00:00,Qwen,2,1380,958,422,0.0022,100.0,0.0,0.0,0.0,1067.5,1340.65,1364.93,454.85,106.8,1,1,2,0.0,0.0,0.0,0.0,0,690.0,0.4405,0.0011,0.0011,0.0
2026-05-04 15:00:00,DeepSeek,114,76976,53738,23238,0.0924,96.4912,3.5088,0.8772,2.6316,6302.0,8847.6,9361.39,8505.4,139.15,10,27,37,0.8772,2.6316,12.2807,0.0,4049,675.2281,0.4324,0.0008,0.0008,17.424
2026-05-04 15:00:00,MiniMax,3,2685,1557,1128,0.0064,100.0,0.0,0.0,0.0,2531.0,4065.5,4201.9,738.2,88.6,3,3,3,0.0,0.0,0.0,0.0,162,895.0,0.7245,0.0021,0.0021,14.3617
2026-05-04 15:00:00,Qwen,2,2037,1764,273,0.0033,100.0,0.0,0.0,0.0,926.5,1041.25,1051.45,563.95,214.3,2,2,2,0.0,0.0,0.0,0.0,0,1018.5,0.1548,0.0016,0.0016,0.0
2026-05-04 16:00:00,DeepSeek,101,72603,52403,20200,0.0871,94.0594,5.9406,0.9901,3.9604,6251.0,9024.0,9910.0,8679.0,151.0,10,27,31,0.0,2.9703,18.8119,0.0,3225,718.8416,0.3855,0.0009,0.0009,15.9653
2026-05-04 16:00:00,MiniMax,11,8199,6116,2083,0.0197,90.9091,9.0909,0.0,9.0909,1706.0,2332.0,2394.4,787.5,102.0,6,10,10,0.0,0.0,9.0909,0.0,391,745.3636,0.3406,0.0018,0.002,18.771
2026-05-04 16:00:00,Qwen,2,1582,1037,545,0.0025,50.0,50.0,50.0,0.0,1716.5,1817.75,1826.75,371.9,35.15,2,2,2,0.0,50.0,0.0,0.0,0,791.0,0.5256,0.0013,0.0025,0.0
2026-05-04 17:00:00,DeepSeek,130,90619,61772,28847,0.1087,97.6923,2.3077,0.0,2.3077,6277.0,8815.85,9857.47,8533.05,162.2,9,27,41,1.5385,6.1538,12.3077,0.0,4690,697.0692,0.467,0.0008,0.0009,16.2582
2026-05-04 17:00:00,MiniMax,6,3900,2488,1412,0.0094,83.3333,16.6667,16.6667,0.0,1867.5,2219.0,2290.2,696.25,117.75,5,6,6,0.0,16.6667,16.6667,0.0,289,650.0,0.5675,0.0016,0.0019,20.4674
2026-05-04 17:00:00,Qwen,3,3927,3195,732,0.0063,100.0,0.0,0.0,0.0,2283.0,2297.4,2298.68,1295.1,140.1,3,3,3,0.0,33.3333,0.0,0.0,0,1309.0,0.2291,0.0021,0.0021,0.0
2026-05-04 18:00:00,DeepSeek,75,51440,36218,15222,0.0617,100.0,0.0,0.0,0.0,6145.0,7966.1,8800.14,7019.1,167.4,10,28,30,0.0,8.0,22.6667,1.3333,2637,685.8667,0.4203,0.0008,0.0008,17.3236
2026-05-04 18:00:00,MiniMax,3,2739,2158,581,0.0066,100.0,0.0,0.0,0.0,1290.0,1884.0,1936.8,672.3,88.8,3,3,3,0.0,0.0,0.0,0.0,73,913.0,0.2692,0.0022,0.0022,12.5645
2026-05-04 18:00:00,Qwen,3,2306,1607,699,0.0037,100.0,0.0,0.0,0.0,1397.0,1638.2,1659.64,436.8,84.9,2,3,3,0.0,0.0,0.0,0.0,0,768.6667,0.435,0.0012,0.0012,0.0
2026-05-04 19:00:00,DeepSeek,75,45828,31512,14316,0.055,97.3333,2.6667,1.3333,1.3333,6201.0,8228.6,9627.82,7190.8,194.9,10,26,29,0.0,1.3333,18.6667,0.0,2214,611.04,0.4543,0.0007,0.0008,15.4652
2026-05-04 19:00:00,MiniMax,1,830,481,349,0.002,100.0,0.0,0.0,0.0,2713.0,2713.0,2713.0,506.0,10.0,1,1,1,0.0,0.0,0.0,0.0,29,830.0,0.7256,0.002,0.002,8.3095
2026-05-04 20:00:00,DeepSeek,58,39636,26471,13165,0.0476,93.1034,6.8966,1.7241,3.4483,6410.5,9176.8,9499.26,8380.7,194.75,10,25,25,0.0,3.4483,24.1379,0.0,2063,683.3793,0.4973,0.0008,0.0009,15.6703
2026-05-04 20:00:00,MiniMax,2,1134,551,583,0.0027,100.0,0.0,0.0,0.0,2427.5,2519.75,2527.95,782.8,108.0,1,2,2,0.0,0.0,0.0,0.0,81,567.0,1.0581,0.0014,0.0014,13.8937
2026-05-04 20:00:00,Qwen,1,364,184,180,0.0006,100.0,0.0,0.0,0.0,887.0,887.0,887.0,528.0,35.0,1,1,1,0.0,100.0,100.0,0.0,0,364.0,0.9783,0.0006,0.0006,0.0
2026-05-04 21:00:00,DeepSeek,69,49496,34704,14792,0.0594,100.0,0.0,0.0,0.0,6287.0,7873.0,8974.72,7193.6,194.8,10,29,32,1.4493,1.4493,17.3913,0.0,2566,717.3333,0.4262,0.0009,0.0009,17.3472
2026-05-04 21:00:00,MiniMax,3,1600,1069,531,0.0038,100.0,0.0,0.0,0.0,1685.0,2488.7,2560.14,529.6,104.4,3,3,3,0.0,0.0,0.0,0.0,80,533.3333,0.4967,0.0013,0.0013,15.0659
2026-05-04 21:00:00,Qwen,4,2612,1880,732,0.0042,100.0,0.0,0.0,0.0,1069.0,1296.85,1316.17,517.25,38.5,4,4,4,0.0,25.0,25.0,0.0,0,653.0,0.3894,0.001,0.001,0.0
2026-05-04 22:00:00,DeepSeek,33,22709,15683,7026,0.0272,93.9394,6.0606,0.0,6.0606,6227.0,7199.6,8627.84,7114.2,154.8,9,20,23,0.0,0.0,27.2727,0.0,1215,688.1515,0.448,0.0008,0.0009,17.2929
2026-05-04 22:00:00,MiniMax,3,1318,853,465,0.0032,100.0,0.0,0.0,0.0,1468.0,2002.6,2050.12,739.2,100.7,3,3,3,0.0,0.0,33.3333,0.0,58,439.3333,0.5451,0.0011,0.0011,12.4731
2026-05-04 22:00:00,Qwen,1,734,431,303,0.0012,100.0,0.0,0.0,0.0,1910.0,1910.0,1910.0,438.0,138.0,1,1,1,0.0,0.0,0.0,0.0,0,734.0,0.703,0.0012,0.0012,0.0
2026-05-04 23:00:00,DeepSeek,35,25305,19128,6177,0.0304,97.1429,2.8571,0.0,2.8571,6073.0,8922.2,9836.9,8789.3,136.6,10,18,22,0.0,0.0,8.5714,0.0,1063,723.0,0.3229,0.0009,0.0009,17.209
2026-05-04 23:00:00,MiniMax,1,828,697,131,0.002,100.0,0.0,0.0,0.0,1544.0,1544.0,1544.0,503.0,21.0,1,1,1,0.0,0.0,100.0,0.0,25,828.0,0.1879,0.002,0.002,19.084
2026-05-05 00:00:00,DeepSeek,23,17133,13242,3891,0.0206,91.3043,8.6957,4.3478,0.0,14029.0,23618.6,24389.68,14342.7,137.4,10,16,17,0.0,0.0,21.7391,0.0,614,744.913,0.2938,0.0009,0.001,15.78
2026-05-05 00:00:00,MiniMax,1,368,301,67,0.0009,100.0,0.0,0.0,0.0,1699.0,1699.0,1699.0,882.0,277.0,1,1,1,0.0,0.0,0.0,0.0,7,368.0,0.2226,0.0009,0.0009,10.4478
2026-05-05 01:00:00,DeepSeek,31,25756,18437,7319,0.0309,90.3226,9.6774,3.2258,3.2258,12105.0,18767.0,19349.5,10566.0,131.0,10,20,20,0.0,12.9032,9.6774,0.0,1298,830.8387,0.397,0.001,0.0011,17.7347
2026-05-05 02:00:00,DeepSeek,15,10223,7431,2792,0.0123,86.6667,13.3333,6.6667,0.0,10666.0,20080.1,20448.02,12269.9,175.1,8,13,12,0.0,6.6667,13.3333,0.0,364,681.5333,0.3757,0.0008,0.0009,13.0372
2026-05-05 02:00:00,MiniMax,1,374,252,122,0.0009,100.0,0.0,0.0,0.0,1443.0,1443.0,1443.0,493.0,13.0,1,1,1,0.0,0.0,0.0,0.0,15,374.0,0.4841,0.0009,0.0009,12.2951
2026-05-05 03:00:00,DeepSeek,26,17174,12314,4860,0.0206,88.4615,11.5385,0.0,11.5385,14955.0,22034.75,23200.75,14059.5,137.5,10,19,19,0.0,11.5385,19.2308,0.0,793,660.5385,0.3947,0.0008,0.0009,16.3169
2026-05-05 04:00:00,DeepSeek,27,18063,12511,5552,0.0217,88.8889,11.1111,0.0,7.4074,13184.0,19131.8,22724.38,11398.7,225.1,10,18,20,7.4074,3.7037,7.4074,0.0,782,669.0,0.4438,0.0008,0.0009,14.085
2026-05-05 04:00:00,MiniMax,2,1918,1431,487,0.0046,100.0,0.0,0.0,0.0,1976.0,2667.2,2728.64,776.25,20.95,2,2,2,0.0,0.0,0.0,0.0,74,959.0,0.3403,0.0023,0.0023,15.1951
2026-05-05 05:00:00,DeepSeek,25,17277,12876,4401,0.0207,88.0,12.0,4.0,4.0,12920.0,17643.6,20317.12,11126.4,116.4,8,17,17,0.0,12.0,20.0,0.0,647,691.08,0.3418,0.0008,0.0009,14.7012
2026-05-05 05:00:00,MiniMax,2,1851,1461,390,0.0044,100.0,0.0,0.0,0.0,1436.5,1607.95,1623.19,728.5,74.75,2,2,2,0.0,0.0,50.0,0.0,59,925.5,0.2669,0.0022,0.0022,15.1282
2026-05-05 05:00:00,Qwen,1,702,484,218,0.0011,100.0,0.0,0.0,0.0,1021.0,1021.0,1021.0,403.0,11.0,1,1,1,0.0,0.0,0.0,0.0,0,702.0,0.4504,0.0011,0.0011,0.0
2026-05-05 06:00:00,DeepSeek,63,43792,30656,13136,0.0526,93.6508,6.3492,0.0,3.1746,13979.0,20845.5,23047.28,13668.2,185.5,10,26,30,0.0,4.7619,14.2857,0.0,2111,695.1111,0.4285,0.0008,0.0009,16.0703
2026-05-05 06:00:00,MiniMax,4,3003,2337,666,0.0072,100.0,0.0,0.0,0.0,1464.0,1708.35,1728.87,606.15,140.35,2,3,3,0.0,0.0,25.0,0.0,150,750.75,0.285,0.0018,0.0018,22.5225
2026-05-05 06:00:00,Qwen,2,2225,957,1268,0.0036,100.0,0.0,0.0,0.0,2940.0,3835.5,3915.1,482.05,61.0,2,2,2,0.0,0.0,0.0,0.0,0,1112.5,1.325,0.0018,0.0018,0.0
2026-05-05 07:00:00,DeepSeek,58,37041,24811,12230,0.0445,93.1034,6.8966,0.0,5.1724,12225.0,22696.65,27210.05,13585.95,175.4,9,22,28,0.0,3.4483,18.9655,0.0,1924,638.6379,0.4929,0.0008,0.0008,15.7318
2026-05-05 07:00:00,MiniMax,4,1850,1071,779,0.0044,100.0,0.0,0.0,0.0,1705.0,1907.25,1924.65,1081.9,62.7,4,4,4,0.0,0.0,25.0,0.0,120,462.5,0.7274,0.0011,0.0011,15.4044
2026-05-05 07:00:00,Qwen,2,979,660,319,0.0016,100.0,0.0,0.0,0.0,1121.0,1241.6,1252.32,463.45,96.55,1,1,2,0.0,0.0,0.0,0.0,0,489.5,0.4833,0.0008,0.0008,0.0
2026-05-05 08:00:00,DeepSeek,71,46429,33445,12984,0.0557,90.1408,9.8592,2.8169,4.2254,12736.0,19530.0,22308.3,12120.5,188.0,10,25,33,2.8169,5.6338,26.7606,0.0,2124,653.9296,0.3882,0.0008,0.0009,16.3586
2026-05-05 08:00:00,MiniMax,3,898,548,350,0.0022,100.0,0.0,0.0,0.0,1162.0,2062.0,2142.0,780.0,109.1,2,3,3,0.0,33.3333,0.0,0.0,25,299.3333,0.6387,0.0007,0.0007,7.1429
2026-05-05 08:00:00,Qwen,2,865,453,412,0.0014,100.0,0.0,0.0,0.0,1326.5,1582.55,1605.31,574.65,69.2,2,2,2,0.0,0.0,0.0,0.0,0,432.5,0.9095,0.0007,0.0007,0.0
2026-05-05 09:00:00,DeepSeek,112,79779,55715,24064,0.0957,92.8571,7.1429,1.7857,1.7857,11600.5,18715.05,21910.96,11480.5,207.5,10,28,36,0.8929,1.7857,16.0714,0.0,3795,712.3125,0.4319,0.0009,0.0009,15.7704
2026-05-05 09:00:00,MiniMax,3,1973,1543,430,0.0047,100.0,0.0,0.0,0.0,1469.0,2072.9,2126.58,678.7,75.9,2,2,2,0.0,33.3333,33.3333,0.0,90,657.6667,0.2787,0.0016,0.0016,20.9302
2026-05-05 09:00:00,Qwen,3,2201,923,1278,0.0035,100.0,0.0,0.0,0.0,2361.0,2926.2,2976.44,1117.6,154.7,3,3,3,33.3333,0.0,0.0,0.0,0,733.6667,1.3846,0.0012,0.0012,0.0
2026-05-05 10:00:00,DeepSeek,124,89827,64322,25505,0.1078,95.9677,4.0323,1.6129,0.8065,12468.5,20649.1,24187.63,12898.7,168.25,10,27,35,1.6129,3.2258,13.7097,0.0,4145,724.4113,0.3965,0.0009,0.0009,16.2517
2026-05-05 10:00:00,MiniMax,6,4251,3098,1153,0.0102,100.0,0.0,0.0,0.0,1433.5,1947.25,2023.05,686.75,94.0,6,6,6,0.0,0.0,16.6667,0.0,172,708.5,0.3722,0.0017,0.0017,14.9176
2026-05-05 10:00:00,Qwen,3,1873,1486,387,0.003,100.0,0.0,0.0,0.0,985.0,1037.2,1041.84,423.1,84.1,3,3,3,0.0,0.0,0.0,0.0,0,624.3333,0.2604,0.001,0.001,0.0
2026-05-05 11:00:00,DeepSeek,116,79488,55651,23837,0.0954,89.6552,10.3448,3.4483,3.4483,11012.0,19601.0,24109.4,12640.0,168.25,10,28,37,0.8621,6.0345,21.5517,0.0,3937,685.2414,0.4283,0.0008,0.0009,16.5163
2026-05-05 11:00:00,MiniMax,3,2756,2330,426,0.0066,66.6667,33.3333,0.0,0.0,1148.0,2711.3,2850.26,724.5,113.2,3,3,3,0.0,0.0,0.0,0.0,57,918.6667,0.1828,0.0022,0.0033,13.3803
2026-05-05 11:00:00,Qwen,2,325,228,97,0.0005,50.0,50.0,50.0,0.0,474.5,492.95,494.59,423.45,44.7,2,2,2,0.0,50.0,50.0,0.0,0,162.5,0.4254,0.0003,0.0005,0.0
2026-05-05 12:00:00,DeepSeek,118,80505,56491,24014,0.0966,95.7627,4.2373,1.6949,1.6949,12452.0,22457.25,23879.17,14055.55,156.45,10,27,38,3.3898,3.3898,23.7288,0.0,4056,682.2458,0.4251,0.0008,0.0009,16.8901
2026-05-05 12:00:00,MiniMax,10,8490,6095,2395,0.0204,100.0,0.0,0.0,0.0,1782.0,2635.75,2839.15,747.85,91.8,7,9,9,0.0,0.0,20.0,10.0,362,849.0,0.3929,0.002,0.002,15.1148
2026-05-05 12:00:00,Qwen,5,3575,2002,1573,0.0057,100.0,0.0,0.0,0.0,1818.0,2315.2,2340.64,506.4,103.4,5,5,5,0.0,20.0,20.0,0.0,0,715.0,0.7857,0.0011,0.0011,0.0
2026-05-05 13:00:00,DeepSeek,115,76850,55343,21507,0.0922,91.3043,8.6957,0.0,4.3478,13223.0,23047.0,24595.66,14460.1,149.4,10,30,33,1.7391,6.087,19.1304,0.0,3595,668.2609,0.3886,0.0008,0.0009,16.7155
2026-05-05 13:00:00,MiniMax,8,5936,4421,1515,0.0142,100.0,0.0,0.0,0.0,1442.0,2356.45,2393.69,618.25,104.8,7,7,8,0.0,12.5,0.0,25.0,238,742.0,0.3427,0.0018,0.0018,15.7096
2026-05-05 13:00:00,Qwen,2,1056,890,166,0.0017,100.0,0.0,0.0,0.0,867.0,915.6,919.92,471.6,71.7,2,2,2,0.0,50.0,0.0,0.0,0,528.0,0.1865,0.0008,0.0008,0.0
2026-05-05 14:00:00,DeepSeek,115,79642,57115,22527,0.0956,94.7826,5.2174,2.6087,1.7391,12258.0,22801.6,25034.6,14155.9,151.3,10,29,37,0.0,4.3478,21.7391,0.0,3956,692.5391,0.3944,0.0008,0.0009,17.5611
2026-05-05 14:00:00,MiniMax,6,4271,2990,1281,0.0103,100.0,0.0,0.0,0.0,1560.0,2484.75,2651.35,714.25,147.5,6,6,6,0.0,0.0,33.3333,0.0,151,711.8333,0.4284,0.0017,0.0017,11.7877
2026-05-05 14:00:00,Qwen,3,2468,1701,767,0.0039,66.6667,33.3333,0.0,0.0,1482.0,2243.4,2311.08,605.2,181.5,3,3,3,0.0,0.0,0.0,0.0,0,822.6667,0.4509,0.0013,0.002,0.0
2026-05-05 15:00:00,DeepSeek,100,74500,52807,21693,0.0894,88.0,12.0,3.0,5.0,12277.5,20204.9,23458.27,12612.7,145.0,10,29,32,1.0,8.0,19.0,0.0,3343,745.0,0.4108,0.0009,0.001,15.4105
2026-05-05 15:00:00,MiniMax,8,5282,3807,1475,0.0127,100.0,0.0,0.0,0.0,1484.0,2148.4,2208.88,674.3,110.0,5,6,8,0.0,0.0,25.0,0.0,315,660.25,0.3874,0.0016,0.0016,21.3559
2026-05-05 15:00:00,Qwen,3,1539,1042,497,0.0025,66.6667,33.3333,0.0,0.0,1416.0,1417.8,1417.96,941.3,49.7,2,3,3,0.0,33.3333,0.0,0.0,0,513.0,0.477,0.0008,0.0012,0.0
2026-05-05 16:00:00,DeepSeek,127,83473,58717,24756,0.1002,92.9134,7.0866,0.0,1.5748,12421.0,20311.6,24382.82,12651.4,158.8,10,28,42,0.7874,8.6614,17.3228,0.7874,3837,657.2677,0.4216,0.0008,0.0008,15.4993
2026-05-05 16:00:00,MiniMax,6,3116,2420,696,0.0075,100.0,0.0,0.0,0.0,1441.5,1546.25,1557.25,707.5,151.75,3,5,3,0.0,0.0,16.6667,0.0,96,519.3333,0.2876,0.0012,0.0012,13.7931
2026-05-05 16:00:00,Qwen,3,2212,1591,621,0.0035,100.0,0.0,0.0,0.0,1404.0,1735.2,1764.64,497.5,61.0,3,3,3,0.0,0.0,0.0,0.0,0,737.3333,0.3903,0.0012,0.0012,0.0
2026-05-05 17:00:00,DeepSeek,104,72271,51690,20581,0.0867,92.3077,7.6923,0.9615,6.7308,12448.5,20871.6,23676.82,13291.95,153.05,10,29,36,2.8846,3.8462,19.2308,0.0,3476,694.9135,0.3982,0.0008,0.0009,16.8894
2026-05-05 17:00:00,MiniMax,2,941,647,294,0.0023,100.0,0.0,0.0,0.0,1536.5,1689.95,1703.59,526.35,67.95,2,2,2,0.0,0.0,0.0,0.0,58,470.5,0.4544,0.0011,0.0011,19.7279
2026-05-05 17:00:00,Qwen,2,1114,717,397,0.0018,100.0,0.0,0.0,0.0,1232.5,1692.85,1733.77,480.85,78.0,2,2,2,0.0,0.0,0.0,0.0,0,557.0,0.5537,0.0009,0.0009,0.0
2026-05-05 18:00:00,DeepSeek,66,43876,32628,11248,0.0526,93.9394,6.0606,1.5152,0.0,13092.5,20992.75,25337.7,13057.75,134.5,10,26,29,0.0,3.0303,24.2424,0.0,1766,664.7879,0.3447,0.0008,0.0008,15.7006
2026-05-05 18:00:00,MiniMax,3,1690,1314,376,0.0041,100.0,0.0,0.0,0.0,1104.0,1296.6,1313.72,588.4,60.2,3,3,3,0.0,0.0,0.0,0.0,54,563.3333,0.2861,0.0014,0.0014,14.3617
2026-05-05 18:00:00,Qwen,2,1463,1271,192,0.0023,100.0,0.0,0.0,0.0,874.5,993.75,1004.35,429.8,101.5,1,1,2,0.0,0.0,0.0,0.0,0,731.5,0.1511,0.0012,0.0012,0.0
2026-05-05 19:00:00,DeepSeek,64,43943,29901,14042,0.0527,93.75,6.25,4.6875,0.0,13828.5,21411.65,23792.15,13192.75,179.9,10,28,29,0.0,6.25,15.625,0.0,2555,686.6094,0.4696,0.0008,0.0009,18.1954
2026-05-05 19:00:00,MiniMax,4,4316,2763,1553,0.0104,100.0,0.0,0.0,0.0,2500.5,2931.0,2950.2,757.4,107.1,3,3,4,0.0,0.0,25.0,0.0,350,1079.0,0.5621,0.0026,0.0026,22.537
2026-05-05 19:00:00,Qwen,2,969,548,421,0.0016,100.0,0.0,0.0,0.0,1584.5,1856.75,1880.95,348.65,44.55,2,2,2,0.0,0.0,50.0,0.0,0,484.5,0.7682,0.0008,0.0008,0.0
2026-05-05 20:00:00,DeepSeek,79,56272,40044,16228,0.0675,91.1392,8.8608,1.2658,2.5316,11826.0,21750.9,23240.82,14169.1,182.7,10,28,33,2.5316,10.1266,17.7215,0.0,2436,712.3038,0.4053,0.0009,0.0009,15.0111
2026-05-05 20:00:00,MiniMax,7,5529,4418,1111,0.0133,100.0,0.0,0.0,0.0,1578.0,2002.0,2066.8,737.9,135.7,6,7,7,0.0,0.0,0.0,0.0,162,789.8571,0.2515,0.0019,0.0019,14.5815
2026-05-05 20:00:00,Qwen,2,1628,1239,389,0.0026,100.0,0.0,0.0,0.0,1335.0,1371.0,1374.2,534.2,61.4,2,2,2,0.0,0.0,50.0,0.0,0,814.0,0.314,0.0013,0.0013,0.0
2026-05-05 21:00:00,DeepSeek,73,47912,33787,14125,0.0575,91.7808,8.2192,1.3699,5.4795,11715.0,22005.6,25789.4,14069.6,136.2,10,25,33,1.3699,4.1096,10.9589,0.0,2171,656.3288,0.4181,0.0008,0.0009,15.3699
2026-05-05 21:00:00,MiniMax,3,1527,1091,436,0.0037,66.6667,33.3333,0.0,33.3333,1436.0,2432.3,2520.86,602.6,63.8,2,2,3,0.0,33.3333,0.0,0.0,103,509.0,0.3996,0.0012,0.0018,23.6239
2026-05-05 21:00:00,Qwen,2,1683,939,744,0.0027,100.0,0.0,0.0,0.0,2154.0,2658.9,2703.78,490.15,58.35,2,2,2,0.0,0.0,50.0,0.0,0,841.5,0.7923,0.0013,0.0013,0.0
2026-05-05 22:00:00,DeepSeek,53,35276,24657,10619,0.0423,88.6792,11.3208,1.8868,3.7736,13630.0,20803.6,24228.2,13239.8,159.6,10,25,23,0.0,5.6604,24.5283,0.0,1764,665.5849,0.4307,0.0008,0.0009,16.6117
2026-05-05 22:00:00,MiniMax,1,577,274,303,0.0014,100.0,0.0,0.0,0.0,1439.0,1439.0,1439.0,378.0,39.0,1,1,1,0.0,0.0,0.0,0.0,69,577.0,1.1058,0.0014,0.0014,22.7723
2026-05-05 22:00:00,Qwen,3,1594,1021,573,0.0026,66.6667,33.3333,0.0,33.3333,1617.0,1716.9,1725.78,439.1,119.0,2,3,3,0.0,0.0,66.6667,0.0,0,531.3333,0.5612,0.0009,0.0013,0.0
2026-05-05 23:00:00,DeepSeek,43,28422,18855,9567,0.0341,95.3488,4.6512,0.0,2.3256,13214.0,22075.2,23773.22,14007.2,160.4,10,20,22,0.0,0.0,23.2558,0.0,1597,660.9767,0.5074,0.0008,0.0008,16.6928
2026-05-05 23:00:00,MiniMax,1,770,683,87,0.0018,100.0,0.0,0.0,0.0,1057.0,1057.0,1057.0,631.0,100.0,1,1,1,0.0,0.0,0.0,0.0,16,770.0,0.1274,0.0018,0.0018,18.3908
2026-05-05 23:00:00,Qwen,1,880,758,122,0.0014,100.0,0.0,0.0,0.0,794.0,794.0,794.0,422.0,101.0,1,1,1,0.0,0.0,100.0,0.0,0,880.0,0.1609,0.0014,0.0014,0.0
2026-05-06 00:00:00,DeepSeek,21,14251,9886,4365,0.0171,90.4762,9.5238,0.0,9.5238,17141.0,23293.0,29080.2,13157.0,142.0,8,17,16,0.0,4.7619,14.2857,0.0,670,678.619,0.4415,0.0008,0.0009,15.3494
2026-05-06 00:00:00,MiniMax,1,420,135,285,0.001,100.0,0.0,0.0,0.0,2951.0,2951.0,2951.0,756.0,69.0,1,1,1,0.0,0.0,100.0,0.0,32,420.0,2.1111,0.001,0.001,11.2281
2026-05-06 01:00:00,DeepSeek,29,21885,15032,6853,0.0263,93.1034,6.8966,0.0,3.4483,16593.0,25889.8,29233.56,14629.8,169.0,10,14,21,0.0,3.4483,20.6897,0.0,1332,754.6552,0.4559,0.0009,0.001,19.4367
2026-05-06 01:00:00,MiniMax,1,422,296,126,0.001,100.0,0.0,0.0,0.0,1868.0,1868.0,1868.0,1090.0,28.0,1,1,1,0.0,0.0,0.0,0.0,25,422.0,0.4257,0.001,0.001,19.8413
2026-05-06 02:00:00,DeepSeek,27,19332,13440,5892,0.0232,100.0,0.0,0.0,0.0,15240.0,26750.5,29552.2,15073.2,182.1,10,17,17,0.0,0.0,14.8148,0.0,1097,716.0,0.4384,0.0009,0.0009,18.6185
2026-05-06 02:00:00,MiniMax,1,846,760,86,0.002,100.0,0.0,0.0,0.0,1509.0,1509.0,1509.0,602.0,98.0,1,1,1,0.0,0.0,0.0,0.0,7,846.0,0.1132,0.002,0.002,8.1395
2026-05-06 03:00:00,DeepSeek,32,20131,13666,6465,0.0242,100.0,0.0,0.0,0.0,14406.0,27935.0,28760.81,15391.15,256.0,10,22,22,6.25,12.5,12.5,3.125,939,629.0938,0.4731,0.0008,0.0008,14.5244
2026-05-06 04:00:00,DeepSeek,29,19138,12880,6258,0.023,93.1034,6.8966,3.4483,3.4483,14971.0,22574.4,23687.92,12692.0,185.8,10,20,20,0.0,6.8966,13.7931,0.0,1092,659.931,0.4859,0.0008,0.0009,17.4497
2026-05-06 04:00:00,MiniMax,1,504,353,151,0.0012,100.0,0.0,0.0,0.0,1210.0,1210.0,1210.0,478.0,18.0,1,1,1,0.0,0.0,0.0,0.0,17,504.0,0.4278,0.0012,0.0012,11.2583
2026-05-06 04:00:00,Qwen,1,903,698,205,0.0014,100.0,0.0,0.0,0.0,1514.0,1514.0,1514.0,369.0,73.0,1,1,1,0.0,0.0,0.0,0.0,0,903.0,0.2937,0.0014,0.0014,0.0
2026-05-06 05:00:00,DeepSeek,28,17950,12304,5646,0.0215,92.8571,7.1429,0.0,3.5714,13533.5,27156.1,28946.45,14891.55,162.55,9,20,17,0.0,7.1429,10.7143,0.0,783,641.0714,0.4589,0.0008,0.0008,13.8682
2026-05-06 06:00:00,DeepSeek,75,47131,31938,15193,0.0566,92.0,8.0,1.3333,2.6667,15357.0,24854.9,28956.3,13033.0,177.9,10,28,32,1.3333,5.3333,16.0,0.0,2466,628.4133,0.4757,0.0008,0.0008,16.2312
2026-05-06 06:00:00,MiniMax,2,2114,1242,872,0.0051,100.0,0.0,0.0,0.0,2862.5,3235.55,3268.71,775.05,92.0,1,1,1,0.0,0.0,0.0,0.0,213,1057.0,0.7021,0.0025,0.0025,24.4266
2026-05-06 06:00:00,Qwen,3,2239,1174,1065,0.0036,100.0,0.0,0.0,0.0,2108.0,2147.6,2151.12,643.0,84.9,3,3,3,0.0,0.0,33.3333,0.0,0,746.3333,0.9072,0.0012,0.0012,0.0
2026-05-06 07:00:00,DeepSeek,97,66668,47955,18713,0.08,93.8144,6.1856,1.0309,3.0928,12600.0,25877.6,29400.32,13390.6,169.4,10,28,38,3.0928,6.1856,20.6186,0.0,2665,687.299,0.3902,0.0008,0.0009,14.2414
2026-05-06 07:00:00,MiniMax,6,4049,2821,1228,0.0097,83.3333,16.6667,0.0,16.6667,1755.0,2906.0,3102.0,796.0,254.5,5,6,5,0.0,16.6667,0.0,0.0,195,674.8333,0.4353,0.0016,0.0019,15.8795
2026-05-06 07:00:00,Qwen,4,3670,2862,808,0.0059,100.0,0.0,0.0,0.0,1027.0,1543.25,1606.25,440.0,67.1,4,4,4,0.0,0.0,25.0,0.0,0,917.5,0.2823,0.0015,0.0015,0.0
2026-05-06 08:00:00,DeepSeek,79,55337,39447,15890,0.0664,94.9367,5.0633,1.2658,3.7975,14731.0,28367.2,30457.76,16227.3,170.2,10,26,33,1.2658,5.0633,20.2532,0.0,2628,700.4684,0.4028,0.0008,0.0009,16.5387
2026-05-06 08:00:00,MiniMax,6,4316,2876,1440,0.0104,83.3333,16.6667,0.0,0.0,1669.0,2948.0,3148.0,624.5,86.5,4,5,4,0.0,0.0,0.0,0.0,312,719.3333,0.5007,0.0017,0.0021,21.6667
2026-05-06 08:00:00,Qwen,2,1022,850,172,0.0016,100.0,0.0,0.0,0.0,899.0,973.7,980.34,582.8,48.05,2,2,2,0.0,0.0,0.0,0.0,0,511.0,0.2024,0.0008,0.0008,0.0
2026-05-06 09:00:00,DeepSeek,143,99159,71284,27875,0.119,96.5035,3.4965,0.6993,2.0979,15874.0,26946.5,30796.7,15427.0,196.4,10,29,39,1.3986,2.7972,18.8811,0.0,4273,693.4196,0.391,0.0008,0.0009,15.3291
2026-05-06 09:00:00,MiniMax,4,2450,1583,867,0.0059,100.0,0.0,0.0,0.0,1584.0,2369.7,2463.54,613.95,74.7,3,3,4,0.0,0.0,50.0,0.0,112,612.5,0.5477,0.0015,0.0015,12.9181
2026-05-06 09:00:00,Qwen,3,2287,1028,1259,0.0037,100.0,0.0,0.0,0.0,1981.0,3109.6,3209.92,633.8,108.5,2,2,3,33.3333,0.0,0.0,0.0,0,762.3333,1.2247,0.0012,0.0012,0.0
2026-05-06 10:00:00,DeepSeek,114,77861,53581,24280,0.0934,89.4737,10.5263,0.8772,4.386,16223.0,29977.4,31929.4,16736.15,147.1,10,28,35,3.5088,5.2632,18.4211,0.0,4206,682.9912,0.4531,0.0008,0.0009,17.3229
2026-05-06 10:00:00,MiniMax,6,5320,4235,1085,0.0128,100.0,0.0,0.0,0.0,1624.5,2168.0,2264.8,805.75,156.25,6,6,6,0.0,16.6667,33.3333,0.0,116,886.6667,0.2562,0.0021,0.0021,10.6912
2026-05-06 10:00:00,Qwen,7,5340,4179,1161,0.0085,85.7143,14.2857,14.2857,0.0,1347.0,1923.3,2009.46,729.6,124.5,6,7,7,0.0,0.0,0.0,0.0,0,762.8571,0.2778,0.0012,0.0014,0.0
2026-05-06 11:00:00,DeepSeek,128,86829,59856,26973,0.1042,89.8438,10.1562,3.125,3.125,14477.0,23900.05,29202.29,13361.95,160.6,10,27,36,0.7812,7.8125,17.1875,0.0,4509,678.3516,0.4506,0.0008,0.0009,16.7167
2026-05-06 11:00:00,MiniMax,5,2039,1213,826,0.0049,100.0,0.0,0.0,0.0,1521.0,1798.2,1826.84,818.0,151.4,4,5,5,0.0,0.0,40.0,0.0,187,407.8,0.681,0.001,0.001,22.6392
2026-05-06 11:00:00,Qwen,1,286,109,177,0.0005,100.0,0.0,0.0,0.0,1605.0,1605.0,1605.0,465.0,57.0,1,1,1,0.0,0.0,0.0,0.0,0,286.0,1.6239,0.0005,0.0005,0.0
2026-05-06 12:00:00,DeepSeek,124,83893,59390,24503,0.1007,96.7742,3.2258,0.0,1.6129,13953.0,24034.85,31329.38,12872.1,159.0,10,30,37,0.8065,3.2258,18.5484,0.0,4120,676.5565,0.4126,0.0008,0.0008,16.8143
2026-05-06 12:00:00,MiniMax,7,5615,4021,1594,0.0135,100.0,0.0,0.0,0.0,1631.0,2087.1,2128.62,613.2,81.7,6,7,7,0.0,0.0,14.2857,0.0,251,802.1429,0.3964,0.0019,0.0019,15.7465
2026-05-06 12:00:00,Qwen,3,2452,2017,435,0.0039,100.0,0.0,0.0,0.0,971.0,973.7,973.94,591.8,79.0,3,3,3,0.0,0.0,0.0,0.0,0,817.3333,0.2157,0.0013,0.0013,0.0
2026-05-06 13:00:00,DeepSeek,121,79573,54605,24968,0.0955,89.2562,10.7438,4.1322,4.1322,15332.0,27902.0,31595.0,15637.0,165.0,10,29,36,3.3058,7.438,16.5289,0.0,3983,657.6281,0.4572,0.0008,0.0009,15.9524
2026-05-06 13:00:00,MiniMax,3,2012,930,1082,0.0048,100.0,0.0,0.0,0.0,1601.0,2313.8,2377.16,588.0,55.9,3,3,3,0.0,0.0,0.0,0.0,133,670.6667,1.1634,0.0016,0.0016,12.2921
2026-05-06 13:00:00,Qwen,5,2697,1824,873,0.0043,100.0,0.0,0.0,0.0,884.0,1412.6,1423.32,692.8,98.0,4,4,4,0.0,0.0,20.0,20.0,0,539.4,0.4786,0.0009,0.0009,0.0
2026-05-06 14:00:00,DeepSeek,120,87616,62874,24742,0.1051,89.1667,10.8333,1.6667,4.1667,12867.5,25726.0,30616.81,14241.8,142.2,10,29,37,1.6667,7.5,17.5,0.0,3860,730.1333,0.3935,0.0009,0.001,15.601
2026-05-06 14:00:00,MiniMax,11,7736,5815,1921,0.0186,90.9091,9.0909,0.0,0.0,1616.0,1920.5,1959.3,766.5,124.0,6,8,10,0.0,0.0,9.0909,0.0,298,703.2727,0.3304,0.0017,0.0019,15.5128
2026-05-06 14:00:00,Qwen,3,2449,1715,734,0.0039,100.0,0.0,0.0,0.0,1295.0,1592.9,1619.38,453.0,29.9,3,3,3,0.0,0.0,33.3333,0.0,0,816.3333,0.428,0.0013,0.0013,0.0
2026-05-06 15:00:00,DeepSeek,143,99485,68469,31016,0.1194,97.2028,2.7972,0.0,0.6993,15185.0,27648.9,30190.52,15069.9,163.6,10,29,34,0.6993,6.993,13.986,0.0,4915,695.6993,0.453,0.0008,0.0009,15.8467
2026-05-06 15:00:00,MiniMax,4,2408,1257,1151,0.0058,100.0,0.0,0.0,0.0,1728.5,3370.45,3586.09,806.05,150.5,3,3,4,25.0,0.0,25.0,0.0,230,602.0,0.9157,0.0014,0.0014,19.9826
2026-05-06 15:00:00,Qwen,1,331,225,106,0.0005,0.0,100.0,0.0,0.0,852.0,852.0,852.0,490.0,95.0,1,1,1,0.0,0.0,0.0,0.0,0,331.0,0.4711,0.0005,,0.0
2026-05-06 16:00:00,DeepSeek,109,75603,53294,22309,0.0907,94.4954,5.5046,0.9174,2.7523,14631.0,27203.4,28664.2,15402.8,198.2,10,29,39,0.9174,3.6697,17.4312,0.0,3758,693.6055,0.4186,0.0008,0.0009,16.8452
2026-05-06 16:00:00,MiniMax,3,1915,914,1001,0.0046,100.0,0.0,0.0,0.0,1449.0,2830.5,2953.3,680.2,35.3,3,3,3,0.0,0.0,66.6667,0.0,183,638.3333,1.0952,0.0015,0.0015,18.2817
2026-05-06 16:00:00,Qwen,4,2668,1692,976,0.0043,100.0,0.0,0.0,0.0,1456.0,1953.1,2011.42,452.3,85.9,4,4,4,0.0,0.0,75.0,0.0,0,667.0,0.5768,0.0011,0.0011,0.0
2026-05-06 17:00:00,DeepSeek,129,94246,66388,27858,0.1131,95.3488,4.6512,0.7752,2.3256,14374.0,24888.8,31658.2,13106.8,159.8,10,28,43,2.3256,5.4264,24.031,0.0,4663,730.5891,0.4196,0.0009,0.0009,16.7385
2026-05-06 17:00:00,MiniMax,2,1854,1504,350,0.0044,50.0,50.0,0.0,50.0,1492.5,1911.45,1948.69,603.05,89.55,2,2,2,0.0,0.0,0.0,0.0,42,927.0,0.2327,0.0022,0.0044,12.0
2026-05-06 17:00:00,Qwen,3,1708,1213,495,0.0027,100.0,0.0,0.0,0.0,1180.0,1197.1,1198.62,621.9,79.7,3,3,3,0.0,0.0,33.3333,0.0,0,569.3333,0.4081,0.0009,0.0009,0.0
2026-05-06 18:00:00,DeepSeek,65,39543,27897,11646,0.0475,96.9231,3.0769,1.5385,1.5385,14808.0,24762.6,26674.04,13294.4,169.0,10,23,29,1.5385,3.0769,21.5385,0.0,1731,608.3538,0.4175,0.0007,0.0008,14.8635
2026-05-06 18:00:00,MiniMax,3,2389,1706,683,0.0057,100.0,0.0,0.0,0.0,2305.0,2997.1,3058.62,881.7,264.6,3,3,3,0.0,0.0,33.3333,0.0,86,796.3333,0.4004,0.0019,0.0019,12.5915
2026-05-06 18:00:00,Qwen,1,392,121,271,0.0006,100.0,0.0,0.0,0.0,1727.0,1727.0,1727.0,447.0,119.0,1,1,1,0.0,0.0,0.0,0.0,0,392.0,2.2397,0.0006,0.0006,0.0
2026-05-06 19:00:00,DeepSeek,78,55419,39769,15650,0.0665,96.1538,3.8462,0.0,2.5641,15450.5,23561.6,29990.92,13049.1,165.3,10,25,29,2.5641,2.5641,19.2308,0.0,2758,710.5,0.3935,0.0009,0.0009,17.623
2026-05-06 19:00:00,MiniMax,2,1520,1227,293,0.0036,100.0,0.0,0.0,0.0,1515.0,1686.0,1701.2,731.65,152.15,2,2,2,0.0,0.0,0.0,0.0,73,760.0,0.2388,0.0018,0.0018,24.9147
2026-05-06 19:00:00,Qwen,1,401,134,267,0.0006,100.0,0.0,0.0,0.0,1698.0,1698.0,1698.0,430.0,54.0,1,1,1,0.0,0.0,0.0,0.0,0,401.0,1.9925,0.0006,0.0006,0.0
2026-05-06 20:00:00,DeepSeek,87,60892,44728,16164,0.0731,96.5517,3.4483,2.2989,1.1494,16037.0,25855.7,28423.64,13955.6,153.7,10,29,31,1.1494,4.5977,22.9885,0.0,2590,699.908,0.3614,0.0008,0.0009,16.0233
2026-05-06 20:00:00,MiniMax,5,3856,2414,1442,0.0093,100.0,0.0,0.0,0.0,2151.0,2981.2,3075.44,695.6,149.2,4,5,4,0.0,0.0,0.0,0.0,194,771.2,0.5973,0.0019,0.0019,13.4535
2026-05-06 20:00:00,Qwen,1,406,206,200,0.0006,100.0,0.0,0.0,0.0,1554.0,1554.0,1554.0,417.0,145.0,1,1,1,0.0,0.0,0.0,0.0,0,406.0,0.9709,0.0006,0.0006,0.0
2026-05-06 21:00:00,DeepSeek,81,53310,36765,16545,0.064,97.5309,2.4691,0.0,1.2346,15440.0,23939.0,30058.0,13141.0,156.0,10,26,31,0.0,9.8765,9.8765,0.0,3067,658.1481,0.45,0.0008,0.0008,18.5373
2026-05-06 21:00:00,MiniMax,1,425,343,82,0.001,100.0,0.0,0.0,0.0,714.0,714.0,714.0,509.0,79.0,1,1,1,0.0,0.0,0.0,0.0,11,425.0,0.2391,0.001,0.001,13.4146
2026-05-06 21:00:00,Qwen,2,873,575,298,0.0014,100.0,0.0,0.0,0.0,866.5,1217.05,1248.21,424.7,84.3,2,2,2,0.0,0.0,0.0,0.0,0,436.5,0.5183,0.0007,0.0007,0.0
2026-05-06 22:00:00,DeepSeek,45,30530,21803,8727,0.0366,93.3333,6.6667,2.2222,0.0,16260.0,24773.8,27340.52,13412.4,158.8,10,23,22,2.2222,6.6667,22.2222,0.0,1370,678.4444,0.4003,0.0008,0.0009,15.6984
2026-05-06 22:00:00,MiniMax,1,845,696,149,0.002,100.0,0.0,0.0,0.0,1215.0,1215.0,1215.0,509.0,35.0,1,1,1,0.0,0.0,0.0,0.0,13,845.0,0.2141,0.002,0.002,8.7248
2026-05-06 22:00:00,Qwen,1,480,273,207,0.0008,100.0,0.0,0.0,0.0,1312.0,1312.0,1312.0,356.0,42.0,1,1,1,0.0,0.0,0.0,0.0,0,480.0,0.7582,0.0008,0.0008,0.0
2026-05-06 23:00:00,DeepSeek,40,28526,21435,7091,0.0342,95.0,5.0,2.5,2.5,13768.0,29104.85,31440.61,16279.5,216.1,9,20,23,2.5,0.0,20.0,0.0,1159,713.15,0.3308,0.0009,0.0009,16.3447
2026-05-06 23:00:00,MiniMax,1,442,211,231,0.0011,100.0,0.0,0.0,0.0,2407.0,2407.0,2407.0,623.0,205.0,1,1,1,0.0,0.0,0.0,0.0,51,442.0,1.0948,0.0011,0.0011,22.0779
2026-05-06 23:00:00,Qwen,2,1829,853,976,0.0029,100.0,0.0,0.0,0.0,2456.0,2483.0,2485.4,1186.8,126.65,2,2,2,0.0,0.0,0.0,0.0,0,914.5,1.1442,0.0015,0.0015,0.0
2026-05-07 00:00:00,DeepSeek,17,11709,8667,3042,0.014,94.1176,5.8824,5.8824,0.0,12002.0,20638.8,22852.56,12811.8,113.2,7,10,10,0.0,5.8824,23.5294,0.0,533,688.7647,0.351,0.0008,0.0009,17.5214
2026-05-07 00:00:00,MiniMax,1,569,347,222,0.0014,100.0,0.0,0.0,0.0,1655.0,1655.0,1655.0,426.0,16.0,1,1,1,0.0,0.0,0.0,0.0,22,569.0,0.6398,0.0014,0.0014,9.9099
2026-05-07 01:00:00,DeepSeek,29,18327,12026,6301,0.022,89.6552,10.3448,0.0,6.8966,11780.0,17590.8,22650.56,11200.6,110.6,9,16,18,3.4483,6.8966,10.3448,0.0,1098,631.9655,0.5239,0.0008,0.0008,17.4258
2026-05-07 01:00:00,MiniMax,3,3613,2887,726,0.0087,100.0,0.0,0.0,0.0,1876.0,2621.2,2687.44,881.0,140.8,2,3,3,0.0,0.0,0.0,0.0,151,1204.3333,0.2515,0.0029,0.0029,20.7989
2026-05-07 01:00:00,Qwen,3,1374,1146,228,0.0022,100.0,0.0,0.0,0.0,1011.0,1153.2,1165.84,387.7,115.5,3,3,3,0.0,0.0,33.3333,0.0,0,458.0,0.199,0.0007,0.0007,0.0
2026-05-07 02:00:00,DeepSeek,26,18122,13052,5070,0.0217,88.4615,11.5385,0.0,7.6923,10736.0,18336.75,21461.5,11742.25,126.5,9,16,18,3.8462,11.5385,15.3846,0.0,863,697.0,0.3884,0.0008,0.0009,17.0217
2026-05-07 02:00:00,MiniMax,2,1335,883,452,0.0032,100.0,0.0,0.0,0.0,1474.0,1519.9,1523.98,494.95,78.3,2,2,2,0.0,0.0,50.0,0.0,73,667.5,0.5119,0.0016,0.0016,16.1504
2026-05-07 02:00:00,Qwen,1,519,128,391,0.0008,100.0,0.0,0.0,0.0,2587.0,2587.0,2587.0,645.0,172.0,1,1,1,0.0,0.0,0.0,0.0,0,519.0,3.0547,0.0008,0.0008,0.0
2026-05-07 03:00:00,DeepSeek,25,16170,11777,4393,0.0194,88.0,12.0,4.0,0.0,11624.0,17297.8,17555.0,11098.2,192.8,9,17,20,0.0,0.0,12.0,0.0,691,646.8,0.373,0.0008,0.0009,15.7296
2026-05-07 03:00:00,MiniMax,3,2847,2417,430,0.0068,100.0,0.0,0.0,0.0,1209.0,2031.6,2104.72,776.1,51.8,2,3,2,0.0,0.0,0.0,0.0,85,949.0,0.1779,0.0023,0.0023,19.7674
2026-05-07 04:00:00,DeepSeek,32,22427,15943,6484,0.0269,93.75,6.25,3.125,0.0,12887.0,23563.8,24107.43,14707.75,161.75,10,16,23,0.0,3.125,12.5,0.0,1063,700.8438,0.4067,0.0008,0.0009,16.3942
2026-05-07 04:00:00,Qwen,1,599,440,159,0.001,100.0,0.0,0.0,0.0,1176.0,1176.0,1176.0,443.0,14.0,1,1,1,0.0,0.0,0.0,0.0,0,599.0,0.3614,0.001,0.001,0.0
2026-05-07 05:00:00,DeepSeek,20,13118,8636,4482,0.0157,90.0,10.0,5.0,0.0,10834.5,16589.15,17503.43,10154.7,154.0,8,13,12,0.0,0.0,10.0,0.0,723,655.9,0.519,0.0008,0.0009,16.1312
2026-05-07 05:00:00,MiniMax,2,1017,734,283,0.0024,100.0,0.0,0.0,0.0,1293.5,1706.15,1742.83,720.75,34.6,2,2,2,0.0,0.0,0.0,0.0,76,508.5,0.3856,0.0012,0.0012,26.8551
2026-05-07 06:00:00,DeepSeek,73,50245,36243,14002,0.0603,93.1507,6.8493,0.0,4.1096,10712.0,18928.8,22039.44,11351.8,176.0,10,23,31,0.0,6.8493,24.6575,0.0,2016,688.2877,0.3863,0.0008,0.0009,14.3979
2026-05-07 06:00:00,MiniMax,8,4486,2907,1579,0.0108,100.0,0.0,0.0,0.0,1542.0,2587.05,2591.81,679.85,113.6,6,7,7,0.0,0.0,12.5,0.0,287,560.75,0.5432,0.0013,0.0013,18.1761
2026-05-07 06:00:00,Qwen,1,725,517,208,0.0012,100.0,0.0,0.0,0.0,1529.0,1529.0,1529.0,393.0,81.0,1,1,1,0.0,0.0,0.0,0.0,0,725.0,0.4023,0.0012,0.0012,0.0
2026-05-07 07:00:00,DeepSeek,66,44616,33876,10740,0.0535,92.4242,7.5758,3.0303,3.0303,12025.0,18589.75,22882.2,10863.75,201.5,9,23,28,0.0,4.5455,21.2121,0.0,1680,676.0,0.317,0.0008,0.0009,15.6425
2026-05-07 07:00:00,MiniMax,6,4062,3239,823,0.0097,100.0,0.0,0.0,0.0,1505.0,2483.0,2713.4,1026.75,99.0,5,5,6,0.0,0.0,33.3333,0.0,138,677.0,0.2541,0.0016,0.0016,16.7679
2026-05-07 07:00:00,Qwen,1,425,313,112,0.0007,100.0,0.0,0.0,0.0,429.0,429.0,429.0,318.0,28.0,1,1,1,0.0,0.0,0.0,0.0,0,425.0,0.3578,0.0007,0.0007,0.0
2026-05-07 08:00:00,DeepSeek,78,51348,36117,15231,0.0616,91.0256,8.9744,0.0,5.1282,11053.0,19189.3,21210.91,12183.55,133.3,10,27,33,1.2821,5.1282,16.6667,2.5641,2629,658.3077,0.4217,0.0008,0.0009,17.2608
2026-05-07 08:00:00,MiniMax,2,2012,1792,220,0.0048,100.0,0.0,0.0,0.0,1391.5,1657.45,1681.09,517.25,98.55,2,2,2,0.0,0.0,0.0,0.0,26,1006.0,0.1228,0.0024,0.0024,11.8182
2026-05-07 08:00:00,Qwen,4,2465,1974,491,0.0039,100.0,0.0,0.0,0.0,1089.5,1566.85,1583.77,495.5,121.35,3,3,4,0.0,0.0,0.0,0.0,0,616.25,0.2487,0.001,0.001,0.0
2026-05-07 09:00:00,DeepSeek,95,67130,46480,20650,0.0806,92.6316,7.3684,1.0526,3.1579,11150.0,20360.0,22700.74,12916.1,152.2,10,27,31,0.0,3.1579,16.8421,0.0,3407,706.6316,0.4443,0.0008,0.0009,16.4988
2026-05-07 09:00:00,MiniMax,2,1217,829,388,0.0029,100.0,0.0,0.0,0.0,1469.0,1591.4,1602.28,661.95,72.2,2,2,2,0.0,0.0,0.0,0.0,69,608.5,0.468,0.0015,0.0015,17.7835
2026-05-07 09:00:00,Qwen,4,3882,3133,749,0.0062,100.0,0.0,0.0,0.0,1423.0,1821.45,1861.89,1066.2,44.4,4,4,4,0.0,0.0,50.0,0.0,0,970.5,0.2391,0.0016,0.0016,0.0
2026-05-07 10:00:00,DeepSeek,114,76934,52130,24804,0.0923,88.5965,11.4035,2.6316,4.386,11895.5,18431.25,20834.62,11244.45,158.0,10,27,37,0.8772,7.8947,16.6667,0.0,3946,674.8596,0.4758,0.0008,0.0009,15.9087
2026-05-07 10:00:00,MiniMax,7,7109,5778,1331,0.0171,85.7143,14.2857,0.0,14.2857,1859.0,2021.7,2067.54,665.1,78.5,6,7,7,0.0,0.0,0.0,0.0,245,1015.5714,0.2304,0.0024,0.0028,18.4072
2026-05-07 10:00:00,Qwen,4,2921,2092,829,0.0047,100.0,0.0,0.0,0.0,1312.0,1728.85,1786.57,625.75,62.9,3,3,4,0.0,0.0,50.0,0.0,0,730.25,0.3963,0.0012,0.0012,0.0
2026-05-07 11:00:00,DeepSeek,90,63245,45469,17776,0.0759,93.3333,6.6667,2.2222,1.1111,12062.0,18394.4,23258.59,11584.45,194.0,10,27,33,2.2222,4.4444,24.4444,0.0,2764,702.7222,0.3909,0.0008,0.0009,15.5491
2026-05-07 11:00:00,MiniMax,11,7198,4384,2814,0.0173,100.0,0.0,0.0,0.0,1647.0,2888.0,3320.0,736.0,126.0,5,8,7,0.0,0.0,27.2727,0.0,444,654.3636,0.6419,0.0016,0.0016,15.7783
2026-05-07 11:00:00,Qwen,1,1358,721,637,0.0022,100.0,0.0,0.0,0.0,2276.0,2276.0,2276.0,318.0,26.0,1,1,1,0.0,0.0,0.0,0.0,0,1358.0,0.8835,0.0022,0.0022,0.0
2026-05-07 12:00:00,DeepSeek,108,77777,55130,22647,0.0933,87.963,12.037,5.5556,3.7037,11948.5,22120.0,23941.95,13818.1,142.65,10,28,39,1.8519,6.4815,24.0741,0.0,3330,720.1574,0.4108,0.0009,0.001,14.7039
2026-05-07 12:00:00,MiniMax,5,2109,1554,555,0.0051,100.0,0.0,0.0,0.0,1212.0,2100.2,2194.44,1033.6,133.4,3,4,4,0.0,0.0,0.0,0.0,94,421.8,0.3571,0.001,0.001,16.9369
2026-05-07 12:00:00,Qwen,3,1742,1151,591,0.0028,100.0,0.0,0.0,0.0,1259.0,2253.5,2341.9,1082.3,186.3,3,3,3,0.0,0.0,0.0,0.0,0,580.6667,0.5135,0.0009,0.0009,0.0
2026-05-07 13:00:00,DeepSeek,133,96448,68799,27649,0.1157,90.2256,9.7744,0.7519,5.2632,13155.0,19482.0,24489.0,12790.4,144.6,10,29,38,0.7519,7.5188,16.5414,0.0,4385,725.1729,0.4019,0.0009,0.001,15.8595
2026-05-07 13:00:00,MiniMax,2,1190,905,285,0.0029,100.0,0.0,0.0,0.0,1473.5,1752.95,1777.79,804.9,83.0,2,2,2,0.0,0.0,0.0,0.0,69,595.0,0.3149,0.0014,0.0014,24.2105
2026-05-07 13:00:00,Qwen,2,2025,1790,235,0.0032,100.0,0.0,0.0,0.0,1055.5,1170.25,1180.45,630.75,106.2,2,2,2,0.0,0.0,50.0,0.0,0,1012.5,0.1313,0.0016,0.0016,0.0
2026-05-07 14:00:00,DeepSeek,131,87479,62273,25206,0.105,96.1832,3.8168,1.5267,0.7634,11501.0,20328.0,23773.2,13041.0,164.0,10,29,41,2.2901,6.8702,12.9771,0.0,4006,667.7786,0.4048,0.0008,0.0008,15.893
2026-05-07 14:00:00,MiniMax,5,2316,1482,834,0.0056,100.0,0.0,0.0,0.0,1346.0,1949.6,2021.12,736.6,127.8,3,4,5,0.0,20.0,0.0,0.0,158,463.2,0.5628,0.0011,0.0011,18.9448
2026-05-07 14:00:00,Qwen,1,1060,813,247,0.0017,100.0,0.0,0.0,0.0,1217.0,1217.0,1217.0,486.0,10.0,1,1,1,0.0,0.0,0.0,0.0,0,1060.0,0.3038,0.0017,0.0017,0.0
2026-05-07 15:00:00,DeepSeek,109,73347,53867,19480,0.088,94.4954,5.5046,0.9174,2.7523,11940.0,19016.8,23139.0,11666.0,162.2,10,29,39,0.0,1.8349,18.3486,0.0,3097,672.9083,0.3616,0.0008,0.0009,15.8984
2026-05-07 15:00:00,MiniMax,11,8397,6109,2288,0.0202,90.9091,9.0909,0.0,0.0,1645.0,2270.5,2327.7,750.0,153.0,8,9,10,0.0,9.0909,27.2727,0.0,405,763.3636,0.3745,0.0018,0.002,17.701
2026-05-07 15:00:00,Qwen,3,1677,1082,595,0.0027,100.0,0.0,0.0,0.0,1488.0,1654.5,1669.3,596.7,124.9,3,3,3,0.0,0.0,0.0,0.0,0,559.0,0.5499,0.0009,0.0009,0.0
2026-05-07 16:00:00,DeepSeek,122,77267,51784,25483,0.0927,93.4426,6.5574,2.459,2.459,11983.5,20294.1,21990.2,13046.1,170.85,10,27,38,0.8197,8.1967,18.8525,0.0,4618,633.3361,0.4921,0.0008,0.0008,18.1219
2026-05-07 16:00:00,MiniMax,4,3961,3117,844,0.0095,100.0,0.0,0.0,0.0,1766.0,1842.3,1851.66,805.05,57.15,4,4,4,0.0,25.0,25.0,0.0,120,990.25,0.2708,0.0024,0.0024,14.218
2026-05-07 16:00:00,Qwen,3,2098,1767,331,0.0034,100.0,0.0,0.0,0.0,1052.0,1099.7,1103.94,431.0,83.6,3,3,3,0.0,0.0,33.3333,0.0,0,699.3333,0.1873,0.0011,0.0011,0.0
2026-05-07 17:00:00,DeepSeek,115,78720,57658,21062,0.0945,92.1739,7.8261,3.4783,2.6087,12341.0,22217.5,24109.82,14309.9,157.8,10,30,40,1.7391,7.8261,14.7826,0.0,3145,684.5217,0.3653,0.0008,0.0009,14.9321
2026-05-07 17:00:00,MiniMax,1,1133,362,771,0.0027,100.0,0.0,0.0,0.0,3190.0,3190.0,3190.0,520.0,88.0,1,1,1,0.0,0.0,0.0,0.0,135,1133.0,2.1298,0.0027,0.0027,17.5097
2026-05-07 17:00:00,Qwen,3,3241,2635,606,0.0052,100.0,0.0,0.0,0.0,1293.0,1837.5,1885.9,1131.9,94.3,3,3,3,0.0,0.0,33.3333,0.0,0,1080.3333,0.23,0.0017,0.0017,0.0
2026-05-07 18:00:00,DeepSeek,73,57761,41991,15770,0.0693,93.1507,6.8493,1.3699,5.4795,12951.0,19626.0,21923.0,12324.6,145.6,10,27,33,0.0,6.8493,16.4384,0.0,2696,791.2466,0.3756,0.0009,0.001,17.0958
2026-05-07 18:00:00,MiniMax,2,1805,1007,798,0.0043,100.0,0.0,0.0,0.0,2991.5,4521.05,4657.01,607.45,113.65,2,2,2,0.0,0.0,0.0,0.0,171,902.5,0.7925,0.0022,0.0022,21.4286
2026-05-07 18:00:00,Qwen,2,735,585,150,0.0012,100.0,0.0,0.0,0.0,700.5,772.05,778.41,366.85,73.2,1,1,1,0.0,0.0,50.0,0.0,0,367.5,0.2564,0.0006,0.0006,0.0
2026-05-07 19:00:00,DeepSeek,58,38088,27641,10447,0.0457,86.2069,13.7931,1.7241,8.6207,12090.0,22385.3,23405.34,14576.15,154.15,10,24,27,0.0,6.8966,18.9655,0.0,1812,656.6897,0.378,0.0008,0.0009,17.3447
2026-05-07 19:00:00,MiniMax,3,2225,1332,893,0.0053,100.0,0.0,0.0,0.0,1370.0,4386.8,4654.96,695.7,60.6,3,3,3,0.0,0.0,33.3333,0.0,116,741.6667,0.6704,0.0018,0.0018,12.9899
2026-05-07 20:00:00,DeepSeek,81,57473,39501,17972,0.069,93.8272,6.1728,3.7037,0.0,11598.0,20457.0,23709.6,12054.0,204.0,10,25,29,1.2346,1.2346,22.2222,0.0,2966,709.5432,0.455,0.0009,0.0009,16.5034
2026-05-07 20:00:00,MiniMax,2,1844,1505,339,0.0044,50.0,50.0,50.0,0.0,1914.0,2297.4,2331.48,546.4,43.7,2,2,2,0.0,0.0,0.0,0.0,67,922.0,0.2252,0.0022,0.0044,19.764
2026-05-07 20:00:00,Qwen,3,1588,1184,404,0.0025,100.0,0.0,0.0,0.0,1064.0,1268.3,1286.46,544.3,135.6,2,3,3,0.0,33.3333,0.0,0.0,0,529.3333,0.3412,0.0008,0.0008,0.0
2026-05-07 21:00:00,DeepSeek,65,42070,31534,10536,0.0505,93.8462,6.1538,1.5385,3.0769,10889.0,18526.4,22378.84,11738.6,201.4,10,27,32,0.0,7.6923,15.3846,0.0,1595,647.2308,0.3341,0.0008,0.0008,15.1386
2026-05-07 21:00:00,MiniMax,5,3163,1994,1169,0.0076,80.0,20.0,0.0,0.0,1658.0,2525.8,2671.56,678.6,192.2,4,4,4,20.0,0.0,20.0,0.0,141,632.6,0.5863,0.0015,0.0019,12.0616
2026-05-07 21:00:00,Qwen,1,1468,1124,344,0.0023,100.0,0.0,0.0,0.0,1622.0,1622.0,1622.0,606.0,164.0,1,1,1,0.0,0.0,0.0,0.0,0,1468.0,0.306,0.0023,0.0023,0.0
2026-05-07 22:00:00,DeepSeek,42,26618,18700,7918,0.0319,85.7143,14.2857,0.0,11.9048,12131.0,20254.85,23816.5,13357.7,137.1,9,20,22,2.381,7.1429,16.6667,0.0,1250,633.7619,0.4234,0.0008,0.0009,15.7868
2026-05-07 23:00:00,DeepSeek,25,17484,12690,4794,0.021,96.0,4.0,0.0,0.0,10106.0,20571.2,25004.12,13164.2,166.4,9,16,17,0.0,4.0,36.0,0.0,665,699.36,0.3778,0.0008,0.0009,13.8715
2026-05-07 23:00:00,MiniMax,2,1283,1002,281,0.0031,100.0,0.0,0.0,0.0,1332.0,1491.3,1505.46,656.25,72.9,2,2,2,0.0,0.0,0.0,0.0,53,641.5,0.2804,0.0015,0.0015,18.8612
2026-05-07 23:00:00,Qwen,1,501,360,141,0.0008,100.0,0.0,0.0,0.0,1630.0,1630.0,1630.0,1145.0,121.0,1,1,1,0.0,0.0,0.0,0.0,0,501.0,0.3917,0.0008,0.0008,0.0
2026-05-08 00:00:00,DeepSeek,18,12896,8299,4597,0.0155,94.4444,5.5556,0.0,5.5556,5936.0,8085.8,8828.36,7707.3,75.3,7,10,13,0.0,11.1111,16.6667,0.0,697,716.4444,0.5539,0.0009,0.0009,15.1621
2026-05-08 00:00:00,MiniMax,1,1095,966,129,0.0026,100.0,0.0,0.0,0.0,1213.0,1213.0,1213.0,591.0,49.0,1,1,1,0.0,0.0,0.0,0.0,31,1095.0,0.1335,0.0026,0.0026,24.031
2026-05-08 00:00:00,Qwen,2,2096,1887,209,0.0034,100.0,0.0,0.0,0.0,1091.0,1130.6,1134.12,430.65,119.35,2,2,2,0.0,0.0,0.0,0.0,0,1048.0,0.1108,0.0017,0.0017,0.0
2026-05-08 01:00:00,DeepSeek,24,17648,12918,4730,0.0212,87.5,12.5,0.0,8.3333,6183.5,9071.1,9169.71,9041.1,155.05,10,16,15,0.0,8.3333,25.0,0.0,775,735.3333,0.3662,0.0009,0.001,16.3848
2026-05-08 01:00:00,MiniMax,2,846,418,428,0.002,100.0,0.0,0.0,0.0,1507.5,1731.15,1751.03,723.2,241.9,2,2,2,0.0,0.0,0.0,0.0,77,423.0,1.0239,0.001,0.001,17.9907
2026-05-08 01:00:00,Qwen,1,401,232,169,0.0006,100.0,0.0,0.0,0.0,1056.0,1056.0,1056.0,413.0,39.0,1,1,1,0.0,0.0,0.0,0.0,0,401.0,0.7284,0.0006,0.0006,0.0
2026-05-08 02:00:00,DeepSeek,18,11876,8736,3140,0.0142,94.4444,5.5556,0.0,0.0,6318.5,7440.6,8272.92,7410.6,146.25,8,15,13,5.5556,0.0,5.5556,0.0,455,659.7778,0.3594,0.0008,0.0008,14.4904
2026-05-08 02:00:00,MiniMax,1,476,414,62,0.0011,100.0,0.0,0.0,0.0,1046.0,1046.0,1046.0,661.0,75.0,1,1,1,0.0,0.0,0.0,0.0,4,476.0,0.1498,0.0011,0.0011,6.4516
2026-05-08 03:00:00,DeepSeek,15,10731,7677,3054,0.0129,93.3333,6.6667,0.0,6.6667,5886.0,7772.2,8664.84,6897.0,117.4,9,14,12,0.0,6.6667,13.3333,0.0,381,715.4,0.3978,0.0009,0.0009,12.4754
2026-05-08 03:00:00,MiniMax,2,1682,1515,167,0.004,50.0,50.0,0.0,0.0,1426.5,1572.75,1585.75,633.3,9.8,2,2,2,0.0,0.0,50.0,0.0,31,841.0,0.1102,0.002,0.004,18.5629
2026-05-08 04:00:00,DeepSeek,17,9496,5894,3602,0.0114,100.0,0.0,0.0,0.0,6065.0,8508.6,8884.92,8478.6,114.2,6,9,12,0.0,5.8824,5.8824,0.0,472,558.5882,0.6111,0.0007,0.0007,13.1038
2026-05-08 04:00:00,Qwen,1,656,544,112,0.001,100.0,0.0,0.0,0.0,1343.0,1343.0,1343.0,656.0,74.0,1,1,1,0.0,0.0,0.0,0.0,0,656.0,0.2059,0.001,0.001,0.0
2026-05-08 05:00:00,DeepSeek,17,13274,9220,4054,0.0159,100.0,0.0,0.0,0.0,6171.0,7446.4,7722.88,6716.8,199.4,7,14,12,5.8824,5.8824,29.4118,0.0,570,780.8235,0.4397,0.0009,0.0009,14.0602
2026-05-08 05:00:00,Qwen,2,1367,820,547,0.0022,100.0,0.0,0.0,0.0,1500.5,1815.05,1843.01,419.75,47.65,1,2,2,0.0,0.0,100.0,0.0,0,683.5,0.6671,0.0011,0.0011,0.0
2026-05-08 06:00:00,DeepSeek,77,50783,34992,15791,0.0609,97.4026,2.5974,0.0,2.5974,6144.0,7990.8,9269.48,7139.6,197.4,9,22,28,0.0,5.1948,14.2857,0.0,2718,659.5195,0.4513,0.0008,0.0008,17.2123
2026-05-08 06:00:00,MiniMax,2,1834,1517,317,0.0044,100.0,0.0,0.0,0.0,1320.0,1388.4,1394.48,525.9,64.15,2,2,2,50.0,0.0,50.0,0.0,76,917.0,0.209,0.0022,0.0022,23.9748
2026-05-08 06:00:00,Qwen,1,337,227,110,0.0005,100.0,0.0,0.0,0.0,1761.0,1761.0,1761.0,1287.0,57.0,1,1,1,0.0,0.0,0.0,0.0,0,337.0,0.4846,0.0005,0.0005,0.0
2026-05-08 07:00:00,DeepSeek,59,40498,28064,12434,0.0486,96.6102,3.3898,0.0,1.6949,6102.0,7270.3,9305.18,6968.8,180.3,10,26,27,1.6949,6.7797,15.2542,0.0,2009,686.4068,0.4431,0.0008,0.0009,16.1573
2026-05-08 07:00:00,MiniMax,5,4840,3881,959,0.0116,100.0,0.0,0.0,0.0,1598.0,2384.6,2392.12,841.6,205.4,5,5,5,0.0,0.0,20.0,0.0,173,968.0,0.2471,0.0023,0.0023,18.0396
2026-05-08 07:00:00,Qwen,3,1434,718,716,0.0023,100.0,0.0,0.0,0.0,1353.0,2208.9,2284.98,444.1,96.8,3,3,3,0.0,0.0,0.0,0.0,0,478.0,0.9972,0.0008,0.0008,0.0
2026-05-08 08:00:00,DeepSeek,71,49893,37350,12543,0.0599,97.1831,2.8169,0.0,2.8169,5956.0,8019.5,9043.6,7412.0,171.5,10,27,30,2.8169,2.8169,11.2676,0.0,1984,702.7183,0.3358,0.0008,0.0009,15.8176
2026-05-08 08:00:00,MiniMax,2,1325,899,426,0.0032,100.0,0.0,0.0,0.0,1503.0,1855.8,1887.16,475.9,54.35,2,2,2,0.0,50.0,0.0,0.0,47,662.5,0.4739,0.0016,0.0016,11.0329
2026-05-08 08:00:00,Qwen,1,454,267,187,0.0007,100.0,0.0,0.0,0.0,1447.0,1447.0,1447.0,1076.0,83.0,1,1,1,0.0,0.0,100.0,0.0,0,454.0,0.7004,0.0007,0.0007,0.0
2026-05-08 09:00:00,DeepSeek,113,75644,52620,23024,0.0908,97.3451,2.6549,0.0,0.885,6094.0,7675.6,9308.36,7483.0,168.0,10,28,35,0.885,4.4248,19.469,0.885,3900,669.4159,0.4376,0.0008,0.0008,16.9388
2026-05-08 09:00:00,MiniMax,2,1693,1185,508,0.0041,100.0,0.0,0.0,0.0,1658.5,1741.75,1749.15,700.85,77.85,2,2,2,0.0,0.0,0.0,0.0,106,846.5,0.4287,0.002,0.002,20.8661
2026-05-08 09:00:00,Qwen,2,1084,606,478,0.0017,100.0,0.0,0.0,0.0,1137.5,1458.35,1486.87,597.35,78.55,2,2,2,0.0,0.0,0.0,0.0,0,542.0,0.7888,0.0009,0.0009,0.0
2026-05-08 10:00:00,DeepSeek,103,70564,50730,19834,0.0847,94.1748,5.8252,1.9417,3.8835,6026.0,7364.4,9117.68,7262.1,170.4,9,26,31,1.9417,3.8835,15.534,0.0,3219,685.0874,0.391,0.0008,0.0009,16.2297
2026-05-08 10:00:00,MiniMax,6,3597,2983,614,0.0086,100.0,0.0,0.0,0.0,1437.5,1945.75,2005.95,750.5,228.0,4,5,5,0.0,0.0,0.0,0.0,104,599.5,0.2058,0.0014,0.0014,16.9381
2026-05-08 10:00:00,Qwen,3,1554,881,673,0.0025,100.0,0.0,0.0,0.0,1377.0,1584.0,1602.4,448.8,22.9,3,3,3,0.0,33.3333,0.0,0.0,0,518.0,0.7639,0.0008,0.0008,0.0
2026-05-08 11:00:00,DeepSeek,103,74408,51610,22798,0.0893,97.0874,2.9126,0.9709,1.9417,6231.0,8575.1,9348.36,7655.9,167.9,10,29,38,0.9709,0.9709,17.4757,0.0,3494,722.4078,0.4417,0.0009,0.0009,15.3259
2026-05-08 11:00:00,MiniMax,4,2596,1784,812,0.0062,100.0,0.0,0.0,0.0,1443.5,2287.95,2394.39,1035.5,71.25,2,3,3,25.0,0.0,50.0,0.0,117,649.0,0.4552,0.0016,0.0016,14.4089
2026-05-08 11:00:00,Qwen,4,2452,1433,1019,0.0039,100.0,0.0,0.0,0.0,1476.0,1761.25,1797.85,611.2,154.2,3,3,3,0.0,0.0,0.0,0.0,0,613.0,0.7111,0.001,0.001,0.0
2026-05-08 12:00:00,DeepSeek,99,69963,48207,21756,0.084,94.9495,5.0505,0.0,4.0404,6213.0,7472.5,9309.34,7011.4,155.1,10,28,39,2.0202,3.0303,21.2121,0.0,3508,706.697,0.4513,0.0008,0.0009,16.1243
2026-05-08 12:00:00,MiniMax,11,6576,3408,3168,0.0158,90.9091,9.0909,9.0909,0.0,1806.0,3257.5,3311.5,782.0,121.0,5,8,8,0.0,0.0,0.0,0.0,406,597.8182,0.9296,0.0014,0.0016,12.8157
2026-05-08 12:00:00,Qwen,3,1835,1094,741,0.0029,100.0,0.0,0.0,0.0,1100.0,1924.4,1997.68,599.9,99.1,2,2,3,33.3333,33.3333,0.0,0.0,0,611.6667,0.6773,0.001,0.001,0.0
2026-05-08 13:00:00,DeepSeek,102,65391,47108,18283,0.0785,96.0784,3.9216,0.9804,0.9804,5922.0,8450.7,9741.71,8207.05,140.75,10,26,32,0.0,1.9608,15.6863,0.0,2902,641.0882,0.3881,0.0008,0.0008,15.8727
2026-05-08 13:00:00,MiniMax,6,5391,4152,1239,0.0129,100.0,0.0,0.0,0.0,1724.0,2584.25,2609.65,667.75,113.5,4,4,5,0.0,0.0,0.0,0.0,166,898.5,0.2984,0.0022,0.0022,13.3979
2026-05-08 13:00:00,Qwen,2,1071,637,434,0.0017,100.0,0.0,0.0,0.0,1463.0,1589.9,1601.18,481.8,128.8,2,2,2,50.0,0.0,0.0,0.0,0,535.5,0.6813,0.0009,0.0009,0.0
2026-05-08 14:00:00,DeepSeek,119,84176,58187,25989,0.101,96.6387,3.3613,0.0,0.8403,6052.0,7180.1,8941.34,6723.5,157.5,10,27,38,0.8403,5.042,20.1681,0.0,4235,707.3613,0.4466,0.0008,0.0009,16.2954
2026-05-08 14:00:00,MiniMax,6,3633,2518,1115,0.0087,100.0,0.0,0.0,0.0,1336.0,2408.5,2571.3,624.75,87.75,4,5,5,0.0,0.0,0.0,0.0,174,605.5,0.4428,0.0015,0.0015,15.6054
2026-05-08 14:00:00,Qwen,2,1381,910,471,0.0022,100.0,0.0,0.0,0.0,1410.5,1560.35,1573.67,439.85,101.35,2,2,2,0.0,0.0,0.0,0.0,0,690.5,0.5176,0.0011,0.0011,0.0
2026-05-08 15:00:00,DeepSeek,125,89033,63510,25523,0.1068,93.6,6.4,0.8,1.6,6124.0,8647.4,9282.92,8471.2,152.8,10,27,40,0.8,3.2,14.4,0.0,4099,712.264,0.4019,0.0009,0.0009,16.06
2026-05-08 15:00:00,MiniMax,6,4070,2953,1117,0.0098,100.0,0.0,0.0,0.0,1584.5,1635.5,1643.9,668.5,128.0,5,5,6,0.0,0.0,33.3333,0.0,162,678.3333,0.3783,0.0016,0.0016,14.5031
2026-05-08 15:00:00,Qwen,2,1208,826,382,0.0019,100.0,0.0,0.0,0.0,1714.0,1728.4,1729.68,746.15,313.2,2,2,2,0.0,0.0,0.0,0.0,0,604.0,0.4625,0.001,0.001,0.0
2026-05-08 16:00:00,DeepSeek,100,69382,49354,20028,0.0833,96.0,4.0,1.0,1.0,5951.0,7627.2,9338.12,6841.0,150.15,10,27,32,1.0,7.0,17.0,0.0,3558,693.82,0.4058,0.0008,0.0009,17.7651
2026-05-08 16:00:00,MiniMax,3,1881,1069,812,0.0045,66.6667,33.3333,0.0,33.3333,1941.0,2696.1,2763.22,706.9,88.3,2,3,3,0.0,0.0,66.6667,0.0,138,627.0,0.7596,0.0015,0.0023,16.9951
2026-05-08 16:00:00,Qwen,5,3993,3187,806,0.0064,100.0,0.0,0.0,0.0,1138.0,1492.2,1503.24,929.0,108.6,4,5,5,20.0,0.0,20.0,20.0,0,798.6,0.2529,0.0013,0.0013,0.0
2026-05-08 17:00:00,DeepSeek,94,64387,45377,19010,0.0773,93.617,6.383,0.0,3.1915,6165.0,8684.3,9369.87,8486.3,133.55,10,28,34,0.0,4.2553,19.1489,0.0,2807,684.9681,0.4189,0.0008,0.0009,14.7659
2026-05-08 17:00:00,MiniMax,4,2344,1538,806,0.0056,100.0,0.0,0.0,0.0,1336.5,2108.95,2172.19,752.4,129.9,3,3,3,0.0,0.0,0.0,0.0,94,586.0,0.5241,0.0014,0.0014,11.6625
2026-05-08 17:00:00,Qwen,5,2536,1645,891,0.0041,100.0,0.0,0.0,0.0,990.0,1997.4,2046.68,1132.8,69.0,4,5,5,0.0,0.0,80.0,0.0,0,507.2,0.5416,0.0008,0.0008,0.0
2026-05-08 18:00:00,DeepSeek,54,34896,24547,10349,0.0419,96.2963,3.7037,3.7037,0.0,6076.0,9020.1,9398.48,8626.75,168.3,10,23,26,0.0,0.0,22.2222,0.0,1554,646.2222,0.4216,0.0008,0.0008,15.0159
2026-05-08 18:00:00,MiniMax,6,4028,2806,1222,0.0097,83.3333,16.6667,0.0,0.0,1680.0,2527.25,2593.45,703.0,108.25,5,6,6,0.0,16.6667,33.3333,0.0,205,671.3333,0.4355,0.0016,0.0019,16.7758
2026-05-08 18:00:00,Qwen,1,855,643,212,0.0014,100.0,0.0,0.0,0.0,1136.0,1136.0,1136.0,398.0,77.0,1,1,1,0.0,0.0,0.0,0.0,0,855.0,0.3297,0.0014,0.0014,0.0
2026-05-08 19:00:00,DeepSeek,61,43803,30988,12815,0.0526,98.3607,1.6393,0.0,1.6393,6111.0,8748.0,9642.2,8718.0,168.0,10,23,31,0.0,3.2787,9.8361,0.0,2043,718.082,0.4135,0.0009,0.0009,15.9423
2026-05-08 19:00:00,MiniMax,1,360,257,103,0.0009,100.0,0.0,0.0,0.0,1043.0,1043.0,1043.0,354.0,7.0,1,1,1,0.0,0.0,0.0,0.0,26,360.0,0.4008,0.0009,0.0009,25.2427
2026-05-08 19:00:00,Qwen,2,604,473,131,0.001,100.0,0.0,0.0,0.0,558.5,687.65,699.13,419.2,82.75,2,2,2,0.0,0.0,0.0,0.0,0,302.0,0.277,0.0005,0.0005,0.0
2026-05-08 20:00:00,DeepSeek,64,42950,28903,14047,0.0515,95.3125,4.6875,0.0,3.125,6167.5,8740.45,9998.72,8710.45,176.85,10,26,28,1.5625,4.6875,25.0,1.5625,2130,671.0938,0.486,0.0008,0.0008,15.1634
2026-05-08 20:00:00,MiniMax,4,1559,856,703,0.0037,100.0,0.0,0.0,0.0,1253.0,1461.25,1469.05,705.65,123.4,4,4,4,0.0,50.0,0.0,0.0,140,389.75,0.8213,0.0009,0.0009,19.9147
2026-05-08 20:00:00,Qwen,2,1667,883,784,0.0027,100.0,0.0,0.0,0.0,1676.0,1759.7,1767.14,420.2,80.6,2,2,2,0.0,0.0,0.0,0.0,0,833.5,0.8879,0.0013,0.0013,0.0
2026-05-08 21:00:00,DeepSeek,56,40957,29690,11267,0.0491,94.6429,5.3571,0.0,5.3571,6008.0,8074.0,9163.75,7650.25,176.5,10,25,29,3.5714,5.3571,12.5,0.0,1886,731.375,0.3795,0.0009,0.0009,16.7391
2026-05-08 22:00:00,DeepSeek,34,24570,16675,7895,0.0295,100.0,0.0,0.0,0.0,6090.5,7391.15,8935.99,6745.45,164.8,10,21,27,2.9412,2.9412,14.7059,0.0,1402,722.6471,0.4735,0.0009,0.0009,17.7581
2026-05-08 22:00:00,MiniMax,2,1013,385,628,0.0024,100.0,0.0,0.0,0.0,2256.5,2596.25,2626.45,665.55,55.65,2,2,2,0.0,0.0,0.0,0.0,62,506.5,1.6312,0.0012,0.0012,9.8726
2026-05-08 22:00:00,Qwen,1,939,255,684,0.0015,100.0,0.0,0.0,0.0,2725.0,2725.0,2725.0,504.0,118.0,1,1,1,0.0,0.0,0.0,0.0,0,939.0,2.6824,0.0015,0.0015,0.0
2026-05-08 23:00:00,DeepSeek,32,21962,14901,7061,0.0264,100.0,0.0,0.0,0.0,6203.0,8514.4,9937.97,7750.15,149.7,8,16,19,0.0,3.125,18.75,0.0,1055,686.3125,0.4739,0.0008,0.0008,14.9412
2026-05-09 00:00:00,DeepSeek,12,6854,4080,2774,0.0082,91.6667,8.3333,8.3333,0.0,6321.5,7371.6,7841.52,6451.35,157.1,7,11,10,0.0,0.0,25.0,0.0,464,571.1667,0.6799,0.0007,0.0007,16.7267
2026-05-09 01:00:00,DeepSeek,17,13443,10249,3194,0.0161,100.0,0.0,0.0,0.0,5996.0,7184.6,7973.72,7154.6,141.4,9,10,11,0.0,5.8824,11.7647,0.0,555,790.7647,0.3116,0.0009,0.0009,17.3763
2026-05-09 01:00:00,MiniMax,1,787,492,295,0.0019,100.0,0.0,0.0,0.0,1622.0,1622.0,1622.0,677.0,12.0,1,1,1,0.0,0.0,0.0,0.0,26,787.0,0.5996,0.0019,0.0019,8.8136
2026-05-09 02:00:00,DeepSeek,17,11004,7179,3825,0.0132,94.1176,5.8824,0.0,0.0,6015.0,8498.4,8598.88,8434.0,157.6,8,13,13,0.0,0.0,11.7647,0.0,616,647.2941,0.5328,0.0008,0.0008,16.1046
2026-05-09 02:00:00,Qwen,1,1960,1819,141,0.0031,100.0,0.0,0.0,0.0,1131.0,1131.0,1131.0,644.0,58.0,1,1,1,0.0,0.0,0.0,0.0,0,1960.0,0.0775,0.0031,0.0031,0.0
2026-05-09 03:00:00,DeepSeek,6,2621,1842,779,0.0031,100.0,0.0,0.0,0.0,5946.0,6054.25,6069.25,3423.25,119.25,5,6,6,0.0,0.0,16.6667,0.0,146,436.8333,0.4229,0.0005,0.0005,18.742
2026-05-09 03:00:00,MiniMax,1,421,309,112,0.001,0.0,100.0,100.0,0.0,1937.0,1937.0,1937.0,781.0,53.0,1,1,1,0.0,0.0,0.0,0.0,26,421.0,0.3625,0.001,,23.2143
2026-05-09 04:00:00,DeepSeek,14,9228,7190,2038,0.0111,92.8571,7.1429,0.0,0.0,5761.5,6594.25,6643.65,6285.3,187.1,8,12,11,0.0,0.0,42.8571,0.0,307,659.1429,0.2834,0.0008,0.0009,15.0638
2026-05-09 04:00:00,MiniMax,2,979,706,273,0.0023,50.0,50.0,0.0,0.0,1456.0,1591.9,1603.98,786.3,96.35,2,2,2,50.0,0.0,0.0,0.0,38,489.5,0.3867,0.0012,0.0023,13.9194
2026-05-09 05:00:00,DeepSeek,22,13480,9629,3851,0.0162,100.0,0.0,0.0,0.0,5949.5,6441.55,6891.98,5968.75,110.4,8,16,17,0.0,0.0,9.0909,0.0,629,612.7273,0.3999,0.0007,0.0007,16.3334
2026-05-09 05:00:00,Qwen,1,808,606,202,0.0013,100.0,0.0,0.0,0.0,1146.0,1146.0,1146.0,363.0,4.0,1,1,1,0.0,0.0,0.0,0.0,0,808.0,0.3333,0.0013,0.0013,0.0
2026-05-09 06:00:00,DeepSeek,48,34262,24634,9628,0.0411,97.9167,2.0833,0.0,0.0,6061.0,7337.5,8947.46,6991.65,152.5,10,23,26,4.1667,8.3333,12.5,0.0,1550,713.7917,0.3908,0.0009,0.0009,16.0989
2026-05-09 06:00:00,Qwen,2,900,538,362,0.0014,100.0,0.0,0.0,0.0,1183.0,1241.5,1246.7,377.8,83.9,2,2,2,0.0,0.0,50.0,0.0,0,450.0,0.6729,0.0007,0.0007,0.0
2026-05-09 07:00:00,DeepSeek,46,27635,19159,8476,0.0332,93.4783,6.5217,2.1739,2.1739,5957.0,8441.5,9127.1,8372.25,165.25,10,23,26,0.0,4.3478,21.7391,0.0,1186,600.7609,0.4424,0.0007,0.0008,13.9924
2026-05-09 07:00:00,MiniMax,4,2712,2050,662,0.0065,100.0,0.0,0.0,0.0,1375.0,1771.85,1800.77,686.6,96.35,3,4,4,0.0,25.0,50.0,0.0,135,678.0,0.3229,0.0016,0.0016,20.3927
2026-05-09 08:00:00,DeepSeek,59,36718,24805,11913,0.0441,94.9153,5.0847,1.6949,3.3898,5906.0,7633.3,9913.96,7057.0,129.1,10,26,29,3.3898,5.0847,11.8644,0.0,1964,622.339,0.4803,0.0007,0.0008,16.4862
2026-05-09 08:00:00,MiniMax,2,1102,819,283,0.0026,100.0,0.0,0.0,0.0,1353.5,1462.85,1472.57,527.35,16.75,1,2,2,0.0,50.0,50.0,0.0,41,551.0,0.3455,0.0013,0.0013,14.4876
2026-05-09 08:00:00,Qwen,2,3090,2666,424,0.0049,100.0,0.0,0.0,0.0,1301.0,1352.3,1356.86,729.65,167.6,2,2,2,0.0,0.0,0.0,0.0,0,1545.0,0.159,0.0025,0.0025,0.0
2026-05-09 09:00:00,DeepSeek,84,56177,39711,16466,0.0674,96.4286,3.5714,0.0,2.381,5990.0,7793.05,8752.13,6937.6,216.4,10,27,30,1.1905,2.381,17.8571,0.0,2895,668.7738,0.4146,0.0008,0.0008,17.5817
2026-05-09 09:00:00,MiniMax,4,2322,1673,649,0.0056,50.0,50.0,50.0,0.0,1517.5,2249.45,2349.89,866.65,183.65,4,4,4,0.0,25.0,0.0,0.0,84,580.5,0.3879,0.0014,0.0028,12.943
2026-05-09 09:00:00,Qwen,2,1204,627,577,0.0019,100.0,0.0,0.0,0.0,1865.0,1952.3,1960.06,420.95,59.15,1,2,2,0.0,0.0,0.0,0.0,0,602.0,0.9203,0.001,0.001,0.0
2026-05-09 10:00:00,DeepSeek,84,59786,42327,17459,0.0717,97.619,2.381,0.0,2.381,5991.5,7560.7,8392.15,6753.3,155.8,10,27,33,0.0,3.5714,15.4762,0.0,2747,711.7381,0.4125,0.0009,0.0009,15.734
2026-05-09 10:00:00,MiniMax,3,1857,1323,534,0.0045,66.6667,33.3333,0.0,33.3333,1216.0,2533.6,2650.72,973.6,143.1,2,3,3,0.0,0.0,33.3333,0.0,45,619.0,0.4036,0.0015,0.0022,8.427
2026-05-09 10:00:00,Qwen,4,2953,2094,859,0.0047,50.0,50.0,0.0,25.0,1220.0,1528.4,1560.08,405.85,33.2,2,2,3,0.0,0.0,0.0,0.0,0,738.25,0.4102,0.0012,0.0024,0.0
2026-05-09 11:00:00,DeepSeek,75,54600,38705,15895,0.0655,96.0,4.0,1.3333,1.3333,6120.0,7650.2,8321.26,7007.2,141.3,10,27,27,0.0,2.6667,20.0,0.0,2880,728.0,0.4107,0.0009,0.0009,18.1189
2026-05-09 11:00:00,MiniMax,5,3468,2428,1040,0.0083,100.0,0.0,0.0,0.0,1971.0,2320.2,2360.04,671.6,70.0,3,4,5,0.0,0.0,0.0,0.0,161,693.6,0.4283,0.0017,0.0017,15.4808
2026-05-09 11:00:00,Qwen,1,1162,609,553,0.0019,100.0,0.0,0.0,0.0,2798.0,2798.0,2798.0,308.0,22.0,1,1,1,0.0,0.0,0.0,0.0,0,1162.0,0.908,0.0019,0.0019,0.0
2026-05-09 12:00:00,DeepSeek,81,54588,38251,16337,0.0655,98.7654,1.2346,0.0,1.2346,5940.0,7269.0,9957.2,6897.0,148.0,10,28,31,2.4691,4.9383,12.3457,0.0,2627,673.9259,0.4271,0.0008,0.0008,16.0801
2026-05-09 12:00:00,MiniMax,2,982,731,251,0.0024,100.0,0.0,0.0,0.0,989.0,1268.9,1293.78,584.35,82.6,1,2,2,0.0,0.0,0.0,0.0,29,491.0,0.3434,0.0012,0.0012,11.5538
2026-05-09 12:00:00,Qwen,2,1904,1610,294,0.003,100.0,0.0,0.0,0.0,1044.5,1444.55,1480.11,444.15,52.2,2,2,2,0.0,0.0,100.0,0.0,0,952.0,0.1826,0.0015,0.0015,0.0
2026-05-09 13:00:00,DeepSeek,82,55019,38285,16734,0.066,95.122,4.878,3.6585,0.0,6048.0,7245.55,8171.26,6922.65,166.65,10,28,33,0.0,6.0976,21.9512,0.0,2854,670.9634,0.4371,0.0008,0.0008,17.0551
2026-05-09 13:00:00,MiniMax,5,5584,4590,994,0.0134,100.0,0.0,0.0,0.0,1909.0,2480.4,2550.48,1138.6,108.0,3,4,4,0.0,0.0,0.0,0.0,107,1116.8,0.2166,0.0027,0.0027,10.7646
2026-05-09 13:00:00,Qwen,4,2170,1454,716,0.0035,75.0,25.0,0.0,25.0,1264.5,1620.3,1646.46,424.7,109.95,3,4,4,0.0,25.0,25.0,0.0,0,542.5,0.4924,0.0009,0.0012,0.0
2026-05-09 14:00:00,DeepSeek,79,52460,36300,16160,0.063,98.7342,1.2658,0.0,0.0,6001.0,7847.0,8529.38,7325.6,160.1,10,25,30,0.0,6.3291,17.7215,0.0,2689,664.0506,0.4452,0.0008,0.0008,16.6399
2026-05-09 14:00:00,MiniMax,3,1862,1344,518,0.0045,100.0,0.0,0.0,0.0,1909.0,1952.2,1956.04,802.2,105.5,3,3,3,33.3333,0.0,0.0,0.0,119,620.6667,0.3854,0.0015,0.0015,22.973
2026-05-09 14:00:00,Qwen,2,978,809,169,0.0016,100.0,0.0,0.0,0.0,868.5,904.95,908.19,504.7,119.65,2,2,2,0.0,0.0,50.0,0.0,0,489.0,0.2089,0.0008,0.0008,0.0
2026-05-09 15:00:00,DeepSeek,68,42838,28744,14094,0.0514,98.5294,1.4706,0.0,0.0,6017.5,8201.55,9296.15,8011.95,144.9,10,25,29,2.9412,2.9412,14.7059,0.0,2272,629.9706,0.4903,0.0008,0.0008,16.1203
2026-05-09 15:00:00,MiniMax,4,2219,1428,791,0.0053,100.0,0.0,0.0,0.0,1631.0,2104.3,2168.86,617.95,104.15,4,4,4,0.0,0.0,50.0,0.0,95,554.75,0.5539,0.0013,0.0013,12.0101
2026-05-09 16:00:00,DeepSeek,78,55821,38899,16922,0.067,94.8718,5.1282,0.0,3.8462,5951.5,8014.45,9483.08,7291.7,148.25,10,24,28,1.2821,1.2821,24.359,0.0,2643,715.6538,0.435,0.0009,0.0009,15.6187
2026-05-09 16:00:00,MiniMax,3,1729,1110,619,0.0042,100.0,0.0,0.0,0.0,2011.0,2278.3,2302.06,1104.6,51.0,2,2,2,0.0,0.0,0.0,0.0,105,576.3333,0.5577,0.0014,0.0014,16.9628
2026-05-09 16:00:00,Qwen,1,893,693,200,0.0014,100.0,0.0,0.0,0.0,1682.0,1682.0,1682.0,450.0,74.0,1,1,1,0.0,0.0,0.0,0.0,0,893.0,0.2886,0.0014,0.0014,0.0
2026-05-09 17:00:00,DeepSeek,74,58125,41723,16402,0.0698,97.2973,2.7027,0.0,1.3514,6000.5,8383.25,9596.98,7959.2,190.15,10,27,28,1.3514,1.3514,16.2162,0.0,2578,785.473,0.3931,0.0009,0.001,15.7176
2026-05-09 17:00:00,MiniMax,6,3162,2375,787,0.0076,100.0,0.0,0.0,0.0,1813.0,2445.25,2573.05,934.5,342.25,4,4,6,0.0,0.0,33.3333,0.0,99,527.0,0.3314,0.0013,0.0013,12.5794
2026-05-09 17:00:00,Qwen,2,916,273,643,0.0015,100.0,0.0,0.0,0.0,2127.0,2470.8,2501.36,1131.55,92.2,2,2,2,0.0,0.0,50.0,0.0,0,458.0,2.3553,0.0007,0.0007,0.0
2026-05-09 18:00:00,DeepSeek,53,36866,25286,11580,0.0442,96.2264,3.7736,0.0,3.7736,6084.0,8194.2,8898.16,8028.0,152.4,9,22,26,0.0,1.8868,16.9811,0.0,2031,695.5849,0.458,0.0008,0.0009,17.5389
2026-05-09 18:00:00,MiniMax,4,2458,1863,595,0.0059,100.0,0.0,0.0,0.0,1493.0,1885.25,1931.45,791.35,70.95,3,4,3,0.0,0.0,0.0,0.0,79,614.5,0.3194,0.0015,0.0015,13.2773
2026-05-09 18:00:00,Qwen,2,1482,1010,472,0.0024,100.0,0.0,0.0,0.0,1368.5,1593.05,1613.01,633.4,168.85,2,2,2,0.0,0.0,50.0,0.0,0,741.0,0.4673,0.0012,0.0012,0.0
2026-05-09 19:00:00,DeepSeek,47,28045,19793,8252,0.0337,93.617,6.383,0.0,2.1277,6017.0,7529.2,9360.86,7366.3,183.5,9,23,22,4.2553,4.2553,17.0213,0.0,1473,596.7021,0.4169,0.0007,0.0008,17.8502
2026-05-09 19:00:00,MiniMax,1,610,484,126,0.0015,100.0,0.0,0.0,0.0,815.0,815.0,815.0,485.0,40.0,1,1,1,0.0,0.0,100.0,0.0,32,610.0,0.2603,0.0015,0.0015,25.3968
2026-05-09 19:00:00,Qwen,4,4568,4172,396,0.0073,75.0,25.0,0.0,0.0,900.0,1201.6,1229.92,1096.25,80.85,4,4,4,0.0,0.0,0.0,0.0,0,1142.0,0.0949,0.0018,0.0024,0.0
2026-05-09 20:00:00,DeepSeek,40,23341,16583,6758,0.028,95.0,5.0,2.5,2.5,5795.5,8710.75,9402.02,8680.75,125.95,10,20,22,0.0,5.0,10.0,0.0,1190,583.525,0.4075,0.0007,0.0007,17.6088
2026-05-09 20:00:00,MiniMax,5,3515,2752,763,0.0084,80.0,20.0,0.0,0.0,1577.0,1997.2,2077.04,772.4,157.4,5,5,5,0.0,0.0,40.0,0.0,170,703.0,0.2773,0.0017,0.0021,22.2805
2026-05-09 20:00:00,Qwen,1,852,702,150,0.0014,100.0,0.0,0.0,0.0,842.0,842.0,842.0,421.0,26.0,1,1,1,0.0,0.0,0.0,0.0,0,852.0,0.2137,0.0014,0.0014,0.0
2026-05-09 21:00:00,DeepSeek,52,36965,26781,10184,0.0444,94.2308,5.7692,3.8462,1.9231,6036.5,7410.05,8533.68,7156.05,135.7,9,20,23,0.0,5.7692,23.0769,0.0,1473,710.8654,0.3803,0.0009,0.0009,14.4639
2026-05-09 21:00:00,MiniMax,7,5698,4348,1350,0.0137,57.1429,42.8571,0.0,42.8571,1500.0,2631.0,2837.4,866.3,161.8,5,6,7,0.0,28.5714,28.5714,0.0,213,814.0,0.3105,0.002,0.0034,15.7778
2026-05-09 21:00:00,Qwen,3,3317,2863,454,0.0053,100.0,0.0,0.0,0.0,1111.0,1442.2,1471.64,448.4,80.0,3,3,3,0.0,0.0,33.3333,0.0,0,1105.6667,0.1586,0.0018,0.0018,0.0
2026-05-09 22:00:00,DeepSeek,17,11064,8244,2820,0.0133,100.0,0.0,0.0,0.0,5964.0,8409.4,9303.48,8379.4,158.4,8,14,12,0.0,0.0,11.7647,0.0,477,650.8235,0.3421,0.0008,0.0008,16.9149
2026-05-09 22:00:00,MiniMax,1,771,413,358,0.0018,100.0,0.0,0.0,0.0,2759.0,2759.0,2759.0,1039.0,118.0,1,1,1,0.0,0.0,100.0,0.0,40,771.0,0.8668,0.0018,0.0018,11.1732
2026-05-09 23:00:00,DeepSeek,17,15035,12363,2672,0.018,100.0,0.0,0.0,0.0,5788.0,6668.6,6753.72,6638.6,113.8,9,15,16,0.0,0.0,41.1765,0.0,460,884.4118,0.2161,0.0011,0.0011,17.2156
2026-05-10 00:00:00,DeepSeek,15,11486,7597,3889,0.0138,93.3333,6.6667,0.0,0.0,6042.0,8349.9,9236.38,7367.2,162.3,8,13,12,0.0,6.6667,20.0,0.0,621,765.7333,0.5119,0.0009,0.001,15.9681
2026-05-10 00:00:00,MiniMax,1,374,227,147,0.0009,100.0,0.0,0.0,0.0,1207.0,1207.0,1207.0,503.0,8.0,1,1,1,0.0,0.0,0.0,0.0,33,374.0,0.6476,0.0009,0.0009,22.449
2026-05-10 01:00:00,DeepSeek,15,11739,8787,2952,0.0141,100.0,0.0,0.0,0.0,5975.0,8276.7,8740.94,8117.2,147.1,7,13,9,0.0,0.0,33.3333,0.0,490,782.6,0.336,0.0009,0.0009,16.5989
2026-05-10 01:00:00,MiniMax,1,1225,1042,183,0.0029,100.0,0.0,0.0,0.0,1635.0,1635.0,1635.0,742.0,107.0,1,1,1,0.0,0.0,0.0,0.0,14,1225.0,0.1756,0.0029,0.0029,7.6503
2026-05-10 02:00:00,DeepSeek,17,10548,6849,3699,0.0127,94.1176,5.8824,0.0,5.8824,6030.0,7196.4,7351.28,7166.4,150.0,8,13,13,5.8824,0.0,11.7647,0.0,558,620.4706,0.5401,0.0007,0.0008,15.0852
2026-05-10 02:00:00,MiniMax,2,1300,525,775,0.0031,100.0,0.0,0.0,0.0,2510.5,3716.05,3823.21,660.3,136.95,1,2,2,0.0,0.0,0.0,0.0,99,650.0,1.4762,0.0016,0.0016,12.7742
2026-05-10 03:00:00,DeepSeek,9,7967,5732,2235,0.0096,100.0,0.0,0.0,0.0,5943.0,7392.0,7617.6,6668.6,206.0,6,9,8,0.0,0.0,22.2222,0.0,394,885.2222,0.3899,0.0011,0.0011,17.6286
2026-05-10 03:00:00,Qwen,1,568,333,235,0.0009,100.0,0.0,0.0,0.0,1438.0,1438.0,1438.0,406.0,41.0,1,1,1,0.0,0.0,0.0,0.0,0,568.0,0.7057,0.0009,0.0009,0.0
2026-05-10 04:00:00,DeepSeek,25,17044,11919,5125,0.0205,96.0,4.0,0.0,4.0,5993.0,7840.4,8422.28,7424.4,174.8,10,18,16,0.0,12.0,16.0,0.0,770,681.76,0.43,0.0008,0.0009,15.0244
2026-05-10 05:00:00,DeepSeek,15,9147,6117,3030,0.011,86.6667,13.3333,0.0,6.6667,5800.0,8419.1,8691.82,7494.7,155.6,7,11,10,0.0,13.3333,40.0,0.0,498,609.8,0.4953,0.0007,0.0008,16.4356
2026-05-10 05:00:00,MiniMax,1,782,612,170,0.0019,0.0,100.0,0.0,0.0,1906.0,1906.0,1906.0,532.0,22.0,1,1,1,0.0,0.0,100.0,0.0,24,782.0,0.2778,0.0019,,14.1176
2026-05-10 05:00:00,Qwen,1,697,326,371,0.0011,100.0,0.0,0.0,0.0,1332.0,1332.0,1332.0,259.0,28.0,1,1,1,0.0,0.0,0.0,0.0,0,697.0,1.138,0.0011,0.0011,0.0
2026-05-10 06:00:00,DeepSeek,52,33319,21073,12246,0.04,96.1538,3.8462,0.0,1.9231,6080.0,6851.3,8660.66,6737.4,183.55,10,20,24,1.9231,5.7692,17.3077,0.0,2085,640.75,0.5811,0.0008,0.0008,17.026
2026-05-10 06:00:00,MiniMax,1,327,202,125,0.0008,100.0,0.0,0.0,0.0,1559.0,1559.0,1559.0,650.0,166.0,1,1,1,0.0,0.0,0.0,0.0,9,327.0,0.6188,0.0008,0.0008,7.2
2026-05-10 06:00:00,Qwen,1,758,618,140,0.0012,100.0,0.0,0.0,0.0,1314.0,1314.0,1314.0,515.0,54.0,1,1,1,0.0,0.0,0.0,0.0,0,758.0,0.2265,0.0012,0.0012,0.0
2026-05-10 07:00:00,DeepSeek,58,39401,27561,11840,0.0473,98.2759,1.7241,0.0,1.7241,5948.5,7909.55,8848.58,6677.6,204.25,10,22,29,0.0,3.4483,22.4138,0.0,2104,679.3276,0.4296,0.0008,0.0008,17.7703
2026-05-10 07:00:00,MiniMax,1,730,315,415,0.0018,100.0,0.0,0.0,0.0,2468.0,2468.0,2468.0,437.0,73.0,1,1,1,0.0,0.0,0.0,0.0,42,730.0,1.3175,0.0018,0.0018,10.1205
2026-05-10 07:00:00,Qwen,1,486,265,221,0.0008,100.0,0.0,0.0,0.0,1679.0,1679.0,1679.0,496.0,42.0,1,1,1,0.0,0.0,100.0,0.0,0,486.0,0.834,0.0008,0.0008,0.0
2026-05-10 08:00:00,DeepSeek,55,44805,33430,11375,0.0538,98.1818,1.8182,1.8182,0.0,6096.0,7532.4,8724.64,6973.3,164.6,10,23,26,0.0,0.0,14.5455,0.0,1718,814.6364,0.3403,0.001,0.001,15.1033
2026-05-10 08:00:00,MiniMax,3,1740,1481,259,0.0042,100.0,0.0,0.0,0.0,1276.0,1467.7,1484.74,597.7,91.6,3,3,3,0.0,0.0,66.6667,0.0,41,580.0,0.1749,0.0014,0.0014,15.8301
2026-05-10 08:00:00,Qwen,3,1298,841,457,0.0021,66.6667,33.3333,33.3333,0.0,1098.0,1818.0,1882.0,1185.8,222.1,2,3,3,0.0,0.0,0.0,0.0,0,432.6667,0.5434,0.0007,0.001,0.0
2026-05-10 09:00:00,DeepSeek,81,51875,37821,14054,0.0622,95.0617,4.9383,0.0,3.7037,5880.0,7410.0,9294.8,7380.0,191.0,10,26,35,0.0,2.4691,22.2222,0.0,2483,640.4321,0.3716,0.0008,0.0008,17.6676
2026-05-10 09:00:00,MiniMax,3,2347,1496,851,0.0056,100.0,0.0,0.0,0.0,2333.0,2411.3,2418.26,637.5,80.8,3,3,3,0.0,33.3333,33.3333,0.0,182,782.3333,0.5689,0.0019,0.0019,21.3866
2026-05-10 09:00:00,Qwen,1,886,553,333,0.0014,100.0,0.0,0.0,0.0,1678.0,1678.0,1678.0,525.0,64.0,1,1,1,0.0,0.0,0.0,0.0,0,886.0,0.6022,0.0014,0.0014,0.0
2026-05-10 10:00:00,DeepSeek,76,54665,39583,15082,0.0656,93.4211,6.5789,2.6316,2.6316,6213.5,8126.75,9193.25,8091.75,163.5,10,26,31,1.3158,7.8947,18.4211,0.0,2471,719.2763,0.381,0.0009,0.0009,16.3838
2026-05-10 10:00:00,MiniMax,3,2526,2176,350,0.0061,100.0,0.0,0.0,0.0,1045.0,1248.4,1266.48,752.2,76.2,3,3,3,0.0,0.0,33.3333,0.0,68,842.0,0.1608,0.002,0.002,19.4286
2026-05-10 10:00:00,Qwen,2,1744,1290,454,0.0028,100.0,0.0,0.0,0.0,1595.5,1950.55,1982.11,1086.7,78.55,2,2,2,50.0,0.0,0.0,0.0,0,872.0,0.3519,0.0014,0.0014,0.0
2026-05-10 11:00:00,DeepSeek,88,59711,42343,17368,0.0717,100.0,0.0,0.0,0.0,6047.0,8342.15,9574.47,8312.15,160.65,10,27,34,2.2727,2.2727,14.7727,0.0,2771,678.5341,0.4102,0.0008,0.0008,15.9546
2026-05-10 11:00:00,MiniMax,5,3120,2010,1110,0.0075,100.0,0.0,0.0,0.0,1754.0,3824.6,4222.52,987.4,260.2,4,5,4,0.0,0.0,40.0,0.0,151,624.0,0.5522,0.0015,0.0015,13.6036
2026-05-10 11:00:00,Qwen,1,579,361,218,0.0009,100.0,0.0,0.0,0.0,1058.0,1058.0,1058.0,345.0,11.0,1,1,1,0.0,0.0,100.0,0.0,0,579.0,0.6039,0.0009,0.0009,0.0
2026-05-10 12:00:00,DeepSeek,78,48918,32994,15924,0.0587,97.4359,2.5641,0.0,1.2821,5996.5,8305.4,8772.12,7868.75,151.0,10,24,32,0.0,6.4103,17.9487,0.0,2607,627.1538,0.4826,0.0008,0.0008,16.3715
2026-05-10 12:00:00,MiniMax,4,2767,1974,793,0.0066,100.0,0.0,0.0,0.0,1897.5,1928.55,1931.31,707.0,96.2,3,3,4,0.0,0.0,25.0,0.0,154,691.75,0.4017,0.0017,0.0017,19.4199
2026-05-10 13:00:00,DeepSeek,90,62335,45994,16341,0.0748,96.6667,3.3333,0.0,2.2222,5891.0,7632.0,9297.5,7602.0,172.55,10,28,33,1.1111,3.3333,17.7778,0.0,2982,692.6111,0.3553,0.0008,0.0009,18.2486
2026-05-10 14:00:00,DeepSeek,88,61233,43246,17987,0.0735,96.5909,3.4091,1.1364,1.1364,5928.0,8411.85,9339.83,8260.45,136.65,10,23,31,1.1364,1.1364,23.8636,0.0,2807,695.8295,0.4159,0.0008,0.0009,15.6057
2026-05-10 14:00:00,MiniMax,1,408,141,267,0.001,100.0,0.0,0.0,0.0,2174.0,2174.0,2174.0,580.0,49.0,1,1,1,0.0,0.0,0.0,0.0,17,408.0,1.8936,0.001,0.001,6.367
2026-05-10 15:00:00,DeepSeek,84,57305,39417,17888,0.0688,92.8571,7.1429,0.0,3.5714,6063.0,7821.5,8780.55,7645.85,182.25,10,27,31,0.0,4.7619,19.0476,0.0,2807,682.2024,0.4538,0.0008,0.0009,15.6921
2026-05-10 15:00:00,MiniMax,4,2382,1608,774,0.0057,75.0,25.0,0.0,0.0,1632.5,2722.8,2867.76,664.9,139.65,3,4,4,0.0,0.0,0.0,0.0,107,595.5,0.4813,0.0014,0.0019,13.8243
2026-05-10 15:00:00,Qwen,3,1710,990,720,0.0027,100.0,0.0,0.0,0.0,1480.0,1963.3,2006.26,460.7,127.1,3,3,3,0.0,0.0,0.0,0.0,0,570.0,0.7273,0.0009,0.0009,0.0
2026-05-10 16:00:00,DeepSeek,80,50731,34078,16653,0.0609,93.75,6.25,1.25,0.0,6185.5,8064.7,9340.69,8034.7,158.4,10,27,34,1.25,5.0,16.25,0.0,2742,634.1375,0.4887,0.0008,0.0008,16.4655
2026-05-10 16:00:00,MiniMax,2,919,692,227,0.0022,50.0,50.0,0.0,50.0,1426.0,1628.5,1646.5,654.55,43.9,1,1,2,0.0,0.0,0.0,0.0,39,459.5,0.328,0.0011,0.0022,17.1806
2026-05-10 16:00:00,Qwen,1,455,317,138,0.0007,100.0,0.0,0.0,0.0,1047.0,1047.0,1047.0,362.0,94.0,1,1,1,0.0,0.0,0.0,0.0,0,455.0,0.4353,0.0007,0.0007,0.0
2026-05-10 17:00:00,DeepSeek,83,56520,40621,15899,0.0678,93.9759,6.0241,0.0,2.4096,5906.0,6957.4,9371.5,6568.4,154.9,10,22,29,1.2048,4.8193,26.506,0.0,2740,680.9639,0.3914,0.0008,0.0009,17.2338
2026-05-10 17:00:00,MiniMax,2,1893,1671,222,0.0045,100.0,0.0,0.0,0.0,1322.5,1764.85,1804.17,742.8,120.2,2,2,2,0.0,0.0,0.0,0.0,23,946.5,0.1329,0.0023,0.0023,10.3604
2026-05-10 17:00:00,Qwen,2,1369,953,416,0.0022,100.0,0.0,0.0,0.0,1337.5,1438.75,1447.75,451.55,34.45,2,2,2,0.0,0.0,50.0,0.0,0,684.5,0.4365,0.0011,0.0011,0.0
2026-05-10 18:00:00,DeepSeek,44,31960,23613,8347,0.0384,97.7273,2.2727,2.2727,0.0,5940.5,7544.7,8117.77,7198.35,141.0,9,23,22,4.5455,2.2727,15.9091,0.0,1313,726.3636,0.3535,0.0009,0.0009,15.7302
2026-05-10 18:00:00,MiniMax,3,1623,742,881,0.0039,100.0,0.0,0.0,0.0,2365.0,2482.9,2493.38,723.5,117.2,3,3,3,0.0,0.0,0.0,0.0,122,541.0,1.1873,0.0013,0.0013,13.8479
2026-05-10 19:00:00,DeepSeek,54,39209,26948,12261,0.0471,96.2963,3.7037,1.8519,0.0,6050.5,8033.95,9480.91,8003.95,138.1,9,22,28,0.0,5.5556,20.3704,0.0,1923,726.0926,0.455,0.0009,0.0009,15.6839
2026-05-10 19:00:00,MiniMax,2,997,738,259,0.0024,0.0,100.0,50.0,50.0,1542.5,1589.75,1593.95,830.6,37.4,1,1,2,0.0,50.0,0.0,0.0,53,498.5,0.3509,0.0012,,20.4633
2026-05-10 19:00:00,Qwen,4,2175,1247,928,0.0035,75.0,25.0,25.0,0.0,1511.5,1720.35,1745.67,1075.75,227.1,3,3,4,0.0,0.0,0.0,0.0,0,543.75,0.7442,0.0009,0.0012,0.0
2026-05-10 20:00:00,DeepSeek,44,32499,21661,10838,0.039,97.7273,2.2727,0.0,0.0,6106.0,8868.15,9238.07,8789.1,142.9,10,25,27,2.2727,2.2727,18.1818,0.0,1935,738.6136,0.5003,0.0009,0.0009,17.8538
2026-05-10 20:00:00,MiniMax,1,649,447,202,0.0016,100.0,0.0,0.0,0.0,2334.0,2334.0,2334.0,863.0,83.0,1,1,1,0.0,0.0,0.0,0.0,23,649.0,0.4519,0.0016,0.0016,11.3861
2026-05-10 20:00:00,Qwen,1,981,411,570,0.0016,100.0,0.0,0.0,0.0,2932.0,2932.0,2932.0,496.0,59.0,1,1,1,0.0,0.0,100.0,0.0,0,981.0,1.3869,0.0016,0.0016,0.0
2026-05-10 21:00:00,DeepSeek,50,32255,21465,10790,0.0387,98.0,2.0,0.0,0.0,5895.5,8314.3,9780.66,8138.5,146.6,10,25,21,0.0,0.0,18.0,0.0,1647,645.1,0.5027,0.0008,0.0008,15.2641
2026-05-10 21:00:00,MiniMax,1,596,496,100,0.0014,100.0,0.0,0.0,0.0,1753.0,1753.0,1753.0,729.0,130.0,1,1,1,0.0,0.0,0.0,0.0,10,596.0,0.2016,0.0014,0.0014,10.0
2026-05-10 22:00:00,DeepSeek,35,26063,19171,6892,0.0313,94.2857,5.7143,0.0,2.8571,6054.0,8074.6,8665.1,7876.6,125.0,9,21,24,0.0,5.7143,28.5714,0.0,1083,744.6571,0.3595,0.0009,0.0009,15.7139
2026-05-10 22:00:00,MiniMax,1,832,638,194,0.002,100.0,0.0,0.0,0.0,1859.0,1859.0,1859.0,785.0,25.0,1,1,1,0.0,0.0,0.0,0.0,26,832.0,0.3041,0.002,0.002,13.4021
2026-05-10 22:00:00,Qwen,1,355,196,159,0.0006,100.0,0.0,0.0,0.0,1415.0,1415.0,1415.0,423.0,94.0,1,1,1,0.0,0.0,0.0,0.0,0,355.0,0.8112,0.0006,0.0006,0.0
2026-05-10 23:00:00,DeepSeek,23,16013,12271,3742,0.0192,100.0,0.0,0.0,0.0,5893.0,6908.8,7016.86,6514.1,140.2,9,14,17,0.0,0.0,13.0435,0.0,665,696.2174,0.3049,0.0008,0.0008,17.7712
2026-05-10 23:00:00,MiniMax,2,1093,734,359,0.0026,100.0,0.0,0.0,0.0,1638.0,1687.5,1691.9,742.6,88.1,2,2,2,0.0,0.0,0.0,0.0,60,546.5,0.4891,0.0013,0.0013,16.7131
2026-05-10 23:00:00,Qwen,1,591,205,386,0.0009,100.0,0.0,0.0,0.0,2051.0,2051.0,2051.0,425.0,44.0,1,1,1,0.0,0.0,0.0,0.0,0,591.0,1.8829,0.0009,0.0009,0.0
2026-05-11 00:00:00,DeepSeek,41,28419,20376,8043,0.0341,95.122,4.878,0.0,4.878,5943.0,8293.0,9707.8,8263.0,172.0,10,21,22,0.0,2.439,26.8293,0.0,1297,693.1463,0.3947,0.0008,0.0009,16.1258
2026-05-11 00:00:00,Qwen,1,1637,1366,271,0.0026,100.0,0.0,0.0,0.0,1174.0,1174.0,1174.0,409.0,80.0,1,1,1,0.0,0.0,0.0,0.0,0,1637.0,0.1984,0.0026,0.0026,0.0
2026-05-11 01:00:00,DeepSeek,39,26318,18209,8109,0.0316,97.4359,2.5641,2.5641,0.0,5943.0,8073.1,9147.1,7469.8,180.2,10,21,25,2.5641,0.0,20.5128,0.0,1273,674.8205,0.4453,0.0008,0.0008,15.6986
2026-05-11 02:00:00,DeepSeek,38,27488,20212,7276,0.033,94.7368,5.2632,2.6316,2.6316,5912.5,7971.7,9039.84,7941.7,173.0,10,22,23,0.0,2.6316,13.1579,0.0,1278,723.3684,0.36,0.0009,0.0009,17.5646
2026-05-11 02:00:00,MiniMax,3,866,545,321,0.0021,100.0,0.0,0.0,0.0,1224.0,1672.2,1712.04,591.1,89.5,2,3,2,0.0,0.0,0.0,0.0,57,288.6667,0.589,0.0007,0.0007,17.757
2026-05-11 02:00:00,Qwen,1,392,219,173,0.0006,100.0,0.0,0.0,0.0,1402.0,1402.0,1402.0,370.0,54.0,1,1,1,0.0,0.0,0.0,0.0,0,392.0,0.79,0.0006,0.0006,0.0
2026-05-11 03:00:00,DeepSeek,28,24078,16442,7636,0.0289,100.0,0.0,0.0,0.0,6109.0,7095.35,7432.39,6372.3,231.4,8,17,22,0.0,0.0,28.5714,0.0,1284,859.9286,0.4644,0.001,0.001,16.8151
2026-05-11 04:00:00,DeepSeek,42,29722,20368,9354,0.0357,100.0,0.0,0.0,0.0,5993.5,6683.5,7062.0,6575.0,161.85,9,22,26,0.0,0.0,16.6667,0.0,1543,707.6667,0.4592,0.0008,0.0008,16.4956
2026-05-11 04:00:00,MiniMax,2,1292,923,369,0.0031,100.0,0.0,0.0,0.0,1526.5,1558.45,1561.29,693.95,72.6,2,2,2,0.0,0.0,0.0,0.0,42,646.0,0.3998,0.0016,0.0016,11.3821
2026-05-11 04:00:00,Qwen,2,891,528,363,0.0014,100.0,0.0,0.0,0.0,935.5,978.25,982.05,535.45,46.85,2,2,2,0.0,0.0,0.0,0.0,0,445.5,0.6875,0.0007,0.0007,0.0
2026-05-11 05:00:00,DeepSeek,42,33499,25180,8319,0.0402,100.0,0.0,0.0,0.0,6142.0,8322.25,8810.98,7972.1,117.6,8,20,19,4.7619,11.9048,9.5238,0.0,1354,797.5952,0.3304,0.001,0.001,16.276
2026-05-11 05:00:00,MiniMax,1,954,859,95,0.0023,100.0,0.0,0.0,0.0,1369.0,1369.0,1369.0,515.0,35.0,1,1,1,0.0,0.0,0.0,0.0,24,954.0,0.1106,0.0023,0.0023,25.2632
2026-05-11 05:00:00,Qwen,1,491,318,173,0.0008,100.0,0.0,0.0,0.0,1260.0,1260.0,1260.0,470.0,43.0,1,1,1,0.0,0.0,0.0,0.0,0,491.0,0.544,0.0008,0.0008,0.0
2026-05-11 06:00:00,DeepSeek,109,71596,50632,20964,0.0859,94.4954,5.5046,1.8349,0.9174,5984.0,8154.6,9207.6,7799.6,167.2,10,27,35,2.7523,6.422,14.6789,0.0,3200,656.844,0.414,0.0008,0.0008,15.2643
2026-05-11 06:00:00,MiniMax,3,1952,1590,362,0.0047,33.3333,66.6667,66.6667,0.0,1223.0,1343.6,1354.32,659.5,56.1,2,3,2,0.0,0.0,33.3333,0.0,48,650.6667,0.2277,0.0016,0.0047,13.2597
2026-05-11 06:00:00,Qwen,6,4435,3341,1094,0.0071,100.0,0.0,0.0,0.0,1108.0,1710.5,1805.3,1040.25,106.0,4,5,4,0.0,0.0,16.6667,0.0,0,739.1667,0.3274,0.0012,0.0012,0.0
2026-05-11 07:00:00,DeepSeek,120,79315,54580,24735,0.0952,95.0,5.0,2.5,0.8333,5905.5,7529.75,8625.41,6938.35,174.15,10,27,38,1.6667,3.3333,20.8333,0.0,4377,660.9583,0.4532,0.0008,0.0008,17.6956
2026-05-11 07:00:00,MiniMax,4,3630,2680,950,0.0087,100.0,0.0,0.0,0.0,1628.0,1843.85,1872.77,658.5,169.2,4,4,4,0.0,0.0,25.0,25.0,180,907.5,0.3545,0.0022,0.0022,18.9474
2026-05-11 07:00:00,Qwen,2,1348,640,708,0.0022,100.0,0.0,0.0,0.0,1762.5,2369.55,2423.51,442.15,111.9,2,2,2,0.0,0.0,50.0,0.0,0,674.0,1.1062,0.0011,0.0011,0.0
2026-05-11 08:00:00,DeepSeek,105,78201,58006,20195,0.0938,95.2381,4.7619,0.0,2.8571,5985.0,7141.2,8422.72,6951.4,169.8,10,28,36,4.7619,3.8095,19.0476,0.0,3326,744.7714,0.3482,0.0009,0.0009,16.4694
2026-05-11 08:00:00,MiniMax,6,3214,1411,1803,0.0077,100.0,0.0,0.0,0.0,2092.0,2574.25,2622.85,728.5,118.75,6,6,6,0.0,0.0,16.6667,0.0,379,535.6667,1.2778,0.0013,0.0013,21.0205
2026-05-11 08:00:00,Qwen,6,4942,3864,1078,0.0079,100.0,0.0,0.0,0.0,1290.0,1553.0,1590.6,636.5,100.0,6,6,6,0.0,0.0,16.6667,0.0,0,823.6667,0.279,0.0013,0.0013,0.0
2026-05-11 09:00:00,DeepSeek,168,114013,79802,34211,0.1368,97.0238,2.9762,1.1905,0.0,5976.0,8058.2,9288.33,7667.05,165.25,10,29,39,0.5952,3.5714,17.2619,0.5952,5536,678.6488,0.4287,0.0008,0.0008,16.1819
2026-05-11 09:00:00,MiniMax,7,3367,2578,789,0.0081,71.4286,28.5714,0.0,14.2857,1226.0,1670.9,1787.78,687.0,97.6,5,6,6,14.2857,0.0,14.2857,0.0,132,481.0,0.3061,0.0012,0.0016,16.73
2026-05-11 09:00:00,Qwen,6,3190,2255,935,0.0051,100.0,0.0,0.0,0.0,1152.5,1920.5,2073.7,559.75,233.25,4,5,6,0.0,0.0,16.6667,0.0,0,531.6667,0.4146,0.0009,0.0009,0.0
2026-05-11 10:00:00,DeepSeek,183,127977,90424,37553,0.1536,98.3607,1.6393,0.0,1.0929,5999.0,8279.2,9260.72,8144.6,175.2,10,30,39,0.0,3.2787,15.3005,0.0,6201,699.3279,0.4153,0.0008,0.0009,16.5127
2026-05-11 10:00:00,MiniMax,16,12263,8845,3418,0.0294,93.75,6.25,0.0,0.0,1705.5,2448.25,2619.25,767.5,183.0,6,11,11,0.0,6.25,12.5,0.0,638,766.4375,0.3864,0.0018,0.002,18.6659
2026-05-11 10:00:00,Qwen,6,4643,2957,1686,0.0074,83.3333,16.6667,16.6667,0.0,1641.0,2659.0,2702.2,1003.75,165.25,4,4,6,0.0,16.6667,16.6667,0.0,0,773.8333,0.5702,0.0012,0.0015,0.0
2026-05-11 11:00:00,DeepSeek,197,138137,97983,40154,0.1658,96.4467,3.5533,0.5076,1.0152,6032.0,8170.6,9607.12,7991.0,163.2,10,29,39,0.5076,4.0609,19.797,0.0,6560,701.203,0.4098,0.0008,0.0009,16.3371
2026-05-11 11:00:00,MiniMax,7,3158,2088,1070,0.0076,100.0,0.0,0.0,0.0,1544.0,2190.2,2285.24,784.0,158.5,5,7,5,0.0,0.0,28.5714,0.0,148,451.1429,0.5125,0.0011,0.0011,13.8318
2026-05-11 11:00:00,Qwen,7,4954,3444,1510,0.0079,85.7143,14.2857,0.0,0.0,1186.0,1782.1,1893.22,992.2,75.9,5,7,6,0.0,14.2857,28.5714,0.0,0,707.7143,0.4384,0.0011,0.0013,0.0
2026-05-11 12:00:00,DeepSeek,164,108370,75751,32619,0.13,96.9512,3.0488,0.6098,1.2195,5996.0,7794.9,9258.79,7543.75,161.0,10,30,41,1.2195,4.2683,10.3659,0.0,4973,660.7927,0.4306,0.0008,0.0008,15.2457
2026-05-11 12:00:00,MiniMax,4,2567,1395,1172,0.0062,100.0,0.0,0.0,0.0,1751.0,2405.35,2447.47,591.25,81.85,4,4,4,0.0,0.0,50.0,0.0,179,641.75,0.8401,0.0015,0.0015,15.273
2026-05-11 12:00:00,Qwen,8,5885,3976,1909,0.0094,100.0,0.0,0.0,0.0,1138.0,3185.5,3809.9,537.8,121.5,5,6,7,0.0,0.0,12.5,0.0,0,735.625,0.4801,0.0012,0.0012,0.0
2026-05-11 13:00:00,DeepSeek,194,132241,90365,41876,0.1587,97.4227,2.5773,0.0,1.0309,5991.5,8245.8,9094.59,8060.15,162.35,10,30,38,0.5155,3.0928,14.9485,0.0,6966,681.6546,0.4634,0.0008,0.0008,16.6348
2026-05-11 13:00:00,MiniMax,9,5192,3246,1946,0.0125,88.8889,11.1111,11.1111,0.0,1621.0,3156.6,3254.52,1075.6,184.2,6,8,9,0.0,11.1111,11.1111,11.1111,359,576.8889,0.5995,0.0014,0.0016,18.4481
2026-05-11 13:00:00,Qwen,10,6622,5024,1598,0.0106,100.0,0.0,0.0,0.0,1116.5,1781.1,1897.02,883.1,162.8,6,8,7,0.0,0.0,20.0,0.0,0,662.2,0.3181,0.0011,0.0011,0.0
2026-05-11 14:00:00,DeepSeek,161,112049,76351,35698,0.1345,96.8944,3.1056,0.6211,1.8634,6043.0,8287.0,9484.4,7956.0,154.0,10,29,39,0.0,5.5901,24.2236,0.0,6268,695.9565,0.4676,0.0008,0.0009,17.5584
2026-05-11 14:00:00,MiniMax,11,6311,4280,2031,0.0151,90.9091,9.0909,0.0,9.0909,1466.0,2357.5,2468.3,903.0,170.0,7,9,9,9.0909,9.0909,18.1818,0.0,356,573.7273,0.4745,0.0014,0.0015,17.5283
2026-05-11 14:00:00,Qwen,3,1173,858,315,0.0019,100.0,0.0,0.0,0.0,1123.0,1418.2,1444.44,613.2,89.8,3,3,3,0.0,0.0,0.0,0.0,0,391.0,0.3671,0.0006,0.0006,0.0
2026-05-11 15:00:00,DeepSeek,195,131013,93655,37358,0.1572,95.8974,4.1026,0.5128,2.5641,5949.0,8665.6,9328.18,8576.7,176.9,10,30,40,1.0256,2.0513,14.8718,0.0,6328,671.8615,0.3989,0.0008,0.0008,16.9388
2026-05-11 15:00:00,MiniMax,10,5476,3907,1569,0.0131,100.0,0.0,0.0,0.0,1475.5,2291.05,2345.41,698.25,111.1,7,8,9,0.0,0.0,10.0,0.0,284,547.6,0.4016,0.0013,0.0013,18.1007
2026-05-11 15:00:00,Qwen,4,3717,2960,757,0.0059,100.0,0.0,0.0,0.0,1491.5,1657.55,1669.91,945.15,107.05,4,4,4,0.0,0.0,25.0,0.0,0,929.25,0.2557,0.0015,0.0015,0.0
2026-05-11 16:00:00,DeepSeek,179,125707,90249,35458,0.1508,96.648,3.352,0.0,2.7933,5980.0,7116.8,9180.1,7004.8,170.6,10,30,44,1.1173,5.0279,16.2011,0.0,5943,702.2737,0.3929,0.0008,0.0009,16.7607
2026-05-11 16:00:00,MiniMax,8,5892,3894,1998,0.0141,75.0,25.0,12.5,12.5,1737.0,2414.1,2625.22,628.9,102.45,7,7,8,0.0,0.0,0.0,0.0,394,736.5,0.5131,0.0018,0.0024,19.7197
2026-05-11 16:00:00,Qwen,7,5149,3993,1156,0.0082,85.7143,14.2857,0.0,14.2857,1040.0,2275.0,2431.0,1107.7,108.7,7,7,7,0.0,28.5714,28.5714,14.2857,0,735.5714,0.2895,0.0012,0.0014,0.0
2026-05-11 17:00:00,DeepSeek,206,138142,96370,41772,0.1658,97.0874,2.9126,0.9709,0.9709,5944.5,8067.0,9015.3,7798.75,160.5,10,29,48,0.9709,4.3689,16.5049,0.0,6477,670.5922,0.4335,0.0008,0.0008,15.5056
2026-05-11 17:00:00,MiniMax,9,6927,4759,2168,0.0166,66.6667,33.3333,11.1111,11.1111,1392.0,3012.4,3205.68,728.2,106.2,5,8,9,0.0,11.1111,11.1111,0.0,424,769.6667,0.4556,0.0018,0.0028,19.5572
2026-05-11 17:00:00,Qwen,4,2379,1625,754,0.0038,75.0,25.0,0.0,25.0,1444.0,1847.25,1893.45,737.2,142.0,3,3,4,0.0,0.0,0.0,0.0,0,594.75,0.464,0.001,0.0013,0.0
2026-05-11 18:00:00,DeepSeek,108,75348,52976,22372,0.0904,98.1481,1.8519,0.9259,0.0,5946.0,8365.65,9076.07,8211.75,148.6,10,27,39,0.9259,4.6296,12.963,0.0,3678,697.6667,0.4223,0.0008,0.0009,16.4402
2026-05-11 18:00:00,MiniMax,2,1950,1774,176,0.0047,100.0,0.0,0.0,0.0,1538.5,1611.85,1618.37,861.35,180.95,2,2,2,0.0,0.0,50.0,0.0,18,975.0,0.0992,0.0023,0.0023,10.2273
2026-05-11 19:00:00,DeepSeek,124,86186,62704,23482,0.1034,96.7742,3.2258,0.0,1.6129,5949.5,8645.5,9340.73,8615.5,186.55,10,29,38,1.6129,1.6129,19.3548,0.0,3856,695.0484,0.3745,0.0008,0.0009,16.4211
2026-05-11 19:00:00,MiniMax,4,1937,1221,716,0.0046,75.0,25.0,25.0,0.0,1624.0,2858.35,2994.07,678.95,98.35,4,4,4,0.0,25.0,0.0,0.0,86,484.25,0.5864,0.0012,0.0015,12.0112
2026-05-11 19:00:00,Qwen,1,422,230,192,0.0007,100.0,0.0,0.0,0.0,1663.0,1663.0,1663.0,689.0,132.0,1,1,1,0.0,0.0,0.0,0.0,0,422.0,0.8348,0.0007,0.0007,0.0
2026-05-11 20:00:00,DeepSeek,100,69444,49871,19573,0.0833,98.0,2.0,0.0,1.0,5944.5,8083.75,8581.96,7790.95,173.6,10,28,38,1.0,1.0,16.0,0.0,2854,694.44,0.3925,0.0008,0.0009,14.5813
2026-05-11 20:00:00,MiniMax,4,2122,1619,503,0.0051,100.0,0.0,0.0,0.0,1512.5,1837.3,1846.66,606.15,79.75,3,4,4,0.0,0.0,0.0,0.0,107,530.5,0.3107,0.0013,0.0013,21.2724
2026-05-11 20:00:00,Qwen,1,1248,697,551,0.002,100.0,0.0,0.0,0.0,3126.0,3126.0,3126.0,352.0,30.0,1,1,1,0.0,0.0,100.0,0.0,0,1248.0,0.7905,0.002,0.002,0.0
2026-05-11 21:00:00,DeepSeek,98,65336,45340,19996,0.0784,92.8571,7.1429,1.0204,2.0408,6018.0,8105.35,9279.66,8010.85,149.25,10,28,31,0.0,2.0408,15.3061,1.0204,3282,666.6939,0.441,0.0008,0.0009,16.4133
2026-05-11 21:00:00,MiniMax,8,5955,4039,1916,0.0143,87.5,12.5,0.0,0.0,1945.5,2723.45,2799.89,673.35,151.45,6,7,7,0.0,0.0,0.0,12.5,366,744.375,0.4744,0.0018,0.002,19.1023
2026-05-11 21:00:00,Qwen,1,947,812,135,0.0015,100.0,0.0,0.0,0.0,1259.0,1259.0,1259.0,461.0,65.0,1,1,1,0.0,0.0,0.0,0.0,0,947.0,0.1663,0.0015,0.0015,0.0
2026-05-11 22:00:00,DeepSeek,57,32246,20952,11294,0.0387,92.9825,7.0175,0.0,7.0175,5949.0,8538.2,9312.96,8387.6,152.0,10,24,29,0.0,5.2632,10.5263,0.0,1814,565.7193,0.539,0.0007,0.0007,16.0616
2026-05-11 22:00:00,MiniMax,2,1480,884,596,0.0036,100.0,0.0,0.0,0.0,1765.5,1987.35,2007.07,531.55,54.8,2,2,2,0.0,0.0,0.0,0.0,113,740.0,0.6742,0.0018,0.0018,18.9597
2026-05-11 22:00:00,Qwen,1,697,482,215,0.0011,100.0,0.0,0.0,0.0,1438.0,1438.0,1438.0,378.0,54.0,1,1,1,0.0,0.0,100.0,0.0,0,697.0,0.4461,0.0011,0.0011,0.0
2026-05-11 23:00:00,DeepSeek,51,34330,23417,10913,0.0412,96.0784,3.9216,0.0,1.9608,6107.0,9520.5,9800.0,8805.0,187.0,10,22,27,0.0,0.0,19.6078,0.0,1739,673.1373,0.466,0.0008,0.0008,15.9351
2026-05-11 23:00:00,MiniMax,1,825,430,395,0.002,100.0,0.0,0.0,0.0,2484.0,2484.0,2484.0,834.0,149.0,1,1,1,0.0,0.0,0.0,0.0,101,825.0,0.9186,0.002,0.002,25.5696
2026-05-11 23:00:00,Qwen,2,1071,557,514,0.0017,100.0,0.0,0.0,0.0,1235.0,1645.4,1681.88,403.55,100.4,2,2,2,0.0,0.0,0.0,0.0,0,535.5,0.9228,0.0009,0.0009,0.0
2026-05-12 00:00:00,DeepSeek,26,15632,9642,5990,0.0188,96.1538,3.8462,0.0,0.0,5960.5,6750.5,6788.0,6158.0,180.75,9,17,17,3.8462,3.8462,15.3846,0.0,911,601.2308,0.6212,0.0007,0.0008,15.2087
2026-05-12 01:00:00,DeepSeek,24,19637,13613,6024,0.0236,95.8333,4.1667,0.0,0.0,6120.5,8477.9,8741.18,8277.5,115.1,9,19,13,4.1667,0.0,25.0,0.0,957,818.2083,0.4425,0.001,0.001,15.8865
2026-05-12 02:00:00,DeepSeek,28,21539,15914,5625,0.0258,100.0,0.0,0.0,0.0,5947.0,8189.5,8954.97,8159.5,123.5,9,18,19,0.0,0.0,14.2857,0.0,1005,769.25,0.3535,0.0009,0.0009,17.8667
2026-05-12 02:00:00,MiniMax,1,299,169,130,0.0007,100.0,0.0,0.0,0.0,760.0,760.0,760.0,514.0,18.0,1,1,1,0.0,0.0,100.0,0.0,26,299.0,0.7692,0.0007,0.0007,20.0
2026-05-12 03:00:00,DeepSeek,22,15098,11189,3909,0.0181,90.9091,9.0909,0.0,4.5455,5789.0,7204.8,8374.88,6774.75,169.75,9,16,16,0.0,0.0,18.1818,0.0,738,686.2727,0.3494,0.0008,0.0009,18.8795
2026-05-12 03:00:00,MiniMax,2,1237,1025,212,0.003,100.0,0.0,0.0,0.0,1072.0,1275.4,1293.48,621.1,158.5,2,2,2,0.0,0.0,50.0,0.0,28,618.5,0.2068,0.0015,0.0015,13.2075
2026-05-12 03:00:00,Qwen,1,295,227,68,0.0005,100.0,0.0,0.0,0.0,1492.0,1492.0,1492.0,710.0,221.0,1,1,1,0.0,0.0,0.0,0.0,0,295.0,0.2996,0.0005,0.0005,0.0
2026-05-12 04:00:00,DeepSeek,21,11885,8104,3781,0.0143,90.4762,9.5238,4.7619,4.7619,5913.0,8653.0,8764.2,8623.0,149.0,9,15,16,0.0,9.5238,23.8095,0.0,621,565.9524,0.4666,0.0007,0.0008,16.4242
2026-05-12 04:00:00,MiniMax,1,855,722,133,0.0021,100.0,0.0,0.0,0.0,1403.0,1403.0,1403.0,518.0,137.0,1,1,1,0.0,0.0,100.0,0.0,20,855.0,0.1842,0.0021,0.0021,15.0376
2026-05-12 05:00:00,DeepSeek,22,15083,11252,3831,0.0181,95.4545,4.5455,4.5455,0.0,5941.5,7251.55,8669.52,7110.45,112.8,7,15,17,0.0,4.5455,31.8182,0.0,530,685.5909,0.3405,0.0008,0.0009,13.8345
2026-05-12 06:00:00,DeepSeek,57,40945,29248,11697,0.0491,94.7368,5.2632,0.0,1.7544,5974.0,7686.8,8881.8,7656.8,148.0,10,25,29,3.5088,3.5088,21.0526,0.0,1784,718.3333,0.3999,0.0009,0.0009,15.2518
2026-05-12 06:00:00,MiniMax,5,3392,2365,1027,0.0081,80.0,20.0,20.0,0.0,1330.0,1968.4,2055.28,660.6,143.6,4,5,4,0.0,0.0,20.0,0.0,202,678.4,0.4342,0.0016,0.002,19.6689
2026-05-12 06:00:00,Qwen,4,3303,2499,804,0.0053,100.0,0.0,0.0,0.0,1325.5,1929.65,1940.33,621.75,39.85,4,4,4,0.0,0.0,0.0,0.0,0,825.75,0.3217,0.0013,0.0013,0.0
2026-05-12 07:00:00,DeepSeek,54,41904,31072,10832,0.0503,100.0,0.0,0.0,0.0,5942.0,7246.35,8131.5,6627.4,161.15,10,25,28,0.0,1.8519,16.6667,0.0,1769,776.0,0.3486,0.0009,0.0009,16.3312
2026-05-12 07:00:00,MiniMax,6,4788,3574,1214,0.0115,66.6667,33.3333,0.0,33.3333,1589.5,2165.5,2202.7,868.25,241.75,5,5,6,0.0,0.0,50.0,0.0,214,798.0,0.3397,0.0019,0.0029,17.6277
2026-05-12 07:00:00,Qwen,2,1479,1223,256,0.0024,100.0,0.0,0.0,0.0,1374.5,1374.95,1374.99,495.65,110.7,2,2,2,0.0,0.0,0.0,0.0,0,739.5,0.2093,0.0012,0.0012,0.0
2026-05-12 08:00:00,DeepSeek,58,37382,26148,11234,0.0449,96.5517,3.4483,1.7241,1.7241,5914.0,8232.6,9240.59,7852.35,199.85,10,23,26,1.7241,5.1724,12.069,0.0,1843,644.5172,0.4296,0.0008,0.0008,16.4056
2026-05-12 08:00:00,MiniMax,2,1740,1545,195,0.0042,100.0,0.0,0.0,0.0,1093.5,1133.55,1137.11,589.75,189.35,2,2,2,0.0,0.0,50.0,0.0,44,870.0,0.1262,0.0021,0.0021,22.5641
2026-05-12 08:00:00,Qwen,1,478,300,178,0.0008,100.0,0.0,0.0,0.0,1292.0,1292.0,1292.0,514.0,65.0,1,1,1,0.0,0.0,100.0,0.0,0,478.0,0.5933,0.0008,0.0008,0.0
2026-05-12 09:00:00,DeepSeek,111,73420,51393,22027,0.0881,97.2973,2.7027,1.8018,0.9009,5981.0,7853.0,9418.4,7507.0,170.5,10,30,39,0.9009,5.4054,20.7207,0.0,3592,661.4414,0.4286,0.0008,0.0008,16.3073
2026-05-12 09:00:00,MiniMax,7,5172,3557,1615,0.0124,85.7143,14.2857,0.0,0.0,1627.0,1936.1,1960.82,847.8,158.0,5,6,7,0.0,14.2857,42.8571,0.0,221,738.8571,0.454,0.0018,0.0021,13.6842
2026-05-12 09:00:00,Qwen,4,2294,1486,808,0.0037,75.0,25.0,0.0,0.0,1179.5,2049.05,2170.61,793.25,176.1,3,3,4,0.0,0.0,25.0,0.0,0,573.5,0.5437,0.0009,0.0012,0.0
2026-05-12 10:00:00,DeepSeek,119,84126,60666,23460,0.101,94.1176,5.8824,1.6807,0.8403,5932.0,8199.7,9222.36,8037.6,123.7,10,29,35,1.6807,3.3613,21.0084,0.0,3704,706.9412,0.3867,0.0008,0.0009,15.7886
2026-05-12 10:00:00,MiniMax,3,1537,1053,484,0.0037,100.0,0.0,0.0,0.0,1619.0,1976.3,2008.06,732.9,168.9,3,3,3,0.0,0.0,0.0,0.0,53,512.3333,0.4596,0.0012,0.0012,10.9504
2026-05-12 10:00:00,Qwen,4,2344,1196,1148,0.0038,100.0,0.0,0.0,0.0,1543.0,2393.85,2420.37,644.85,154.3,3,4,3,0.0,0.0,0.0,0.0,0,586.0,0.9599,0.0009,0.0009,0.0
2026-05-12 11:00:00,DeepSeek,91,61985,41440,20545,0.0744,98.9011,1.0989,0.0,0.0,5956.0,7783.0,8947.3,7318.5,164.5,10,28,32,1.0989,1.0989,27.4725,0.0,3242,681.1538,0.4958,0.0008,0.0008,15.78
2026-05-12 11:00:00,MiniMax,4,3654,2451,1203,0.0088,75.0,25.0,0.0,0.0,1361.5,2273.05,2394.61,642.55,124.7,4,4,4,0.0,0.0,0.0,0.0,295,913.5,0.4908,0.0022,0.0029,24.522
2026-05-12 11:00:00,Qwen,1,799,370,429,0.0013,100.0,0.0,0.0,0.0,2408.0,2408.0,2408.0,489.0,65.0,1,1,1,0.0,0.0,0.0,0.0,0,799.0,1.1595,0.0013,0.0013,0.0
2026-05-12 12:00:00,DeepSeek,121,79259,57496,21763,0.0951,95.0413,4.9587,0.8264,3.3058,5901.0,8140.0,8811.8,8110.0,193.0,10,28,36,0.0,3.3058,20.6612,0.0,3489,655.0331,0.3785,0.0008,0.0008,16.0318
2026-05-12 12:00:00,MiniMax,3,2134,1679,455,0.0051,100.0,0.0,0.0,0.0,1429.0,1873.6,1913.12,621.8,125.5,2,2,3,0.0,0.0,0.0,0.0,56,711.3333,0.271,0.0017,0.0017,12.3077
2026-05-12 12:00:00,Qwen,6,3043,2148,895,0.0049,83.3333,16.6667,16.6667,0.0,1166.5,2147.0,2230.2,1046.5,156.75,3,5,4,0.0,16.6667,0.0,0.0,0,507.1667,0.4167,0.0008,0.001,0.0
2026-05-12 13:00:00,DeepSeek,116,72505,48464,24041,0.087,97.4138,2.5862,1.7241,0.0,6018.5,7517.0,9392.95,7131.25,146.75,10,26,36,0.8621,6.8966,24.1379,0.0,3915,625.0431,0.4961,0.0008,0.0008,16.2847
2026-05-12 13:00:00,MiniMax,8,5939,3491,2448,0.0143,100.0,0.0,0.0,0.0,1574.5,3641.5,3957.9,733.25,114.95,7,7,8,0.0,0.0,12.5,0.0,350,742.375,0.7012,0.0018,0.0018,14.2974
2026-05-12 13:00:00,Qwen,2,1676,1323,353,0.0027,100.0,0.0,0.0,0.0,1558.5,1895.55,1925.51,675.75,43.75,2,2,2,0.0,0.0,50.0,0.0,0,838.0,0.2668,0.0013,0.0013,0.0
2026-05-12 14:00:00,DeepSeek,116,77847,54859,22988,0.0934,98.2759,1.7241,0.0,0.0,6087.0,8255.75,9240.2,8225.75,155.25,10,29,39,0.8621,3.4483,18.9655,0.0,3866,671.0948,0.419,0.0008,0.0008,16.8175
2026-05-12 14:00:00,MiniMax,4,2031,1591,440,0.0049,100.0,0.0,0.0,0.0,1102.0,1429.7,1465.94,715.75,98.45,3,4,3,0.0,25.0,25.0,0.0,72,507.75,0.2766,0.0012,0.0012,16.3636
2026-05-12 14:00:00,Qwen,4,2636,1723,913,0.0042,100.0,0.0,0.0,0.0,1764.0,2589.05,2657.81,513.6,120.0,4,4,4,0.0,0.0,50.0,0.0,0,659.0,0.5299,0.0011,0.0011,0.0
2026-05-12 15:00:00,DeepSeek,124,84146,61269,22877,0.101,96.7742,3.2258,0.0,0.8065,5872.0,8141.55,9192.99,7389.5,152.7,10,30,36,0.0,3.2258,15.3226,0.0,3968,678.5968,0.3734,0.0008,0.0008,17.3449
2026-05-12 15:00:00,MiniMax,6,3618,2634,984,0.0087,100.0,0.0,0.0,0.0,1351.5,1764.25,1867.25,610.75,111.5,5,6,6,0.0,0.0,16.6667,0.0,126,603.0,0.3736,0.0014,0.0014,12.8049
2026-05-12 15:00:00,Qwen,1,716,640,76,0.0011,100.0,0.0,0.0,0.0,1289.0,1289.0,1289.0,630.0,139.0,1,1,1,0.0,100.0,100.0,0.0,0,716.0,0.1188,0.0011,0.0011,0.0
2026-05-12 16:00:00,DeepSeek,128,92006,64466,27540,0.1104,93.75,6.25,0.7812,2.3438,5924.0,7969.2,8967.12,6781.4,156.5,10,30,37,2.3438,6.25,20.3125,0.0,4533,718.7969,0.4272,0.0009,0.0009,16.4597
2026-05-12 16:00:00,MiniMax,7,5008,3856,1152,0.012,100.0,0.0,0.0,0.0,1650.0,1852.5,1872.9,648.6,132.6,4,5,6,0.0,0.0,0.0,0.0,172,715.4286,0.2988,0.0017,0.0017,14.9306
2026-05-12 16:00:00,Qwen,2,2095,1355,740,0.0034,100.0,0.0,0.0,0.0,1790.0,2121.2,2150.64,449.05,66.75,2,2,2,0.0,0.0,0.0,0.0,0,1047.5,0.5461,0.0017,0.0017,0.0
2026-05-12 17:00:00,DeepSeek,111,75923,53766,22157,0.0911,97.2973,2.7027,0.9009,0.9009,5885.0,7151.5,8945.7,6425.5,151.0,10,28,35,0.9009,5.4054,19.8198,0.0,3310,683.991,0.4121,0.0008,0.0008,14.9388
2026-05-12 17:00:00,MiniMax,6,3056,2239,817,0.0073,100.0,0.0,0.0,0.0,1643.0,2115.75,2195.15,997.75,164.25,5,6,5,0.0,0.0,16.6667,0.0,146,509.3333,0.3649,0.0012,0.0012,17.8703
2026-05-12 17:00:00,Qwen,2,1649,1183,466,0.0026,100.0,0.0,0.0,0.0,1865.5,2220.55,2252.11,506.85,42.2,2,2,2,0.0,50.0,50.0,50.0,0,824.5,0.3939,0.0013,0.0013,0.0
2026-05-12 18:00:00,DeepSeek,61,44211,30580,13631,0.0531,93.4426,6.5574,1.6393,3.2787,6215.0,8846.0,9310.8,8576.0,148.0,10,26,29,4.918,4.918,18.0328,0.0,2205,724.7705,0.4457,0.0009,0.0009,16.1764
2026-05-12 18:00:00,MiniMax,1,1182,1135,47,0.0028,100.0,0.0,0.0,0.0,862.0,862.0,862.0,485.0,51.0,1,1,1,0.0,0.0,0.0,0.0,4,1182.0,0.0414,0.0028,0.0028,8.5106
2026-05-12 18:00:00,Qwen,1,269,220,49,0.0004,0.0,100.0,100.0,0.0,1731.0,1731.0,1731.0,1263.0,52.0,1,1,1,0.0,0.0,0.0,0.0,0,269.0,0.2227,0.0004,,0.0
2026-05-12 19:00:00,DeepSeek,62,47692,35253,12439,0.0572,96.7742,3.2258,1.6129,1.6129,5948.0,7299.8,9042.56,6422.8,158.0,10,26,27,1.6129,4.8387,24.1935,0.0,2130,769.2258,0.3528,0.0009,0.001,17.1236
2026-05-12 19:00:00,MiniMax,5,3610,2720,890,0.0087,100.0,0.0,0.0,0.0,1499.0,2004.4,2102.48,996.4,100.0,4,4,5,0.0,0.0,40.0,20.0,126,722.0,0.3272,0.0017,0.0017,14.1573
2026-05-12 19:00:00,Qwen,4,4006,3072,934,0.0064,100.0,0.0,0.0,0.0,1795.5,2339.0,2358.2,560.95,124.35,4,4,4,0.0,0.0,75.0,0.0,0,1001.5,0.304,0.0016,0.0016,0.0
2026-05-12 20:00:00,DeepSeek,57,39842,29378,10464,0.0478,96.4912,3.5088,1.7544,0.0,5940.0,7271.6,8332.68,7241.0,159.2,10,22,26,0.0,1.7544,22.807,0.0,1868,698.9825,0.3562,0.0008,0.0009,17.8517
2026-05-12 20:00:00,MiniMax,2,920,359,561,0.0022,100.0,0.0,0.0,0.0,2111.5,2696.95,2748.99,1105.9,39.3,2,2,2,0.0,0.0,50.0,0.0,62,460.0,1.5627,0.0011,0.0011,11.0517
2026-05-12 20:00:00,Qwen,4,1562,1279,283,0.0025,100.0,0.0,0.0,0.0,838.0,1064.9,1085.78,566.35,77.75,3,4,4,0.0,0.0,75.0,0.0,0,390.5,0.2213,0.0006,0.0006,0.0
2026-05-12 21:00:00,DeepSeek,64,41768,28643,13125,0.0501,95.3125,4.6875,0.0,3.125,6053.0,7441.55,9239.28,7176.1,160.1,10,25,29,3.125,3.125,18.75,0.0,2252,652.625,0.4582,0.0008,0.0008,17.1581
2026-05-12 21:00:00,MiniMax,2,981,756,225,0.0024,100.0,0.0,0.0,0.0,1114.0,1416.4,1443.28,631.05,71.2,2,2,2,0.0,0.0,0.0,0.0,43,490.5,0.2976,0.0012,0.0012,19.1111
2026-05-12 21:00:00,Qwen,1,553,500,53,0.0009,100.0,0.0,0.0,0.0,784.0,784.0,784.0,558.0,167.0,1,1,1,0.0,0.0,0.0,0.0,0,553.0,0.106,0.0009,0.0009,0.0
2026-05-12 22:00:00,DeepSeek,32,21881,15653,6228,0.0263,90.625,9.375,0.0,6.25,5881.0,7456.3,8149.23,6876.05,141.05,9,17,23,3.125,0.0,12.5,0.0,908,683.7812,0.3979,0.0008,0.0009,14.5793
2026-05-12 22:00:00,MiniMax,1,937,859,78,0.0022,100.0,0.0,0.0,0.0,1139.0,1139.0,1139.0,666.0,70.0,1,1,1,0.0,0.0,0.0,0.0,14,937.0,0.0908,0.0022,0.0022,17.9487
2026-05-12 22:00:00,Qwen,1,749,381,368,0.0012,100.0,0.0,0.0,0.0,1755.0,1755.0,1755.0,570.0,29.0,1,1,1,0.0,0.0,0.0,0.0,0,749.0,0.9659,0.0012,0.0012,0.0
2026-05-12 23:00:00,DeepSeek,32,21480,15752,5728,0.0258,93.75,6.25,6.25,0.0,6019.5,7108.45,8000.2,7078.45,147.25,9,17,19,0.0,6.25,25.0,0.0,748,671.25,0.3636,0.0008,0.0009,13.0587
2026-05-12 23:00:00,MiniMax,2,1430,1095,335,0.0034,100.0,0.0,0.0,0.0,1767.5,2343.95,2395.19,601.55,93.65,2,2,2,0.0,0.0,0.0,0.0,28,715.0,0.3059,0.0017,0.0017,8.3582
2026-05-13 00:00:00,DeepSeek,21,17911,13391,4520,0.0215,100.0,0.0,0.0,0.0,6026.0,6903.0,7639.0,6873.0,154.0,10,13,12,0.0,0.0,14.2857,0.0,775,852.9048,0.3375,0.001,0.001,17.146
2026-05-13 00:00:00,MiniMax,1,386,145,241,0.0009,0.0,100.0,0.0,0.0,1615.0,1615.0,1615.0,503.0,10.0,1,1,1,0.0,0.0,100.0,0.0,30,386.0,1.6621,0.0009,,12.4481
2026-05-13 00:00:00,Qwen,1,1204,803,401,0.0019,100.0,0.0,0.0,0.0,1712.0,1712.0,1712.0,586.0,16.0,1,1,1,0.0,0.0,100.0,0.0,0,1204.0,0.4994,0.0019,0.0019,0.0
2026-05-13 01:00:00,DeepSeek,16,13304,8702,4602,0.016,93.75,6.25,0.0,6.25,6373.5,7483.25,7675.85,6863.0,197.25,7,11,12,0.0,0.0,18.75,0.0,771,831.5,0.5288,0.001,0.0011,16.7536
2026-05-13 01:00:00,MiniMax,1,198,93,105,0.0005,100.0,0.0,0.0,0.0,1324.0,1324.0,1324.0,643.0,78.0,1,1,1,0.0,0.0,0.0,0.0,12,198.0,1.129,0.0005,0.0005,11.4286
2026-05-13 01:00:00,Qwen,3,2789,2370,419,0.0045,100.0,0.0,0.0,0.0,1148.0,1400.9,1423.38,1068.0,256.4,3,3,3,0.0,0.0,66.6667,0.0,0,929.6667,0.1768,0.0015,0.0015,0.0
2026-05-13 02:00:00,DeepSeek,24,20800,15520,5280,0.025,100.0,0.0,0.0,0.0,6105.0,7232.05,7644.33,7049.25,132.35,5,13,14,4.1667,12.5,16.6667,0.0,955,866.6667,0.3402,0.001,0.001,18.0871
2026-05-13 03:00:00,DeepSeek,33,24425,18053,6372,0.0293,93.9394,6.0606,0.0,6.0606,5839.0,6654.2,6847.12,6008.4,154.8,8,18,17,0.0,6.0606,15.1515,0.0,1097,740.1515,0.353,0.0009,0.0009,17.2159
2026-05-13 04:00:00,DeepSeek,29,18424,12603,5821,0.0221,100.0,0.0,0.0,0.0,5835.0,6828.6,7073.64,6657.0,150.0,8,17,21,0.0,0.0,24.1379,0.0,957,635.3103,0.4619,0.0008,0.0008,16.4405
2026-05-13 04:00:00,Qwen,2,1541,1302,239,0.0025,100.0,0.0,0.0,0.0,815.0,923.0,932.6,495.8,146.2,2,2,2,100.0,0.0,50.0,0.0,0,770.5,0.1836,0.0012,0.0012,0.0
2026-05-13 05:00:00,DeepSeek,23,13793,9696,4097,0.0166,100.0,0.0,0.0,0.0,5979.0,8146.1,8642.86,7982.0,131.7,9,17,19,0.0,0.0,21.7391,0.0,654,599.6957,0.4225,0.0007,0.0007,15.9629
2026-05-13 06:00:00,DeepSeek,65,52349,37066,15283,0.0628,98.4615,1.5385,0.0,0.0,5943.0,7362.4,8296.8,7111.6,180.6,10,24,25,0.0,6.1538,9.2308,0.0,2664,805.3692,0.4123,0.001,0.001,17.4311
2026-05-13 06:00:00,MiniMax,3,2307,1713,594,0.0055,100.0,0.0,0.0,0.0,933.0,2633.1,2784.22,480.2,15.6,2,3,3,0.0,0.0,0.0,0.0,122,769.0,0.3468,0.0018,0.0018,20.5387
2026-05-13 06:00:00,Qwen,1,540,389,151,0.0009,100.0,0.0,0.0,0.0,1047.0,1047.0,1047.0,474.0,180.0,1,1,1,0.0,0.0,0.0,0.0,0,540.0,0.3882,0.0009,0.0009,0.0
2026-05-13 07:00:00,DeepSeek,69,45732,30818,14914,0.0549,97.1014,2.8986,0.0,1.4493,5880.0,7712.8,8478.32,7410.6,154.4,10,26,28,0.0,4.3478,14.4928,0.0,2440,662.7826,0.4839,0.0008,0.0008,16.3605
2026-05-13 07:00:00,MiniMax,1,741,370,371,0.0018,100.0,0.0,0.0,0.0,2060.0,2060.0,2060.0,931.0,86.0,1,1,1,0.0,0.0,0.0,0.0,103,741.0,1.0027,0.0018,0.0018,27.7628
2026-05-13 07:00:00,Qwen,2,1463,1100,363,0.0023,100.0,0.0,0.0,0.0,947.5,971.35,973.47,402.8,167.3,2,2,2,0.0,0.0,0.0,0.0,0,731.5,0.33,0.0012,0.0012,0.0
2026-05-13 08:00:00,DeepSeek,71,50509,34999,15510,0.0606,92.9577,7.0423,1.4085,2.8169,6053.0,8181.5,9509.9,7852.5,141.5,10,26,32,2.8169,4.2254,12.6761,0.0,2492,711.3944,0.4432,0.0009,0.0009,16.0671
2026-05-13 08:00:00,MiniMax,4,3239,1829,1410,0.0078,75.0,25.0,0.0,25.0,1923.0,3701.9,3876.38,802.15,190.4,4,4,4,0.0,0.0,25.0,0.0,178,809.75,0.7709,0.0019,0.0026,12.6241
2026-05-13 08:00:00,Qwen,2,981,617,364,0.0016,100.0,0.0,0.0,0.0,1092.0,1281.0,1297.8,352.15,79.65,2,2,2,0.0,0.0,0.0,0.0,0,490.5,0.59,0.0008,0.0008,0.0
2026-05-13 09:00:00,DeepSeek,100,73734,52734,21000,0.0885,97.0,3.0,1.0,1.0,5894.0,7464.8,9066.04,6966.1,176.15,10,29,35,0.0,4.0,21.0,1.0,3500,737.34,0.3982,0.0009,0.0009,16.6667
2026-05-13 09:00:00,MiniMax,9,5563,3819,1744,0.0134,88.8889,11.1111,0.0,11.1111,1586.0,2273.2,2397.04,834.4,117.0,6,8,9,0.0,11.1111,33.3333,0.0,340,618.1111,0.4567,0.0015,0.0017,19.4954
2026-05-13 09:00:00,Qwen,9,4704,3055,1649,0.0075,100.0,0.0,0.0,0.0,1006.0,1805.0,2029.0,845.0,148.8,7,8,9,0.0,0.0,0.0,0.0,0,522.6667,0.5398,0.0008,0.0008,0.0
2026-05-13 10:00:00,DeepSeek,109,79069,56884,22185,0.0949,95.4128,4.5872,0.9174,2.7523,5947.0,7449.6,8902.6,7039.6,152.8,10,29,35,0.0,5.5046,20.1835,0.0,3545,725.4037,0.39,0.0009,0.0009,15.9793
2026-05-13 10:00:00,MiniMax,4,3246,2607,639,0.0078,100.0,0.0,0.0,0.0,1513.0,1815.05,1843.01,650.55,170.35,2,3,4,0.0,0.0,0.0,0.0,82,811.5,0.2451,0.0019,0.0019,12.8326
2026-05-13 10:00:00,Qwen,3,2568,1751,817,0.0041,100.0,0.0,0.0,0.0,1355.0,1522.4,1537.28,507.6,88.1,3,3,3,0.0,0.0,33.3333,0.0,0,856.0,0.4666,0.0014,0.0014,0.0
2026-05-13 11:00:00,DeepSeek,101,70220,49095,21125,0.0843,97.0297,2.9703,0.9901,0.9901,5998.0,8567.0,9483.0,8429.0,195.0,10,28,36,4.9505,3.9604,11.8812,0.0,3282,695.2475,0.4303,0.0008,0.0009,15.5361
2026-05-13 11:00:00,MiniMax,5,3178,2398,780,0.0076,100.0,0.0,0.0,0.0,1144.0,1754.6,1802.92,615.6,136.0,3,5,4,0.0,0.0,60.0,0.0,149,635.6,0.3253,0.0015,0.0015,19.1026
2026-05-13 11:00:00,Qwen,4,4406,3510,896,0.007,100.0,0.0,0.0,0.0,1165.5,1179.2,1180.64,435.9,105.9,4,4,4,0.0,0.0,0.0,0.0,0,1101.5,0.2553,0.0018,0.0018,0.0
2026-05-13 12:00:00,DeepSeek,97,67331,47280,20051,0.0808,97.9381,2.0619,1.0309,0.0,5942.0,7441.6,8587.56,7307.6,137.2,10,27,31,1.0309,4.1237,12.3711,0.0,3445,694.134,0.4241,0.0008,0.0009,17.1812
2026-05-13 12:00:00,MiniMax,5,3111,1688,1423,0.0075,80.0,20.0,0.0,20.0,1468.0,4628.4,5174.48,749.4,294.8,3,5,5,0.0,0.0,20.0,0.0,311,622.2,0.843,0.0015,0.0019,21.8552
2026-05-13 12:00:00,Qwen,2,2008,1548,460,0.0032,100.0,0.0,0.0,0.0,996.0,1005.9,1006.78,354.7,99.45,2,2,2,0.0,0.0,0.0,0.0,0,1004.0,0.2972,0.0016,0.0016,0.0
2026-05-13 13:00:00,DeepSeek,109,75143,53700,21443,0.0902,96.3303,3.6697,0.0,2.7523,5898.0,8131.4,9074.76,7994.6,187.6,10,28,39,3.6697,7.3394,19.2661,0.0,3819,689.3853,0.3993,0.0008,0.0009,17.81
2026-05-13 13:00:00,MiniMax,3,2437,1615,822,0.0058,66.6667,33.3333,0.0,33.3333,1654.0,2192.2,2240.04,703.1,138.8,3,3,3,0.0,33.3333,0.0,0.0,156,812.3333,0.509,0.0019,0.0029,18.9781
2026-05-13 13:00:00,Qwen,1,275,151,124,0.0004,100.0,0.0,0.0,0.0,872.0,872.0,872.0,282.0,27.0,1,1,1,0.0,0.0,0.0,0.0,0,275.0,0.8212,0.0004,0.0004,0.0
2026-05-13 14:00:00,DeepSeek,87,60651,42712,17939,0.0728,98.8506,1.1494,1.1494,0.0,6009.0,8592.2,8933.24,8283.4,150.7,10,28,31,1.1494,2.2989,13.7931,0.0,2966,697.1379,0.42,0.0008,0.0008,16.5338
2026-05-13 14:00:00,MiniMax,5,2528,1722,806,0.0061,100.0,0.0,0.0,0.0,1315.0,1592.0,1619.2,571.0,163.0,4,5,5,0.0,0.0,0.0,0.0,113,505.6,0.4681,0.0012,0.0012,14.0199
2026-05-13 15:00:00,DeepSeek,100,72127,52874,19253,0.0865,97.0,3.0,0.0,0.0,5983.5,8121.8,9159.81,8091.8,169.65,10,28,33,0.0,4.0,24.0,0.0,3109,721.27,0.3641,0.0009,0.0009,16.1481
2026-05-13 15:00:00,MiniMax,5,3227,2638,589,0.0077,100.0,0.0,0.0,0.0,1344.0,1542.2,1558.04,703.2,126.0,4,5,5,0.0,0.0,0.0,0.0,107,645.4,0.2233,0.0015,0.0015,18.1664
2026-05-13 15:00:00,Qwen,5,4551,3951,600,0.0073,100.0,0.0,0.0,0.0,981.0,1052.0,1064.8,492.4,137.2,4,4,4,0.0,0.0,20.0,0.0,0,910.2,0.1519,0.0015,0.0015,0.0
2026-05-13 16:00:00,DeepSeek,103,70904,50209,20695,0.0851,97.0874,2.9126,0.9709,0.9709,5992.0,7761.5,8994.54,7383.9,184.6,10,28,35,0.9709,5.8252,18.4466,0.0,3617,688.3883,0.4122,0.0008,0.0009,17.4777
2026-05-13 16:00:00,MiniMax,3,1781,1298,483,0.0043,100.0,0.0,0.0,0.0,1278.0,1716.3,1755.26,691.8,161.8,3,3,3,0.0,0.0,33.3333,0.0,119,593.6667,0.3721,0.0014,0.0014,24.6377
2026-05-13 16:00:00,Qwen,5,4487,3706,781,0.0072,80.0,20.0,0.0,0.0,935.0,1159.4,1197.48,474.6,115.4,4,5,4,0.0,20.0,20.0,0.0,0,897.4,0.2107,0.0014,0.0018,0.0
2026-05-13 17:00:00,DeepSeek,126,84313,58379,25934,0.1012,96.8254,3.1746,0.0,1.5873,5946.5,7407.25,9071.0,7166.5,159.0,10,29,37,1.5873,0.0,13.4921,0.0,4337,669.1508,0.4442,0.0008,0.0008,16.7232
2026-05-13 17:00:00,MiniMax,5,2910,1654,1256,0.007,100.0,0.0,0.0,0.0,1949.0,3235.4,3464.68,1116.4,147.0,3,4,3,0.0,0.0,0.0,0.0,95,582.0,0.7594,0.0014,0.0014,7.5637
2026-05-13 17:00:00,Qwen,5,3004,1973,1031,0.0048,100.0,0.0,0.0,0.0,1172.0,1318.2,1330.04,546.4,135.0,3,4,4,0.0,0.0,20.0,0.0,0,600.8,0.5226,0.001,0.001,0.0
2026-05-13 18:00:00,DeepSeek,51,35597,25256,10341,0.0427,96.0784,3.9216,1.9608,1.9608,5931.0,8564.5,9358.5,8157.0,137.0,10,23,27,3.9216,3.9216,13.7255,0.0,1648,697.9804,0.4094,0.0008,0.0009,15.9366
2026-05-13 18:00:00,MiniMax,2,1473,718,755,0.0035,100.0,0.0,0.0,0.0,2012.5,2477.35,2518.67,453.15,43.85,1,1,1,0.0,0.0,0.0,0.0,70,736.5,1.0515,0.0018,0.0018,9.2715
2026-05-13 19:00:00,DeepSeek,84,52417,34973,17444,0.0629,98.8095,1.1905,0.0,1.1905,6050.5,8516.35,9116.43,8486.35,179.95,10,27,29,2.381,2.381,14.2857,0.0,2800,624.0119,0.4988,0.0007,0.0008,16.0514
2026-05-13 19:00:00,Qwen,3,2667,1959,708,0.0043,66.6667,33.3333,0.0,33.3333,1325.0,1471.7,1484.74,461.9,83.6,3,3,3,0.0,33.3333,0.0,0.0,0,889.0,0.3614,0.0014,0.0021,0.0
2026-05-13 20:00:00,DeepSeek,69,48848,34372,14476,0.0586,92.7536,7.2464,0.0,1.4493,6034.0,7853.0,8586.36,7601.0,170.2,10,27,30,2.8986,7.2464,17.3913,0.0,2083,707.942,0.4212,0.0008,0.0009,14.3893
2026-05-13 20:00:00,MiniMax,8,5116,4072,1044,0.0123,100.0,0.0,0.0,0.0,1526.0,1794.05,1894.01,847.6,94.45,6,7,7,0.0,0.0,12.5,0.0,160,639.5,0.2564,0.0015,0.0015,15.3257
2026-05-13 20:00:00,Qwen,1,660,370,290,0.0011,100.0,0.0,0.0,0.0,1067.0,1067.0,1067.0,354.0,56.0,1,1,1,0.0,0.0,0.0,0.0,0,660.0,0.7838,0.0011,0.0011,0.0
2026-05-13 21:00:00,DeepSeek,62,39313,27846,11467,0.0472,100.0,0.0,0.0,0.0,6075.5,8347.0,8906.42,8209.65,141.85,10,23,26,0.0,1.6129,16.129,0.0,1894,634.0806,0.4118,0.0008,0.0008,16.517
2026-05-13 21:00:00,MiniMax,3,1702,1191,511,0.0041,100.0,0.0,0.0,0.0,1314.0,1353.6,1357.12,778.4,79.2,3,3,3,0.0,0.0,0.0,0.0,77,567.3333,0.4291,0.0014,0.0014,15.0685
2026-05-13 21:00:00,Qwen,2,1460,859,601,0.0023,100.0,0.0,0.0,0.0,1489.5,1740.15,1762.43,416.55,64.0,1,2,2,0.0,0.0,100.0,0.0,0,730.0,0.6997,0.0012,0.0012,0.0
2026-05-13 22:00:00,DeepSeek,36,24968,18340,6628,0.03,97.2222,2.7778,2.7778,0.0,5978.5,7491.75,8627.1,7012.75,159.5,9,21,20,0.0,2.7778,27.7778,0.0,1106,693.5556,0.3614,0.0008,0.0009,16.6868
2026-05-13 23:00:00,DeepSeek,34,22264,15333,6931,0.0267,97.0588,2.9412,2.9412,0.0,6045.0,8034.8,8841.22,8004.8,147.4,10,20,21,0.0,2.9412,29.4118,0.0,1101,654.8235,0.452,0.0008,0.0008,15.8852
2026-05-13 23:00:00,MiniMax,2,1188,909,279,0.0029,100.0,0.0,0.0,0.0,1117.0,1233.1,1243.42,548.9,58.6,2,2,2,0.0,0.0,0.0,0.0,41,594.0,0.3069,0.0014,0.0014,14.6953
2026-05-14 00:00:00,DeepSeek,27,16584,11159,5425,0.0199,100.0,0.0,0.0,0.0,6141.0,7559.8,8608.2,7515.7,139.0,9,16,15,0.0,3.7037,22.2222,0.0,848,614.2222,0.4862,0.0007,0.0007,15.6313
2026-05-14 00:00:00,MiniMax,1,882,651,231,0.0021,100.0,0.0,0.0,0.0,1594.0,1594.0,1594.0,562.0,53.0,1,1,1,0.0,0.0,0.0,0.0,37,882.0,0.3548,0.0021,0.0021,16.0173
2026-05-14 01:00:00,DeepSeek,28,16690,11056,5634,0.02,96.4286,3.5714,0.0,0.0,6038.0,7994.5,8777.32,7846.85,112.45,9,16,17,0.0,0.0,14.2857,0.0,872,596.0714,0.5096,0.0007,0.0007,15.4775
2026-05-14 02:00:00,DeepSeek,24,13995,9935,4060,0.0168,95.8333,4.1667,4.1667,0.0,5831.0,8089.25,9057.11,8036.9,123.75,10,15,13,0.0,4.1667,12.5,0.0,552,583.125,0.4087,0.0007,0.0007,13.5961
2026-05-14 02:00:00,MiniMax,1,637,434,203,0.0015,100.0,0.0,0.0,0.0,2121.0,2121.0,2121.0,711.0,160.0,1,1,1,0.0,0.0,0.0,0.0,18,637.0,0.4677,0.0015,0.0015,8.867
2026-05-14 03:00:00,DeepSeek,25,14941,9743,5198,0.0179,96.0,4.0,4.0,0.0,6152.0,7801.4,8286.96,7388.2,158.8,9,18,16,0.0,8.0,20.0,0.0,1016,597.64,0.5335,0.0007,0.0007,19.546
2026-05-14 03:00:00,MiniMax,2,1821,1587,234,0.0044,100.0,0.0,0.0,0.0,1190.0,1262.9,1269.38,539.0,114.2,2,2,2,0.0,50.0,50.0,0.0,48,910.5,0.1474,0.0022,0.0022,20.5128
2026-05-14 03:00:00,Qwen,2,1625,886,739,0.0026,100.0,0.0,0.0,0.0,1218.0,1648.2,1686.44,250.3,25.85,2,2,2,0.0,0.0,50.0,0.0,0,812.5,0.8341,0.0013,0.0013,0.0
2026-05-14 04:00:00,DeepSeek,22,14723,10961,3762,0.0177,100.0,0.0,0.0,0.0,6136.5,7880.8,8379.91,7850.8,146.35,9,17,15,0.0,9.0909,18.1818,0.0,598,669.2273,0.3432,0.0008,0.0008,15.8958
2026-05-14 04:00:00,Qwen,1,387,158,229,0.0006,100.0,0.0,0.0,0.0,1104.0,1104.0,1104.0,270.0,47.0,1,1,1,0.0,0.0,0.0,0.0,0,387.0,1.4494,0.0006,0.0006,0.0
2026-05-14 05:00:00,DeepSeek,31,20612,14420,6192,0.0247,96.7742,3.2258,0.0,0.0,6010.0,8818.5,9329.4,8781.0,192.0,9,17,21,0.0,6.4516,12.9032,0.0,1022,664.9032,0.4294,0.0008,0.0008,16.5052
2026-05-14 05:00:00,MiniMax,1,890,660,230,0.0021,0.0,100.0,0.0,100.0,1813.0,1813.0,1813.0,623.0,84.0,1,1,1,0.0,0.0,0.0,0.0,35,890.0,0.3485,0.0021,,15.2174
2026-05-14 06:00:00,DeepSeek,93,64768,44986,19782,0.0777,100.0,0.0,0.0,0.0,6059.0,8389.2,9145.0,8359.2,136.2,10,25,31,0.0,5.3763,17.2043,0.0,3258,696.4301,0.4397,0.0008,0.0008,16.4695
2026-05-14 06:00:00,MiniMax,2,1864,1192,672,0.0045,100.0,0.0,0.0,0.0,1949.0,2438.6,2482.12,624.45,48.0,1,2,2,0.0,0.0,0.0,0.0,151,932.0,0.5638,0.0022,0.0022,22.4702
2026-05-14 06:00:00,Qwen,1,483,239,244,0.0008,100.0,0.0,0.0,0.0,1466.0,1466.0,1466.0,407.0,66.0,1,1,1,0.0,0.0,0.0,0.0,0,483.0,1.0209,0.0008,0.0008,0.0
2026-05-14 07:00:00,DeepSeek,74,53626,35430,18196,0.0643,95.9459,4.0541,0.0,1.3514,6016.0,8952.25,9638.82,8815.45,159.05,10,25,27,0.0,5.4054,18.9189,0.0,3134,724.6757,0.5136,0.0009,0.0009,17.2236
2026-05-14 07:00:00,MiniMax,5,3155,2140,1015,0.0076,100.0,0.0,0.0,0.0,1628.0,2183.8,2277.56,745.0,116.0,5,5,5,0.0,0.0,0.0,0.0,169,631.0,0.4743,0.0015,0.0015,16.6502
2026-05-14 07:00:00,Qwen,1,793,605,188,0.0013,100.0,0.0,0.0,0.0,1391.0,1391.0,1391.0,901.0,104.0,1,1,1,0.0,0.0,0.0,0.0,0,793.0,0.3107,0.0013,0.0013,0.0
2026-05-14 08:00:00,DeepSeek,64,49349,37401,11948,0.0592,95.3125,4.6875,1.5625,1.5625,5872.5,7537.1,9348.92,7412.55,146.7,10,25,29,3.125,7.8125,17.1875,0.0,2075,771.0781,0.3195,0.0009,0.001,17.3669
2026-05-14 08:00:00,MiniMax,3,1348,631,717,0.0032,100.0,0.0,0.0,0.0,1562.0,1695.2,1707.04,648.3,73.4,3,3,3,0.0,0.0,0.0,33.3333,134,449.3333,1.1363,0.0011,0.0011,18.689
2026-05-14 08:00:00,Qwen,1,990,903,87,0.0016,100.0,0.0,0.0,0.0,860.0,860.0,860.0,830.0,28.0,1,1,1,0.0,0.0,0.0,0.0,0,990.0,0.0963,0.0016,0.0016,0.0
2026-05-14 09:00:00,DeepSeek,131,89480,60786,28694,0.1074,96.9466,3.0534,0.7634,1.5267,6020.0,7681.0,8879.3,7647.5,162.5,10,29,39,0.0,6.1069,14.5038,0.7634,4646,683.0534,0.472,0.0008,0.0008,16.1915
2026-05-14 09:00:00,MiniMax,7,4738,3220,1518,0.0114,100.0,0.0,0.0,0.0,1610.0,2030.5,2142.1,678.5,153.9,4,5,5,0.0,28.5714,28.5714,0.0,325,676.8571,0.4714,0.0016,0.0016,21.4097
2026-05-14 09:00:00,Qwen,5,3505,2649,856,0.0056,80.0,20.0,0.0,20.0,1152.0,1404.2,1438.44,991.6,230.2,5,5,5,0.0,0.0,0.0,0.0,0,701.0,0.3231,0.0011,0.0014,0.0
2026-05-14 10:00:00,DeepSeek,118,87043,62017,25026,0.1045,97.4576,2.5424,0.0,1.6949,5994.0,8224.1,9906.27,7869.9,157.1,10,27,37,0.8475,5.0847,11.8644,0.0,4077,737.6525,0.4035,0.0009,0.0009,16.2911
2026-05-14 10:00:00,MiniMax,7,3743,2576,1167,0.009,100.0,0.0,0.0,0.0,1538.0,2130.2,2182.04,618.4,195.4,4,6,7,14.2857,0.0,14.2857,0.0,214,534.7143,0.453,0.0013,0.0013,18.3376
2026-05-14 10:00:00,Qwen,4,2172,1093,1079,0.0035,75.0,25.0,0.0,25.0,1201.0,1249.5,1253.1,436.3,67.85,4,4,4,0.0,0.0,0.0,0.0,0,543.0,0.9872,0.0009,0.0012,0.0
2026-05-14 11:00:00,DeepSeek,108,81647,57477,24170,0.098,98.1481,1.8519,0.9259,0.9259,6072.0,8737.0,9511.73,8214.8,135.95,10,30,36,0.0,5.5556,19.4444,0.0,4128,755.9907,0.4205,0.0009,0.0009,17.079
2026-05-14 11:00:00,MiniMax,7,6328,4393,1935,0.0152,100.0,0.0,0.0,0.0,2046.0,2488.1,2515.22,660.6,80.8,6,7,7,0.0,0.0,0.0,0.0,373,904.0,0.4405,0.0022,0.0022,19.2765
2026-05-14 11:00:00,Qwen,2,2337,2026,311,0.0037,100.0,0.0,0.0,0.0,834.5,1014.95,1030.99,349.65,89.35,2,2,2,0.0,0.0,0.0,0.0,0,1168.5,0.1535,0.0019,0.0019,0.0
2026-05-14 12:00:00,DeepSeek,125,81045,58575,22470,0.0973,98.4,1.6,0.0,0.8,5916.0,8025.0,8724.64,7835.2,155.4,10,29,38,0.8,5.6,24.8,0.0,3583,648.36,0.3836,0.0008,0.0008,15.9457
2026-05-14 12:00:00,MiniMax,3,2019,1380,639,0.0048,100.0,0.0,0.0,0.0,1813.0,2304.4,2348.08,668.0,72.3,3,3,3,0.0,33.3333,33.3333,0.0,129,673.0,0.463,0.0016,0.0016,20.1878
2026-05-14 12:00:00,Qwen,4,1924,1036,888,0.0031,100.0,0.0,0.0,0.0,912.0,1509.8,1587.56,395.0,107.25,3,3,4,0.0,0.0,25.0,0.0,0,481.0,0.8571,0.0008,0.0008,0.0
2026-05-14 13:00:00,DeepSeek,115,80817,57230,23587,0.097,97.3913,2.6087,0.0,2.6087,5981.0,8451.9,8849.0,8421.9,172.3,10,30,37,2.6087,4.3478,17.3913,0.0,4088,702.7565,0.4121,0.0008,0.0009,17.3316
2026-05-14 13:00:00,MiniMax,6,4012,2414,1598,0.0096,100.0,0.0,0.0,0.0,1806.0,2591.75,2591.95,605.5,104.0,4,5,4,0.0,0.0,0.0,0.0,294,668.6667,0.662,0.0016,0.0016,18.398
2026-05-14 13:00:00,Qwen,4,1530,1102,428,0.0024,100.0,0.0,0.0,0.0,673.0,688.65,689.73,455.2,84.55,3,3,3,0.0,0.0,0.0,0.0,0,382.5,0.3884,0.0006,0.0006,0.0
2026-05-14 14:00:00,DeepSeek,94,66404,47491,18913,0.0797,100.0,0.0,0.0,0.0,5925.5,7271.25,8646.68,6881.5,150.0,10,26,35,3.1915,4.2553,12.766,0.0,3018,706.4255,0.3982,0.0008,0.0008,15.9573
2026-05-14 14:00:00,MiniMax,5,2100,1550,550,0.005,80.0,20.0,20.0,0.0,1250.0,1777.4,1873.88,669.2,141.0,4,4,5,0.0,0.0,20.0,0.0,99,420.0,0.3548,0.001,0.0013,18.0
2026-05-14 14:00:00,Qwen,5,2465,1769,696,0.0039,100.0,0.0,0.0,0.0,713.0,987.6,1037.52,429.8,133.2,4,4,5,0.0,20.0,40.0,0.0,0,493.0,0.3934,0.0008,0.0008,0.0
2026-05-14 15:00:00,DeepSeek,112,76856,53163,23693,0.0922,98.2143,1.7857,0.0,0.8929,6043.0,8556.1,9264.09,8470.3,176.9,10,29,34,0.0,0.8929,23.2143,0.0,3710,686.2143,0.4457,0.0008,0.0008,15.6586
2026-05-14 15:00:00,MiniMax,8,5046,3486,1560,0.0121,100.0,0.0,0.0,0.0,1488.0,2028.75,2144.95,648.65,215.25,6,8,7,0.0,0.0,25.0,0.0,205,630.75,0.4475,0.0015,0.0015,13.141
2026-05-14 15:00:00,Qwen,2,1748,1199,549,0.0028,100.0,0.0,0.0,0.0,917.5,1000.75,1008.15,439.85,76.45,2,2,2,0.0,0.0,0.0,0.0,0,874.0,0.4579,0.0014,0.0014,0.0
2026-05-14 16:00:00,DeepSeek,109,73862,51940,21922,0.0886,96.3303,3.6697,0.0,0.9174,6024.0,8248.6,8769.64,8218.6,188.0,10,29,38,2.7523,3.6697,24.7706,0.0,3633,677.633,0.4221,0.0008,0.0008,16.5724
2026-05-14 16:00:00,MiniMax,6,2924,1858,1066,0.007,100.0,0.0,0.0,0.0,1598.5,1942.5,2004.5,786.75,101.5,5,5,6,0.0,0.0,0.0,0.0,181,487.3333,0.5737,0.0012,0.0012,16.9794
2026-05-14 16:00:00,Qwen,3,1359,1053,306,0.0022,0.0,100.0,0.0,66.6667,838.0,950.5,960.5,369.1,62.0,2,3,3,0.0,0.0,33.3333,0.0,0,453.0,0.2906,0.0007,,0.0
2026-05-14 17:00:00,DeepSeek,117,91884,65132,26752,0.1103,94.0171,5.9829,0.0,4.2735,6025.0,8452.8,9794.08,7902.6,161.4,10,28,35,1.7094,5.9829,16.2393,0.0,4450,785.3333,0.4107,0.0009,0.001,16.6343
2026-05-14 17:00:00,MiniMax,8,5047,3447,1600,0.0121,100.0,0.0,0.0,0.0,1520.0,2018.75,2039.75,755.4,117.5,4,6,6,0.0,0.0,12.5,0.0,346,630.875,0.4642,0.0015,0.0015,21.625
2026-05-14 17:00:00,Qwen,3,3302,1512,1790,0.0053,33.3333,66.6667,0.0,0.0,989.0,4634.0,4958.0,411.6,158.9,3,3,3,0.0,0.0,33.3333,0.0,0,1100.6667,1.1839,0.0018,0.0053,0.0
2026-05-14 18:00:00,DeepSeek,68,47102,32823,14279,0.0565,97.0588,2.9412,0.0,1.4706,6071.5,7636.6,8389.07,7343.3,186.9,10,25,30,0.0,4.4118,22.0588,0.0,2213,692.6765,0.435,0.0008,0.0009,15.4983
2026-05-14 18:00:00,MiniMax,1,310,150,160,0.0007,100.0,0.0,0.0,0.0,1001.0,1001.0,1001.0,556.0,97.0,1,1,1,0.0,0.0,100.0,0.0,25,310.0,1.0667,0.0007,0.0007,15.625
2026-05-14 18:00:00,Qwen,2,1035,545,490,0.0017,50.0,50.0,50.0,0.0,963.5,1161.05,1178.61,493.8,165.75,2,2,2,0.0,0.0,0.0,0.0,0,517.5,0.8991,0.0008,0.0017,0.0
2026-05-14 19:00:00,DeepSeek,78,52908,37281,15627,0.0635,98.7179,1.2821,0.0,0.0,6067.0,8254.6,9522.83,8224.6,216.55,10,28,32,1.2821,5.1282,28.2051,0.0,2613,678.3077,0.4192,0.0008,0.0008,16.7211
2026-05-14 19:00:00,MiniMax,2,1291,1091,200,0.0031,100.0,0.0,0.0,0.0,1373.5,1702.45,1731.69,770.55,142.95,2,2,2,0.0,0.0,0.0,0.0,54,645.5,0.1833,0.0015,0.0015,27.0
2026-05-14 19:00:00,Qwen,2,980,629,351,0.0016,100.0,0.0,0.0,0.0,798.0,942.9,955.78,345.05,129.65,2,2,2,0.0,0.0,0.0,0.0,0,490.0,0.558,0.0008,0.0008,0.0
2026-05-14 20:00:00,DeepSeek,73,52255,34514,17741,0.0627,95.8904,4.1096,1.3699,1.3699,5993.0,8238.0,9753.08,8170.8,154.4,10,26,29,0.0,5.4795,15.0685,0.0,3044,715.8219,0.514,0.0009,0.0009,17.158
2026-05-14 20:00:00,MiniMax,2,1862,1487,375,0.0045,100.0,0.0,0.0,0.0,1982.0,2589.5,2643.5,579.1,194.4,2,2,2,0.0,0.0,50.0,50.0,81,931.0,0.2522,0.0022,0.0022,21.6
2026-05-14 20:00:00,Qwen,2,1379,1004,375,0.0022,100.0,0.0,0.0,0.0,992.0,1486.1,1530.02,394.85,68.8,2,2,2,0.0,50.0,0.0,0.0,0,689.5,0.3735,0.0011,0.0011,0.0
2026-05-14 21:00:00,DeepSeek,69,42156,28522,13634,0.0506,98.5507,1.4493,0.0,1.4493,5937.0,8070.8,9637.16,7930.8,150.8,10,27,31,0.0,1.4493,15.942,0.0,2240,610.9565,0.478,0.0007,0.0007,16.4295
2026-05-14 21:00:00,MiniMax,2,1728,1226,502,0.0041,100.0,0.0,0.0,0.0,1686.5,1831.85,1844.77,550.95,126.45,2,2,2,0.0,0.0,0.0,0.0,91,864.0,0.4095,0.0021,0.0021,18.1275
2026-05-14 21:00:00,Qwen,1,410,263,147,0.0007,100.0,0.0,0.0,0.0,928.0,928.0,928.0,241.0,84.0,1,1,1,0.0,0.0,0.0,0.0,0,410.0,0.5589,0.0007,0.0007,0.0
2026-05-14 22:00:00,DeepSeek,45,31866,23552,8314,0.0382,95.5556,4.4444,0.0,2.2222,5989.0,7559.6,8358.88,6937.4,154.4,10,25,21,4.4444,4.4444,17.7778,0.0,1356,708.1333,0.353,0.0008,0.0009,16.3098
2026-05-14 22:00:00,MiniMax,5,3352,2649,703,0.008,100.0,0.0,0.0,0.0,1150.0,1944.6,1971.32,805.2,99.0,4,5,4,0.0,0.0,20.0,0.0,149,670.4,0.2654,0.0016,0.0016,21.1949
2026-05-14 22:00:00,Qwen,1,807,558,249,0.0013,100.0,0.0,0.0,0.0,1014.0,1014.0,1014.0,273.0,8.0,1,1,1,0.0,0.0,100.0,0.0,0,807.0,0.4462,0.0013,0.0013,0.0
2026-05-14 23:00:00,DeepSeek,37,22280,14496,7784,0.0267,91.8919,8.1081,5.4054,0.0,5862.0,7606.2,7883.16,6424.2,139.8,10,22,20,0.0,5.4054,18.9189,0.0,1358,602.1622,0.537,0.0007,0.0008,17.446
2026-05-14 23:00:00,MiniMax,2,1506,984,522,0.0036,100.0,0.0,0.0,0.0,1864.0,2329.3,2370.66,504.2,25.95,1,2,1,0.0,0.0,0.0,0.0,64,753.0,0.5305,0.0018,0.0018,12.2605
2026-05-15 00:00:00,DeepSeek,24,17677,13035,4642,0.0212,95.8333,4.1667,0.0,0.0,6272.0,8927.7,9731.98,8811.25,169.5,8,13,20,0.0,0.0,29.1667,0.0,776,736.5417,0.3561,0.0009,0.0009,16.7169
2026-05-15 00:00:00,MiniMax,1,623,385,238,0.0015,100.0,0.0,0.0,0.0,1782.0,1782.0,1782.0,665.0,177.0,1,1,1,0.0,0.0,0.0,0.0,16,623.0,0.6182,0.0015,0.0015,6.7227
2026-05-15 01:00:00,DeepSeek,28,16300,10985,5315,0.0196,92.8571,7.1429,0.0,0.0,5934.5,7505.25,9019.62,7442.7,127.0,9,16,19,0.0,7.1429,14.2857,0.0,829,582.1429,0.4838,0.0007,0.0008,15.5974
2026-05-15 01:00:00,MiniMax,4,1572,900,672,0.0038,100.0,0.0,0.0,0.0,1662.0,1983.85,1983.97,614.25,233.0,4,4,4,0.0,0.0,50.0,0.0,133,393.0,0.7467,0.0009,0.0009,19.7917
2026-05-15 02:00:00,DeepSeek,16,10387,7019,3368,0.0125,81.25,18.75,6.25,12.5,6110.5,6754.0,6838.0,6697.75,170.5,6,9,12,6.25,12.5,25.0,0.0,466,649.1875,0.4798,0.0008,0.001,13.8361
2026-05-15 02:00:00,Qwen,1,699,410,289,0.0011,100.0,0.0,0.0,0.0,1204.0,1204.0,1204.0,483.0,33.0,1,1,1,0.0,0.0,0.0,0.0,0,699.0,0.7049,0.0011,0.0011,0.0
2026-05-15 03:00:00,DeepSeek,27,18032,12330,5702,0.0216,96.2963,3.7037,0.0,3.7037,5893.0,7642.6,8267.64,7065.2,129.7,9,15,17,0.0,3.7037,25.9259,0.0,961,667.8519,0.4624,0.0008,0.0008,16.8537
2026-05-15 03:00:00,Qwen,2,1757,1277,480,0.0028,100.0,0.0,0.0,0.0,909.0,948.6,952.12,303.55,53.2,2,2,2,0.0,0.0,50.0,0.0,0,878.5,0.3759,0.0014,0.0014,0.0
2026-05-15 04:00:00,DeepSeek,28,20955,14734,6221,0.0251,96.4286,3.5714,0.0,0.0,6050.5,9018.55,9361.11,8988.55,146.1,9,17,18,3.5714,3.5714,17.8571,0.0,1042,748.3929,0.4222,0.0009,0.0009,16.7497
2026-05-15 04:00:00,MiniMax,3,1826,1262,564,0.0044,66.6667,33.3333,0.0,0.0,1240.0,1753.0,1798.6,594.1,52.3,2,3,3,0.0,33.3333,0.0,0.0,91,608.6667,0.4469,0.0015,0.0022,16.1348
2026-05-15 05:00:00,DeepSeek,21,12065,8773,3292,0.0145,85.7143,14.2857,4.7619,4.7619,5916.0,8533.0,8588.2,8503.0,156.0,8,14,13,0.0,14.2857,14.2857,0.0,582,574.5238,0.3752,0.0007,0.0008,17.6792
2026-05-15 05:00:00,MiniMax,1,628,491,137,0.0015,100.0,0.0,0.0,0.0,979.0,979.0,979.0,533.0,10.0,1,1,1,0.0,0.0,100.0,0.0,34,628.0,0.279,0.0015,0.0015,24.8175
2026-05-15 06:00:00,DeepSeek,64,43338,28872,14466,0.052,96.875,3.125,0.0,3.125,5927.0,8069.1,9177.48,8001.7,157.8,9,23,30,0.0,4.6875,23.4375,0.0,2316,677.1562,0.501,0.0008,0.0008,16.01
2026-05-15 06:00:00,MiniMax,6,2756,1739,1017,0.0066,100.0,0.0,0.0,0.0,1587.0,1999.0,2036.6,959.25,93.75,3,5,6,0.0,16.6667,0.0,0.0,180,459.3333,0.5848,0.0011,0.0011,17.6991
2026-05-15 06:00:00,Qwen,2,1311,643,668,0.0021,100.0,0.0,0.0,0.0,1726.5,2567.55,2642.31,428.6,92.15,2,2,2,0.0,0.0,50.0,0.0,0,655.5,1.0389,0.001,0.001,0.0
2026-05-15 07:00:00,DeepSeek,61,37250,26234,11016,0.0447,96.7213,3.2787,0.0,0.0,5977.0,6971.0,7871.6,6920.0,232.0,10,27,32,1.6393,1.6393,9.8361,0.0,1733,610.6557,0.4199,0.0007,0.0008,15.7317
2026-05-15 07:00:00,MiniMax,5,4378,3690,688,0.0105,100.0,0.0,0.0,0.0,1307.0,1800.8,1860.16,613.4,110.4,3,5,5,0.0,0.0,0.0,0.0,133,875.6,0.1864,0.0021,0.0021,19.3314
2026-05-15 08:00:00,DeepSeek,59,41884,30143,11741,0.0503,100.0,0.0,0.0,0.0,5895.0,6970.1,9093.64,6632.4,131.3,10,24,26,3.3898,1.6949,18.6441,0.0,1891,709.8983,0.3895,0.0009,0.0009,16.106
2026-05-15 08:00:00,MiniMax,2,1247,986,261,0.003,100.0,0.0,0.0,0.0,1452.5,1661.75,1680.35,683.35,93.65,2,2,2,0.0,50.0,50.0,0.0,65,623.5,0.2647,0.0015,0.0015,24.9042
2026-05-15 08:00:00,Qwen,1,555,374,181,0.0009,100.0,0.0,0.0,0.0,868.0,868.0,868.0,293.0,51.0,1,1,1,0.0,0.0,0.0,100.0,0,555.0,0.484,0.0009,0.0009,0.0
2026-05-15 09:00:00,DeepSeek,110,73690,52131,21559,0.0884,97.2727,2.7273,0.9091,1.8182,5914.0,7158.1,8849.86,6681.7,165.75,10,28,35,0.9091,4.5455,12.7273,0.0,3482,669.9091,0.4136,0.0008,0.0008,16.151
2026-05-15 09:00:00,MiniMax,7,4941,3721,1220,0.0119,85.7143,14.2857,14.2857,0.0,1398.0,1956.5,2113.7,760.0,129.3,7,7,7,0.0,14.2857,14.2857,0.0,207,705.8571,0.3279,0.0017,0.002,16.9672
2026-05-15 10:00:00,DeepSeek,119,84809,62312,22497,0.1018,97.479,2.521,0.8403,0.8403,5972.0,8043.1,9457.76,8013.1,133.4,10,30,38,1.6807,4.2017,19.3277,0.0,3793,712.6807,0.361,0.0009,0.0009,16.86
2026-05-15 10:00:00,MiniMax,2,830,444,386,0.002,100.0,0.0,0.0,0.0,1262.5,1348.45,1356.09,488.85,6.95,2,2,2,0.0,0.0,0.0,0.0,71,415.0,0.8694,0.001,0.001,18.3938
2026-05-15 10:00:00,Qwen,3,3333,2803,530,0.0053,100.0,0.0,0.0,0.0,934.0,1349.8,1386.76,481.8,110.6,2,3,3,0.0,0.0,33.3333,0.0,0,1111.0,0.1891,0.0018,0.0018,0.0
2026-05-15 11:00:00,DeepSeek,125,86660,61271,25389,0.104,96.0,4.0,0.0,1.6,5945.0,8142.2,8621.32,7668.8,182.6,10,29,37,0.8,5.6,12.0,0.0,4139,693.28,0.4144,0.0008,0.0009,16.3023
2026-05-15 11:00:00,MiniMax,7,5428,4347,1081,0.013,85.7143,14.2857,0.0,14.2857,1178.0,2121.6,2142.72,1006.6,155.3,6,7,7,0.0,14.2857,14.2857,0.0,137,775.4286,0.2487,0.0019,0.0022,12.6735
2026-05-15 12:00:00,DeepSeek,109,73517,48713,24804,0.0882,94.4954,5.5046,1.8349,1.8349,5966.0,7958.4,8826.56,7622.8,164.0,10,30,30,0.0,4.5872,22.0183,0.9174,3858,674.4679,0.5092,0.0008,0.0009,15.5539
2026-05-15 12:00:00,MiniMax,6,2746,1991,755,0.0066,100.0,0.0,0.0,0.0,1083.0,1672.25,1799.25,594.0,170.75,4,6,6,0.0,0.0,16.6667,0.0,112,457.6667,0.3792,0.0011,0.0011,14.8344
2026-05-15 12:00:00,Qwen,1,679,612,67,0.0011,100.0,0.0,0.0,0.0,880.0,880.0,880.0,380.0,91.0,1,1,1,0.0,0.0,0.0,0.0,0,679.0,0.1095,0.0011,0.0011,0.0
2026-05-15 13:00:00,DeepSeek,131,87239,60847,26392,0.1047,100.0,0.0,0.0,0.0,6037.0,8146.5,9567.3,7666.5,145.0,10,27,40,0.0,4.5802,12.9771,0.0,4340,665.9466,0.4337,0.0008,0.0008,16.4444
2026-05-15 13:00:00,MiniMax,4,2045,1738,307,0.0049,100.0,0.0,0.0,0.0,830.5,1045.45,1049.89,593.7,89.25,3,4,4,0.0,0.0,0.0,0.0,32,511.25,0.1766,0.0012,0.0012,10.4235
2026-05-15 13:00:00,Qwen,5,3669,3175,494,0.0059,80.0,20.0,0.0,20.0,938.0,958.4,959.68,578.0,171.2,4,5,4,0.0,20.0,0.0,0.0,0,733.8,0.1556,0.0012,0.0015,0.0
2026-05-15 14:00:00,DeepSeek,126,90847,62172,28675,0.109,100.0,0.0,0.0,0.0,5984.5,8880.5,9501.0,8412.5,164.75,10,28,37,1.5873,1.5873,20.6349,0.0,4294,721.0079,0.4612,0.0009,0.0009,14.9747
2026-05-15 14:00:00,MiniMax,5,4467,3306,1161,0.0107,100.0,0.0,0.0,0.0,1905.0,2616.0,2740.8,1015.6,228.0,2,4,3,0.0,20.0,40.0,0.0,241,893.4,0.3512,0.0021,0.0021,20.758
2026-05-15 14:00:00,Qwen,5,3242,2225,1017,0.0052,100.0,0.0,0.0,0.0,1198.0,1255.0,1262.2,482.4,113.4,4,5,4,0.0,0.0,20.0,0.0,0,648.4,0.4571,0.001,0.001,0.0
2026-05-15 15:00:00,DeepSeek,132,91790,64836,26954,0.1101,95.4545,4.5455,0.0,1.5152,5932.5,8866.85,9466.8,8496.2,197.5,10,30,38,2.2727,3.7879,19.697,0.0,4368,695.3788,0.4157,0.0008,0.0009,16.2054
2026-05-15 15:00:00,MiniMax,4,2464,1635,829,0.0059,100.0,0.0,0.0,0.0,1547.5,1952.45,1997.69,530.15,101.65,4,4,4,0.0,0.0,50.0,0.0,123,616.0,0.507,0.0015,0.0015,14.8372
2026-05-15 15:00:00,Qwen,5,2636,1854,782,0.0042,80.0,20.0,0.0,20.0,667.0,950.6,960.52,526.6,123.0,4,5,5,20.0,20.0,0.0,0.0,0,527.2,0.4218,0.0008,0.0011,0.0
2026-05-15 16:00:00,DeepSeek,127,81615,57730,23885,0.0979,96.8504,3.1496,0.0,0.7874,5949.0,8456.3,9640.88,8236.4,168.4,10,28,39,0.7874,3.937,13.3858,0.0,3965,642.6378,0.4137,0.0008,0.0008,16.6004
2026-05-15 16:00:00,MiniMax,6,3354,2494,860,0.008,100.0,0.0,0.0,0.0,1213.5,2256.5,2304.1,984.25,99.5,5,5,6,0.0,0.0,50.0,0.0,119,559.0,0.3448,0.0013,0.0013,13.8372
2026-05-15 16:00:00,Qwen,2,1711,1010,701,0.0027,50.0,50.0,50.0,0.0,1549.0,2131.3,2183.06,328.55,70.8,2,2,2,0.0,50.0,50.0,0.0,0,855.5,0.6941,0.0014,0.0027,0.0
2026-05-15 17:00:00,DeepSeek,118,88483,65037,23446,0.1062,96.6102,3.3898,0.0,1.6949,5956.0,7507.55,9108.57,7167.3,173.9,10,28,37,1.6949,3.3898,10.1695,0.0,3844,749.8559,0.3605,0.0009,0.0009,16.3951
2026-05-15 17:00:00,MiniMax,5,2868,1938,930,0.0069,100.0,0.0,0.0,0.0,1203.0,1861.4,1932.28,660.0,87.4,3,3,5,0.0,0.0,20.0,0.0,152,573.6,0.4799,0.0014,0.0014,16.3441
2026-05-15 17:00:00,Qwen,1,356,188,168,0.0006,100.0,0.0,0.0,0.0,1308.0,1308.0,1308.0,272.0,27.0,1,1,1,0.0,0.0,0.0,0.0,0,356.0,0.8936,0.0006,0.0006,0.0
2026-05-15 18:00:00,DeepSeek,63,43139,28341,14798,0.0518,96.8254,3.1746,0.0,1.5873,5913.0,8631.0,9632.06,7911.7,122.8,10,26,26,0.0,4.7619,26.9841,0.0,2508,684.746,0.5221,0.0008,0.0008,16.9482
2026-05-15 18:00:00,MiniMax,3,2360,1913,447,0.0057,100.0,0.0,0.0,0.0,1402.0,1588.3,1604.86,619.6,95.9,3,3,3,0.0,0.0,0.0,0.0,40,786.6667,0.2337,0.0019,0.0019,8.9485
2026-05-15 18:00:00,Qwen,2,767,389,378,0.0012,100.0,0.0,0.0,0.0,893.5,899.35,899.87,363.95,98.95,1,2,2,0.0,0.0,0.0,0.0,0,383.5,0.9717,0.0006,0.0006,0.0
2026-05-15 19:00:00,DeepSeek,68,47795,33905,13890,0.0574,97.0588,2.9412,1.4706,0.0,6020.5,8822.2,9830.6,8741.8,139.65,10,24,28,0.0,2.9412,17.6471,0.0,2418,702.8676,0.4097,0.0008,0.0009,17.4082
2026-05-15 19:00:00,MiniMax,3,1824,1206,618,0.0044,100.0,0.0,0.0,0.0,1492.0,2253.4,2321.08,956.3,37.2,2,3,2,0.0,0.0,0.0,0.0,103,608.0,0.5124,0.0015,0.0015,16.6667
2026-05-15 19:00:00,Qwen,1,554,236,318,0.0009,100.0,0.0,0.0,0.0,1659.0,1659.0,1659.0,264.0,57.0,1,1,1,0.0,0.0,100.0,0.0,0,554.0,1.3475,0.0009,0.0009,0.0
2026-05-15 20:00:00,DeepSeek,87,55573,37464,18109,0.0667,94.2529,5.7471,1.1494,1.1494,5941.0,7843.3,9268.04,7310.7,152.9,10,24,34,1.1494,6.8966,19.5402,0.0,2872,638.7701,0.4834,0.0008,0.0008,15.8595
2026-05-15 20:00:00,MiniMax,3,2001,1456,545,0.0048,100.0,0.0,0.0,0.0,1997.0,2008.7,2009.74,827.3,118.5,3,3,3,0.0,0.0,33.3333,0.0,101,667.0,0.3743,0.0016,0.0016,18.5321
2026-05-15 20:00:00,Qwen,4,2498,1637,861,0.004,100.0,0.0,0.0,0.0,1148.5,1543.65,1559.13,401.55,74.8,3,3,4,0.0,0.0,0.0,0.0,0,624.5,0.526,0.001,0.001,0.0
2026-05-15 21:00:00,DeepSeek,79,60955,42172,18783,0.0731,98.7342,1.2658,0.0,1.2658,5939.0,7703.5,9003.52,6593.8,186.2,10,23,33,2.5316,2.5316,12.6582,0.0,2778,771.5823,0.4454,0.0009,0.0009,14.79
2026-05-15 21:00:00,MiniMax,3,1846,1410,436,0.0044,100.0,0.0,0.0,0.0,1417.0,1580.8,1595.36,616.2,83.1,3,3,3,0.0,0.0,0.0,0.0,65,615.3333,0.3092,0.0015,0.0015,14.9083
2026-05-15 22:00:00,DeepSeek,36,22714,14332,8382,0.0273,91.6667,8.3333,0.0,5.5556,5996.5,6874.0,8375.75,6721.75,116.0,9,21,21,2.7778,0.0,8.3333,0.0,1267,630.9444,0.5848,0.0008,0.0008,15.1157
2026-05-15 22:00:00,MiniMax,1,735,616,119,0.0018,100.0,0.0,0.0,0.0,1356.0,1356.0,1356.0,648.0,194.0,1,1,1,0.0,0.0,0.0,0.0,32,735.0,0.1932,0.0018,0.0018,26.8908
2026-05-15 22:00:00,Qwen,1,369,225,144,0.0006,100.0,0.0,0.0,0.0,708.0,708.0,708.0,335.0,26.0,1,1,1,0.0,0.0,0.0,0.0,0,369.0,0.64,0.0006,0.0006,0.0
2026-05-15 23:00:00,DeepSeek,30,20396,12030,8366,0.0245,100.0,0.0,0.0,0.0,6090.0,8589.95,9298.16,7149.35,165.15,8,19,19,0.0,3.3333,23.3333,0.0,1176,679.8667,0.6954,0.0008,0.0008,14.0569
2026-05-15 23:00:00,MiniMax,4,2641,1892,749,0.0063,100.0,0.0,0.0,0.0,1315.0,2262.65,2364.53,799.05,250.15,3,3,4,0.0,0.0,0.0,0.0,135,660.25,0.3959,0.0016,0.0016,18.024
2026-05-16 00:00:00,DeepSeek,25,17294,12648,4646,0.0208,100.0,0.0,0.0,0.0,6014.0,7417.2,7486.72,7306.0,140.2,9,17,16,0.0,12.0,12.0,0.0,756,691.76,0.3673,0.0008,0.0008,16.2721
2026-05-16 01:00:00,DeepSeek,24,15976,10809,5167,0.0192,100.0,0.0,0.0,0.0,6151.0,8888.3,9228.17,8858.3,151.45,9,17,15,0.0,4.1667,29.1667,0.0,889,665.6667,0.478,0.0008,0.0008,17.2053
2026-05-16 01:00:00,MiniMax,2,857,526,331,0.0021,100.0,0.0,0.0,0.0,1444.0,1892.2,1932.04,492.05,78.0,2,2,2,0.0,0.0,0.0,0.0,26,428.5,0.6293,0.001,0.001,7.855
2026-05-16 02:00:00,DeepSeek,22,14761,10489,4272,0.0177,95.4545,4.5455,4.5455,0.0,6009.5,8452.2,9018.12,8420.2,186.65,9,13,15,4.5455,13.6364,31.8182,0.0,782,670.9545,0.4073,0.0008,0.0008,18.3052
2026-05-16 03:00:00,DeepSeek,17,11188,7125,4063,0.0134,94.1176,5.8824,0.0,0.0,6125.0,7435.8,7991.96,6946.4,110.6,8,13,14,5.8824,5.8824,17.6471,0.0,612,658.1176,0.5702,0.0008,0.0008,15.0628
2026-05-16 03:00:00,MiniMax,2,1480,1192,288,0.0036,100.0,0.0,0.0,0.0,1324.0,1433.8,1443.56,639.65,47.35,2,2,2,0.0,0.0,0.0,0.0,61,740.0,0.2416,0.0018,0.0018,21.1806
2026-05-16 03:00:00,Qwen,1,371,253,118,0.0006,100.0,0.0,0.0,0.0,700.0,700.0,700.0,444.0,74.0,1,1,1,0.0,0.0,0.0,0.0,0,371.0,0.4664,0.0006,0.0006,0.0
2026-05-16 04:00:00,DeepSeek,21,15484,11361,4123,0.0186,95.2381,4.7619,0.0,4.7619,5940.0,7271.0,8422.2,7133.0,178.0,9,16,16,0.0,0.0,33.3333,0.0,707,737.3333,0.3629,0.0009,0.0009,17.1477
2026-05-16 04:00:00,MiniMax,1,678,506,172,0.0016,0.0,100.0,0.0,0.0,1222.0,1222.0,1222.0,528.0,37.0,1,1,1,0.0,0.0,0.0,0.0,33,678.0,0.3399,0.0016,,19.186
2026-05-16 04:00:00,Qwen,3,2293,1121,1172,0.0037,100.0,0.0,0.0,0.0,1626.0,2342.4,2406.08,481.2,149.3,2,3,3,0.0,0.0,66.6667,0.0,0,764.3333,1.0455,0.0012,0.0012,0.0
2026-05-16 05:00:00,DeepSeek,23,15261,11651,3610,0.0183,91.3043,8.6957,0.0,4.3478,5801.0,6316.9,8086.68,5714.8,168.1,9,13,15,0.0,13.0435,26.087,0.0,539,663.5217,0.3098,0.0008,0.0009,14.9307
2026-05-16 06:00:00,DeepSeek,53,34270,23428,10842,0.0411,96.2264,3.7736,3.7736,0.0,5931.0,7014.0,7934.24,6603.4,147.0,10,23,25,1.8868,3.7736,16.9811,0.0,2014,646.6038,0.4628,0.0008,0.0008,18.5759
2026-05-16 06:00:00,MiniMax,2,1116,856,260,0.0027,100.0,0.0,0.0,0.0,834.5,1171.55,1201.51,432.85,38.6,1,2,2,0.0,0.0,0.0,0.0,50,558.0,0.3037,0.0013,0.0013,19.2308
2026-05-16 06:00:00,Qwen,2,2215,1845,370,0.0035,100.0,0.0,0.0,0.0,1228.0,1463.8,1484.76,595.9,21.35,2,2,2,0.0,0.0,0.0,0.0,0,1107.5,0.2005,0.0018,0.0018,0.0
2026-05-16 07:00:00,DeepSeek,48,35774,27599,8175,0.0429,95.8333,4.1667,2.0833,2.0833,5923.5,7063.3,8735.64,7015.55,217.6,10,25,30,0.0,4.1667,12.5,0.0,1315,745.2917,0.2962,0.0009,0.0009,16.0856
2026-05-16 07:00:00,MiniMax,1,895,619,276,0.0021,100.0,0.0,0.0,0.0,1549.0,1549.0,1549.0,445.0,73.0,1,1,1,0.0,0.0,0.0,0.0,73,895.0,0.4459,0.0021,0.0021,26.4493
2026-05-16 07:00:00,Qwen,4,3024,2506,518,0.0048,100.0,0.0,0.0,0.0,930.5,1738.25,1842.05,1150.05,82.35,3,4,4,0.0,0.0,0.0,0.0,0,756.0,0.2067,0.0012,0.0012,0.0
2026-05-16 08:00:00,DeepSeek,49,33526,23737,9789,0.0402,95.9184,4.0816,0.0,4.0816,6002.0,7721.2,9160.12,7512.0,205.0,10,24,28,0.0,6.1224,20.4082,0.0,1554,684.2041,0.4124,0.0008,0.0009,15.875
2026-05-16 08:00:00,MiniMax,3,2303,1849,454,0.0055,100.0,0.0,0.0,0.0,1172.0,1702.1,1749.22,620.6,110.9,3,3,3,0.0,0.0,0.0,0.0,89,767.6667,0.2455,0.0018,0.0018,19.6035
2026-05-16 08:00:00,Qwen,1,604,473,131,0.001,100.0,0.0,0.0,0.0,961.0,961.0,961.0,478.0,127.0,1,1,1,0.0,0.0,0.0,0.0,0,604.0,0.277,0.001,0.001,0.0
2026-05-16 09:00:00,DeepSeek,101,63919,43105,20814,0.0767,97.0297,2.9703,0.0,1.9802,6142.0,8618.0,10151.0,8588.0,131.0,10,29,40,0.0,2.9703,18.8119,0.0,3462,632.8614,0.4829,0.0008,0.0008,16.633
2026-05-16 09:00:00,MiniMax,4,3931,2740,1191,0.0094,100.0,0.0,0.0,0.0,1983.5,2830.1,2878.82,909.15,133.55,4,4,4,0.0,0.0,25.0,0.0,223,982.75,0.4347,0.0024,0.0024,18.7238
2026-05-16 09:00:00,Qwen,1,472,185,287,0.0008,100.0,0.0,0.0,0.0,2104.0,2104.0,2104.0,433.0,53.0,1,1,1,0.0,0.0,0.0,0.0,0,472.0,1.5514,0.0008,0.0008,0.0
2026-05-16 10:00:00,DeepSeek,93,71672,52971,18701,0.086,96.7742,3.2258,2.1505,1.0753,5992.0,7396.4,8471.48,7081.0,154.0,10,29,36,2.1505,5.3763,12.9032,0.0,2735,770.6667,0.353,0.0009,0.001,14.6249
2026-05-16 10:00:00,MiniMax,4,4088,3496,592,0.0098,100.0,0.0,0.0,0.0,1319.0,2140.7,2191.34,727.35,86.65,3,3,4,0.0,0.0,25.0,0.0,108,1022.0,0.1693,0.0025,0.0025,18.2432
2026-05-16 10:00:00,Qwen,4,2122,1438,684,0.0034,100.0,0.0,0.0,0.0,1252.5,1791.45,1831.89,543.15,85.45,1,2,2,0.0,0.0,50.0,0.0,0,530.5,0.4757,0.0008,0.0008,0.0
2026-05-16 11:00:00,DeepSeek,90,62287,44620,17667,0.0747,97.7778,2.2222,0.0,0.0,6008.0,8279.85,9525.37,8197.65,203.5,10,28,33,1.1111,3.3333,23.3333,0.0,3052,692.0778,0.3959,0.0008,0.0008,17.2751
2026-05-16 11:00:00,MiniMax,5,2938,1730,1208,0.007,100.0,0.0,0.0,0.0,1231.0,2407.8,2519.96,843.8,134.2,5,5,5,0.0,0.0,20.0,0.0,189,587.6,0.6983,0.0014,0.0014,15.6457
2026-05-16 11:00:00,Qwen,5,5696,4760,936,0.0091,100.0,0.0,0.0,0.0,1203.0,1791.0,1849.4,533.6,151.2,4,5,5,0.0,20.0,0.0,0.0,0,1139.2,0.1966,0.0018,0.0018,0.0
2026-05-16 12:00:00,DeepSeek,76,48707,33092,15615,0.0584,96.0526,3.9474,1.3158,0.0,6031.5,7574.0,8969.25,7445.75,158.75,10,27,31,0.0,3.9474,19.7368,0.0,2430,640.8816,0.4719,0.0008,0.0008,15.562
2026-05-16 12:00:00,MiniMax,4,1687,966,721,0.004,75.0,25.0,25.0,0.0,1282.5,1836.25,1913.65,659.7,67.4,3,4,4,0.0,0.0,25.0,25.0,133,421.75,0.7464,0.001,0.0013,18.4466
2026-05-16 12:00:00,Qwen,3,3311,2803,508,0.0053,100.0,0.0,0.0,0.0,1442.0,1498.7,1503.74,436.3,75.4,3,3,3,0.0,0.0,66.6667,0.0,0,1103.6667,0.1812,0.0018,0.0018,0.0
2026-05-16 13:00:00,DeepSeek,77,52845,37288,15557,0.0634,100.0,0.0,0.0,0.0,5967.0,7447.2,8962.48,7160.4,162.2,10,28,29,2.5974,3.8961,25.974,0.0,2521,686.2987,0.4172,0.0008,0.0008,16.2049
2026-05-16 13:00:00,MiniMax,2,1172,451,721,0.0028,100.0,0.0,0.0,0.0,2735.0,3278.6,3326.92,601.35,125.55,2,2,2,0.0,0.0,0.0,0.0,110,586.0,1.5987,0.0014,0.0014,15.2566
2026-05-16 13:00:00,Qwen,3,2669,1793,876,0.0043,100.0,0.0,0.0,0.0,1286.0,1742.3,1782.86,477.7,119.8,3,3,3,0.0,0.0,0.0,0.0,0,889.6667,0.4886,0.0014,0.0014,0.0
2026-05-16 14:00:00,DeepSeek,90,64760,46701,18059,0.0777,96.6667,3.3333,2.2222,0.0,6037.5,8634.45,9742.83,8283.25,164.2,10,29,35,1.1111,10.0,15.5556,0.0,2937,719.5556,0.3867,0.0009,0.0009,16.2634
2026-05-16 14:00:00,MiniMax,1,1007,421,586,0.0024,100.0,0.0,0.0,0.0,3640.0,3640.0,3640.0,585.0,102.0,1,1,1,0.0,0.0,0.0,0.0,80,1007.0,1.3919,0.0024,0.0024,13.6519
2026-05-16 14:00:00,Qwen,1,518,373,145,0.0008,100.0,0.0,0.0,0.0,1050.0,1050.0,1050.0,432.0,94.0,1,1,1,0.0,0.0,0.0,0.0,0,518.0,0.3887,0.0008,0.0008,0.0
2026-05-16 15:00:00,DeepSeek,88,61234,43494,17740,0.0735,97.7273,2.2727,0.0,2.2727,5952.0,7634.3,9006.82,7379.6,174.65,10,27,34,1.1364,1.1364,13.6364,0.0,2785,695.8409,0.4079,0.0008,0.0009,15.699
2026-05-16 15:00:00,MiniMax,6,3940,2297,1643,0.0095,100.0,0.0,0.0,0.0,1634.5,2644.0,2747.2,721.25,100.75,4,5,5,0.0,0.0,50.0,0.0,336,656.6667,0.7153,0.0016,0.0016,20.4504
2026-05-16 15:00:00,Qwen,2,1462,1039,423,0.0023,100.0,0.0,0.0,0.0,1372.0,1597.9,1617.98,467.95,136.5,2,2,2,0.0,0.0,50.0,0.0,0,731.0,0.4071,0.0012,0.0012,0.0
2026-05-16 16:00:00,DeepSeek,94,61559,41727,19832,0.0739,96.8085,3.1915,0.0,2.1277,6003.0,8178.95,8966.39,7600.15,140.75,10,25,32,3.1915,7.4468,15.9574,0.0,3084,654.883,0.4753,0.0008,0.0008,15.5506
2026-05-16 16:00:00,MiniMax,4,2116,1705,411,0.0051,100.0,0.0,0.0,0.0,1253.5,1458.8,1471.76,668.25,140.1,3,3,4,25.0,0.0,0.0,0.0,69,529.0,0.2411,0.0013,0.0013,16.7883
2026-05-16 16:00:00,Qwen,1,672,541,131,0.0011,100.0,0.0,0.0,0.0,1264.0,1264.0,1264.0,664.0,174.0,1,1,1,0.0,0.0,0.0,0.0,0,672.0,0.2421,0.0011,0.0011,0.0
2026-05-16 17:00:00,DeepSeek,92,68150,50165,17985,0.0818,91.3043,8.6957,3.2609,2.1739,5947.5,8704.7,9255.53,8674.7,163.7,10,29,36,0.0,4.3478,20.6522,0.0,2846,740.7609,0.3585,0.0009,0.001,15.8243
2026-05-16 17:00:00,MiniMax,5,2727,1982,745,0.0065,100.0,0.0,0.0,0.0,1060.0,1412.4,1472.88,616.4,49.8,4,5,5,0.0,0.0,40.0,0.0,139,545.4,0.3759,0.0013,0.0013,18.6577
2026-05-16 17:00:00,Qwen,4,3020,2256,764,0.0048,100.0,0.0,0.0,0.0,1122.5,1708.55,1790.51,490.0,65.0,4,4,4,0.0,0.0,25.0,0.0,0,755.0,0.3387,0.0012,0.0012,0.0
2026-05-16 18:00:00,DeepSeek,42,23091,15689,7402,0.0277,95.2381,4.7619,0.0,0.0,5849.5,7087.8,8895.76,6563.45,139.9,9,20,24,2.381,7.1429,9.5238,0.0,1142,549.7857,0.4718,0.0007,0.0007,15.4283
2026-05-16 18:00:00,MiniMax,1,604,414,190,0.0014,100.0,0.0,0.0,0.0,1590.0,1590.0,1590.0,416.0,67.0,1,1,1,0.0,0.0,100.0,0.0,17,604.0,0.4589,0.0014,0.0014,8.9474
2026-05-16 18:00:00,Qwen,3,1664,1278,386,0.0027,100.0,0.0,0.0,0.0,1083.0,1641.9,1691.58,679.9,129.2,3,3,3,0.0,33.3333,66.6667,0.0,0,554.6667,0.302,0.0009,0.0009,0.0
2026-05-16 19:00:00,DeepSeek,45,30737,21243,9494,0.0369,97.7778,2.2222,0.0,2.2222,5980.0,8313.6,9392.88,8181.6,174.8,10,25,23,2.2222,4.4444,24.4444,0.0,1453,683.0444,0.4469,0.0008,0.0008,15.3044
2026-05-16 19:00:00,MiniMax,1,639,571,68,0.0015,100.0,0.0,0.0,0.0,1042.0,1042.0,1042.0,649.0,111.0,1,1,1,0.0,0.0,0.0,0.0,8,639.0,0.1191,0.0015,0.0015,11.7647
2026-05-16 20:00:00,DeepSeek,41,31376,22880,8496,0.0377,97.561,2.439,2.439,0.0,5992.0,7339.0,8844.2,6788.0,211.0,9,21,24,0.0,7.3171,9.7561,0.0,1449,765.2683,0.3713,0.0009,0.0009,17.0551
2026-05-16 20:00:00,MiniMax,2,2534,1706,828,0.0061,100.0,0.0,0.0,0.0,2292.0,3048.0,3115.2,729.15,129.0,2,2,2,0.0,0.0,50.0,0.0,186,1267.0,0.4853,0.003,0.003,22.4638
2026-05-16 20:00:00,Qwen,6,4425,3297,1128,0.0071,100.0,0.0,0.0,0.0,1233.5,1839.75,1954.35,1206.0,110.5,4,5,5,0.0,0.0,16.6667,0.0,0,737.5,0.3421,0.0012,0.0012,0.0
2026-05-16 21:00:00,DeepSeek,57,35876,25472,10404,0.0431,96.4912,3.5088,0.0,1.7544,5951.0,8137.4,8839.96,8099.0,185.6,10,22,28,1.7544,7.0175,21.0526,0.0,1741,629.4035,0.4084,0.0008,0.0008,16.7339
2026-05-16 21:00:00,Qwen,4,1583,1102,481,0.0025,100.0,0.0,0.0,0.0,1083.0,1186.75,1193.35,569.4,70.1,2,3,4,0.0,0.0,25.0,0.0,0,395.75,0.4365,0.0006,0.0006,0.0
2026-05-16 22:00:00,DeepSeek,27,17264,11884,5380,0.0207,92.5926,7.4074,0.0,3.7037,6142.0,7329.5,7680.04,6977.9,140.8,9,15,18,0.0,3.7037,14.8148,0.0,843,639.4074,0.4527,0.0008,0.0008,15.6691
2026-05-16 22:00:00,MiniMax,1,356,266,90,0.0009,100.0,0.0,0.0,0.0,955.0,955.0,955.0,435.0,14.0,1,1,1,0.0,0.0,0.0,0.0,17,356.0,0.3383,0.0009,0.0009,18.8889
2026-05-16 23:00:00,DeepSeek,35,21635,15833,5802,0.026,94.2857,5.7143,5.7143,0.0,5866.0,7905.3,8927.12,7875.3,172.2,10,21,22,0.0,8.5714,11.4286,0.0,903,618.1429,0.3664,0.0007,0.0008,15.5636
2026-05-16 23:00:00,MiniMax,2,1608,1210,398,0.0039,50.0,50.0,50.0,0.0,1825.5,1989.75,2004.35,519.15,36.2,2,2,2,0.0,0.0,0.0,0.0,82,804.0,0.3289,0.0019,0.0039,20.603
2026-05-16 23:00:00,Qwen,1,352,241,111,0.0006,100.0,0.0,0.0,0.0,940.0,940.0,940.0,554.0,73.0,1,1,1,0.0,0.0,0.0,0.0,0,352.0,0.4606,0.0006,0.0006,0.0
2026-05-17 00:00:00,DeepSeek,16,10628,7749,2879,0.0128,100.0,0.0,0.0,0.0,5811.0,7333.0,8662.6,7217.5,131.75,9,14,14,0.0,6.25,6.25,0.0,443,664.25,0.3715,0.0008,0.0008,15.3873
2026-05-17 00:00:00,MiniMax,1,1598,1490,108,0.0038,100.0,0.0,0.0,0.0,1381.0,1381.0,1381.0,580.0,76.0,1,1,1,0.0,0.0,0.0,0.0,20,1598.0,0.0725,0.0038,0.0038,18.5185
2026-05-17 01:00:00,DeepSeek,23,16810,12118,4692,0.0202,95.6522,4.3478,0.0,4.3478,6090.0,7359.0,8636.74,6775.6,131.7,8,13,15,0.0,4.3478,17.3913,0.0,671,730.8696,0.3872,0.0009,0.0009,14.3009
2026-05-17 01:00:00,Qwen,1,449,323,126,0.0007,100.0,0.0,0.0,0.0,1021.0,1021.0,1021.0,448.0,4.0,1,1,1,0.0,0.0,0.0,0.0,0,449.0,0.3901,0.0007,0.0007,0.0
2026-05-17 02:00:00,DeepSeek,18,13061,9100,3961,0.0157,100.0,0.0,0.0,0.0,5924.0,7850.4,8622.88,6716.25,106.95,6,10,13,0.0,11.1111,22.2222,0.0,715,725.6111,0.4353,0.0009,0.0009,18.051
2026-05-17 03:00:00,DeepSeek,30,20571,14810,5761,0.0247,100.0,0.0,0.0,0.0,6061.5,8834.65,9513.36,8804.65,146.55,9,20,21,0.0,3.3333,26.6667,0.0,886,685.7,0.389,0.0008,0.0008,15.3793
2026-05-17 04:00:00,DeepSeek,25,14383,8978,5405,0.0173,96.0,4.0,4.0,0.0,5957.0,7276.2,7882.4,6920.0,155.6,9,14,20,4.0,4.0,20.0,0.0,875,575.32,0.602,0.0007,0.0007,16.1887
2026-05-17 04:00:00,Qwen,1,421,320,101,0.0007,100.0,0.0,0.0,0.0,1028.0,1028.0,1028.0,535.0,142.0,1,1,1,0.0,0.0,0.0,0.0,0,421.0,0.3156,0.0007,0.0007,0.0
2026-05-17 05:00:00,DeepSeek,22,12341,8707,3634,0.0148,100.0,0.0,0.0,0.0,5976.5,7852.6,9129.73,7822.6,157.9,9,17,17,4.5455,9.0909,22.7273,0.0,552,560.9545,0.4174,0.0007,0.0007,15.1899
2026-05-17 05:00:00,MiniMax,1,607,489,118,0.0015,100.0,0.0,0.0,0.0,1007.0,1007.0,1007.0,498.0,83.0,1,1,1,0.0,0.0,0.0,0.0,7,607.0,0.2413,0.0015,0.0015,5.9322
2026-05-17 05:00:00,Qwen,1,273,219,54,0.0004,100.0,0.0,0.0,0.0,713.0,713.0,713.0,377.0,68.0,1,1,1,100.0,0.0,0.0,0.0,0,273.0,0.2466,0.0004,0.0004,0.0
2026-05-17 06:00:00,DeepSeek,58,36098,25033,11065,0.0433,96.5517,3.4483,1.7241,1.7241,5952.0,7108.25,8005.25,6696.7,202.0,10,23,30,1.7241,1.7241,17.2414,0.0,1807,622.3793,0.442,0.0007,0.0008,16.3308
2026-05-17 06:00:00,MiniMax,3,956,665,291,0.0023,100.0,0.0,0.0,0.0,1521.0,1665.9,1678.78,951.7,132.3,2,2,3,0.0,0.0,33.3333,0.0,53,318.6667,0.4376,0.0008,0.0008,18.2131
2026-05-17 07:00:00,DeepSeek,51,33443,21932,11511,0.0401,96.0784,3.9216,1.9608,1.9608,6169.0,8131.5,9020.0,8101.5,130.5,10,26,27,0.0,0.0,13.7255,0.0,1789,655.7451,0.5248,0.0008,0.0008,15.5417
2026-05-17 07:00:00,MiniMax,6,3861,2922,939,0.0093,100.0,0.0,0.0,0.0,1488.0,1677.0,1722.6,658.25,91.75,5,6,6,0.0,0.0,66.6667,0.0,142,643.5,0.3214,0.0015,0.0015,15.1225
2026-05-17 08:00:00,DeepSeek,59,42297,28942,13355,0.0508,94.9153,5.0847,1.6949,0.0,6026.0,7248.3,8207.06,6910.5,139.1,10,24,29,1.6949,5.0847,13.5593,0.0,2215,716.8983,0.4614,0.0009,0.0009,16.5855
2026-05-17 08:00:00,MiniMax,2,743,494,249,0.0018,100.0,0.0,0.0,0.0,981.0,1287.9,1315.18,471.9,59.8,2,2,2,0.0,0.0,0.0,0.0,29,371.5,0.504,0.0009,0.0009,11.6466
2026-05-17 08:00:00,Qwen,2,2146,1287,859,0.0034,100.0,0.0,0.0,0.0,1900.0,2353.6,2393.92,515.65,60.35,2,2,2,0.0,0.0,50.0,0.0,0,1073.0,0.6674,0.0017,0.0017,0.0
2026-05-17 09:00:00,DeepSeek,95,59646,39460,20186,0.0716,97.8947,2.1053,0.0,2.1053,6040.0,7853.4,9691.94,7611.6,170.6,10,26,33,2.1053,5.2632,15.7895,0.0,3149,627.8526,0.5116,0.0008,0.0008,15.5999
2026-05-17 09:00:00,MiniMax,3,2564,2147,417,0.0062,100.0,0.0,0.0,0.0,1239.0,1570.2,1599.64,543.3,69.9,3,3,3,0.0,0.0,33.3333,0.0,67,854.6667,0.1942,0.0021,0.0021,16.0671
2026-05-17 09:00:00,Qwen,4,2584,1859,725,0.0041,75.0,25.0,0.0,25.0,1264.5,1490.25,1517.25,525.1,78.75,3,4,4,0.0,25.0,25.0,0.0,0,646.0,0.39,0.001,0.0014,0.0
2026-05-17 10:00:00,DeepSeek,101,71142,50918,20224,0.0854,94.0594,5.9406,1.9802,0.9901,6002.0,7796.0,8833.0,7670.0,142.0,10,26,36,0.0,6.9307,20.7921,0.0,3405,704.3762,0.3972,0.0008,0.0009,16.8364
2026-05-17 10:00:00,MiniMax,1,449,311,138,0.0011,100.0,0.0,0.0,0.0,922.0,922.0,922.0,393.0,21.0,1,1,1,0.0,0.0,0.0,0.0,34,449.0,0.4437,0.0011,0.0011,24.6377
2026-05-17 10:00:00,Qwen,2,1545,1194,351,0.0025,100.0,0.0,0.0,0.0,1173.0,1343.1,1358.22,564.3,109.1,2,2,2,0.0,0.0,50.0,0.0,0,772.5,0.294,0.0012,0.0012,0.0
2026-05-17 11:00:00,DeepSeek,93,63403,43770,19633,0.0761,95.6989,4.3011,2.1505,2.1505,5873.0,8675.8,9597.6,8360.2,166.6,10,26,34,1.0753,3.2258,23.6559,0.0,3012,681.7527,0.4485,0.0008,0.0009,15.3415
2026-05-17 11:00:00,MiniMax,6,4347,3083,1264,0.0104,100.0,0.0,0.0,0.0,1378.0,2760.25,3113.65,634.0,96.25,4,6,5,0.0,0.0,0.0,0.0,249,724.5,0.41,0.0017,0.0017,19.6994
2026-05-17 11:00:00,Qwen,1,984,734,250,0.0016,100.0,0.0,0.0,0.0,1597.0,1597.0,1597.0,349.0,1.0,1,1,1,0.0,0.0,0.0,0.0,0,984.0,0.3406,0.0016,0.0016,0.0
2026-05-17 12:00:00,DeepSeek,73,45435,31447,13988,0.0545,97.2603,2.7397,1.3699,1.3699,5966.0,8694.4,9481.6,8664.4,114.2,10,24,29,0.0,2.7397,13.6986,0.0,2294,622.3973,0.4448,0.0007,0.0008,16.3998
2026-05-17 12:00:00,MiniMax,6,4481,3352,1129,0.0108,83.3333,16.6667,0.0,0.0,1731.0,2523.5,2694.3,825.5,81.75,4,6,5,0.0,0.0,0.0,0.0,125,746.8333,0.3368,0.0018,0.0022,11.0717
2026-05-17 12:00:00,Qwen,1,394,164,230,0.0006,100.0,0.0,0.0,0.0,1226.0,1226.0,1226.0,568.0,98.0,1,1,1,0.0,0.0,0.0,0.0,0,394.0,1.4024,0.0006,0.0006,0.0
2026-05-17 13:00:00,DeepSeek,98,63140,43801,19339,0.0758,96.9388,3.0612,0.0,1.0204,5939.5,7624.0,8788.82,7172.4,124.3,10,27,38,0.0,6.1224,16.3265,0.0,3210,644.2857,0.4415,0.0008,0.0008,16.5986
2026-05-17 13:00:00,MiniMax,8,5698,4477,1221,0.0137,87.5,12.5,12.5,0.0,1276.5,1935.95,1947.99,784.1,107.1,6,7,7,0.0,0.0,0.0,0.0,157,712.25,0.2727,0.0017,0.002,12.8583
2026-05-17 13:00:00,Qwen,1,402,166,236,0.0006,100.0,0.0,0.0,0.0,1959.0,1959.0,1959.0,1135.0,46.0,1,1,1,0.0,0.0,0.0,0.0,0,402.0,1.4217,0.0006,0.0006,0.0
2026-05-17 14:00:00,DeepSeek,96,71104,50868,20236,0.0853,92.7083,7.2917,2.0833,3.125,5925.0,7684.5,8955.2,6985.25,156.75,10,28,33,1.0417,6.25,15.625,0.0,3272,740.6667,0.3978,0.0009,0.001,16.1692
2026-05-17 14:00:00,MiniMax,2,1060,550,510,0.0025,50.0,50.0,50.0,0.0,1558.5,1946.85,1981.37,547.3,125.75,2,2,2,0.0,50.0,50.0,0.0,121,530.0,0.9273,0.0013,0.0025,23.7255
2026-05-17 14:00:00,Qwen,2,1458,989,469,0.0023,100.0,0.0,0.0,0.0,1541.5,1763.35,1783.07,418.2,58.35,2,2,2,0.0,0.0,50.0,0.0,0,729.0,0.4742,0.0012,0.0012,0.0
2026-05-17 15:00:00,DeepSeek,108,71256,50694,20562,0.0855,95.3704,4.6296,0.9259,1.8519,6025.0,8348.3,9639.17,8071.45,157.95,10,26,33,1.8519,6.4815,19.4444,0.0,3246,659.7778,0.4056,0.0008,0.0008,15.7864
2026-05-17 15:00:00,MiniMax,5,2225,1410,815,0.0053,100.0,0.0,0.0,0.0,1529.0,1854.8,1873.36,861.0,191.4,4,4,4,0.0,0.0,20.0,0.0,151,445.0,0.578,0.0011,0.0011,18.5276
2026-05-17 15:00:00,Qwen,2,1619,998,621,0.0026,100.0,0.0,0.0,0.0,1825.5,1996.05,2011.21,408.0,51.5,2,2,2,0.0,50.0,100.0,0.0,0,809.5,0.6222,0.0013,0.0013,0.0
2026-05-17 16:00:00,DeepSeek,105,71957,52042,19915,0.0864,95.2381,4.7619,0.9524,2.8571,6067.0,8466.8,9015.36,8436.8,171.2,10,29,37,0.9524,4.7619,21.9048,0.0,3484,685.3048,0.3827,0.0008,0.0009,17.4944
2026-05-17 16:00:00,MiniMax,5,3295,2588,707,0.0079,100.0,0.0,0.0,0.0,1338.0,1636.8,1658.56,711.8,135.8,4,5,5,0.0,0.0,0.0,0.0,129,659.0,0.2732,0.0016,0.0016,18.2461
2026-05-17 16:00:00,Qwen,2,1480,800,680,0.0024,100.0,0.0,0.0,0.0,1747.5,1976.55,1996.91,372.5,20.0,2,2,2,0.0,0.0,0.0,0.0,0,740.0,0.85,0.0012,0.0012,0.0
2026-05-17 17:00:00,DeepSeek,97,64126,42421,21705,0.0769,97.9381,2.0619,0.0,1.0309,5964.0,7810.2,8977.28,6750.6,176.6,10,28,37,3.0928,1.0309,19.5876,0.0,3369,661.0928,0.5117,0.0008,0.0008,15.5218
2026-05-17 17:00:00,MiniMax,3,1529,1049,480,0.0037,100.0,0.0,0.0,0.0,1764.0,1818.0,1822.8,635.2,138.4,1,1,2,0.0,0.0,0.0,0.0,65,509.6667,0.4576,0.0012,0.0012,13.5417
2026-05-17 17:00:00,Qwen,2,1091,580,511,0.0017,100.0,0.0,0.0,0.0,1695.0,2070.3,2103.66,454.25,121.9,2,2,2,0.0,0.0,50.0,0.0,0,545.5,0.881,0.0009,0.0009,0.0
2026-05-17 18:00:00,DeepSeek,56,42871,29152,13719,0.0514,96.4286,3.5714,1.7857,1.7857,6057.0,8714.0,9226.15,8684.0,171.5,10,24,28,1.7857,3.5714,25.0,0.0,2362,765.5536,0.4706,0.0009,0.001,17.217
2026-05-17 18:00:00,MiniMax,2,889,541,348,0.0021,100.0,0.0,0.0,0.0,1667.0,1820.0,1833.6,1047.75,30.5,1,2,1,0.0,0.0,0.0,0.0,66,444.5,0.6433,0.0011,0.0011,18.9655
2026-05-17 18:00:00,Qwen,1,251,115,136,0.0004,100.0,0.0,0.0,0.0,809.0,809.0,809.0,377.0,15.0,1,1,1,0.0,0.0,0.0,0.0,0,251.0,1.1826,0.0004,0.0004,0.0
2026-05-17 19:00:00,DeepSeek,54,35894,25077,10817,0.0431,96.2963,3.7037,0.0,1.8519,6204.0,8270.45,8746.26,8240.45,151.75,10,25,30,1.8519,3.7037,25.9259,1.8519,1750,664.7037,0.4314,0.0008,0.0008,16.1782
2026-05-17 19:00:00,MiniMax,2,1783,1389,394,0.0043,100.0,0.0,0.0,0.0,1709.5,2259.85,2308.77,581.75,98.85,2,2,2,0.0,0.0,0.0,0.0,93,891.5,0.2837,0.0021,0.0021,23.6041
2026-05-17 19:00:00,Qwen,3,1471,771,700,0.0024,100.0,0.0,0.0,0.0,1218.0,1967.7,2034.34,684.7,202.1,2,3,3,0.0,0.0,0.0,0.0,0,490.3333,0.9079,0.0008,0.0008,0.0
2026-05-17 20:00:00,DeepSeek,59,41138,28868,12270,0.0494,96.6102,3.3898,0.0,3.3898,6109.0,8511.3,8980.04,8326.2,184.8,10,25,31,0.0,3.3898,15.2542,0.0,2020,697.2542,0.425,0.0008,0.0009,16.4629
2026-05-17 20:00:00,MiniMax,4,1977,1292,685,0.0047,100.0,0.0,0.0,0.0,1654.0,2175.15,2213.43,561.85,103.05,4,4,4,0.0,0.0,75.0,0.0,131,494.25,0.5302,0.0012,0.0012,19.1241
2026-05-17 20:00:00,Qwen,2,849,514,335,0.0014,100.0,0.0,0.0,0.0,1423.0,1531.0,1540.6,579.45,239.7,2,2,2,0.0,0.0,0.0,0.0,0,424.5,0.6518,0.0007,0.0007,0.0
2026-05-17 21:00:00,DeepSeek,56,36033,24519,11514,0.0432,96.4286,3.5714,0.0,3.5714,6032.0,7650.75,8933.05,7546.5,152.75,10,24,25,5.3571,3.5714,16.0714,0.0,1712,643.4464,0.4696,0.0008,0.0008,14.8689
2026-05-17 21:00:00,MiniMax,2,1440,1088,352,0.0035,100.0,0.0,0.0,0.0,1485.0,1769.4,1794.68,531.4,82.8,2,2,2,0.0,0.0,50.0,0.0,49,720.0,0.3235,0.0017,0.0017,13.9205
2026-05-17 22:00:00,DeepSeek,29,19108,13739,5369,0.0229,96.5517,3.4483,0.0,3.4483,5952.0,8843.4,9391.08,8813.4,145.0,9,16,19,0.0,6.8966,17.2414,0.0,1032,658.8966,0.3908,0.0008,0.0008,19.2215
2026-05-17 22:00:00,MiniMax,1,808,506,302,0.0019,100.0,0.0,0.0,0.0,2223.0,2223.0,2223.0,435.0,10.0,1,1,1,0.0,0.0,100.0,0.0,69,808.0,0.5968,0.0019,0.0019,22.8477
2026-05-17 23:00:00,DeepSeek,32,24095,16675,7420,0.0289,93.75,6.25,0.0,6.25,6190.5,8465.7,8602.58,8317.2,168.7,10,19,22,3.125,3.125,12.5,0.0,1250,752.9688,0.445,0.0009,0.001,16.8464
2026-05-17 23:00:00,Qwen,1,373,203,170,0.0006,100.0,0.0,0.0,0.0,747.0,747.0,747.0,575.0,99.0,1,1,1,0.0,0.0,0.0,0.0,0,373.0,0.8374,0.0006,0.0006,0.0
2026-05-18 00:00:00,DeepSeek,32,18855,13438,5417,0.0226,96.875,3.125,0.0,3.125,5797.5,7398.05,7930.49,7072.15,236.65,9,21,22,0.0,0.0,12.5,3.125,780,589.2188,0.4031,0.0007,0.0007,14.3991
2026-05-18 00:00:00,MiniMax,3,1490,774,716,0.0036,100.0,0.0,0.0,0.0,1835.0,2112.2,2136.84,682.3,165.3,3,3,3,0.0,0.0,33.3333,0.0,154,496.6667,0.9251,0.0012,0.0012,21.5084
2026-05-18 00:00:00,Qwen,1,657,427,230,0.0011,100.0,0.0,0.0,0.0,1450.0,1450.0,1450.0,547.0,85.0,1,1,1,0.0,100.0,0.0,0.0,0,657.0,0.5386,0.0011,0.0011,0.0
2026-05-18 01:00:00,DeepSeek,28,20394,15420,4974,0.0245,89.2857,10.7143,0.0,7.1429,6065.0,8386.6,8622.43,8011.9,125.3,9,21,18,0.0,3.5714,21.4286,0.0,918,728.3571,0.3226,0.0009,0.001,18.456
2026-05-18 01:00:00,MiniMax,1,1000,824,176,0.0024,100.0,0.0,0.0,0.0,1458.0,1458.0,1458.0,447.0,20.0,1,1,1,0.0,0.0,0.0,0.0,36,1000.0,0.2136,0.0024,0.0024,20.4545
2026-05-18 01:00:00,Qwen,3,1981,1506,475,0.0032,100.0,0.0,0.0,0.0,1005.0,1796.1,1866.42,495.2,45.8,3,3,3,0.0,0.0,0.0,0.0,0,660.3333,0.3154,0.0011,0.0011,0.0
2026-05-18 02:00:00,DeepSeek,28,15670,10837,4833,0.0188,100.0,0.0,0.0,0.0,5872.5,7154.4,7686.72,6731.35,197.5,10,19,20,0.0,3.5714,10.7143,0.0,871,559.6429,0.446,0.0007,0.0007,18.0219
2026-05-18 02:00:00,MiniMax,3,1446,713,733,0.0035,100.0,0.0,0.0,0.0,1611.0,1989.0,2022.6,535.6,167.5,2,2,3,0.0,33.3333,0.0,0.0,130,482.0,1.0281,0.0012,0.0012,17.7353
2026-05-18 03:00:00,DeepSeek,34,23105,15865,7240,0.0277,97.0588,2.9412,0.0,2.9412,6176.5,8616.5,9362.83,8586.5,232.5,10,20,23,0.0,0.0,20.5882,0.0,1304,679.5588,0.4564,0.0008,0.0008,18.011
2026-05-18 03:00:00,Qwen,1,1049,705,344,0.0017,100.0,0.0,0.0,0.0,2144.0,2144.0,2144.0,1179.0,74.0,1,1,1,0.0,0.0,100.0,0.0,0,1049.0,0.4879,0.0017,0.0017,0.0
2026-05-18 04:00:00,DeepSeek,30,18851,13068,5783,0.0226,93.3333,6.6667,3.3333,3.3333,5939.5,6568.15,6667.01,6330.2,115.3,9,16,18,3.3333,0.0,16.6667,0.0,905,628.3667,0.4425,0.0008,0.0008,15.6493
2026-05-18 05:00:00,DeepSeek,41,26381,17750,8631,0.0317,95.122,4.878,2.439,2.439,6038.0,8999.0,9043.0,8969.0,174.0,9,24,24,7.3171,2.439,24.3902,0.0,1266,643.439,0.4863,0.0008,0.0008,14.6681
2026-05-18 05:00:00,MiniMax,1,478,379,99,0.0011,0.0,100.0,0.0,100.0,732.0,732.0,732.0,528.0,33.0,1,1,1,0.0,100.0,0.0,0.0,7,478.0,0.2612,0.0011,,7.0707
2026-05-18 05:00:00,Qwen,1,537,307,230,0.0009,100.0,0.0,0.0,0.0,1145.0,1145.0,1145.0,489.0,63.0,1,1,1,0.0,0.0,0.0,0.0,0,537.0,0.7492,0.0009,0.0009,0.0
2026-05-18 06:00:00,DeepSeek,83,54626,37882,16744,0.0656,97.5904,2.4096,0.0,1.2048,6023.0,8483.2,9786.14,8218.9,145.3,10,23,35,1.2048,1.2048,19.2771,0.0,2780,658.1446,0.442,0.0008,0.0008,16.603
2026-05-18 06:00:00,MiniMax,2,934,672,262,0.0022,100.0,0.0,0.0,0.0,1360.5,1389.75,1392.35,575.3,114.75,1,1,1,0.0,0.0,0.0,0.0,58,467.0,0.3899,0.0011,0.0011,22.1374
2026-05-18 06:00:00,Qwen,2,2079,1040,1039,0.0033,100.0,0.0,0.0,0.0,2303.0,2682.8,2716.56,406.75,85.15,2,2,2,0.0,0.0,0.0,0.0,0,1039.5,0.999,0.0017,0.0017,0.0
2026-05-18 07:00:00,DeepSeek,67,44457,30157,14300,0.0533,98.5075,1.4925,1.4925,0.0,5987.0,7359.7,8415.78,6905.8,170.1,10,27,30,1.4925,4.4776,25.3731,0.0,2428,663.5373,0.4742,0.0008,0.0008,16.979
2026-05-18 07:00:00,MiniMax,3,2259,1693,566,0.0054,100.0,0.0,0.0,0.0,1582.0,2034.7,2074.94,518.7,22.0,3,3,3,0.0,0.0,0.0,0.0,115,753.0,0.3343,0.0018,0.0018,20.318
2026-05-18 07:00:00,Qwen,1,531,203,328,0.0008,0.0,100.0,0.0,100.0,1514.0,1514.0,1514.0,449.0,127.0,1,1,1,0.0,0.0,100.0,0.0,0,531.0,1.6158,0.0008,,0.0
2026-05-18 08:00:00,DeepSeek,94,66566,48148,18418,0.0799,98.9362,1.0638,0.0,1.0638,6096.5,8114.6,8817.29,7464.3,155.45,10,28,38,0.0,3.1915,19.1489,0.0,3168,708.1489,0.3825,0.0008,0.0009,17.2006
2026-05-18 08:00:00,MiniMax,6,2872,1993,879,0.0069,83.3333,16.6667,0.0,16.6667,1311.5,1682.25,1697.25,768.75,115.25,3,6,4,16.6667,0.0,33.3333,16.6667,149,478.6667,0.441,0.0011,0.0014,16.9511
2026-05-18 08:00:00,Qwen,2,866,534,332,0.0014,100.0,0.0,0.0,0.0,1128.5,1659.95,1707.19,506.35,68.3,2,2,2,0.0,0.0,0.0,0.0,0,433.0,0.6217,0.0007,0.0007,0.0
2026-05-18 09:00:00,DeepSeek,233,167321,119599,47722,0.2008,96.1373,3.8627,0.8584,1.7167,6010.0,8268.6,9452.4,7384.2,180.0,10,30,41,3.0043,3.4335,16.7382,0.4292,7791,718.1159,0.399,0.0009,0.0009,16.3258
2026-05-18 09:00:00,MiniMax,14,8529,6504,2025,0.0205,100.0,0.0,0.0,0.0,1220.5,1719.9,1851.98,754.4,180.4,7,8,11,0.0,0.0,7.1429,0.0,346,609.2143,0.3113,0.0015,0.0015,17.0864
2026-05-18 09:00:00,Qwen,9,6614,5145,1469,0.0106,100.0,0.0,0.0,0.0,1166.0,2018.8,2066.16,881.4,93.6,5,6,7,0.0,11.1111,11.1111,0.0,0,734.8889,0.2855,0.0012,0.0012,0.0
2026-05-18 10:00:00,DeepSeek,232,161769,112887,48882,0.1941,95.6897,4.3103,1.2931,2.5862,5995.5,8741.2,9565.9,8704.45,170.25,10,29,43,3.0172,3.8793,19.3966,0.0,7864,697.2802,0.433,0.0008,0.0009,16.0877
2026-05-18 10:00:00,MiniMax,13,9973,7616,2357,0.0239,100.0,0.0,0.0,0.0,1412.0,2359.8,2367.96,671.4,117.6,7,10,10,0.0,0.0,0.0,0.0,435,767.1538,0.3095,0.0018,0.0018,18.4557
2026-05-18 10:00:00,Qwen,5,4137,3289,848,0.0066,100.0,0.0,0.0,0.0,1155.0,1386.0,1422.8,599.2,87.0,3,5,5,0.0,0.0,20.0,20.0,0,827.4,0.2578,0.0013,0.0013,0.0
2026-05-18 11:00:00,DeepSeek,253,169921,117680,52241,0.2039,97.6285,2.3715,0.7905,0.0,6085.0,7933.4,9501.04,7658.4,158.4,10,30,45,1.9763,5.5336,19.3676,0.0,8878,671.6245,0.4439,0.0008,0.0008,16.9943
2026-05-18 11:00:00,MiniMax,6,3771,3013,758,0.0091,100.0,0.0,0.0,0.0,1110.5,1539.0,1577.4,716.25,79.0,5,6,6,0.0,16.6667,0.0,0.0,109,628.5,0.2516,0.0015,0.0015,14.3799
2026-05-18 11:00:00,Qwen,8,5195,4100,1095,0.0083,100.0,0.0,0.0,0.0,1066.0,1545.95,1681.19,568.3,179.9,6,6,7,0.0,0.0,12.5,0.0,0,649.375,0.2671,0.001,0.001,0.0
2026-05-18 12:00:00,DeepSeek,152,104897,72313,32584,0.1259,97.3684,2.6316,0.0,1.9737,6016.0,7584.75,8900.06,7099.25,160.8,10,29,38,0.6579,1.9737,18.4211,0.0,5443,690.1118,0.4506,0.0008,0.0009,16.7045
2026-05-18 12:00:00,MiniMax,7,5057,3670,1387,0.0121,100.0,0.0,0.0,0.0,1191.0,2490.3,2691.66,764.0,93.5,6,7,6,0.0,0.0,42.8571,0.0,258,722.4286,0.3779,0.0017,0.0017,18.6013
2026-05-18 12:00:00,Qwen,3,2744,1948,796,0.0044,100.0,0.0,0.0,0.0,1596.0,1906.5,1934.1,530.4,77.1,3,3,3,0.0,0.0,33.3333,0.0,0,914.6667,0.4086,0.0015,0.0015,0.0
2026-05-18 13:00:00,DeepSeek,137,96052,66160,29892,0.1153,99.2701,0.7299,0.7299,0.0,5981.0,8371.2,9736.2,8075.6,181.0,10,28,42,0.7299,2.9197,20.438,0.7299,4486,701.1095,0.4518,0.0008,0.0008,15.0074
2026-05-18 13:00:00,MiniMax,7,3619,2420,1199,0.0087,100.0,0.0,0.0,0.0,1501.0,2148.1,2194.42,726.6,133.1,6,7,6,0.0,14.2857,28.5714,0.0,173,517.0,0.4955,0.0012,0.0012,14.4287
2026-05-18 13:00:00,Qwen,2,1891,1572,319,0.003,100.0,0.0,0.0,0.0,1196.0,1639.7,1679.14,420.65,87.55,2,2,2,0.0,50.0,0.0,0.0,0,945.5,0.2029,0.0015,0.0015,0.0
2026-05-18 14:00:00,DeepSeek,125,84144,58536,25608,0.101,98.4,1.6,0.0,0.8,6037.0,9005.4,9436.48,8780.8,157.8,10,29,42,3.2,4.0,12.8,0.0,4172,673.152,0.4375,0.0008,0.0008,16.2918
2026-05-18 14:00:00,MiniMax,9,6137,4762,1375,0.0147,100.0,0.0,0.0,0.0,1366.0,1967.8,2176.76,619.8,87.2,6,7,8,0.0,0.0,0.0,0.0,254,681.8889,0.2887,0.0016,0.0016,18.4727
2026-05-18 14:00:00,Qwen,5,3251,2501,750,0.0052,100.0,0.0,0.0,0.0,1429.0,1513.4,1523.48,675.8,108.0,2,4,4,0.0,0.0,20.0,0.0,0,650.2,0.2999,0.001,0.001,0.0
2026-05-18 15:00:00,DeepSeek,127,92563,69599,22964,0.1111,99.2126,0.7874,0.0,0.0,5911.0,8725.7,9477.56,8565.2,156.4,10,29,40,0.7874,2.3622,27.5591,0.0,3804,728.8425,0.3299,0.0009,0.0009,16.5651
2026-05-18 15:00:00,MiniMax,5,3425,1982,1443,0.0082,100.0,0.0,0.0,0.0,2062.0,2807.4,2917.48,1009.6,120.4,5,5,5,20.0,0.0,40.0,0.0,294,685.0,0.7281,0.0016,0.0016,20.3742
2026-05-18 15:00:00,Qwen,1,830,783,47,0.0013,100.0,0.0,0.0,0.0,776.0,776.0,776.0,433.0,119.0,1,1,1,0.0,0.0,0.0,0.0,0,830.0,0.06,0.0013,0.0013,0.0
2026-05-18 16:00:00,DeepSeek,134,89400,62535,26865,0.1073,97.7612,2.2388,0.0,0.7463,6103.0,9022.8,9461.61,8875.9,187.65,10,30,37,0.7463,1.4925,18.6567,0.0,4427,667.1642,0.4296,0.0008,0.0008,16.4787
2026-05-18 16:00:00,MiniMax,8,3943,2449,1494,0.0095,87.5,12.5,0.0,12.5,1699.0,2302.7,2318.94,769.9,147.9,8,8,8,12.5,25.0,50.0,0.0,180,492.875,0.61,0.0012,0.0014,12.0482
2026-05-18 16:00:00,Qwen,1,809,387,422,0.0013,100.0,0.0,0.0,0.0,2203.0,2203.0,2203.0,452.0,131.0,1,1,1,0.0,0.0,0.0,0.0,0,809.0,1.0904,0.0013,0.0013,0.0
2026-05-18 17:00:00,DeepSeek,115,80216,56135,24081,0.0963,93.913,6.087,1.7391,1.7391,6021.0,7721.2,8261.3,7150.1,152.8,10,28,36,2.6087,7.8261,19.1304,0.0,4276,697.5304,0.429,0.0008,0.0009,17.7567
2026-05-18 17:00:00,MiniMax,8,5277,3733,1544,0.0127,87.5,12.5,0.0,12.5,1429.0,2021.7,2026.74,653.8,116.0,4,6,5,0.0,12.5,12.5,0.0,207,659.625,0.4136,0.0016,0.0018,13.4067
2026-05-18 17:00:00,Qwen,5,1876,1390,486,0.003,60.0,40.0,20.0,20.0,749.0,1219.6,1259.92,697.2,126.0,3,4,4,0.0,20.0,0.0,0.0,0,375.2,0.3496,0.0006,0.001,0.0
2026-05-18 18:00:00,DeepSeek,81,52691,34231,18460,0.0632,96.2963,3.7037,2.4691,1.2346,6238.0,8736.0,9690.6,8435.0,162.0,10,26,29,2.4691,4.9383,17.284,0.0,2934,650.5062,0.5393,0.0008,0.0008,15.8938
2026-05-18 18:00:00,MiniMax,5,2014,1480,534,0.0048,80.0,20.0,0.0,0.0,1245.0,1435.8,1453.56,639.6,93.8,3,3,4,0.0,0.0,20.0,0.0,56,402.8,0.3608,0.001,0.0012,10.4869
2026-05-18 19:00:00,DeepSeek,68,43770,32170,11600,0.0525,100.0,0.0,0.0,0.0,5963.0,7170.55,8599.3,7088.55,191.25,10,24,31,1.4706,1.4706,10.2941,1.4706,1558,643.6765,0.3606,0.0008,0.0008,13.431
2026-05-18 19:00:00,MiniMax,4,2737,2190,547,0.0066,100.0,0.0,0.0,0.0,1260.0,1298.7,1303.74,657.35,123.7,3,3,4,0.0,0.0,25.0,0.0,91,684.25,0.2498,0.0016,0.0016,16.6362
2026-05-18 19:00:00,Qwen,2,974,633,341,0.0016,100.0,0.0,0.0,0.0,1087.0,1186.9,1195.78,436.55,48.55,2,2,2,0.0,0.0,0.0,0.0,0,487.0,0.5387,0.0008,0.0008,0.0
2026-05-18 20:00:00,DeepSeek,95,58408,37331,21077,0.0701,96.8421,3.1579,1.0526,0.0,6054.0,7507.9,8798.96,6868.0,181.9,10,25,35,2.1053,5.2632,17.8947,0.0,3537,614.8211,0.5646,0.0007,0.0008,16.7813
2026-05-18 20:00:00,MiniMax,6,4224,3071,1153,0.0101,100.0,0.0,0.0,0.0,1520.5,2585.5,2841.9,680.75,93.0,4,5,4,0.0,0.0,0.0,0.0,206,704.0,0.3754,0.0017,0.0017,17.8664
2026-05-18 20:00:00,Qwen,1,413,165,248,0.0007,100.0,0.0,0.0,0.0,1480.0,1480.0,1480.0,653.0,24.0,1,1,1,0.0,0.0,100.0,0.0,0,413.0,1.503,0.0007,0.0007,0.0
2026-05-18 21:00:00,DeepSeek,90,63284,43782,19502,0.0759,97.7778,2.2222,1.1111,1.1111,6029.0,7359.9,9146.8,6948.2,144.2,10,26,30,1.1111,2.2222,15.5556,0.0,3113,703.1556,0.4454,0.0008,0.0009,15.9625
2026-05-18 21:00:00,MiniMax,2,1416,1240,176,0.0034,100.0,0.0,0.0,0.0,1008.0,1116.9,1126.58,673.9,91.55,2,2,2,0.0,0.0,0.0,0.0,22,708.0,0.1419,0.0017,0.0017,12.5
2026-05-18 21:00:00,Qwen,2,978,489,489,0.0016,50.0,50.0,0.0,50.0,1689.5,1840.25,1853.65,542.5,162.25,2,2,2,0.0,0.0,0.0,0.0,0,489.0,1.0,0.0008,0.0016,0.0
2026-05-18 22:00:00,DeepSeek,32,21675,14974,6701,0.026,96.875,3.125,0.0,3.125,5912.5,7492.2,8581.16,7367.6,185.6,9,18,19,0.0,0.0,21.875,0.0,1193,677.3438,0.4475,0.0008,0.0008,17.8033
2026-05-18 22:00:00,MiniMax,3,1990,1237,753,0.0048,100.0,0.0,0.0,0.0,2291.0,2687.0,2722.2,724.4,160.3,2,2,3,0.0,0.0,0.0,0.0,159,663.3333,0.6087,0.0016,0.0016,21.1155
2026-05-18 22:00:00,Qwen,2,1348,924,424,0.0022,100.0,0.0,0.0,0.0,1448.5,1457.95,1458.79,1261.9,107.6,2,2,2,0.0,0.0,0.0,0.0,0,674.0,0.4589,0.0011,0.0011,0.0
2026-05-18 23:00:00,DeepSeek,39,27830,19553,8277,0.0334,97.4359,2.5641,2.5641,0.0,6046.0,8670.4,9113.08,8640.4,182.2,9,22,25,0.0,2.5641,12.8205,0.0,1465,713.5897,0.4233,0.0009,0.0009,17.6996
2026-05-18 23:00:00,MiniMax,2,1188,1011,177,0.0029,100.0,0.0,0.0,0.0,970.5,1183.35,1202.27,522.4,122.35,2,2,2,0.0,0.0,50.0,50.0,23,594.0,0.1751,0.0014,0.0014,12.9944
2026-05-19 00:00:00,DeepSeek,33,24162,18474,5688,0.029,90.9091,9.0909,3.0303,3.0303,5925.0,6854.6,7277.92,6576.2,190.0,8,18,23,0.0,3.0303,21.2121,0.0,848,732.1818,0.3079,0.0009,0.001,14.9086
2026-05-19 00:00:00,MiniMax,2,1081,821,260,0.0026,100.0,0.0,0.0,0.0,1360.5,1398.75,1402.15,709.25,45.1,1,2,2,0.0,0.0,50.0,0.0,32,540.5,0.3167,0.0013,0.0013,12.3077
2026-05-19 00:00:00,Qwen,1,494,406,88,0.0008,100.0,0.0,0.0,0.0,948.0,948.0,948.0,380.0,43.0,1,1,1,0.0,0.0,0.0,0.0,0,494.0,0.2167,0.0008,0.0008,0.0
2026-05-19 01:00:00,DeepSeek,21,14582,10051,4531,0.0175,100.0,0.0,0.0,0.0,6002.0,7002.0,8625.2,6962.0,171.0,10,15,17,4.7619,4.7619,4.7619,0.0,849,694.381,0.4508,0.0008,0.0008,18.7376
2026-05-19 01:00:00,MiniMax,1,1192,1023,169,0.0029,100.0,0.0,0.0,0.0,1222.0,1222.0,1222.0,533.0,141.0,1,1,1,0.0,0.0,0.0,0.0,44,1192.0,0.1652,0.0029,0.0029,26.0355
2026-05-19 01:00:00,Qwen,1,714,230,484,0.0011,100.0,0.0,0.0,0.0,2666.0,2666.0,2666.0,434.0,62.0,1,1,1,0.0,0.0,0.0,0.0,0,714.0,2.1043,0.0011,0.0011,0.0
2026-05-19 02:00:00,DeepSeek,27,20042,14969,5073,0.0241,96.2963,3.7037,0.0,0.0,5922.0,6824.5,8072.2,6706.3,183.4,9,16,19,7.4074,3.7037,18.5185,0.0,801,742.2963,0.3389,0.0009,0.0009,15.7895
2026-05-19 02:00:00,Qwen,1,426,265,161,0.0007,100.0,0.0,0.0,0.0,1135.0,1135.0,1135.0,402.0,125.0,1,1,1,0.0,0.0,100.0,0.0,0,426.0,0.6075,0.0007,0.0007,0.0
2026-05-19 03:00:00,DeepSeek,25,16062,12107,3955,0.0193,100.0,0.0,0.0,0.0,5898.0,7884.4,8844.08,7854.4,128.0,9,19,16,4.0,0.0,8.0,0.0,613,642.48,0.3267,0.0008,0.0008,15.4994
2026-05-19 03:00:00,MiniMax,1,1196,913,283,0.0029,100.0,0.0,0.0,0.0,2445.0,2445.0,2445.0,641.0,205.0,1,1,1,0.0,0.0,0.0,0.0,66,1196.0,0.31,0.0029,0.0029,23.3216
2026-05-19 04:00:00,DeepSeek,37,26535,17667,8868,0.0318,100.0,0.0,0.0,0.0,6110.0,7577.6,8383.04,6983.2,156.4,10,23,23,0.0,2.7027,24.3243,0.0,1310,717.1622,0.502,0.0009,0.0009,14.7722
2026-05-19 04:00:00,MiniMax,3,1714,1192,522,0.0041,100.0,0.0,0.0,0.0,1297.0,1426.6,1438.12,723.4,184.3,3,3,3,0.0,0.0,33.3333,0.0,63,571.3333,0.4379,0.0014,0.0014,12.069
2026-05-19 05:00:00,DeepSeek,33,20515,14416,6099,0.0246,90.9091,9.0909,0.0,6.0606,6254.0,9072.6,9181.8,9042.6,152.6,9,20,23,6.0606,9.0909,24.2424,0.0,977,621.6667,0.4231,0.0007,0.0008,16.019
2026-05-19 06:00:00,DeepSeek,77,56520,41176,15344,0.0678,98.7013,1.2987,0.0,0.0,6140.0,7593.2,8701.48,7317.6,172.4,10,23,33,1.2987,7.7922,16.8831,0.0,2493,734.026,0.3726,0.0009,0.0009,16.2474
2026-05-19 06:00:00,MiniMax,2,1781,1387,394,0.0043,100.0,0.0,0.0,0.0,1239.0,1258.8,1260.56,513.85,34.45,2,2,2,0.0,0.0,0.0,0.0,51,890.5,0.2841,0.0021,0.0021,12.9442
2026-05-19 06:00:00,Qwen,2,1018,627,391,0.0016,100.0,0.0,0.0,0.0,1432.0,1630.9,1648.58,533.9,26.3,2,2,2,0.0,0.0,0.0,0.0,0,509.0,0.6236,0.0008,0.0008,0.0
2026-05-19 07:00:00,DeepSeek,72,48875,34372,14503,0.0587,97.2222,2.7778,0.0,1.3889,6115.0,7996.1,8620.56,7955.75,169.25,10,25,31,1.3889,5.5556,16.6667,0.0,2294,678.8194,0.4219,0.0008,0.0008,15.8174
2026-05-19 07:00:00,MiniMax,2,1108,656,452,0.0027,100.0,0.0,0.0,0.0,1503.5,1629.95,1641.19,574.25,102.9,1,2,2,0.0,0.0,0.0,0.0,69,554.0,0.689,0.0013,0.0013,15.2655
2026-05-19 07:00:00,Qwen,3,4069,3474,595,0.0065,100.0,0.0,0.0,0.0,1542.0,1545.6,1545.92,623.5,156.1,3,3,3,0.0,0.0,33.3333,0.0,0,1356.3333,0.1713,0.0022,0.0022,0.0
2026-05-19 08:00:00,DeepSeek,84,57420,40356,17064,0.0689,95.2381,4.7619,0.0,1.1905,5969.5,8454.55,9294.25,8203.4,170.5,10,26,32,1.1905,3.5714,13.0952,0.0,2822,683.5714,0.4228,0.0008,0.0009,16.5377
2026-05-19 08:00:00,MiniMax,3,1642,1134,508,0.0039,100.0,0.0,0.0,0.0,1365.0,1606.2,1627.64,706.4,48.4,3,3,3,0.0,0.0,33.3333,33.3333,90,547.3333,0.448,0.0013,0.0013,17.7165
2026-05-19 08:00:00,Qwen,4,2130,1277,853,0.0034,100.0,0.0,0.0,0.0,1177.0,1730.5,1779.7,482.1,122.45,4,4,4,0.0,0.0,0.0,0.0,0,532.5,0.668,0.0009,0.0009,0.0
2026-05-19 09:00:00,DeepSeek,119,83318,59933,23385,0.1,95.7983,4.2017,0.8403,2.521,6097.0,8123.1,8943.38,7901.5,182.1,10,28,35,0.8403,3.3613,18.4874,0.0,3650,700.1513,0.3902,0.0008,0.0009,15.6083
2026-05-19 09:00:00,MiniMax,2,2173,1616,557,0.0052,100.0,0.0,0.0,0.0,1831.0,1964.2,1976.04,548.35,78.05,2,2,2,0.0,0.0,50.0,0.0,142,1086.5,0.3447,0.0026,0.0026,25.4937
2026-05-19 09:00:00,Qwen,5,3476,2927,549,0.0056,80.0,20.0,0.0,0.0,1005.0,1212.8,1227.36,672.4,172.6,4,4,5,20.0,0.0,0.0,0.0,0,695.2,0.1876,0.0011,0.0014,0.0
2026-05-19 10:00:00,DeepSeek,120,89918,66036,23882,0.1079,94.1667,5.8333,0.8333,3.3333,6079.0,7763.85,8976.68,7679.3,181.35,10,28,32,1.6667,6.6667,20.0,0.8333,3797,749.3167,0.3617,0.0009,0.001,15.899
2026-05-19 10:00:00,MiniMax,6,5408,4140,1268,0.013,100.0,0.0,0.0,0.0,1594.0,1957.0,1964.2,639.25,95.5,5,6,6,0.0,16.6667,33.3333,0.0,252,901.3333,0.3063,0.0022,0.0022,19.8738
2026-05-19 10:00:00,Qwen,4,3122,2245,877,0.005,100.0,0.0,0.0,0.0,1021.0,1636.0,1715.2,531.25,118.65,4,4,4,0.0,0.0,25.0,0.0,0,780.5,0.3906,0.0012,0.0012,0.0
2026-05-19 11:00:00,DeepSeek,123,87693,62732,24961,0.1052,94.3089,5.6911,0.813,3.252,6112.0,8055.3,8783.0,7398.7,153.9,10,28,38,0.813,7.3171,9.7561,0.0,3986,712.9512,0.3979,0.0009,0.0009,15.9689
2026-05-19 11:00:00,MiniMax,6,3760,2455,1305,0.009,100.0,0.0,0.0,0.0,1401.5,2589.5,2747.5,642.25,116.5,4,5,6,16.6667,0.0,50.0,0.0,297,626.6667,0.5316,0.0015,0.0015,22.7586
2026-05-19 11:00:00,Qwen,4,3116,2242,874,0.005,100.0,0.0,0.0,0.0,1472.5,1594.25,1609.25,462.8,75.45,3,4,4,0.0,0.0,0.0,0.0,0,779.0,0.3898,0.0012,0.0012,0.0
2026-05-19 12:00:00,DeepSeek,136,92394,62600,29794,0.1109,96.3235,3.6765,0.7353,1.4706,6050.5,7936.5,9276.7,7006.0,158.5,10,28,35,1.4706,4.4118,19.1176,0.0,4593,679.3676,0.4759,0.0008,0.0008,15.4159
2026-05-19 12:00:00,MiniMax,5,5252,4286,966,0.0126,100.0,0.0,0.0,0.0,1361.0,2737.6,2920.32,725.8,150.8,4,5,5,0.0,0.0,20.0,0.0,70,1050.4,0.2254,0.0025,0.0025,7.2464
2026-05-19 12:00:00,Qwen,5,3578,1762,1816,0.0057,100.0,0.0,0.0,0.0,1608.0,3365.4,3590.68,993.6,91.4,4,4,5,0.0,0.0,40.0,0.0,0,715.6,1.0306,0.0011,0.0011,0.0
2026-05-19 13:00:00,DeepSeek,139,87857,61047,26810,0.1054,96.4029,3.5971,1.4388,2.1583,6035.0,8010.7,9456.82,7868.2,149.1,10,30,39,2.1583,0.7194,15.8273,0.0,4208,632.0647,0.4392,0.0008,0.0008,15.6956
2026-05-19 13:00:00,MiniMax,8,4770,3497,1273,0.0114,100.0,0.0,0.0,0.0,1240.0,1706.95,1718.99,627.15,123.45,6,7,8,0.0,12.5,12.5,0.0,212,596.25,0.364,0.0014,0.0014,16.6536
2026-05-19 13:00:00,Qwen,5,5314,3633,1681,0.0085,60.0,40.0,20.0,20.0,2130.0,2629.8,2670.76,488.2,137.2,5,5,5,0.0,0.0,40.0,0.0,0,1062.8,0.4627,0.0017,0.0028,0.0
2026-05-19 14:00:00,DeepSeek,128,84720,59639,25081,0.1017,94.5312,5.4688,0.7812,3.9062,6050.0,7518.25,9228.73,7291.2,153.75,10,29,32,0.0,1.5625,16.4062,0.0,3898,661.875,0.4205,0.0008,0.0008,15.5416
2026-05-19 14:00:00,MiniMax,8,4444,3208,1236,0.0107,100.0,0.0,0.0,0.0,1432.5,1679.15,1693.43,652.85,104.65,5,7,7,0.0,0.0,0.0,0.0,232,555.5,0.3853,0.0013,0.0013,18.7702
2026-05-19 14:00:00,Qwen,3,1358,1027,331,0.0022,100.0,0.0,0.0,0.0,1319.0,1869.8,1918.76,1082.0,53.0,3,3,3,0.0,0.0,66.6667,0.0,0,452.6667,0.3223,0.0007,0.0007,0.0
2026-05-19 15:00:00,DeepSeek,137,89491,62084,27407,0.1074,97.0803,2.9197,0.7299,0.7299,6148.0,7958.2,9359.28,7855.8,166.4,10,30,37,1.4599,2.9197,18.9781,0.0,4480,653.219,0.4415,0.0008,0.0008,16.3462
2026-05-19 15:00:00,MiniMax,10,5985,4115,1870,0.0144,100.0,0.0,0.0,0.0,1588.0,2036.1,2116.02,771.8,180.95,5,9,7,0.0,0.0,30.0,0.0,336,598.5,0.4544,0.0014,0.0014,17.9679
2026-05-19 15:00:00,Qwen,2,920,675,245,0.0015,100.0,0.0,0.0,0.0,856.0,1033.3,1049.06,487.3,60.3,2,2,2,0.0,0.0,0.0,0.0,0,460.0,0.363,0.0007,0.0007,0.0
2026-05-19 16:00:00,DeepSeek,132,93168,62931,30237,0.1118,78.7879,21.2121,0.0,20.4545,24826.0,30396.8,35065.88,29094.2,908.1,10,30,36,2.2727,0.7576,18.1818,0.0,4967,705.8182,0.4805,0.0008,0.0011,16.4269
2026-05-19 16:00:00,MiniMax,6,2966,2026,940,0.0071,66.6667,33.3333,0.0,16.6667,1334.5,1729.25,1757.85,676.75,113.5,4,6,5,0.0,0.0,33.3333,0.0,147,494.3333,0.464,0.0012,0.0018,15.6383
2026-05-19 16:00:00,Qwen,3,1234,773,461,0.002,100.0,0.0,0.0,0.0,1244.0,1497.8,1520.36,522.5,46.3,3,3,3,0.0,0.0,0.0,0.0,0,411.3333,0.5964,0.0007,0.0007,0.0
2026-05-19 17:00:00,DeepSeek,133,89427,61880,27547,0.1073,76.6917,23.3083,2.2556,20.3008,23876.0,36452.0,38477.76,36332.0,1003.2,10,29,41,0.7519,3.0075,15.7895,0.0,4432,672.3835,0.4452,0.0008,0.0011,16.0889
2026-05-19 17:00:00,MiniMax,5,3462,2494,968,0.0083,100.0,0.0,0.0,0.0,1593.0,2170.8,2263.76,502.8,113.2,2,4,3,0.0,0.0,20.0,0.0,153,692.4,0.3881,0.0017,0.0017,15.8058
2026-05-19 17:00:00,Qwen,3,2883,2388,495,0.0046,100.0,0.0,0.0,0.0,1500.0,1574.7,1581.34,1130.4,167.6,3,3,3,0.0,0.0,66.6667,0.0,0,961.0,0.2073,0.0015,0.0015,0.0
2026-05-19 18:00:00,DeepSeek,78,51690,34944,16746,0.062,96.1538,3.8462,1.2821,1.2821,6166.0,7579.4,8811.92,7135.2,163.2,10,25,30,2.5641,3.8462,19.2308,0.0,2976,662.6923,0.4792,0.0008,0.0008,17.7714
2026-05-19 18:00:00,MiniMax,4,2366,1671,695,0.0057,100.0,0.0,0.0,0.0,1698.0,2901.15,3033.03,860.5,89.0,4,4,4,0.0,0.0,0.0,0.0,159,591.5,0.4159,0.0014,0.0014,22.8777
2026-05-19 18:00:00,Qwen,3,1528,1175,353,0.0024,100.0,0.0,0.0,0.0,1116.0,1309.5,1326.7,675.9,64.7,2,3,2,0.0,0.0,33.3333,0.0,0,509.3333,0.3004,0.0008,0.0008,0.0
2026-05-19 19:00:00,DeepSeek,81,57191,38554,18637,0.0686,93.8272,6.1728,1.2346,2.4691,6074.0,7773.0,8960.4,7637.0,148.0,9,22,30,3.7037,8.642,13.5802,1.2346,2990,706.0617,0.4834,0.0008,0.0009,16.0434
2026-05-19 19:00:00,MiniMax,4,2203,1201,1002,0.0053,75.0,25.0,0.0,0.0,1892.5,1995.55,1998.31,590.0,183.65,4,4,4,0.0,0.0,25.0,0.0,168,550.75,0.8343,0.0013,0.0018,16.7665
2026-05-19 20:00:00,DeepSeek,75,54004,37179,16825,0.0648,97.3333,2.6667,0.0,1.3333,6199.0,8771.0,9144.92,8741.0,195.9,10,24,30,4.0,2.6667,16.0,0.0,2833,720.0533,0.4525,0.0009,0.0009,16.838
2026-05-19 20:00:00,MiniMax,6,4187,3246,941,0.01,100.0,0.0,0.0,0.0,1169.0,1905.5,2019.5,637.0,192.25,5,5,6,0.0,0.0,0.0,0.0,122,697.8333,0.2899,0.0017,0.0017,12.9649
2026-05-19 20:00:00,Qwen,1,412,212,200,0.0007,100.0,0.0,0.0,0.0,1470.0,1470.0,1470.0,333.0,14.0,1,1,1,0.0,0.0,0.0,0.0,0,412.0,0.9434,0.0007,0.0007,0.0
2026-05-19 21:00:00,DeepSeek,75,48033,33023,15010,0.0576,94.6667,5.3333,1.3333,4.0,5954.0,8498.5,9079.38,8359.0,152.9,10,24,32,1.3333,2.6667,20.0,0.0,2279,640.44,0.4545,0.0008,0.0008,15.1832
2026-05-19 21:00:00,MiniMax,2,1254,867,387,0.003,100.0,0.0,0.0,0.0,1589.5,1814.05,1834.01,662.8,41.45,2,2,2,0.0,0.0,0.0,0.0,45,627.0,0.4464,0.0015,0.0015,11.6279
2026-05-19 22:00:00,DeepSeek,35,28604,18818,9786,0.0343,91.4286,8.5714,0.0,5.7143,6129.0,8538.4,10356.02,7240.6,143.4,10,18,25,2.8571,8.5714,20.0,0.0,1796,817.2571,0.52,0.001,0.0011,18.3527
2026-05-19 22:00:00,MiniMax,3,2031,1563,468,0.0049,100.0,0.0,0.0,0.0,1264.0,2155.0,2234.2,672.9,62.8,2,3,3,0.0,0.0,0.0,0.0,104,677.0,0.2994,0.0016,0.0016,22.2222
2026-05-19 23:00:00,DeepSeek,31,18245,12783,5462,0.0219,93.5484,6.4516,0.0,6.4516,6029.0,8796.0,9544.0,8642.5,133.0,8,19,21,3.2258,6.4516,16.129,0.0,910,588.5484,0.4273,0.0007,0.0008,16.6606
2026-05-19 23:00:00,MiniMax,2,886,584,302,0.0021,100.0,0.0,0.0,0.0,1624.5,2056.05,2094.41,800.95,127.95,2,2,2,0.0,0.0,0.0,0.0,37,443.0,0.5171,0.0011,0.0011,12.2517
2026-05-19 23:00:00,Qwen,1,1858,1444,414,0.003,100.0,0.0,0.0,0.0,1986.0,1986.0,1986.0,547.0,56.0,1,1,1,0.0,0.0,0.0,0.0,0,1858.0,0.2867,0.003,0.003,0.0
2026-05-20 00:00:00,DeepSeek,33,23105,16095,7010,0.0277,93.9394,6.0606,0.0,6.0606,5939.0,9311.8,9440.84,9281.8,126.4,10,19,21,0.0,3.0303,21.2121,0.0,1166,700.1515,0.4355,0.0008,0.0009,16.6334
2026-05-20 01:00:00,DeepSeek,31,19349,13631,5718,0.0232,100.0,0.0,0.0,0.0,5881.0,8496.5,9327.4,7863.0,127.0,9,17,20,0.0,3.2258,22.5806,0.0,994,624.1613,0.4195,0.0007,0.0007,17.3837
2026-05-20 02:00:00,DeepSeek,31,23152,16837,6315,0.0278,96.7742,3.2258,3.2258,0.0,5939.0,7739.5,9341.7,7317.5,165.5,9,17,22,6.4516,3.2258,6.4516,0.0,1027,746.8387,0.3751,0.0009,0.0009,16.2629
2026-05-20 02:00:00,Qwen,1,495,334,161,0.0008,100.0,0.0,0.0,0.0,972.0,972.0,972.0,484.0,82.0,1,1,1,0.0,0.0,0.0,0.0,0,495.0,0.482,0.0008,0.0008,0.0
2026-05-20 03:00:00,DeepSeek,20,17165,12073,5092,0.0206,85.0,15.0,5.0,5.0,6293.5,8266.7,8581.34,7035.15,177.4,8,14,12,5.0,15.0,25.0,0.0,782,858.25,0.4218,0.001,0.0012,15.3574
2026-05-20 03:00:00,Qwen,2,797,616,181,0.0013,100.0,0.0,0.0,0.0,1068.0,1140.0,1146.4,640.65,175.65,2,2,2,0.0,0.0,0.0,0.0,0,398.5,0.2938,0.0006,0.0006,0.0
2026-05-20 04:00:00,DeepSeek,21,13676,8962,4714,0.0164,95.2381,4.7619,4.7619,0.0,6428.0,7466.0,7846.8,7149.0,227.0,8,12,13,0.0,4.7619,23.8095,0.0,825,651.2381,0.526,0.0008,0.0008,17.5011
2026-05-20 04:00:00,MiniMax,3,1973,1202,771,0.0047,100.0,0.0,0.0,0.0,2091.0,2529.3,2568.26,744.6,117.6,3,3,3,0.0,0.0,33.3333,0.0,131,657.6667,0.6414,0.0016,0.0016,16.9909
2026-05-20 04:00:00,Qwen,1,416,338,78,0.0007,100.0,0.0,0.0,0.0,999.0,999.0,999.0,535.0,65.0,1,1,1,0.0,0.0,100.0,0.0,0,416.0,0.2308,0.0007,0.0007,0.0
2026-05-20 05:00:00,DeepSeek,21,11355,7803,3552,0.0136,100.0,0.0,0.0,0.0,5879.0,9063.0,9084.6,9033.0,136.0,8,16,14,4.7619,0.0,0.0,0.0,622,540.7143,0.4552,0.0006,0.0006,17.5113
2026-05-20 05:00:00,MiniMax,2,788,220,568,0.0019,100.0,0.0,0.0,0.0,2627.5,2916.85,2942.57,769.7,138.0,2,2,2,0.0,0.0,0.0,0.0,85,394.0,2.5818,0.0009,0.0009,14.9648
2026-05-20 05:00:00,Qwen,1,490,382,108,0.0008,0.0,100.0,0.0,100.0,1136.0,1136.0,1136.0,378.0,96.0,1,1,1,0.0,0.0,0.0,0.0,0,490.0,0.2827,0.0008,,0.0
2026-05-20 06:00:00,DeepSeek,70,49838,36428,13410,0.0598,94.2857,5.7143,2.8571,2.8571,6040.0,9218.1,10060.08,9093.15,144.65,10,27,30,1.4286,7.1429,22.8571,0.0,2382,711.9714,0.3681,0.0009,0.0009,17.7629
2026-05-20 06:00:00,MiniMax,6,4600,3646,954,0.011,100.0,0.0,0.0,0.0,2133.0,2876.25,2980.05,839.25,85.75,5,6,6,0.0,0.0,16.6667,0.0,127,766.6667,0.2617,0.0018,0.0018,13.3124
2026-05-20 06:00:00,Qwen,1,1473,1328,145,0.0024,100.0,0.0,0.0,0.0,1184.0,1184.0,1184.0,411.0,41.0,1,1,1,100.0,0.0,0.0,0.0,0,1473.0,0.1092,0.0024,0.0024,0.0
2026-05-20 07:00:00,DeepSeek,75,48380,34818,13562,0.0581,98.6667,1.3333,0.0,0.0,6109.0,7601.7,9095.14,7393.5,172.3,10,27,30,2.6667,2.6667,24.0,0.0,2250,645.0667,0.3895,0.0008,0.0008,16.5905
2026-05-20 07:00:00,MiniMax,4,2167,1466,701,0.0052,100.0,0.0,0.0,0.0,1899.0,2362.4,2420.48,810.95,25.1,4,4,4,0.0,25.0,0.0,0.0,97,541.75,0.4782,0.0013,0.0013,13.8374
2026-05-20 08:00:00,DeepSeek,76,54310,38040,16270,0.0652,93.4211,6.5789,1.3158,2.6316,6061.5,8321.75,9827.25,8247.0,128.0,10,28,36,2.6316,7.8947,11.8421,0.0,2538,714.6053,0.4277,0.0009,0.0009,15.5993
2026-05-20 08:00:00,MiniMax,4,2000,1533,467,0.0048,100.0,0.0,0.0,0.0,2020.0,2237.3,2249.06,855.65,165.8,4,4,4,0.0,0.0,25.0,0.0,72,500.0,0.3046,0.0012,0.0012,15.4176
2026-05-20 08:00:00,Qwen,1,410,366,44,0.0007,100.0,0.0,0.0,0.0,734.0,734.0,734.0,590.0,69.0,1,1,1,0.0,0.0,100.0,0.0,0,410.0,0.1202,0.0007,0.0007,0.0
2026-05-20 09:00:00,DeepSeek,130,91967,64710,27257,0.1104,96.1538,3.8462,0.7692,0.7692,6199.0,8711.35,9400.56,8596.95,176.75,10,30,39,0.0,2.3077,16.9231,0.0,4302,707.4385,0.4212,0.0008,0.0009,15.7831
2026-05-20 09:00:00,MiniMax,4,2206,1424,782,0.0053,100.0,0.0,0.0,0.0,2376.0,2684.5,2719.3,775.3,72.4,3,4,4,0.0,0.0,25.0,0.0,97,551.5,0.5492,0.0013,0.0013,12.4041
2026-05-20 10:00:00,DeepSeek,117,85701,60665,25036,0.1028,98.2906,1.7094,0.0,1.7094,6095.0,7817.6,8908.44,7519.0,167.2,10,26,35,1.7094,8.547,21.3675,0.0,4105,732.4872,0.4127,0.0009,0.0009,16.3964
2026-05-20 10:00:00,MiniMax,9,7947,5796,2151,0.0191,100.0,0.0,0.0,0.0,2377.0,3518.8,3830.16,1136.4,168.4,5,9,8,0.0,0.0,11.1111,0.0,318,883.0,0.3711,0.0021,0.0021,14.7838
2026-05-20 10:00:00,Qwen,1,872,735,137,0.0014,100.0,0.0,0.0,0.0,946.0,946.0,946.0,380.0,39.0,1,1,1,0.0,0.0,100.0,0.0,0,872.0,0.1864,0.0014,0.0014,0.0
2026-05-20 11:00:00,DeepSeek,113,73358,52562,20796,0.088,96.4602,3.5398,0.885,2.6549,6035.0,8647.0,9019.92,8617.0,145.0,10,27,39,1.7699,4.4248,22.1239,0.885,3464,649.1858,0.3956,0.0008,0.0008,16.657
2026-05-20 11:00:00,MiniMax,8,5805,3092,2713,0.0139,100.0,0.0,0.0,0.0,2236.0,6679.35,8174.27,843.35,183.45,5,6,7,0.0,0.0,25.0,0.0,389,725.625,0.8774,0.0017,0.0017,14.3384
2026-05-20 11:00:00,Qwen,6,5812,4412,1400,0.0093,100.0,0.0,0.0,0.0,1339.0,2376.75,2457.75,707.0,145.0,4,5,5,0.0,0.0,16.6667,0.0,0,968.6667,0.3173,0.0015,0.0015,0.0
2026-05-20 12:00:00,DeepSeek,130,90832,65165,25667,0.109,93.8462,6.1538,2.3077,3.0769,6121.0,8542.35,9215.59,8416.1,141.35,10,29,39,1.5385,6.1538,11.5385,0.0,4166,698.7077,0.3939,0.0008,0.0009,16.231
2026-05-20 12:00:00,MiniMax,9,6537,4585,1952,0.0157,100.0,0.0,0.0,0.0,2024.0,3664.6,3839.32,867.8,139.8,6,8,8,0.0,0.0,11.1111,0.0,295,726.3333,0.4257,0.0017,0.0017,15.1127
2026-05-20 12:00:00,Qwen,3,2479,1410,1069,0.004,100.0,0.0,0.0,0.0,2318.0,2449.4,2461.08,727.9,149.0,3,3,3,0.0,33.3333,100.0,0.0,0,826.3333,0.7582,0.0013,0.0013,0.0
2026-05-20 13:00:00,DeepSeek,104,71843,49214,22629,0.0862,95.1923,4.8077,1.9231,0.9615,6141.0,8634.55,8988.69,8354.7,149.35,10,29,36,0.9615,4.8077,17.3077,0.0,4012,690.7981,0.4598,0.0008,0.0009,17.7295
2026-05-20 13:00:00,MiniMax,2,1092,948,144,0.0026,100.0,0.0,0.0,0.0,1316.0,1468.1,1481.62,665.25,63.65,2,2,2,0.0,0.0,0.0,0.0,24,546.0,0.1519,0.0013,0.0013,16.6667
2026-05-20 13:00:00,Qwen,5,2974,2146,828,0.0048,100.0,0.0,0.0,0.0,1059.0,2178.6,2195.72,1282.6,200.2,4,4,4,0.0,0.0,20.0,0.0,0,594.8,0.3858,0.001,0.001,0.0
2026-05-20 14:00:00,DeepSeek,118,74094,50816,23278,0.0889,95.7627,4.2373,0.8475,1.6949,6009.5,7710.0,8990.32,7309.35,156.6,10,27,33,0.0,4.2373,21.1864,0.0,4123,627.9153,0.4581,0.0008,0.0008,17.712
2026-05-20 14:00:00,MiniMax,5,3122,1888,1234,0.0075,100.0,0.0,0.0,0.0,2692.0,3134.0,3170.8,861.0,47.4,4,5,5,0.0,0.0,0.0,20.0,190,624.4,0.6536,0.0015,0.0015,15.3971
2026-05-20 14:00:00,Qwen,2,1351,1058,293,0.0022,50.0,50.0,0.0,0.0,1165.5,1298.25,1310.05,568.6,105.15,2,2,2,0.0,0.0,100.0,0.0,0,675.5,0.2769,0.0011,0.0022,0.0
2026-05-20 15:00:00,DeepSeek,123,80984,54438,26546,0.0972,99.187,0.813,0.813,0.0,6098.0,8086.0,10029.82,7976.7,176.4,10,29,39,2.439,4.878,15.4472,0.0,4357,658.4065,0.4876,0.0008,0.0008,16.413
2026-05-20 15:00:00,MiniMax,6,3685,2554,1131,0.0088,100.0,0.0,0.0,0.0,2101.0,3396.5,3408.9,898.0,115.25,4,5,5,0.0,16.6667,0.0,0.0,175,614.1667,0.4428,0.0015,0.0015,15.473
2026-05-20 15:00:00,Qwen,4,4596,3330,1266,0.0074,75.0,25.0,25.0,0.0,1612.5,2445.35,2540.27,553.7,111.1,3,4,4,0.0,0.0,0.0,0.0,0,1149.0,0.3802,0.0018,0.0025,0.0
2026-05-20 16:00:00,DeepSeek,129,91804,64786,27018,0.1102,96.124,3.876,0.7752,3.1008,6123.0,8575.6,8951.96,8308.4,161.2,10,30,35,1.5504,3.876,16.2791,0.0,4339,711.6589,0.417,0.0009,0.0009,16.0597
2026-05-20 16:00:00,MiniMax,6,4500,3364,1136,0.0108,100.0,0.0,0.0,0.0,1665.0,3859.25,4222.25,935.25,115.0,4,5,5,16.6667,0.0,0.0,0.0,151,750.0,0.3377,0.0018,0.0018,13.2923
2026-05-20 16:00:00,Qwen,4,2882,1932,950,0.0046,100.0,0.0,0.0,0.0,1376.0,1614.7,1646.14,508.25,50.4,4,4,4,0.0,0.0,25.0,0.0,0,720.5,0.4917,0.0012,0.0012,0.0
2026-05-20 17:00:00,DeepSeek,113,78904,55295,23609,0.0947,98.2301,1.7699,0.0,0.885,6057.0,7367.6,8074.36,6830.0,155.2,10,30,38,1.7699,3.5398,15.9292,0.0,3942,698.2655,0.427,0.0008,0.0009,16.697
2026-05-20 17:00:00,MiniMax,6,4530,2692,1838,0.0109,83.3333,16.6667,16.6667,0.0,1844.5,4698.0,5326.8,890.5,64.75,6,6,6,0.0,0.0,16.6667,0.0,389,755.0,0.6828,0.0018,0.0022,21.1643
2026-05-20 17:00:00,Qwen,3,1680,1389,291,0.0027,100.0,0.0,0.0,0.0,1107.0,1282.5,1298.1,548.2,177.7,3,3,3,0.0,0.0,0.0,0.0,0,560.0,0.2095,0.0009,0.0009,0.0
2026-05-20 18:00:00,DeepSeek,86,66962,49747,17215,0.0804,97.6744,2.3256,0.0,1.1628,6164.5,8778.5,9516.05,8469.75,185.0,10,27,36,2.3256,8.1395,20.9302,0.0,2782,778.6279,0.3461,0.0009,0.001,16.1603
2026-05-20 18:00:00,MiniMax,7,6784,5341,1443,0.0163,100.0,0.0,0.0,0.0,1923.0,3491.1,3815.82,977.1,96.7,4,6,5,0.0,0.0,28.5714,0.0,237,969.1429,0.2702,0.0023,0.0023,16.4241
2026-05-20 18:00:00,Qwen,4,3908,3365,543,0.0063,100.0,0.0,0.0,0.0,1019.0,1521.8,1563.56,458.75,116.85,4,4,4,0.0,0.0,50.0,0.0,0,977.0,0.1614,0.0016,0.0016,0.0
2026-05-20 19:00:00,DeepSeek,82,58229,40009,18220,0.0699,100.0,0.0,0.0,0.0,6131.5,8141.8,9197.11,7564.65,154.85,9,25,28,0.0,4.878,12.1951,0.0,2999,710.1098,0.4554,0.0009,0.0009,16.4599
2026-05-20 19:00:00,MiniMax,3,2214,1421,793,0.0053,100.0,0.0,0.0,0.0,2036.0,5272.4,5560.08,1140.9,89.0,3,3,3,0.0,0.0,66.6667,0.0,158,738.0,0.5581,0.0018,0.0018,19.9243
2026-05-20 19:00:00,Qwen,4,2182,1810,372,0.0035,50.0,50.0,0.0,25.0,952.0,1227.45,1255.89,386.9,61.55,4,4,4,0.0,25.0,25.0,25.0,0,545.5,0.2055,0.0009,0.0017,0.0
2026-05-20 20:00:00,DeepSeek,83,53014,37629,15385,0.0636,95.1807,4.8193,2.4096,2.4096,5952.0,8070.2,8825.02,7998.8,163.3,10,25,34,0.0,6.0241,16.8675,1.2048,2531,638.7229,0.4089,0.0008,0.0008,16.4511
2026-05-20 20:00:00,MiniMax,2,1198,893,305,0.0029,100.0,0.0,0.0,0.0,1855.0,1985.5,1997.1,693.4,50.6,2,2,2,0.0,0.0,0.0,0.0,50,599.0,0.3415,0.0014,0.0014,16.3934
2026-05-20 20:00:00,Qwen,2,4070,3616,454,0.0065,100.0,0.0,0.0,0.0,1791.0,1829.7,1833.14,724.15,174.0,2,2,2,0.0,0.0,50.0,0.0,0,2035.0,0.1256,0.0033,0.0033,0.0
2026-05-20 21:00:00,DeepSeek,69,44910,32663,12247,0.0539,95.6522,4.3478,0.0,1.4493,6100.0,7247.4,8468.12,7146.2,172.4,10,27,33,1.4493,1.4493,14.4928,0.0,1891,650.8696,0.375,0.0008,0.0008,15.4405
2026-05-20 21:00:00,MiniMax,6,4361,3202,1159,0.0105,100.0,0.0,0.0,0.0,1903.5,3435.5,3717.5,851.0,129.5,3,5,6,0.0,0.0,33.3333,0.0,228,726.8333,0.362,0.0017,0.0017,19.6721
2026-05-20 21:00:00,Qwen,2,1004,780,224,0.0016,100.0,0.0,0.0,0.0,1134.5,1212.35,1219.27,511.05,63.25,2,2,2,0.0,0.0,0.0,0.0,0,502.0,0.2872,0.0008,0.0008,0.0
2026-05-20 22:00:00,DeepSeek,29,22469,16066,6403,0.027,96.5517,3.4483,3.4483,0.0,6162.0,8272.8,9197.28,8069.4,180.8,8,17,19,3.4483,0.0,24.1379,0.0,1058,774.7931,0.3985,0.0009,0.001,16.5235
2026-05-20 22:00:00,Qwen,1,1001,790,211,0.0016,100.0,0.0,0.0,0.0,1321.0,1321.0,1321.0,597.0,122.0,1,1,1,0.0,0.0,100.0,0.0,0,1001.0,0.2671,0.0016,0.0016,0.0
2026-05-20 23:00:00,DeepSeek,32,22495,16499,5996,0.027,93.75,6.25,0.0,3.125,5981.5,8582.35,9000.98,8552.35,156.95,8,19,17,0.0,6.25,12.5,0.0,1007,702.9688,0.3634,0.0008,0.0009,16.7945
2026-05-20 23:00:00,MiniMax,3,2253,1563,690,0.0054,100.0,0.0,0.0,0.0,1744.0,2267.8,2314.36,610.4,48.6,3,3,3,0.0,0.0,0.0,33.3333,107,751.0,0.4415,0.0018,0.0018,15.5072
2026-05-20 23:00:00,Qwen,1,650,496,154,0.001,100.0,0.0,0.0,0.0,1187.0,1187.0,1187.0,558.0,81.0,1,1,1,0.0,0.0,100.0,0.0,0,650.0,0.3105,0.001,0.001,0.0
2026-05-21 00:00:00,DeepSeek,33,20343,14230,6113,0.0244,93.9394,6.0606,0.0,3.0303,6067.0,8892.4,10004.16,8862.4,190.2,10,22,22,3.0303,6.0606,30.303,0.0,923,616.4545,0.4296,0.0007,0.0008,15.099
2026-05-21 00:00:00,MiniMax,2,1376,991,385,0.0033,100.0,0.0,0.0,0.0,1472.0,1662.8,1679.76,621.8,97.6,2,2,2,0.0,0.0,0.0,0.0,36,688.0,0.3885,0.0017,0.0017,9.3506
2026-05-21 00:00:00,Qwen,1,558,446,112,0.0009,100.0,0.0,0.0,0.0,1101.0,1101.0,1101.0,496.0,35.0,1,1,1,0.0,0.0,100.0,0.0,0,558.0,0.2511,0.0009,0.0009,0.0
2026-05-21 01:00:00,DeepSeek,23,14693,10790,3903,0.0176,100.0,0.0,0.0,0.0,6148.0,7628.3,7805.34,7452.5,179.5,8,15,14,0.0,0.0,21.7391,0.0,713,638.8261,0.3617,0.0008,0.0008,18.268
2026-05-21 01:00:00,MiniMax,2,1746,1194,552,0.0042,100.0,0.0,0.0,0.0,1902.0,2058.6,2072.52,464.5,92.95,2,2,2,0.0,0.0,0.0,0.0,98,873.0,0.4623,0.0021,0.0021,17.7536
2026-05-21 02:00:00,DeepSeek,23,17831,12647,5184,0.0214,95.6522,4.3478,0.0,4.3478,6406.0,7652.1,8025.1,7025.2,178.3,9,15,15,0.0,4.3478,0.0,0.0,764,775.2609,0.4099,0.0009,0.001,14.7377
2026-05-21 02:00:00,Qwen,2,1567,881,686,0.0025,100.0,0.0,0.0,0.0,2347.5,3235.35,3314.27,680.2,159.8,2,2,2,0.0,0.0,0.0,0.0,0,783.5,0.7787,0.0013,0.0013,0.0
2026-05-21 03:00:00,DeepSeek,27,18822,13278,5544,0.0226,92.5926,7.4074,0.0,3.7037,6266.0,9212.0,9323.92,9182.0,160.4,6,13,16,0.0,7.4074,7.4074,0.0,863,697.1111,0.4175,0.0008,0.0009,15.5664
2026-05-21 03:00:00,MiniMax,3,2086,1104,982,0.005,100.0,0.0,0.0,0.0,1677.0,3072.0,3196.0,729.6,229.7,3,3,3,0.0,0.0,0.0,0.0,128,695.3333,0.8895,0.0017,0.0017,13.0346
2026-05-21 03:00:00,Qwen,1,779,519,260,0.0012,100.0,0.0,0.0,0.0,1816.0,1816.0,1816.0,409.0,81.0,1,1,1,0.0,0.0,0.0,0.0,0,779.0,0.501,0.0012,0.0012,0.0
2026-05-21 04:00:00,DeepSeek,30,18146,13173,4973,0.0218,100.0,0.0,0.0,0.0,5987.5,7313.7,7630.1,6682.3,133.5,8,15,16,6.6667,3.3333,20.0,0.0,752,604.8667,0.3775,0.0007,0.0007,15.1217
2026-05-21 04:00:00,MiniMax,1,405,119,286,0.001,100.0,0.0,0.0,0.0,1914.0,1914.0,1914.0,459.0,48.0,1,1,1,0.0,0.0,0.0,0.0,38,405.0,2.4034,0.001,0.001,13.2867
2026-05-21 04:00:00,Qwen,1,664,427,237,0.0011,100.0,0.0,0.0,0.0,1309.0,1309.0,1309.0,413.0,98.0,1,1,1,0.0,0.0,0.0,0.0,0,664.0,0.555,0.0011,0.0011,0.0
2026-05-21 05:00:00,DeepSeek,30,22235,16374,5861,0.0267,96.6667,3.3333,0.0,3.3333,6045.0,7475.0,7909.85,7214.85,133.65,9,17,20,6.6667,3.3333,20.0,0.0,1132,741.1667,0.3579,0.0009,0.0009,19.3141
2026-05-21 05:00:00,MiniMax,1,1025,818,207,0.0025,100.0,0.0,0.0,0.0,857.0,857.0,857.0,391.0,26.0,1,1,1,0.0,0.0,0.0,0.0,12,1025.0,0.2531,0.0025,0.0025,5.7971
2026-05-21 06:00:00,DeepSeek,68,44883,31552,13331,0.0539,100.0,0.0,0.0,0.0,6088.5,7974.75,9394.65,7788.65,156.15,10,25,27,1.4706,1.4706,19.1176,0.0,2168,660.0441,0.4225,0.0008,0.0008,16.2628
2026-05-21 06:00:00,MiniMax,3,1317,835,482,0.0032,100.0,0.0,0.0,0.0,1199.0,1543.7,1574.34,589.2,119.0,2,3,2,0.0,0.0,33.3333,0.0,61,439.0,0.5772,0.0011,0.0011,12.6556
2026-05-21 06:00:00,Qwen,3,1814,1333,481,0.0029,66.6667,33.3333,0.0,33.3333,1239.0,1240.8,1240.96,499.0,64.8,3,3,3,0.0,33.3333,33.3333,0.0,0,604.6667,0.3608,0.001,0.0015,0.0
2026-05-21 07:00:00,DeepSeek,75,52445,37498,14947,0.0629,96.0,4.0,0.0,0.0,6116.0,8484.0,9128.84,8330.8,179.0,10,26,32,2.6667,4.0,14.6667,0.0,2520,699.2667,0.3986,0.0008,0.0009,16.8596
2026-05-21 07:00:00,MiniMax,4,3653,2680,973,0.0088,100.0,0.0,0.0,0.0,1792.5,1860.05,1868.81,612.05,77.65,4,4,4,0.0,25.0,25.0,0.0,194,913.25,0.3631,0.0022,0.0022,19.9383
2026-05-21 07:00:00,Qwen,5,3950,2797,1153,0.0063,100.0,0.0,0.0,0.0,1618.0,2459.0,2591.0,588.4,121.8,4,5,4,0.0,0.0,40.0,0.0,0,790.0,0.4122,0.0013,0.0013,0.0
2026-05-21 08:00:00,DeepSeek,71,44900,30968,13932,0.0539,97.1831,2.8169,0.0,2.8169,5996.0,7190.5,8897.8,6877.0,142.0,10,25,30,1.4085,1.4085,11.2676,0.0,2116,632.3944,0.4499,0.0008,0.0008,15.1881
2026-05-21 08:00:00,MiniMax,2,1318,964,354,0.0032,100.0,0.0,0.0,0.0,1447.0,1526.2,1533.24,508.8,45.05,2,2,2,0.0,0.0,0.0,0.0,86,659.0,0.3672,0.0016,0.0016,24.2938
2026-05-21 08:00:00,Qwen,2,1611,1302,309,0.0026,100.0,0.0,0.0,0.0,1056.5,1174.85,1185.37,516.0,76.45,2,2,2,0.0,0.0,0.0,0.0,0,805.5,0.2373,0.0013,0.0013,0.0
2026-05-21 09:00:00,DeepSeek,129,79627,55894,23733,0.0956,96.8992,3.1008,0.7752,2.3256,6112.0,8889.6,9575.88,8859.6,170.2,10,25,36,2.3256,5.4264,20.9302,0.0,3943,617.2636,0.4246,0.0007,0.0008,16.614
2026-05-21 09:00:00,MiniMax,7,4796,3503,1293,0.0115,85.7143,14.2857,14.2857,0.0,1263.0,1994.4,2066.88,730.7,115.6,4,6,5,0.0,0.0,14.2857,0.0,235,685.1429,0.3691,0.0016,0.0019,18.1748
2026-05-21 09:00:00,Qwen,2,996,672,324,0.0016,100.0,0.0,0.0,0.0,1289.5,1302.55,1303.71,670.75,75.8,2,2,2,0.0,0.0,0.0,0.0,0,498.0,0.4821,0.0008,0.0008,0.0
2026-05-21 10:00:00,DeepSeek,124,85200,59734,25466,0.1022,96.7742,3.2258,0.8065,0.8065,6101.5,7646.3,9207.71,7341.9,147.4,10,29,38,1.6129,0.0,15.3226,0.8065,4205,687.0968,0.4263,0.0008,0.0009,16.5122
2026-05-21 10:00:00,MiniMax,7,3564,2300,1264,0.0086,85.7143,14.2857,0.0,0.0,1359.0,1813.6,1865.92,1064.5,139.9,5,7,6,0.0,14.2857,28.5714,0.0,259,509.1429,0.5496,0.0012,0.0014,20.4905
2026-05-21 10:00:00,Qwen,1,576,349,227,0.0009,100.0,0.0,0.0,0.0,1199.0,1199.0,1199.0,388.0,25.0,1,1,1,0.0,0.0,0.0,0.0,0,576.0,0.6504,0.0009,0.0009,0.0
2026-05-21 11:00:00,DeepSeek,122,83326,57970,25356,0.1,95.082,4.918,0.8197,0.8197,6075.5,8506.2,9437.17,7575.6,149.0,10,29,38,0.8197,6.5574,16.3934,0.0,4027,683.0,0.4374,0.0008,0.0009,15.8818
2026-05-21 11:00:00,MiniMax,4,2766,1773,993,0.0066,100.0,0.0,0.0,0.0,1419.0,2779.85,2926.37,527.2,101.0,4,4,4,25.0,0.0,50.0,0.0,215,691.5,0.5601,0.0017,0.0017,21.6516
2026-05-21 11:00:00,Qwen,3,1552,1153,399,0.0025,100.0,0.0,0.0,0.0,1223.0,1232.9,1233.78,656.4,140.6,3,3,3,0.0,0.0,33.3333,0.0,0,517.3333,0.3461,0.0008,0.0008,0.0
2026-05-21 12:00:00,DeepSeek,96,63029,42898,20131,0.0756,100.0,0.0,0.0,0.0,6240.5,8813.75,9391.35,8633.5,173.5,10,27,34,0.0,1.0417,21.875,0.0,3204,656.5521,0.4693,0.0008,0.0008,15.9158
2026-05-21 12:00:00,MiniMax,8,5988,4063,1925,0.0144,100.0,0.0,0.0,0.0,1300.0,2118.05,2201.21,668.6,120.45,5,7,7,0.0,0.0,25.0,0.0,410,748.5,0.4738,0.0018,0.0018,21.2987
2026-05-21 12:00:00,Qwen,4,3364,2413,951,0.0054,100.0,0.0,0.0,0.0,1488.5,1813.65,1831.53,618.65,118.4,2,4,3,0.0,0.0,0.0,0.0,0,841.0,0.3941,0.0013,0.0013,0.0
2026-05-21 13:00:00,DeepSeek,120,77393,53707,23686,0.0929,97.5,2.5,0.0,1.6667,6148.0,8400.1,9872.93,8005.15,150.0,10,28,38,0.8333,9.1667,17.5,0.0,4012,644.9417,0.441,0.0008,0.0008,16.9383
2026-05-21 13:00:00,MiniMax,3,1124,809,315,0.0027,66.6667,33.3333,0.0,0.0,1480.0,1496.2,1497.64,1109.4,129.3,3,3,3,0.0,0.0,33.3333,0.0,43,374.6667,0.3894,0.0009,0.0013,13.6508
2026-05-21 14:00:00,DeepSeek,129,88842,63580,25262,0.1066,98.4496,1.5504,0.0,0.0,6149.0,8261.2,9383.36,8114.0,145.6,10,28,37,2.3256,1.5504,19.3798,0.0,4338,688.6977,0.3973,0.0008,0.0008,17.172
2026-05-21 14:00:00,MiniMax,2,536,268,268,0.0013,100.0,0.0,0.0,0.0,1426.5,1582.65,1596.53,868.05,134.1,2,2,2,0.0,0.0,0.0,0.0,44,268.0,1.0,0.0006,0.0006,16.4179
2026-05-21 14:00:00,Qwen,2,2451,1918,533,0.0039,100.0,0.0,0.0,0.0,1469.5,1779.55,1807.11,547.3,88.3,2,2,2,0.0,0.0,50.0,0.0,0,1225.5,0.2779,0.002,0.002,0.0
2026-05-21 15:00:00,DeepSeek,125,85868,59677,26191,0.103,95.2,4.8,2.4,1.6,6087.0,8851.6,9638.92,8579.8,183.8,10,27,38,2.4,4.0,17.6,0.0,4074,686.944,0.4389,0.0008,0.0009,15.555
2026-05-21 15:00:00,MiniMax,6,4279,3473,806,0.0103,83.3333,16.6667,0.0,16.6667,1166.0,2248.0,2489.6,577.0,45.25,4,6,6,0.0,33.3333,16.6667,0.0,164,713.1667,0.2321,0.0017,0.0021,20.3474
2026-05-21 15:00:00,Qwen,4,2366,1786,580,0.0038,100.0,0.0,0.0,0.0,1514.0,1956.4,2012.08,700.65,119.95,4,4,4,0.0,0.0,25.0,25.0,0,591.5,0.3247,0.0009,0.0009,0.0
2026-05-21 16:00:00,DeepSeek,126,85997,59727,26270,0.1032,93.6508,6.3492,1.5873,2.381,6096.0,8453.5,9259.75,7815.25,170.5,10,30,40,3.9683,4.7619,16.6667,0.0,4223,682.5159,0.4398,0.0008,0.0009,16.0754
2026-05-21 16:00:00,MiniMax,5,3355,2602,753,0.0081,80.0,20.0,0.0,0.0,1343.0,1476.8,1491.36,723.4,134.4,5,5,5,0.0,40.0,20.0,0.0,118,671.0,0.2894,0.0016,0.002,15.6707
2026-05-21 16:00:00,Qwen,5,4009,2948,1061,0.0064,100.0,0.0,0.0,0.0,1448.0,2034.4,2133.28,720.6,166.4,4,4,5,0.0,20.0,0.0,0.0,0,801.8,0.3599,0.0013,0.0013,0.0
2026-05-21 17:00:00,DeepSeek,138,97166,70280,26886,0.1166,96.3768,3.6232,1.4493,0.7246,6071.0,7598.15,8804.61,7158.3,158.5,10,29,44,0.0,5.0725,11.5942,0.0,4546,704.1014,0.3826,0.0008,0.0009,16.9084
2026-05-21 17:00:00,MiniMax,4,2846,1393,1453,0.0068,75.0,25.0,0.0,25.0,2012.0,2573.25,2624.25,634.25,114.7,4,4,4,0.0,0.0,25.0,0.0,222,711.5,1.0431,0.0017,0.0023,15.2787
2026-05-21 17:00:00,Qwen,2,2065,1449,616,0.0033,100.0,0.0,0.0,0.0,1909.5,2017.95,2027.59,412.2,135.95,2,2,2,0.0,0.0,50.0,0.0,0,1032.5,0.4251,0.0017,0.0017,0.0
2026-05-21 18:00:00,DeepSeek,76,53985,39443,14542,0.0648,98.6842,1.3158,0.0,1.3158,6219.0,8835.0,9687.0,8584.5,143.5,10,29,31,0.0,0.0,15.7895,0.0,2394,710.3289,0.3687,0.0009,0.0009,16.4627
2026-05-21 18:00:00,MiniMax,3,1775,1020,755,0.0043,100.0,0.0,0.0,0.0,1664.0,2431.7,2499.94,708.9,135.7,3,3,3,0.0,0.0,0.0,0.0,152,591.6667,0.7402,0.0014,0.0014,20.1325
2026-05-21 18:00:00,Qwen,2,1159,766,393,0.0019,100.0,0.0,0.0,0.0,1414.5,1655.25,1676.65,479.0,89.8,1,1,2,0.0,0.0,50.0,0.0,0,579.5,0.5131,0.0009,0.0009,0.0
2026-05-21 19:00:00,DeepSeek,84,56673,39846,16827,0.068,97.619,2.381,1.1905,0.0,6175.0,7721.2,9001.11,7304.55,136.7,10,27,33,1.1905,2.381,22.619,0.0,2858,674.6786,0.4223,0.0008,0.0008,16.9846
2026-05-21 19:00:00,MiniMax,5,2891,2012,879,0.0069,100.0,0.0,0.0,0.0,1222.0,1543.6,1572.72,622.6,178.6,5,5,5,0.0,0.0,20.0,0.0,115,578.2,0.4369,0.0014,0.0014,13.083
2026-05-21 19:00:00,Qwen,3,1505,974,531,0.0024,100.0,0.0,0.0,0.0,1038.0,1395.3,1427.06,762.9,165.0,2,3,2,0.0,0.0,0.0,0.0,0,501.6667,0.5452,0.0008,0.0008,0.0
2026-05-21 20:00:00,DeepSeek,76,53666,38317,15349,0.0644,96.0526,3.9474,1.3158,1.3158,6052.5,7025.25,9036.0,6943.75,157.25,10,25,31,2.6316,2.6316,15.7895,0.0,2623,706.1316,0.4006,0.0008,0.0009,17.0891
2026-05-21 20:00:00,MiniMax,1,464,219,245,0.0011,100.0,0.0,0.0,0.0,2005.0,2005.0,2005.0,655.0,73.0,1,1,1,0.0,0.0,0.0,0.0,16,464.0,1.1187,0.0011,0.0011,6.5306
2026-05-21 20:00:00,Qwen,2,1162,787,375,0.0019,100.0,0.0,0.0,0.0,1275.0,1373.1,1381.82,660.2,77.65,2,2,2,0.0,0.0,0.0,0.0,0,581.0,0.4765,0.0009,0.0009,0.0
2026-05-21 21:00:00,DeepSeek,91,61143,42223,18920,0.0734,97.8022,2.1978,1.0989,1.0989,6124.0,8730.5,9822.1,8700.5,168.5,10,27,32,0.0,5.4945,10.989,0.0,2953,671.9011,0.4481,0.0008,0.0008,15.6078
2026-05-21 21:00:00,MiniMax,3,1750,691,1059,0.0042,66.6667,33.3333,0.0,0.0,1400.0,3306.2,3475.64,710.7,82.8,3,3,3,0.0,0.0,33.3333,0.0,109,583.3333,1.5326,0.0014,0.0021,10.2927
2026-05-21 21:00:00,Qwen,4,2498,1967,531,0.004,100.0,0.0,0.0,0.0,1242.5,1958.95,2055.79,1335.75,113.5,3,3,3,0.0,0.0,0.0,25.0,0,624.5,0.27,0.001,0.001,0.0
2026-05-21 22:00:00,DeepSeek,40,23725,17165,6560,0.0285,97.5,2.5,0.0,2.5,6003.0,8021.6,8388.11,7991.6,157.15,10,24,26,0.0,0.0,17.5,0.0,1093,593.125,0.3822,0.0007,0.0007,16.6616
2026-05-21 22:00:00,MiniMax,3,2034,1454,580,0.0049,100.0,0.0,0.0,0.0,1026.0,2543.4,2678.28,732.7,69.4,2,3,2,0.0,0.0,33.3333,0.0,136,678.0,0.3989,0.0016,0.0016,23.4483
2026-05-21 22:00:00,Qwen,1,683,529,154,0.0011,100.0,0.0,0.0,0.0,1044.0,1044.0,1044.0,392.0,36.0,1,1,1,0.0,0.0,0.0,0.0,0,683.0,0.2911,0.0011,0.0011,0.0
2026-05-21 23:00:00,DeepSeek,36,21068,14909,6159,0.0253,91.6667,8.3333,2.7778,2.7778,5806.5,6757.5,7076.5,6376.5,125.75,10,23,24,0.0,2.7778,5.5556,0.0,1095,585.2222,0.4131,0.0007,0.0008,17.7789
2026-05-21 23:00:00,MiniMax,1,524,316,208,0.0013,100.0,0.0,0.0,0.0,1672.0,1672.0,1672.0,686.0,48.0,1,1,1,0.0,0.0,0.0,0.0,27,524.0,0.6582,0.0013,0.0013,12.9808
2026-05-22 00:00:00,DeepSeek,23,17022,13026,3996,0.0204,86.9565,13.0435,8.6957,0.0,6108.0,8974.2,9624.34,8559.0,127.1,7,12,15,0.0,4.3478,8.6957,0.0,734,740.087,0.3068,0.0009,0.001,18.3684
2026-05-22 01:00:00,DeepSeek,15,14413,10867,3546,0.0173,100.0,0.0,0.0,0.0,6240.0,9473.7,10027.54,8520.6,129.9,9,11,12,0.0,0.0,13.3333,0.0,490,960.8667,0.3263,0.0012,0.0012,13.8184
2026-05-22 01:00:00,MiniMax,2,1847,1095,752,0.0044,100.0,0.0,0.0,0.0,3751.0,4538.5,4608.5,1011.0,103.7,2,2,2,0.0,0.0,50.0,0.0,184,923.5,0.6868,0.0022,0.0022,24.4681
2026-05-22 02:00:00,DeepSeek,12,8901,6464,2437,0.0107,100.0,0.0,0.0,0.0,6544.5,7897.55,8583.51,7707.5,161.0,8,11,12,0.0,0.0,25.0,0.0,368,741.75,0.377,0.0009,0.0009,15.1005
2026-05-22 02:00:00,MiniMax,1,301,252,49,0.0007,100.0,0.0,0.0,0.0,2360.0,2360.0,2360.0,896.0,130.0,1,1,1,0.0,0.0,0.0,0.0,6,301.0,0.1944,0.0007,0.0007,12.2449
2026-05-22 03:00:00,DeepSeek,18,10277,6429,3848,0.0123,88.8889,11.1111,5.5556,0.0,6140.0,6762.65,7069.33,6242.55,112.45,7,11,12,0.0,11.1111,16.6667,0.0,652,570.9444,0.5985,0.0007,0.0008,16.9439
2026-05-22 03:00:00,MiniMax,1,844,684,160,0.002,100.0,0.0,0.0,0.0,2392.0,2392.0,2392.0,870.0,63.0,1,1,1,0.0,0.0,100.0,0.0,40,844.0,0.2339,0.002,0.002,25.0
2026-05-22 03:00:00,Qwen,1,475,258,217,0.0008,100.0,0.0,0.0,0.0,1233.0,1233.0,1233.0,384.0,18.0,1,1,1,0.0,0.0,0.0,0.0,0,475.0,0.8411,0.0008,0.0008,0.0
2026-05-22 04:00:00,DeepSeek,9,4408,2761,1647,0.0053,100.0,0.0,0.0,0.0,6276.0,8455.6,9097.52,8187.8,166.8,5,7,7,0.0,0.0,11.1111,0.0,253,489.7778,0.5965,0.0006,0.0006,15.3613
2026-05-22 04:00:00,MiniMax,1,863,362,501,0.0021,100.0,0.0,0.0,0.0,3339.0,3339.0,3339.0,620.0,11.0,1,1,1,0.0,0.0,0.0,0.0,85,863.0,1.384,0.0021,0.0021,16.9661
2026-05-22 05:00:00,DeepSeek,14,9173,5685,3488,0.011,92.8571,7.1429,7.1429,0.0,6546.0,8557.9,9241.18,7578.25,260.4,7,11,12,0.0,7.1429,42.8571,0.0,580,655.2143,0.6135,0.0008,0.0008,16.6284
2026-05-22 05:00:00,MiniMax,1,512,435,77,0.0012,100.0,0.0,0.0,0.0,1602.0,1602.0,1602.0,770.0,36.0,1,1,1,0.0,0.0,0.0,0.0,4,512.0,0.177,0.0012,0.0012,5.1948
2026-05-22 06:00:00,DeepSeek,58,37682,25610,12072,0.0452,91.3793,8.6207,1.7241,3.4483,6105.5,7613.9,9033.67,7483.6,183.2,10,24,26,1.7241,1.7241,13.7931,0.0,2074,649.6897,0.4714,0.0008,0.0009,17.1803
2026-05-22 06:00:00,MiniMax,3,2418,2086,332,0.0058,100.0,0.0,0.0,0.0,2132.0,2465.9,2495.58,747.0,95.7,3,3,3,0.0,0.0,0.0,33.3333,63,806.0,0.1592,0.0019,0.0019,18.9759
2026-05-22 06:00:00,Qwen,1,516,296,220,0.0008,100.0,0.0,0.0,0.0,1592.0,1592.0,1592.0,571.0,32.0,1,1,1,0.0,0.0,0.0,0.0,0,516.0,0.7432,0.0008,0.0008,0.0
2026-05-22 07:00:00,DeepSeek,60,39173,26570,12603,0.047,95.0,5.0,1.6667,1.6667,6128.0,7476.05,8161.64,6738.75,169.3,10,24,26,1.6667,3.3333,13.3333,0.0,1996,652.8833,0.4743,0.0008,0.0008,15.8375
2026-05-22 07:00:00,MiniMax,1,606,356,250,0.0015,100.0,0.0,0.0,0.0,3306.0,3306.0,3306.0,1307.0,53.0,1,1,1,0.0,0.0,100.0,0.0,19,606.0,0.7022,0.0015,0.0015,7.6
2026-05-22 08:00:00,DeepSeek,62,39465,28919,10546,0.0474,93.5484,6.4516,0.0,4.8387,6121.0,7314.1,8896.47,7018.95,145.45,9,25,24,1.6129,6.4516,22.5806,0.0,1746,636.5323,0.3647,0.0008,0.0008,16.556
2026-05-22 08:00:00,MiniMax,7,3814,2576,1238,0.0092,100.0,0.0,0.0,0.0,2234.0,2845.2,2933.04,823.1,55.5,5,7,6,0.0,0.0,28.5714,0.0,202,544.8571,0.4806,0.0013,0.0013,16.3166
2026-05-22 08:00:00,Qwen,2,2364,1830,534,0.0038,50.0,50.0,0.0,0.0,1775.0,2612.9,2687.38,779.0,157.1,2,2,2,50.0,0.0,50.0,0.0,0,1182.0,0.2918,0.0019,0.0038,0.0
2026-05-22 09:00:00,DeepSeek,98,62039,42144,19895,0.0744,95.9184,4.0816,0.0,2.0408,6216.0,8671.6,9719.88,8524.6,157.75,10,29,35,1.0204,4.0816,13.2653,0.0,3319,633.051,0.4721,0.0008,0.0008,16.6826
2026-05-22 09:00:00,MiniMax,6,3864,2543,1321,0.0093,100.0,0.0,0.0,0.0,2391.5,5628.0,6227.2,917.25,70.5,4,6,5,0.0,0.0,50.0,0.0,240,644.0,0.5195,0.0015,0.0015,18.1681
2026-05-22 09:00:00,Qwen,1,532,446,86,0.0009,100.0,0.0,0.0,0.0,1210.0,1210.0,1210.0,335.0,22.0,1,1,1,0.0,0.0,0.0,0.0,0,532.0,0.1928,0.0009,0.0009,0.0
2026-05-22 10:00:00,DeepSeek,104,69340,47881,21459,0.0832,93.2692,6.7308,0.9615,2.8846,6176.5,7543.9,8786.4,7018.45,180.05,10,28,35,0.9615,2.8846,17.3077,0.9615,3861,666.7308,0.4482,0.0008,0.0009,17.9925
2026-05-22 10:00:00,MiniMax,3,2484,2108,376,0.006,100.0,0.0,0.0,0.0,1769.0,2936.3,3040.06,1032.5,74.3,2,3,3,0.0,0.0,0.0,0.0,75,828.0,0.1784,0.002,0.002,19.9468
2026-05-22 10:00:00,Qwen,4,2659,1994,665,0.0043,100.0,0.0,0.0,0.0,1372.0,1556.15,1568.03,500.0,151.75,3,4,4,0.0,0.0,0.0,0.0,0,664.75,0.3335,0.0011,0.0011,0.0
2026-05-22 11:00:00,DeepSeek,94,62285,42008,20277,0.0747,92.5532,7.4468,3.1915,2.1277,6159.0,8479.6,9078.24,7708.6,151.1,10,26,35,1.0638,6.383,17.0213,0.0,3205,662.6064,0.4827,0.0008,0.0009,15.8061
2026-05-22 11:00:00,MiniMax,2,1429,1095,334,0.0034,100.0,0.0,0.0,0.0,2474.0,2806.1,2835.62,924.7,55.9,1,2,1,0.0,0.0,0.0,0.0,57,714.5,0.305,0.0017,0.0017,17.0659
2026-05-22 11:00:00,Qwen,3,1434,1048,386,0.0023,100.0,0.0,0.0,0.0,1307.0,1383.5,1390.3,518.0,48.9,3,3,3,0.0,0.0,0.0,0.0,0,478.0,0.3683,0.0008,0.0008,0.0
2026-05-22 12:00:00,DeepSeek,95,68148,49802,18346,0.0818,95.7895,4.2105,3.1579,1.0526,6107.0,7966.7,9694.68,7699.4,171.3,10,30,34,1.0526,5.2632,24.2105,0.0,2857,717.3474,0.3684,0.0009,0.0009,15.5729
2026-05-22 12:00:00,MiniMax,6,4654,3039,1615,0.0112,83.3333,16.6667,0.0,0.0,2974.0,4015.75,4073.55,1078.75,213.75,5,6,6,0.0,0.0,16.6667,0.0,359,775.6667,0.5314,0.0019,0.0022,22.2291
2026-05-22 12:00:00,Qwen,2,1299,917,382,0.0021,50.0,50.0,0.0,50.0,1906.5,1971.75,1977.55,1299.5,37.75,2,2,2,0.0,50.0,0.0,0.0,0,649.5,0.4166,0.001,0.0021,0.0
2026-05-22 13:00:00,DeepSeek,99,62519,42533,19986,0.075,95.9596,4.0404,2.0202,1.0101,6143.0,7934.8,9340.88,7393.4,158.0,10,24,26,0.0,5.0505,14.1414,0.0,3001,631.5051,0.4699,0.0008,0.0008,15.0155
2026-05-22 13:00:00,MiniMax,3,2884,2500,384,0.0069,100.0,0.0,0.0,0.0,2119.0,2684.2,2734.44,882.4,144.6,2,2,2,0.0,0.0,66.6667,0.0,65,961.3333,0.1536,0.0023,0.0023,16.9271
2026-05-22 13:00:00,Qwen,3,2127,1575,552,0.0034,100.0,0.0,0.0,0.0,1575.0,1926.0,1957.2,493.6,128.5,3,3,3,0.0,0.0,66.6667,0.0,0,709.0,0.3505,0.0011,0.0011,0.0
2026-05-22 14:00:00,DeepSeek,97,61653,43939,17714,0.074,94.8454,5.1546,1.0309,2.0619,6100.0,8279.8,9286.16,7469.4,177.2,10,28,32,1.0309,5.1546,19.5876,0.0,2840,635.5979,0.4031,0.0008,0.0008,16.0325
2026-05-22 14:00:00,MiniMax,4,2239,1369,870,0.0054,100.0,0.0,0.0,0.0,3014.0,4381.7,4537.94,902.55,117.9,3,4,4,0.0,0.0,0.0,0.0,163,559.75,0.6355,0.0013,0.0013,18.7356
2026-05-22 14:00:00,Qwen,2,1168,803,365,0.0019,100.0,0.0,0.0,0.0,1228.5,1343.25,1353.45,524.05,70.45,2,2,2,0.0,0.0,0.0,0.0,0,584.0,0.4545,0.0009,0.0009,0.0
2026-05-22 15:00:00,DeepSeek,119,77138,52060,25078,0.0926,95.7983,4.2017,1.6807,1.6807,6216.0,8530.9,9464.84,7871.1,189.9,10,30,36,1.6807,4.2017,16.8067,0.0,4057,648.2185,0.4817,0.0008,0.0008,16.1775
2026-05-22 15:00:00,MiniMax,5,2140,1242,898,0.0051,100.0,0.0,0.0,0.0,2500.0,3241.0,3350.6,826.0,113.6,5,5,5,0.0,0.0,20.0,0.0,160,428.0,0.723,0.001,0.001,17.8174
2026-05-22 15:00:00,Qwen,2,797,508,289,0.0013,100.0,0.0,0.0,0.0,1059.5,1411.85,1443.17,587.8,134.55,2,2,2,0.0,0.0,0.0,0.0,0,398.5,0.5689,0.0006,0.0006,0.0
2026-05-22 16:00:00,DeepSeek,79,53203,36898,16305,0.0638,96.2025,3.7975,0.0,2.5316,6295.0,9454.7,10121.3,9377.6,150.3,10,28,33,0.0,0.0,12.6582,0.0,2857,673.4557,0.4419,0.0008,0.0008,17.5222
2026-05-22 16:00:00,MiniMax,3,1735,756,979,0.0042,100.0,0.0,0.0,0.0,3014.0,3513.5,3557.9,936.9,173.7,3,3,3,0.0,0.0,0.0,0.0,128,578.3333,1.295,0.0014,0.0014,13.0746
2026-05-22 16:00:00,Qwen,1,575,493,82,0.0009,100.0,0.0,0.0,0.0,972.0,972.0,972.0,661.0,71.0,1,1,1,0.0,0.0,0.0,0.0,0,575.0,0.1663,0.0009,0.0009,0.0
2026-05-22 17:00:00,DeepSeek,107,76558,54522,22036,0.0919,99.0654,0.9346,0.0,0.9346,6125.0,8089.6,8986.36,7368.1,165.8,10,28,33,1.8692,4.6729,16.8224,0.0,3832,715.4953,0.4042,0.0009,0.0009,17.3897
2026-05-22 17:00:00,MiniMax,3,2730,1941,789,0.0066,100.0,0.0,0.0,0.0,3364.0,4296.4,4379.28,797.4,91.1,3,3,3,0.0,33.3333,0.0,0.0,92,910.0,0.4065,0.0022,0.0022,11.6603
2026-05-22 18:00:00,DeepSeek,61,40275,28420,11855,0.0483,95.082,4.918,0.0,1.6393,6106.0,7320.0,8967.4,6837.0,164.0,10,24,25,1.6393,4.918,26.2295,0.0,1828,660.2459,0.4171,0.0008,0.0008,15.4197
2026-05-22 18:00:00,MiniMax,2,1195,806,389,0.0029,100.0,0.0,0.0,0.0,3290.0,3364.7,3371.34,981.6,142.0,1,2,2,0.0,0.0,50.0,0.0,74,597.5,0.4826,0.0014,0.0014,19.0231
2026-05-22 18:00:00,Qwen,1,650,392,258,0.001,100.0,0.0,0.0,0.0,1679.0,1679.0,1679.0,454.0,72.0,1,1,1,0.0,100.0,0.0,0.0,0,650.0,0.6582,0.001,0.001,0.0
2026-05-22 19:00:00,DeepSeek,66,46615,32441,14174,0.0559,95.4545,4.5455,0.0,3.0303,6083.0,9097.5,9582.05,7772.0,185.5,10,25,28,1.5152,0.0,18.1818,0.0,2481,706.2879,0.4369,0.0008,0.0009,17.5039
2026-05-22 19:00:00,MiniMax,2,1155,857,298,0.0028,100.0,0.0,0.0,0.0,2327.5,2445.85,2456.37,863.55,102.65,2,2,2,0.0,50.0,0.0,0.0,71,577.5,0.3477,0.0014,0.0014,23.8255
2026-05-22 19:00:00,Qwen,5,2696,1548,1148,0.0043,80.0,20.0,0.0,0.0,1523.0,1679.0,1689.4,696.2,135.0,5,5,5,0.0,20.0,20.0,0.0,0,539.2,0.7416,0.0009,0.0011,0.0
2026-05-22 20:00:00,DeepSeek,58,36615,26335,10280,0.0439,93.1034,6.8966,0.0,3.4483,6163.5,8009.7,10280.33,7849.55,160.35,10,25,22,1.7241,6.8966,20.6897,0.0,1591,631.2931,0.3904,0.0008,0.0008,15.4767
2026-05-22 20:00:00,MiniMax,6,4270,3561,709,0.0102,100.0,0.0,0.0,0.0,2498.0,2951.25,2963.05,1185.0,186.0,5,5,6,0.0,0.0,33.3333,0.0,142,711.6667,0.1991,0.0017,0.0017,20.0282
2026-05-22 20:00:00,Qwen,4,3108,2028,1080,0.005,100.0,0.0,0.0,0.0,1693.5,3067.65,3236.73,1040.6,87.35,4,4,4,0.0,0.0,0.0,0.0,0,777.0,0.5325,0.0012,0.0012,0.0
2026-05-22 21:00:00,DeepSeek,54,36755,25677,11078,0.0441,96.2963,3.7037,0.0,1.8519,6189.0,8013.55,8863.29,7787.55,165.05,10,22,26,3.7037,1.8519,20.3704,0.0,1980,680.6481,0.4314,0.0008,0.0008,17.8733
2026-05-22 21:00:00,MiniMax,3,1490,882,608,0.0036,100.0,0.0,0.0,0.0,2921.0,3675.2,3742.24,965.8,99.0,2,3,3,33.3333,33.3333,0.0,0.0,78,496.6667,0.6893,0.0012,0.0012,12.8289
2026-05-22 21:00:00,Qwen,1,1166,886,280,0.0019,100.0,0.0,0.0,0.0,1916.0,1916.0,1916.0,687.0,106.0,1,1,1,0.0,0.0,0.0,0.0,0,1166.0,0.316,0.0019,0.0019,0.0
2026-05-22 22:00:00,DeepSeek,31,19078,11834,7244,0.0229,96.7742,3.2258,0.0,0.0,6204.0,8073.0,8789.3,7189.5,115.0,7,15,17,0.0,3.2258,29.0323,0.0,977,615.4194,0.6121,0.0007,0.0008,13.487
2026-05-22 22:00:00,MiniMax,4,2241,1058,1183,0.0054,75.0,25.0,0.0,25.0,2717.5,3816.1,3912.82,1001.35,125.45,4,4,4,0.0,0.0,75.0,0.0,228,560.25,1.1181,0.0013,0.0018,19.273
2026-05-22 23:00:00,DeepSeek,21,13928,9478,4450,0.0167,100.0,0.0,0.0,0.0,6099.0,8788.0,9102.4,8034.0,156.0,9,12,15,0.0,0.0,19.0476,0.0,745,663.2381,0.4695,0.0008,0.0008,16.7416
2026-05-22 23:00:00,Qwen,2,2666,1427,1239,0.0043,100.0,0.0,0.0,0.0,2703.0,4031.4,4149.48,490.35,42.6,2,2,2,0.0,0.0,0.0,0.0,0,1333.0,0.8683,0.0021,0.0021,0.0
2026-05-23 00:00:00,DeepSeek,12,7080,4836,2244,0.0085,100.0,0.0,0.0,0.0,6389.5,7641.1,8379.42,7468.5,146.3,6,10,9,8.3333,0.0,16.6667,0.0,354,590.0,0.464,0.0007,0.0007,15.7754
2026-05-23 00:00:00,MiniMax,2,1221,503,718,0.0029,100.0,0.0,0.0,0.0,4148.5,5694.25,5831.65,893.25,132.95,2,2,2,0.0,0.0,0.0,0.0,158,610.5,1.4274,0.0015,0.0015,22.0056
2026-05-23 01:00:00,DeepSeek,19,13225,9410,3815,0.0159,100.0,0.0,0.0,0.0,6062.0,7868.9,8271.38,7047.8,179.1,6,11,15,5.2632,5.2632,10.5263,0.0,715,696.0526,0.4054,0.0008,0.0008,18.7418
2026-05-23 01:00:00,MiniMax,1,826,680,146,0.002,100.0,0.0,0.0,0.0,2962.0,2962.0,2962.0,934.0,73.0,1,1,1,0.0,0.0,100.0,0.0,33,826.0,0.2147,0.002,0.002,22.6027
2026-05-23 01:00:00,Qwen,1,627,353,274,0.001,100.0,0.0,0.0,0.0,1916.0,1916.0,1916.0,527.0,136.0,1,1,1,0.0,0.0,0.0,0.0,0,627.0,0.7762,0.001,0.001,0.0
2026-05-23 02:00:00,DeepSeek,15,11538,8429,3109,0.0138,100.0,0.0,0.0,0.0,6074.0,6922.5,7350.9,6493.9,212.9,9,13,10,6.6667,0.0,13.3333,0.0,506,769.2,0.3688,0.0009,0.0009,16.2753
2026-05-23 02:00:00,Qwen,1,867,675,192,0.0014,100.0,0.0,0.0,0.0,1063.0,1063.0,1063.0,410.0,75.0,1,1,1,100.0,0.0,0.0,0.0,0,867.0,0.2844,0.0014,0.0014,0.0
2026-05-23 03:00:00,DeepSeek,11,6161,3857,2304,0.0074,100.0,0.0,0.0,0.0,6088.0,7716.0,7824.0,6906.5,106.5,6,10,7,0.0,0.0,36.3636,0.0,340,560.0909,0.5974,0.0007,0.0007,14.7569
2026-05-23 04:00:00,DeepSeek,10,6333,4500,1833,0.0076,100.0,0.0,0.0,0.0,5957.5,8510.9,8884.58,7373.0,83.65,7,9,9,0.0,10.0,20.0,0.0,195,633.3,0.4073,0.0008,0.0008,10.6383
2026-05-23 04:00:00,MiniMax,1,1187,594,593,0.0028,100.0,0.0,0.0,0.0,5804.0,5804.0,5804.0,604.0,6.0,1,1,1,0.0,0.0,100.0,0.0,138,1187.0,0.9983,0.0028,0.0028,23.2715
2026-05-23 04:00:00,Qwen,1,1053,828,225,0.0017,100.0,0.0,0.0,0.0,1082.0,1082.0,1082.0,643.0,66.0,1,1,1,0.0,0.0,0.0,0.0,0,1053.0,0.2717,0.0017,0.0017,0.0
2026-05-23 05:00:00,DeepSeek,15,8660,5881,2779,0.0104,100.0,0.0,0.0,0.0,6234.0,7170.4,7202.88,7060.0,140.7,6,9,11,0.0,6.6667,53.3333,0.0,459,577.3333,0.4725,0.0007,0.0007,16.5167
2026-05-23 05:00:00,MiniMax,2,905,741,164,0.0022,50.0,50.0,50.0,0.0,2519.0,2787.2,2811.04,1096.65,137.45,1,2,2,0.0,100.0,0.0,0.0,36,452.5,0.2213,0.0011,0.0022,21.9512
2026-05-23 06:00:00,DeepSeek,43,30162,21550,8612,0.0362,100.0,0.0,0.0,0.0,6326.0,8202.7,8951.76,7109.1,166.0,9,24,22,0.0,0.0,18.6047,0.0,1315,701.4419,0.3996,0.0008,0.0008,15.2694
2026-05-23 06:00:00,Qwen,3,2149,1643,506,0.0034,100.0,0.0,0.0,0.0,1410.0,1751.1,1781.42,584.5,57.5,2,3,3,0.0,0.0,0.0,0.0,0,716.3333,0.308,0.0011,0.0011,0.0
2026-05-23 07:00:00,DeepSeek,43,29200,21019,8181,0.035,95.3488,4.6512,0.0,2.3256,6201.0,8789.1,8904.06,8587.3,177.0,10,24,23,2.3256,2.3256,25.5814,0.0,1316,679.0698,0.3892,0.0008,0.0009,16.0861
2026-05-23 07:00:00,MiniMax,1,189,111,78,0.0005,100.0,0.0,0.0,0.0,1762.0,1762.0,1762.0,735.0,43.0,1,1,1,0.0,0.0,100.0,0.0,18,189.0,0.7027,0.0005,0.0005,23.0769
2026-05-23 07:00:00,Qwen,1,406,84,322,0.0006,100.0,0.0,0.0,0.0,1771.0,1771.0,1771.0,392.0,35.0,1,1,1,0.0,0.0,0.0,0.0,0,406.0,3.8333,0.0006,0.0006,0.0
2026-05-23 08:00:00,DeepSeek,47,30109,20942,9167,0.0361,91.4894,8.5106,0.0,6.383,6097.0,8877.6,9324.34,8809.2,243.4,9,22,26,2.1277,8.5106,17.0213,0.0,1514,640.617,0.4377,0.0008,0.0008,16.5158
2026-05-23 08:00:00,MiniMax,2,1307,1151,156,0.0031,100.0,0.0,0.0,0.0,2412.5,2629.85,2649.17,937.45,91.85,2,2,2,0.0,0.0,0.0,0.0,27,653.5,0.1355,0.0016,0.0016,17.3077
2026-05-23 08:00:00,Qwen,1,468,207,261,0.0007,100.0,0.0,0.0,0.0,1400.0,1400.0,1400.0,435.0,61.0,1,1,1,0.0,0.0,0.0,0.0,0,468.0,1.2609,0.0007,0.0007,0.0
2026-05-23 09:00:00,DeepSeek,63,46680,35019,11661,0.056,98.4127,1.5873,0.0,0.0,6320.0,8569.8,9248.56,8397.3,161.0,10,27,29,3.1746,4.7619,15.873,0.0,1964,740.9524,0.333,0.0009,0.0009,16.8425
2026-05-23 09:00:00,MiniMax,3,1946,1226,720,0.0047,100.0,0.0,0.0,0.0,2885.0,3425.0,3473.0,837.9,125.2,2,3,3,0.0,0.0,0.0,0.0,153,648.6667,0.5873,0.0016,0.0016,21.25
2026-05-23 09:00:00,Qwen,1,645,533,112,0.001,100.0,0.0,0.0,0.0,1170.0,1170.0,1170.0,605.0,46.0,1,1,1,0.0,0.0,100.0,0.0,0,645.0,0.2101,0.001,0.001,0.0
2026-05-23 10:00:00,DeepSeek,62,45196,32946,12250,0.0542,96.7742,3.2258,1.6129,1.6129,6152.5,8721.4,9440.58,8691.4,150.85,10,27,27,1.6129,1.6129,22.5806,0.0,2067,728.9677,0.3718,0.0009,0.0009,16.8735
2026-05-23 10:00:00,MiniMax,2,1175,533,642,0.0028,100.0,0.0,0.0,0.0,3181.5,3939.75,4007.15,908.25,89.5,2,2,2,0.0,0.0,50.0,0.0,117,587.5,1.2045,0.0014,0.0014,18.2243
2026-05-23 11:00:00,DeepSeek,66,46291,34043,12248,0.0556,95.4545,4.5455,3.0303,1.5152,6165.0,8099.75,9640.95,7905.25,133.75,10,24,28,0.0,7.5758,12.1212,0.0,2033,701.3788,0.3598,0.0008,0.0009,16.5986
2026-05-23 11:00:00,MiniMax,5,4155,2829,1326,0.01,100.0,0.0,0.0,0.0,3050.0,3569.0,3634.6,915.2,111.0,4,5,4,0.0,0.0,20.0,20.0,178,831.0,0.4687,0.002,0.002,13.4238
2026-05-23 11:00:00,Qwen,3,1458,1077,381,0.0023,100.0,0.0,0.0,0.0,1037.0,1089.2,1093.84,580.6,97.2,3,3,3,0.0,0.0,33.3333,0.0,0,486.0,0.3538,0.0008,0.0008,0.0
2026-05-23 12:00:00,DeepSeek,62,46459,32984,13475,0.0558,96.7742,3.2258,0.0,1.6129,6198.5,8307.55,9228.38,7966.5,132.0,10,25,29,0.0,4.8387,27.4194,0.0,2193,749.3387,0.4085,0.0009,0.0009,16.2746
2026-05-23 12:00:00,MiniMax,2,869,368,501,0.0021,100.0,0.0,0.0,0.0,2786.0,3169.4,3203.48,800.15,122.35,2,2,2,0.0,0.0,0.0,0.0,118,434.5,1.3614,0.001,0.001,23.5529
2026-05-23 13:00:00,DeepSeek,76,56400,40847,15553,0.0677,97.3684,2.6316,0.0,0.0,6222.5,8581.0,9989.0,8421.5,174.0,10,26,33,1.3158,5.2632,25.0,0.0,2557,742.1053,0.3808,0.0009,0.0009,16.4406
2026-05-23 13:00:00,MiniMax,5,4925,4214,711,0.0118,100.0,0.0,0.0,0.0,2091.0,2399.0,2445.4,849.8,87.4,4,5,4,0.0,0.0,0.0,0.0,83,985.0,0.1687,0.0024,0.0024,11.6737
2026-05-23 14:00:00,DeepSeek,77,52912,36410,16502,0.0635,98.7013,1.2987,0.0,1.2987,6194.0,8958.8,9751.64,8790.4,201.4,10,27,29,2.5974,2.5974,19.4805,1.2987,2887,687.1688,0.4532,0.0008,0.0008,17.4948
2026-05-23 14:00:00,MiniMax,1,308,236,72,0.0007,100.0,0.0,0.0,0.0,1888.0,1888.0,1888.0,702.0,20.0,1,1,1,0.0,0.0,0.0,0.0,15,308.0,0.3051,0.0007,0.0007,20.8333
2026-05-23 14:00:00,Qwen,1,1693,1281,412,0.0027,100.0,0.0,0.0,0.0,1408.0,1408.0,1408.0,475.0,75.0,1,1,1,0.0,0.0,0.0,0.0,0,1693.0,0.3216,0.0027,0.0027,0.0
2026-05-23 15:00:00,DeepSeek,73,49745,34122,15623,0.0597,95.8904,4.1096,1.3699,2.7397,6232.0,9237.4,9882.48,8757.6,169.6,10,22,30,4.1096,4.1096,20.5479,0.0,2802,681.4384,0.4579,0.0008,0.0009,17.9351
2026-05-23 15:00:00,MiniMax,4,1647,884,763,0.004,75.0,25.0,0.0,25.0,1974.5,5075.3,5497.46,1160.65,148.95,4,4,4,0.0,0.0,0.0,0.0,182,411.75,0.8631,0.001,0.0013,23.8532
2026-05-23 15:00:00,Qwen,2,1200,917,283,0.0019,100.0,0.0,0.0,0.0,1236.5,1240.55,1240.91,349.85,50.05,1,1,1,0.0,0.0,0.0,0.0,0,600.0,0.3086,0.001,0.001,0.0
2026-05-23 16:00:00,DeepSeek,64,43653,29466,14187,0.0524,96.875,3.125,0.0,1.5625,6300.0,7734.55,9316.27,7677.8,186.75,10,23,26,1.5625,3.125,9.375,0.0,1995,682.0781,0.4815,0.0008,0.0008,14.0622
2026-05-23 16:00:00,MiniMax,5,3436,2484,952,0.0082,80.0,20.0,0.0,20.0,2718.0,4235.6,4329.52,1264.4,180.0,4,5,4,0.0,20.0,0.0,0.0,147,687.2,0.3833,0.0016,0.0021,15.4412
2026-05-23 16:00:00,Qwen,3,1426,733,693,0.0023,100.0,0.0,0.0,0.0,1252.0,1892.8,1949.76,799.3,146.1,2,3,3,0.0,0.0,0.0,0.0,0,475.3333,0.9454,0.0008,0.0008,0.0
2026-05-23 17:00:00,DeepSeek,73,50600,36862,13738,0.0607,94.5205,5.4795,0.0,2.7397,6096.0,8727.6,9420.0,8319.4,160.0,10,26,29,0.0,8.2192,23.2877,0.0,2266,693.1507,0.3727,0.0008,0.0009,16.4944
2026-05-23 17:00:00,MiniMax,4,2810,1873,937,0.0067,75.0,25.0,0.0,25.0,2437.0,3044.05,3117.61,829.4,89.65,4,4,4,0.0,25.0,0.0,0.0,121,702.5,0.5003,0.0017,0.0022,12.9136
2026-05-23 17:00:00,Qwen,3,1423,969,454,0.0023,66.6667,33.3333,0.0,0.0,1116.0,1323.0,1341.4,551.7,84.8,3,3,3,0.0,33.3333,0.0,0.0,0,474.3333,0.4685,0.0008,0.0011,0.0
2026-05-23 18:00:00,DeepSeek,44,29133,21623,7510,0.035,95.4545,4.5455,2.2727,0.0,6237.0,8116.65,9097.8,8086.65,132.4,10,19,21,0.0,2.2727,18.1818,0.0,1192,662.1136,0.3473,0.0008,0.0008,15.8722
2026-05-23 18:00:00,MiniMax,1,865,651,214,0.0021,100.0,0.0,0.0,0.0,2835.0,2835.0,2835.0,834.0,82.0,1,1,1,0.0,0.0,0.0,0.0,32,865.0,0.3287,0.0021,0.0021,14.9533
2026-05-23 19:00:00,DeepSeek,29,18959,13405,5554,0.0228,96.5517,3.4483,0.0,3.4483,6283.0,7338.4,7956.96,7308.4,138.4,9,16,18,3.4483,3.4483,10.3448,0.0,1034,653.7586,0.4143,0.0008,0.0008,18.6172
2026-05-23 19:00:00,MiniMax,3,1941,1586,355,0.0047,100.0,0.0,0.0,0.0,1746.0,2133.9,2168.38,811.1,36.2,3,3,3,0.0,0.0,33.3333,0.0,73,647.0,0.2238,0.0016,0.0016,20.5634
2026-05-23 19:00:00,Qwen,3,1945,1538,407,0.0031,100.0,0.0,0.0,0.0,1177.0,1353.4,1369.08,552.5,149.8,1,2,2,0.0,0.0,33.3333,0.0,0,648.3333,0.2646,0.001,0.001,0.0
2026-05-23 20:00:00,DeepSeek,43,27136,18699,8437,0.0326,95.3488,4.6512,2.3256,0.0,6118.0,8437.6,9693.3,7215.0,152.8,8,20,21,0.0,2.3256,11.6279,0.0,1387,631.0698,0.4512,0.0008,0.0008,16.4395
2026-05-23 20:00:00,MiniMax,1,702,475,227,0.0017,100.0,0.0,0.0,0.0,1973.0,1973.0,1973.0,720.0,71.0,1,1,1,0.0,0.0,0.0,0.0,52,702.0,0.4779,0.0017,0.0017,22.9075
2026-05-23 20:00:00,Qwen,1,486,312,174,0.0008,0.0,100.0,0.0,100.0,1143.0,1143.0,1143.0,528.0,19.0,1,1,1,0.0,0.0,0.0,0.0,0,486.0,0.5577,0.0008,,0.0
2026-05-23 21:00:00,DeepSeek,45,33451,23785,9666,0.0401,95.5556,4.4444,0.0,2.2222,6213.0,7254.8,9812.16,6805.4,176.6,9,24,30,2.2222,2.2222,22.2222,0.0,1391,743.3556,0.4064,0.0009,0.0009,14.3906
2026-05-23 21:00:00,Qwen,2,1500,1192,308,0.0024,100.0,0.0,0.0,0.0,1107.5,1186.25,1193.25,388.0,46.85,2,2,2,0.0,0.0,0.0,0.0,0,750.0,0.2584,0.0012,0.0012,0.0
2026-05-23 22:00:00,DeepSeek,28,17321,12732,4589,0.0208,96.4286,3.5714,0.0,0.0,6055.5,8254.05,9542.27,8224.05,148.8,9,16,19,7.1429,3.5714,10.7143,0.0,815,618.6071,0.3604,0.0007,0.0008,17.7599
2026-05-23 22:00:00,MiniMax,1,475,395,80,0.0011,100.0,0.0,0.0,0.0,2249.0,2249.0,2249.0,649.0,76.0,1,1,1,0.0,0.0,0.0,0.0,18,475.0,0.2025,0.0011,0.0011,22.5
2026-05-23 22:00:00,Qwen,1,236,175,61,0.0004,100.0,0.0,0.0,0.0,1023.0,1023.0,1023.0,375.0,53.0,1,1,1,0.0,100.0,0.0,0.0,0,236.0,0.3486,0.0004,0.0004,0.0
2026-05-23 23:00:00,DeepSeek,23,18099,11824,6275,0.0217,95.6522,4.3478,0.0,0.0,6245.0,9791.9,10506.9,8751.4,174.6,9,17,16,0.0,0.0,17.3913,0.0,949,786.913,0.5307,0.0009,0.001,15.1235
2026-05-23 23:00:00,MiniMax,1,702,627,75,0.0017,100.0,0.0,0.0,0.0,2020.0,2020.0,2020.0,713.0,99.0,1,1,1,0.0,0.0,0.0,0.0,12,702.0,0.1196,0.0017,0.0017,16.0
2026-05-23 23:00:00,Qwen,1,428,363,65,0.0007,100.0,0.0,0.0,0.0,1076.0,1076.0,1076.0,411.0,35.0,1,1,1,0.0,0.0,0.0,0.0,0,428.0,0.1791,0.0007,0.0007,0.0
2026-05-24 00:00:00,DeepSeek,9,5642,4398,1244,0.0068,100.0,0.0,0.0,0.0,6109.0,6962.4,7155.68,6932.4,140.2,7,9,8,0.0,11.1111,0.0,0.0,184,626.8889,0.2829,0.0008,0.0008,14.791
2026-05-24 00:00:00,MiniMax,2,1871,1012,859,0.0045,100.0,0.0,0.0,0.0,4533.0,4609.5,4616.3,1004.95,123.85,2,2,2,0.0,0.0,0.0,0.0,206,935.5,0.8488,0.0022,0.0022,23.9814
2026-05-24 01:00:00,DeepSeek,11,7596,4529,3067,0.0091,100.0,0.0,0.0,0.0,6384.0,7731.5,8033.5,7028.5,209.0,7,10,9,0.0,0.0,9.0909,0.0,574,690.5455,0.6772,0.0008,0.0008,18.7154
2026-05-24 02:00:00,DeepSeek,21,12406,8582,3824,0.0149,100.0,0.0,0.0,0.0,6072.0,7733.0,8058.6,7089.0,142.0,9,14,18,0.0,4.7619,9.5238,0.0,645,590.7619,0.4456,0.0007,0.0007,16.8672
2026-05-24 02:00:00,Qwen,1,482,214,268,0.0008,100.0,0.0,0.0,0.0,1363.0,1363.0,1363.0,436.0,114.0,1,1,1,0.0,0.0,0.0,0.0,0,482.0,1.2523,0.0008,0.0008,0.0
2026-05-24 03:00:00,DeepSeek,11,7756,5722,2034,0.0093,100.0,0.0,0.0,0.0,6339.0,7413.0,7638.6,7015.0,137.5,7,9,10,18.1818,0.0,9.0909,0.0,315,705.0909,0.3555,0.0008,0.0008,15.4867
2026-05-24 04:00:00,DeepSeek,15,9875,6516,3359,0.0119,100.0,0.0,0.0,0.0,6439.0,8265.7,9525.14,7466.2,169.5,9,11,11,0.0,0.0,13.3333,0.0,542,658.3333,0.5155,0.0008,0.0008,16.1358
2026-05-24 05:00:00,DeepSeek,15,9712,6857,2855,0.0117,100.0,0.0,0.0,0.0,6212.0,7640.0,8384.8,7053.4,140.8,9,11,13,6.6667,6.6667,40.0,0.0,523,647.4667,0.4164,0.0008,0.0008,18.3187
2026-05-24 05:00:00,MiniMax,1,415,345,70,0.001,100.0,0.0,0.0,0.0,1929.0,1929.0,1929.0,1128.0,90.0,1,1,1,0.0,0.0,0.0,0.0,17,415.0,0.2029,0.001,0.001,24.2857
2026-05-24 06:00:00,DeepSeek,63,44693,33263,11430,0.0536,98.4127,1.5873,0.0,1.5873,6057.0,7713.2,9436.14,7457.7,161.4,10,25,27,1.5873,9.5238,22.2222,0.0,1785,709.4127,0.3436,0.0009,0.0009,15.6168
2026-05-24 06:00:00,MiniMax,1,1117,603,514,0.0027,100.0,0.0,0.0,0.0,5146.0,5146.0,5146.0,914.0,172.0,1,1,1,0.0,0.0,0.0,0.0,136,1117.0,0.8524,0.0027,0.0027,26.4591
2026-05-24 07:00:00,DeepSeek,40,31562,23091,8471,0.0379,97.5,2.5,0.0,0.0,6384.0,8105.25,8809.08,7681.95,151.85,8,20,21,2.5,2.5,17.5,0.0,1174,789.05,0.3669,0.0009,0.001,13.859
2026-05-24 07:00:00,MiniMax,2,1288,1008,280,0.0031,100.0,0.0,0.0,0.0,2072.5,2324.05,2346.41,891.25,53.55,2,2,2,0.0,0.0,0.0,0.0,32,644.0,0.2778,0.0015,0.0015,11.4286
2026-05-24 07:00:00,Qwen,1,454,359,95,0.0007,100.0,0.0,0.0,0.0,907.0,907.0,907.0,462.0,103.0,1,1,1,0.0,0.0,0.0,0.0,0,454.0,0.2646,0.0007,0.0007,0.0
2026-05-24 08:00:00,DeepSeek,50,35445,24240,11205,0.0425,100.0,0.0,0.0,0.0,6337.5,8937.05,9972.38,7084.05,186.65,10,24,29,0.0,0.0,6.0,0.0,2009,708.9,0.4623,0.0009,0.0009,17.9295
2026-05-24 08:00:00,MiniMax,1,945,450,495,0.0023,100.0,0.0,0.0,0.0,3912.0,3912.0,3912.0,759.0,82.0,1,1,1,0.0,0.0,0.0,0.0,138,945.0,1.1,0.0023,0.0023,27.8788
2026-05-24 09:00:00,DeepSeek,76,53361,37587,15774,0.064,92.1053,7.8947,1.3158,2.6316,6378.0,7995.25,9619.75,7448.25,159.5,10,29,29,1.3158,3.9474,18.4211,0.0,2490,702.1184,0.4197,0.0008,0.0009,15.7855
2026-05-24 09:00:00,MiniMax,2,1357,1060,297,0.0033,50.0,50.0,0.0,0.0,1781.5,2126.65,2157.33,777.9,31.85,2,2,2,0.0,50.0,50.0,0.0,47,678.5,0.2802,0.0016,0.0033,15.8249
2026-05-24 09:00:00,Qwen,1,236,138,98,0.0004,100.0,0.0,0.0,0.0,1228.0,1228.0,1228.0,619.0,98.0,1,1,1,0.0,0.0,0.0,0.0,0,236.0,0.7101,0.0004,0.0004,0.0
2026-05-24 10:00:00,DeepSeek,77,53346,35654,17692,0.064,98.7013,1.2987,1.2987,0.0,6248.0,9037.6,9470.08,8907.8,142.0,10,28,28,1.2987,6.4935,15.5844,0.0,2836,692.8052,0.4962,0.0008,0.0008,16.0298
2026-05-24 10:00:00,MiniMax,3,2010,1305,705,0.0048,100.0,0.0,0.0,0.0,2379.0,2599.5,2619.1,817.4,114.7,3,3,3,0.0,0.0,33.3333,0.0,142,670.0,0.5402,0.0016,0.0016,20.1418
2026-05-24 10:00:00,Qwen,4,2217,1459,758,0.0035,100.0,0.0,0.0,0.0,1336.5,1620.55,1640.11,432.0,74.8,4,4,4,0.0,0.0,25.0,0.0,0,554.25,0.5195,0.0009,0.0009,0.0
2026-05-24 11:00:00,DeepSeek,78,52696,35907,16789,0.0632,96.1538,3.8462,0.0,1.2821,6193.0,7574.1,9001.99,7236.95,148.75,10,24,27,0.0,3.8462,11.5385,0.0,2635,675.5897,0.4676,0.0008,0.0008,15.6948
2026-05-24 11:00:00,MiniMax,4,3449,2365,1084,0.0083,100.0,0.0,0.0,0.0,2838.0,5846.1,6262.02,952.85,156.55,4,4,4,0.0,0.0,25.0,0.0,246,862.25,0.4584,0.0021,0.0021,22.6937
2026-05-24 11:00:00,Qwen,1,626,344,282,0.001,100.0,0.0,0.0,0.0,1162.0,1162.0,1162.0,445.0,42.0,1,1,1,0.0,0.0,0.0,0.0,0,626.0,0.8198,0.001,0.001,0.0
2026-05-24 12:00:00,DeepSeek,78,54061,38011,16050,0.0649,98.7179,1.2821,1.2821,0.0,6168.0,8149.35,9944.07,7383.3,171.6,10,23,27,1.2821,0.0,23.0769,0.0,2543,693.0897,0.4222,0.0008,0.0008,15.8442
2026-05-24 12:00:00,MiniMax,1,578,381,197,0.0014,100.0,0.0,0.0,0.0,2017.0,2017.0,2017.0,654.0,41.0,1,1,1,0.0,0.0,0.0,0.0,12,578.0,0.5171,0.0014,0.0014,6.0914
2026-05-24 13:00:00,DeepSeek,86,52017,37098,14919,0.0624,95.3488,4.6512,0.0,3.4884,6193.0,8237.25,9509.9,8027.25,176.25,10,28,32,1.1628,6.9767,24.4186,1.1628,2446,604.8488,0.4022,0.0007,0.0008,16.3952
2026-05-24 13:00:00,MiniMax,2,720,485,235,0.0017,100.0,0.0,0.0,0.0,2821.0,2887.6,2893.52,1186.35,128.2,1,2,2,0.0,0.0,0.0,0.0,34,360.0,0.4845,0.0009,0.0009,14.4681
2026-05-24 13:00:00,Qwen,3,1067,662,405,0.0017,100.0,0.0,0.0,0.0,1163.0,1334.0,1349.2,746.4,165.1,2,3,2,0.0,0.0,0.0,0.0,0,355.6667,0.6118,0.0006,0.0006,0.0
2026-05-24 14:00:00,DeepSeek,65,45317,30356,14961,0.0544,100.0,0.0,0.0,0.0,6078.0,7510.4,8043.24,6476.4,130.8,10,26,30,1.5385,3.0769,13.8462,0.0,2448,697.1846,0.4929,0.0008,0.0008,16.3625
2026-05-24 14:00:00,MiniMax,1,1538,1301,237,0.0037,100.0,0.0,0.0,0.0,2864.0,2864.0,2864.0,749.0,130.0,1,1,1,0.0,100.0,100.0,0.0,24,1538.0,0.1822,0.0037,0.0037,10.1266
2026-05-24 14:00:00,Qwen,2,1375,726,649,0.0022,100.0,0.0,0.0,0.0,2127.5,3084.65,3169.73,429.55,163.05,2,2,2,0.0,0.0,0.0,50.0,0,687.5,0.8939,0.0011,0.0011,0.0
2026-05-24 15:00:00,DeepSeek,70,45438,30233,15205,0.0545,94.2857,5.7143,2.8571,1.4286,6189.0,9497.0,10243.78,7989.0,162.4,9,26,33,2.8571,4.2857,12.8571,0.0,2504,649.1143,0.5029,0.0008,0.0008,16.4683
2026-05-24 15:00:00,MiniMax,6,3920,2678,1242,0.0094,100.0,0.0,0.0,0.0,2522.5,3462.75,3597.35,1036.0,105.5,4,5,5,0.0,0.0,33.3333,0.0,170,653.3333,0.4638,0.0016,0.0016,13.6876
2026-05-24 15:00:00,Qwen,2,1025,641,384,0.0016,100.0,0.0,0.0,0.0,1544.0,1760.0,1779.2,790.6,107.5,2,2,2,0.0,50.0,0.0,0.0,0,512.5,0.5991,0.0008,0.0008,0.0
2026-05-24 16:00:00,DeepSeek,68,46368,32758,13610,0.0556,95.5882,4.4118,0.0,2.9412,6192.5,7784.0,9341.95,7076.4,174.95,10,25,30,0.0,2.9412,17.6471,0.0,2405,681.8824,0.4155,0.0008,0.0009,17.6708
2026-05-24 16:00:00,MiniMax,3,2004,1320,684,0.0048,100.0,0.0,0.0,0.0,2961.0,3725.1,3793.02,1078.0,116.6,3,3,3,0.0,0.0,0.0,0.0,132,668.0,0.5182,0.0016,0.0016,19.2982
2026-05-24 16:00:00,Qwen,9,8333,6232,2101,0.0133,88.8889,11.1111,11.1111,0.0,1380.0,2220.6,2430.52,511.6,96.6,5,7,8,0.0,22.2222,44.4444,0.0,0,925.8889,0.3371,0.0015,0.0017,0.0
2026-05-24 17:00:00,DeepSeek,130,93602,67270,26332,0.1123,96.1538,3.8462,0.0,3.0769,6242.5,9498.7,9897.59,9317.9,172.8,10,29,33,0.7692,2.3077,15.3846,0.0,4542,720.0154,0.3914,0.0009,0.0009,17.249
2026-05-24 17:00:00,MiniMax,4,2647,1538,1109,0.0064,100.0,0.0,0.0,0.0,3179.5,5366.65,5667.73,1133.35,145.95,3,3,4,0.0,0.0,0.0,0.0,177,661.75,0.7211,0.0016,0.0016,15.9603
2026-05-24 17:00:00,Qwen,3,1575,880,695,0.0025,100.0,0.0,0.0,0.0,1426.0,2387.2,2472.64,702.2,124.9,2,3,2,0.0,0.0,66.6667,0.0,0,525.0,0.7898,0.0008,0.0008,0.0
2026-05-24 18:00:00,DeepSeek,44,32175,22103,10072,0.0386,95.4545,4.5455,2.2727,2.2727,6214.0,7536.85,9152.93,7011.8,165.4,10,22,26,0.0,2.2727,13.6364,0.0,1384,731.25,0.4557,0.0009,0.0009,13.7411
2026-05-24 18:00:00,MiniMax,1,1019,952,67,0.0024,100.0,0.0,0.0,0.0,1735.0,1735.0,1735.0,832.0,89.0,1,1,1,0.0,0.0,0.0,0.0,8,1019.0,0.0704,0.0024,0.0024,11.9403
2026-05-24 18:00:00,Qwen,2,1485,880,605,0.0024,100.0,0.0,0.0,0.0,1803.0,1956.9,1970.58,827.0,156.3,2,2,2,0.0,0.0,0.0,0.0,0,742.5,0.6875,0.0012,0.0012,0.0
2026-05-24 19:00:00,DeepSeek,55,33319,22504,10815,0.04,94.5455,5.4545,1.8182,3.6364,6364.0,9011.6,9614.38,8500.5,185.6,10,23,27,0.0,7.2727,16.3636,0.0,1789,605.8,0.4806,0.0007,0.0008,16.5418
2026-05-24 19:00:00,MiniMax,2,936,737,199,0.0022,100.0,0.0,0.0,0.0,1986.0,2216.4,2236.88,766.75,69.75,2,2,2,0.0,0.0,0.0,0.0,24,468.0,0.27,0.0011,0.0011,12.0603
2026-05-24 19:00:00,Qwen,1,1234,1039,195,0.002,100.0,0.0,0.0,0.0,1533.0,1533.0,1533.0,1170.0,46.0,1,1,1,0.0,0.0,100.0,0.0,0,1234.0,0.1877,0.002,0.002,0.0
2026-05-24 20:00:00,DeepSeek,43,27854,19866,7988,0.0334,95.3488,4.6512,2.3256,0.0,6323.0,9101.4,9482.38,8963.3,196.0,10,21,24,2.3256,4.6512,13.9535,0.0,1152,647.7674,0.4021,0.0008,0.0008,14.4216
2026-05-24 20:00:00,MiniMax,1,1012,773,239,0.0024,100.0,0.0,0.0,0.0,3085.0,3085.0,3085.0,818.0,111.0,1,1,1,0.0,0.0,0.0,0.0,38,1012.0,0.3092,0.0024,0.0024,15.8996
2026-05-24 21:00:00,DeepSeek,45,30683,21319,9364,0.0368,97.7778,2.2222,0.0,2.2222,6319.0,8606.2,9546.48,8101.0,126.4,10,21,28,2.2222,2.2222,15.5556,0.0,1409,681.8444,0.4392,0.0008,0.0008,15.047
2026-05-24 21:00:00,MiniMax,2,2624,2320,304,0.0063,100.0,0.0,0.0,0.0,2953.5,3378.75,3416.55,1219.45,167.9,2,2,2,0.0,50.0,0.0,0.0,34,1312.0,0.131,0.0031,0.0031,11.1842
2026-05-24 21:00:00,Qwen,2,1183,707,476,0.0019,50.0,50.0,0.0,50.0,1824.5,2385.65,2435.53,512.5,75.05,2,2,2,0.0,50.0,0.0,0.0,0,591.5,0.6733,0.0009,0.0019,0.0
2026-05-24 22:00:00,DeepSeek,20,15458,12441,3017,0.0186,100.0,0.0,0.0,0.0,6091.5,7294.6,9188.52,7025.65,134.95,9,15,17,10.0,5.0,20.0,0.0,456,772.9,0.2425,0.0009,0.0009,15.1144
2026-05-24 22:00:00,MiniMax,1,310,193,117,0.0007,100.0,0.0,0.0,0.0,2668.0,2668.0,2668.0,936.0,170.0,1,1,1,0.0,0.0,0.0,0.0,13,310.0,0.6062,0.0007,0.0007,11.1111
2026-05-24 22:00:00,Qwen,1,383,246,137,0.0006,100.0,0.0,0.0,0.0,1446.0,1446.0,1446.0,666.0,144.0,1,1,1,0.0,0.0,0.0,0.0,0,383.0,0.5569,0.0006,0.0006,0.0
2026-05-24 23:00:00,DeepSeek,17,11984,8711,3273,0.0144,100.0,0.0,0.0,0.0,6316.0,7296.2,7930.44,6871.8,115.6,8,11,13,5.8824,5.8824,23.5294,0.0,548,704.9412,0.3757,0.0008,0.0008,16.743
2026-05-24 23:00:00,Qwen,1,934,798,136,0.0015,100.0,0.0,0.0,0.0,1077.0,1077.0,1077.0,422.0,23.0,1,1,1,0.0,0.0,0.0,0.0,0,934.0,0.1704,0.0015,0.0015,0.0
2026-05-25 00:00:00,DeepSeek,26,18440,13158,5282,0.0221,96.1538,3.8462,0.0,3.8462,6182.0,7352.0,8357.0,6878.25,138.75,9,16,18,3.8462,3.8462,15.3846,0.0,822,709.2308,0.4014,0.0009,0.0009,15.5623
2026-05-25 00:00:00,MiniMax,1,436,324,112,0.001,100.0,0.0,0.0,0.0,1271.0,1271.0,1271.0,535.0,32.0,1,1,1,0.0,0.0,0.0,0.0,31,436.0,0.3457,0.001,0.001,27.6786
2026-05-25 01:00:00,DeepSeek,23,18961,12996,5965,0.0228,86.9565,13.0435,0.0,8.6957,6403.0,7981.8,9168.64,6772.2,143.1,9,14,16,4.3478,8.6957,30.4348,0.0,895,824.3913,0.459,0.001,0.0011,15.0042
2026-05-25 01:00:00,MiniMax,1,1027,929,98,0.0025,100.0,0.0,0.0,0.0,2372.0,2372.0,2372.0,1137.0,93.0,1,1,1,0.0,0.0,0.0,0.0,18,1027.0,0.1055,0.0025,0.0025,18.3673
2026-05-25 02:00:00,DeepSeek,22,17053,12347,4706,0.0205,95.4545,4.5455,0.0,0.0,6363.0,7631.2,8072.03,7585.5,139.85,8,16,18,0.0,0.0,22.7273,0.0,735,775.1364,0.3811,0.0009,0.001,15.6184
2026-05-25 02:00:00,MiniMax,2,808,579,229,0.0019,100.0,0.0,0.0,0.0,2485.0,2623.6,2635.92,936.05,44.0,2,2,2,0.0,0.0,0.0,0.0,55,404.0,0.3955,0.001,0.001,24.0175
2026-05-25 02:00:00,Qwen,4,2376,1530,846,0.0038,100.0,0.0,0.0,0.0,1810.0,2183.55,2183.91,1250.15,95.65,2,3,3,0.0,0.0,25.0,0.0,0,594.0,0.5529,0.001,0.001,0.0
2026-05-25 03:00:00,DeepSeek,29,20121,14037,6084,0.0241,89.6552,10.3448,0.0,10.3448,6316.0,9624.8,10601.76,8569.4,146.8,8,17,17,0.0,6.8966,6.8966,0.0,1048,693.8276,0.4334,0.0008,0.0009,17.2255
2026-05-25 03:00:00,MiniMax,1,728,518,210,0.0017,100.0,0.0,0.0,0.0,2512.0,2512.0,2512.0,812.0,42.0,1,1,1,0.0,0.0,0.0,0.0,16,728.0,0.4054,0.0017,0.0017,7.619
2026-05-25 03:00:00,Qwen,1,360,234,126,0.0006,100.0,0.0,0.0,0.0,1560.0,1560.0,1560.0,1202.0,22.0,1,1,1,0.0,0.0,100.0,0.0,0,360.0,0.5385,0.0006,0.0006,0.0
2026-05-25 04:00:00,DeepSeek,18,15197,11249,3948,0.0182,100.0,0.0,0.0,0.0,6107.5,7454.75,7648.55,6472.85,108.7,9,16,13,0.0,0.0,5.5556,0.0,693,844.2778,0.351,0.001,0.001,17.5532
2026-05-25 04:00:00,MiniMax,1,394,254,140,0.0009,100.0,0.0,0.0,0.0,1885.0,1885.0,1885.0,911.0,53.0,1,1,1,0.0,0.0,100.0,0.0,30,394.0,0.5512,0.0009,0.0009,21.4286
2026-05-25 04:00:00,Qwen,1,442,240,202,0.0007,100.0,0.0,0.0,0.0,1623.0,1623.0,1623.0,419.0,94.0,1,1,1,0.0,0.0,100.0,0.0,0,442.0,0.8417,0.0007,0.0007,0.0
2026-05-25 05:00:00,DeepSeek,30,18557,12990,5567,0.0223,93.3333,6.6667,3.3333,3.3333,6225.0,7618.55,7972.32,7223.4,129.8,9,20,18,3.3333,10.0,13.3333,0.0,925,618.5667,0.4286,0.0007,0.0008,16.6158
2026-05-25 05:00:00,MiniMax,3,1284,568,716,0.0031,100.0,0.0,0.0,0.0,2952.0,5395.5,5612.7,1844.0,162.8,3,3,3,0.0,0.0,0.0,0.0,119,428.0,1.2606,0.001,0.001,16.6201
2026-05-25 06:00:00,DeepSeek,65,48341,35725,12616,0.058,90.7692,9.2308,4.6154,3.0769,6205.0,7409.6,8585.08,7170.0,163.8,10,25,28,1.5385,1.5385,26.1538,0.0,2029,743.7077,0.3531,0.0009,0.001,16.0828
2026-05-25 06:00:00,MiniMax,5,3404,2235,1169,0.0082,100.0,0.0,0.0,0.0,2855.0,3491.6,3529.52,951.0,179.6,3,4,4,0.0,0.0,0.0,0.0,233,680.8,0.523,0.0016,0.0016,19.9316
2026-05-25 06:00:00,Qwen,1,444,343,101,0.0007,100.0,0.0,0.0,0.0,1165.0,1165.0,1165.0,451.0,85.0,1,1,1,0.0,0.0,0.0,0.0,0,444.0,0.2945,0.0007,0.0007,0.0
2026-05-25 07:00:00,DeepSeek,61,40978,29757,11221,0.0492,96.7213,3.2787,0.0,3.2787,6319.0,9277.0,9686.0,8875.0,159.0,10,23,27,0.0,6.5574,22.9508,0.0,1797,671.7705,0.3771,0.0008,0.0008,16.0146
2026-05-25 07:00:00,MiniMax,3,2151,1551,600,0.0052,66.6667,33.3333,0.0,0.0,2784.0,3074.7,3100.54,797.2,86.7,3,3,3,0.0,66.6667,100.0,0.0,54,717.0,0.3868,0.0017,0.0026,9.0
2026-05-25 07:00:00,Qwen,3,2707,2200,507,0.0043,100.0,0.0,0.0,0.0,1256.0,1838.3,1890.06,565.2,82.7,3,3,3,0.0,0.0,33.3333,0.0,0,902.3333,0.2305,0.0014,0.0014,0.0
2026-05-25 08:00:00,DeepSeek,81,59629,41535,18094,0.0716,95.0617,4.9383,0.0,2.4691,6427.0,9040.0,10081.4,8630.0,147.0,10,27,33,1.2346,3.7037,16.0494,0.0,2942,736.1605,0.4356,0.0009,0.0009,16.2595
2026-05-25 08:00:00,MiniMax,1,414,366,48,0.001,100.0,0.0,0.0,0.0,1163.0,1163.0,1163.0,826.0,24.0,1,1,1,0.0,0.0,0.0,0.0,12,414.0,0.1311,0.001,0.001,25.0
2026-05-25 08:00:00,Qwen,1,623,323,300,0.001,100.0,0.0,0.0,0.0,2399.0,2399.0,2399.0,446.0,79.0,1,1,1,0.0,0.0,0.0,0.0,0,623.0,0.9288,0.001,0.001,0.0
2026-05-25 09:00:00,DeepSeek,107,76042,55265,20777,0.0912,97.1963,2.8037,0.0,0.9346,6168.0,8461.8,9795.28,7598.1,164.1,10,30,35,0.0,1.8692,20.5607,0.0,3479,710.6729,0.376,0.0009,0.0009,16.7445
2026-05-25 09:00:00,MiniMax,3,2338,1924,414,0.0056,100.0,0.0,0.0,0.0,2682.0,2944.8,2968.16,945.6,100.4,2,3,3,0.0,33.3333,0.0,0.0,65,779.3333,0.2152,0.0019,0.0019,15.7005
2026-05-25 09:00:00,Qwen,1,210,155,55,0.0003,0.0,100.0,100.0,0.0,605.0,605.0,605.0,365.0,18.0,1,1,1,0.0,0.0,0.0,0.0,0,210.0,0.3548,0.0003,,0.0
2026-05-25 10:00:00,DeepSeek,86,55780,39177,16603,0.0669,97.6744,2.3256,0.0,2.3256,6216.0,7920.5,9173.8,7180.0,161.0,9,25,28,0.0,4.6512,16.2791,0.0,2514,648.6047,0.4238,0.0008,0.0008,15.1418
2026-05-25 10:00:00,MiniMax,3,2424,1979,445,0.0058,100.0,0.0,0.0,0.0,2309.0,2718.5,2754.9,804.1,46.4,3,3,3,0.0,33.3333,0.0,0.0,78,808.0,0.2249,0.0019,0.0019,17.5281
2026-05-25 11:00:00,DeepSeek,122,83298,56368,26930,0.1,96.7213,3.2787,0.0,1.6393,6251.0,8455.85,10010.4,7292.9,163.7,10,28,37,1.6393,1.6393,18.8525,0.8197,4572,682.7705,0.4778,0.0008,0.0008,16.9773
2026-05-25 11:00:00,MiniMax,4,2251,1572,679,0.0054,100.0,0.0,0.0,0.0,2698.0,2938.45,2940.49,1031.65,174.55,4,4,4,0.0,0.0,25.0,0.0,134,562.75,0.4319,0.0014,0.0014,19.7349
2026-05-25 11:00:00,Qwen,2,1612,1085,527,0.0026,100.0,0.0,0.0,0.0,1722.5,2353.85,2409.97,588.7,86.95,2,2,2,0.0,0.0,50.0,0.0,0,806.0,0.4857,0.0013,0.0013,0.0
2026-05-25 12:00:00,DeepSeek,106,72359,49323,23036,0.0868,94.3396,5.6604,0.0,3.7736,6220.5,8543.5,9281.6,7530.25,189.25,10,27,35,0.9434,6.6038,21.6981,0.0,3729,682.6321,0.467,0.0008,0.0009,16.1877
2026-05-25 12:00:00,MiniMax,5,4008,3149,859,0.0096,80.0,20.0,20.0,0.0,2382.0,3294.6,3390.12,1172.8,145.2,5,5,5,0.0,20.0,20.0,0.0,117,801.6,0.2728,0.0019,0.0024,13.6205
2026-05-25 12:00:00,Qwen,3,1286,856,430,0.0021,100.0,0.0,0.0,0.0,1089.0,1320.3,1340.86,596.0,80.2,3,3,3,0.0,0.0,66.6667,0.0,0,428.6667,0.5023,0.0007,0.0007,0.0
2026-05-25 13:00:00,DeepSeek,120,78746,54432,24314,0.0945,94.1667,5.8333,1.6667,0.8333,6349.0,9121.3,9817.23,8632.75,151.6,10,28,34,1.6667,5.0,15.0,0.0,4202,656.2167,0.4467,0.0008,0.0008,17.2822
2026-05-25 13:00:00,MiniMax,6,4828,3610,1218,0.0116,100.0,0.0,0.0,0.0,2835.0,4198.75,4536.55,979.25,107.5,5,6,6,0.0,0.0,33.3333,0.0,249,804.6667,0.3374,0.0019,0.0019,20.4433
2026-05-25 14:00:00,DeepSeek,95,62500,43669,18831,0.075,95.7895,4.2105,0.0,4.2105,6286.0,8418.7,8900.42,7831.3,151.2,10,29,35,0.0,3.1579,15.7895,0.0,2948,657.8947,0.4312,0.0008,0.0008,15.655
2026-05-25 14:00:00,MiniMax,3,2847,2041,806,0.0068,100.0,0.0,0.0,0.0,3278.0,3791.0,3836.6,1007.3,270.1,3,3,3,0.0,0.0,0.0,0.0,130,949.0,0.3949,0.0023,0.0023,16.129
2026-05-25 14:00:00,Qwen,5,2410,1617,793,0.0039,80.0,20.0,0.0,20.0,1146.0,1820.8,1851.36,645.0,116.4,2,4,4,0.0,0.0,20.0,0.0,0,482.0,0.4904,0.0008,0.001,0.0
2026-05-25 15:00:00,DeepSeek,123,80796,54742,26054,0.097,95.935,4.065,0.813,1.626,6289.0,9234.2,9964.96,8737.5,177.2,10,28,33,0.813,3.252,20.3252,0.0,4359,656.878,0.4759,0.0008,0.0008,16.7306
2026-05-25 15:00:00,MiniMax,2,758,528,230,0.0018,100.0,0.0,0.0,0.0,2838.5,2909.15,2915.43,1152.75,123.6,2,2,2,0.0,0.0,0.0,0.0,41,379.0,0.4356,0.0009,0.0009,17.8261
2026-05-25 16:00:00,DeepSeek,106,70513,49960,20553,0.0846,95.283,4.717,0.0,4.717,6151.5,7590.0,9444.75,6979.0,169.75,10,29,36,0.9434,3.7736,17.9245,0.0,3540,665.217,0.4114,0.0008,0.0008,17.2238
2026-05-25 16:00:00,MiniMax,6,4788,3529,1259,0.0115,83.3333,16.6667,0.0,0.0,2762.5,3159.5,3185.5,850.25,126.75,5,5,6,0.0,0.0,16.6667,0.0,208,798.0,0.3568,0.0019,0.0023,16.521
2026-05-25 16:00:00,Qwen,2,1102,914,188,0.0018,100.0,0.0,0.0,0.0,812.5,965.05,978.61,574.1,138.25,2,2,2,0.0,0.0,100.0,0.0,0,551.0,0.2057,0.0009,0.0009,0.0
2026-05-25 17:00:00,DeepSeek,118,83502,57739,25763,0.1002,94.0678,5.9322,1.6949,0.8475,6364.5,9319.65,10075.73,8970.85,130.3,10,27,36,1.6949,2.5424,15.2542,0.0,4117,707.6441,0.4462,0.0008,0.0009,15.9803
2026-05-25 17:00:00,MiniMax,5,3300,2633,667,0.0079,100.0,0.0,0.0,0.0,2389.0,2956.6,3020.92,928.4,53.0,4,4,5,0.0,0.0,20.0,0.0,116,660.0,0.2533,0.0016,0.0016,17.3913
2026-05-25 17:00:00,Qwen,2,968,719,249,0.0015,100.0,0.0,0.0,0.0,1607.0,2007.5,2043.1,1202.6,52.15,2,2,2,0.0,0.0,0.0,0.0,0,484.0,0.3463,0.0008,0.0008,0.0
2026-05-25 18:00:00,DeepSeek,66,43257,29799,13458,0.0519,98.4848,1.5152,0.0,1.5152,6483.5,9030.25,10223.0,8895.25,191.25,10,25,31,0.0,4.5455,24.2424,0.0,1900,655.4091,0.4516,0.0008,0.0008,14.118
2026-05-25 18:00:00,MiniMax,2,1588,1221,367,0.0038,100.0,0.0,0.0,0.0,2498.0,2705.0,2723.4,859.65,105.6,2,2,2,0.0,0.0,50.0,0.0,39,794.0,0.3006,0.0019,0.0019,10.6267
2026-05-25 19:00:00,DeepSeek,64,46225,33098,13127,0.0555,93.75,6.25,1.5625,3.125,6368.5,9194.55,10117.82,8494.75,155.05,10,27,28,0.0,4.6875,18.75,0.0,1828,722.2656,0.3966,0.0009,0.0009,13.9255
2026-05-25 19:00:00,MiniMax,2,802,540,262,0.0019,100.0,0.0,0.0,0.0,1753.0,1797.1,1801.02,864.55,84.45,2,2,2,0.0,0.0,0.0,0.0,29,401.0,0.4852,0.001,0.001,11.0687
2026-05-25 20:00:00,DeepSeek,68,46174,31364,14810,0.0554,98.5294,1.4706,1.4706,0.0,6186.5,8414.45,9120.22,7647.1,167.7,10,26,32,0.0,2.9412,25.0,0.0,2628,679.0294,0.4722,0.0008,0.0008,17.7448
2026-05-25 20:00:00,MiniMax,5,4004,2849,1155,0.0096,100.0,0.0,0.0,0.0,3059.0,4062.2,4254.84,1169.8,129.8,4,4,5,0.0,20.0,40.0,0.0,237,800.8,0.4054,0.0019,0.0019,20.5195
2026-05-25 20:00:00,Qwen,1,464,283,181,0.0007,0.0,100.0,0.0,0.0,1278.0,1278.0,1278.0,591.0,81.0,1,1,1,0.0,100.0,100.0,0.0,0,464.0,0.6396,0.0007,,0.0
2026-05-25 21:00:00,DeepSeek,70,48215,34648,13567,0.0579,98.5714,1.4286,0.0,1.4286,6309.5,8856.25,9616.02,8640.35,155.15,10,24,27,2.8571,2.8571,24.2857,0.0,2158,688.7857,0.3916,0.0008,0.0008,15.9062
2026-05-25 21:00:00,MiniMax,3,2388,2045,343,0.0057,100.0,0.0,0.0,0.0,2118.0,2163.9,2167.98,746.0,48.6,3,3,3,0.0,0.0,33.3333,0.0,47,796.0,0.1677,0.0019,0.0019,13.7026
2026-05-25 21:00:00,Qwen,4,2247,1558,689,0.0036,75.0,25.0,0.0,0.0,1465.0,1754.35,1786.87,1172.4,84.1,4,4,4,0.0,0.0,0.0,0.0,0,561.75,0.4422,0.0009,0.0012,0.0
2026-05-25 22:00:00,DeepSeek,30,17724,12169,5555,0.0213,100.0,0.0,0.0,0.0,6272.5,7680.5,7922.62,7436.65,163.65,9,22,17,3.3333,3.3333,20.0,0.0,775,590.8,0.4565,0.0007,0.0007,13.9514
2026-05-25 22:00:00,MiniMax,1,855,682,173,0.0021,100.0,0.0,0.0,0.0,2442.0,2442.0,2442.0,996.0,86.0,1,1,1,0.0,100.0,100.0,0.0,21,855.0,0.2537,0.0021,0.0021,12.1387
2026-05-25 23:00:00,DeepSeek,36,22553,16149,6404,0.0271,94.4444,5.5556,0.0,2.7778,6185.5,7557.75,8490.15,7225.0,148.0,9,19,19,0.0,5.5556,2.7778,0.0,1118,626.4722,0.3966,0.0008,0.0008,17.4578
2026-05-26 00:00:00,DeepSeek,29,24046,17855,6191,0.0289,93.1034,6.8966,0.0,0.0,5969.0,8584.0,9566.8,7459.4,119.6,10,20,20,0.0,3.4483,3.4483,0.0,1020,829.1724,0.3467,0.001,0.0011,16.4755
2026-05-26 00:00:00,MiniMax,1,485,273,212,0.0012,100.0,0.0,0.0,0.0,1159.0,1159.0,1159.0,446.0,53.0,1,1,1,0.0,0.0,0.0,0.0,53,485.0,0.7766,0.0012,0.0012,25.0
2026-05-26 00:00:00,Qwen,1,333,79,254,0.0005,100.0,0.0,0.0,0.0,1746.0,1746.0,1746.0,443.0,78.0,1,1,1,0.0,0.0,0.0,0.0,0,333.0,3.2152,0.0005,0.0005,0.0
2026-05-26 01:00:00,DeepSeek,20,15037,10061,4976,0.018,95.0,5.0,0.0,5.0,6339.5,9584.8,9916.16,8786.4,145.25,8,14,13,0.0,5.0,20.0,0.0,671,751.85,0.4946,0.0009,0.0009,13.4847
2026-05-26 01:00:00,MiniMax,1,458,266,192,0.0011,100.0,0.0,0.0,0.0,1896.0,1896.0,1896.0,543.0,103.0,1,1,1,0.0,0.0,0.0,0.0,34,458.0,0.7218,0.0011,0.0011,17.7083
2026-05-26 02:00:00,DeepSeek,20,12217,8242,3975,0.0147,100.0,0.0,0.0,0.0,6392.0,9902.4,10136.48,9124.6,159.1,9,13,17,0.0,0.0,15.0,0.0,672,610.85,0.4823,0.0007,0.0007,16.9057
2026-05-26 02:00:00,MiniMax,1,469,227,242,0.0011,100.0,0.0,0.0,0.0,2067.0,2067.0,2067.0,708.0,127.0,1,1,1,0.0,0.0,0.0,0.0,39,469.0,1.0661,0.0011,0.0011,16.1157
2026-05-26 03:00:00,DeepSeek,26,15482,10138,5344,0.0186,92.3077,7.6923,0.0,3.8462,6198.0,8659.5,10522.25,8517.5,140.25,10,17,19,0.0,3.8462,23.0769,0.0,738,595.4615,0.5271,0.0007,0.0008,13.8099
2026-05-26 03:00:00,MiniMax,1,1034,877,157,0.0025,100.0,0.0,0.0,0.0,1086.0,1086.0,1086.0,467.0,6.0,1,1,1,0.0,0.0,0.0,0.0,43,1034.0,0.179,0.0025,0.0025,27.3885
2026-05-26 04:00:00,DeepSeek,14,10220,7460,2760,0.0123,100.0,0.0,0.0,0.0,6569.5,8297.1,9101.02,7956.05,156.25,7,11,10,0.0,0.0,28.5714,0.0,401,730.0,0.37,0.0009,0.0009,14.529
2026-05-26 05:00:00,DeepSeek,20,10692,7477,3215,0.0128,100.0,0.0,0.0,0.0,6179.5,7374.4,7517.28,7117.7,255.85,9,15,16,0.0,5.0,5.0,0.0,367,534.6,0.43,0.0006,0.0006,11.4152
2026-05-26 05:00:00,MiniMax,1,512,356,156,0.0012,100.0,0.0,0.0,0.0,1769.0,1769.0,1769.0,596.0,23.0,1,1,1,0.0,0.0,0.0,0.0,13,512.0,0.4382,0.0012,0.0012,8.3333
2026-05-26 05:00:00,Qwen,1,714,531,183,0.0011,100.0,0.0,0.0,0.0,1376.0,1376.0,1376.0,424.0,68.0,1,1,1,0.0,0.0,0.0,0.0,0,714.0,0.3446,0.0011,0.0011,0.0
2026-05-26 06:00:00,DeepSeek,59,45076,33534,11542,0.0541,94.9153,5.0847,1.6949,3.3898,6320.0,9484.1,10472.42,9403.7,123.4,10,25,26,3.3898,1.6949,8.4746,0.0,1999,764.0,0.3442,0.0009,0.001,17.3194
2026-05-26 06:00:00,MiniMax,2,1242,859,383,0.003,100.0,0.0,0.0,0.0,1614.5,2134.25,2180.45,714.8,77.1,2,2,2,0.0,0.0,0.0,0.0,43,621.0,0.4459,0.0015,0.0015,11.2272
2026-05-26 06:00:00,Qwen,1,650,359,291,0.001,100.0,0.0,0.0,0.0,1403.0,1403.0,1403.0,430.0,70.0,1,1,1,0.0,0.0,0.0,0.0,0,650.0,0.8106,0.001,0.001,0.0
2026-05-26 07:00:00,DeepSeek,63,44961,33859,11102,0.054,96.8254,3.1746,0.0,0.0,6207.0,8918.0,9888.42,8677.4,150.5,10,23,29,0.0,1.5873,20.6349,0.0,1705,713.6667,0.3279,0.0009,0.0009,15.3576
2026-05-26 07:00:00,MiniMax,2,1267,781,486,0.003,100.0,0.0,0.0,0.0,1769.5,2698.75,2781.35,632.75,58.7,2,2,2,0.0,0.0,0.0,0.0,79,633.5,0.6223,0.0015,0.0015,16.2551
2026-05-26 08:00:00,DeepSeek,75,48551,32995,15556,0.0583,97.3333,2.6667,1.3333,1.3333,6440.0,8399.4,9776.16,8369.4,141.6,10,26,32,2.6667,2.6667,9.3333,0.0,2467,647.3467,0.4715,0.0008,0.0008,15.8588
2026-05-26 08:00:00,MiniMax,4,2491,1799,692,0.006,100.0,0.0,0.0,0.0,1364.0,1815.15,1872.63,711.45,79.15,3,3,4,0.0,0.0,25.0,0.0,152,622.75,0.3847,0.0015,0.0015,21.9653
2026-05-26 08:00:00,Qwen,1,341,246,95,0.0005,100.0,0.0,0.0,0.0,1357.0,1357.0,1357.0,483.0,55.0,1,1,1,0.0,0.0,100.0,0.0,0,341.0,0.3862,0.0005,0.0005,0.0
2026-05-26 09:00:00,DeepSeek,121,83836,59891,23945,0.1006,98.3471,1.6529,0.0,1.6529,6357.0,8236.0,9326.0,8005.0,155.0,10,29,34,2.4793,2.4793,13.2231,0.8264,3912,692.8595,0.3998,0.0008,0.0008,16.3374
2026-05-26 09:00:00,MiniMax,5,3694,2832,862,0.0089,100.0,0.0,0.0,0.0,1181.0,2227.2,2379.04,636.2,89.2,5,5,5,0.0,0.0,20.0,0.0,128,738.8,0.3044,0.0018,0.0018,14.8492
2026-05-26 09:00:00,Qwen,5,3176,1921,1255,0.0051,100.0,0.0,0.0,0.0,1797.0,2555.2,2700.64,777.0,113.0,5,5,5,0.0,0.0,20.0,0.0,0,635.2,0.6533,0.001,0.001,0.0
2026-05-26 10:00:00,DeepSeek,87,57602,40573,17029,0.0691,97.7011,2.2989,0.0,2.2989,6214.0,8248.5,9384.4,7911.5,164.4,10,26,33,1.1494,2.2989,24.1379,0.0,3031,662.092,0.4197,0.0008,0.0008,17.799
2026-05-26 10:00:00,MiniMax,8,5271,3626,1645,0.0126,100.0,0.0,0.0,0.0,1702.0,2093.15,2157.83,689.0,137.9,6,7,7,0.0,0.0,37.5,0.0,263,658.875,0.4537,0.0016,0.0016,15.9878
2026-05-26 10:00:00,Qwen,3,954,726,228,0.0015,100.0,0.0,0.0,0.0,921.0,1283.7,1315.94,566.0,188.9,3,3,3,0.0,0.0,0.0,0.0,0,318.0,0.314,0.0005,0.0005,0.0
2026-05-26 11:00:00,DeepSeek,118,87370,58070,29300,0.1048,93.2203,6.7797,1.6949,2.5424,6324.5,8952.0,10252.73,7844.75,155.6,10,30,37,3.3898,5.0847,15.2542,0.0,5151,740.4237,0.5046,0.0009,0.001,17.5802
2026-05-26 11:00:00,MiniMax,3,2069,1482,587,0.005,100.0,0.0,0.0,0.0,876.0,2277.3,2401.86,528.7,69.7,3,3,3,0.0,0.0,33.3333,0.0,123,689.6667,0.3961,0.0017,0.0017,20.954
2026-05-26 11:00:00,Qwen,1,507,165,342,0.0008,100.0,0.0,0.0,0.0,2564.0,2564.0,2564.0,487.0,53.0,1,1,1,0.0,0.0,0.0,0.0,0,507.0,2.0727,0.0008,0.0008,0.0
2026-05-26 12:00:00,DeepSeek,109,75867,53513,22354,0.091,97.2477,2.7523,0.9174,1.8349,6246.0,9091.4,10953.68,8748.2,162.0,10,30,36,0.0,6.422,20.1835,0.9174,3704,696.0275,0.4177,0.0008,0.0009,16.5697
2026-05-26 12:00:00,MiniMax,1,590,482,108,0.0014,100.0,0.0,0.0,0.0,925.0,925.0,925.0,584.0,103.0,1,1,1,0.0,0.0,100.0,0.0,7,590.0,0.2241,0.0014,0.0014,6.4815
2026-05-26 12:00:00,Qwen,2,1693,1358,335,0.0027,100.0,0.0,0.0,0.0,1504.5,1758.75,1781.35,684.5,117.5,2,2,2,0.0,0.0,0.0,0.0,0,846.5,0.2467,0.0014,0.0014,0.0
2026-05-26 13:00:00,DeepSeek,112,79947,55657,24290,0.0959,97.3214,2.6786,0.8929,0.8929,6435.0,8480.75,10396.89,8153.55,146.7,10,28,35,0.8929,1.7857,16.9643,0.0,3975,713.8125,0.4364,0.0009,0.0009,16.3648
2026-05-26 13:00:00,MiniMax,5,3316,2460,856,0.008,100.0,0.0,0.0,0.0,1510.0,1984.0,1987.2,805.0,172.6,5,5,5,0.0,0.0,0.0,0.0,130,663.2,0.348,0.0016,0.0016,15.1869
2026-05-26 13:00:00,Qwen,2,2154,834,1320,0.0034,100.0,0.0,0.0,0.0,3487.5,4518.45,4610.09,561.7,125.5,2,2,2,0.0,0.0,0.0,0.0,0,1077.0,1.5827,0.0017,0.0017,0.0
2026-05-26 14:00:00,DeepSeek,105,71857,51382,20475,0.0862,99.0476,0.9524,0.0,0.9524,6399.0,8495.2,9685.48,8033.8,151.8,10,27,33,0.9524,5.7143,20.0,0.0,3310,684.3524,0.3985,0.0008,0.0008,16.1661
2026-05-26 14:00:00,MiniMax,5,3540,2282,1258,0.0085,100.0,0.0,0.0,0.0,1869.0,2561.6,2585.92,642.2,118.8,3,4,4,0.0,0.0,20.0,0.0,230,708.0,0.5513,0.0017,0.0017,18.283
2026-05-26 14:00:00,Qwen,6,6099,4622,1477,0.0098,100.0,0.0,0.0,0.0,1572.0,1987.25,2039.85,1217.0,144.75,3,4,5,0.0,0.0,16.6667,0.0,0,1016.5,0.3196,0.0016,0.0016,0.0
2026-05-26 15:00:00,DeepSeek,120,80444,56838,23606,0.0965,95.8333,4.1667,0.0,2.5,6257.5,9497.8,10080.87,9200.65,152.9,10,30,37,0.8333,1.6667,23.3333,0.0,3813,670.3667,0.4153,0.0008,0.0008,16.1527
2026-05-26 15:00:00,MiniMax,5,2879,1992,887,0.0069,100.0,0.0,0.0,0.0,1410.0,1519.8,1541.56,716.0,109.6,3,5,4,0.0,40.0,0.0,0.0,175,575.8,0.4453,0.0014,0.0014,19.7294
2026-05-26 15:00:00,Qwen,3,1619,842,777,0.0026,100.0,0.0,0.0,0.0,1586.0,2744.3,2847.26,540.2,70.7,3,3,3,0.0,0.0,66.6667,0.0,0,539.6667,0.9228,0.0009,0.0009,0.0
2026-05-26 16:00:00,DeepSeek,119,79878,56371,23507,0.0959,98.3193,1.6807,0.0,1.6807,6278.0,7770.6,9539.66,7452.8,163.0,10,27,36,0.0,0.8403,21.0084,0.0,3832,671.2437,0.417,0.0008,0.0008,16.3015
2026-05-26 16:00:00,MiniMax,5,2261,1670,591,0.0054,100.0,0.0,0.0,0.0,1021.0,1533.4,1632.28,642.6,136.6,4,5,5,0.0,0.0,20.0,0.0,100,452.2,0.3539,0.0011,0.0011,16.9205
2026-05-26 16:00:00,Qwen,3,1943,1421,522,0.0031,100.0,0.0,0.0,0.0,1192.0,1624.9,1663.38,651.2,47.7,3,3,3,0.0,0.0,33.3333,0.0,0,647.6667,0.3673,0.001,0.001,0.0
2026-05-26 17:00:00,DeepSeek,126,85586,59472,26114,0.1027,99.2063,0.7937,0.7937,0.0,6420.0,8248.0,10610.75,7520.75,164.75,10,28,36,0.7937,3.1746,16.6667,0.0,4339,679.254,0.4391,0.0008,0.0008,16.6156
2026-05-26 17:00:00,MiniMax,3,1946,1488,458,0.0047,100.0,0.0,0.0,0.0,1407.0,1441.2,1444.24,527.3,61.3,2,3,2,0.0,0.0,0.0,0.0,80,648.6667,0.3078,0.0016,0.0016,17.4672
2026-05-26 17:00:00,Qwen,2,1487,1252,235,0.0024,100.0,0.0,0.0,0.0,1201.5,1670.85,1712.57,614.1,56.4,2,2,2,0.0,0.0,0.0,0.0,0,743.5,0.1877,0.0012,0.0012,0.0
2026-05-26 18:00:00,DeepSeek,78,52439,38185,14254,0.0629,93.5897,6.4103,0.0,2.5641,6270.0,7511.75,8222.43,7419.25,144.6,10,25,31,0.0,1.2821,16.6667,0.0,2190,672.2949,0.3733,0.0008,0.0009,15.3641
2026-05-26 18:00:00,MiniMax,2,1614,966,648,0.0039,100.0,0.0,0.0,0.0,2252.0,2654.3,2690.06,513.8,130.65,2,2,2,0.0,0.0,0.0,0.0,131,807.0,0.6708,0.0019,0.0019,20.216
2026-05-26 18:00:00,Qwen,1,593,486,107,0.0009,100.0,0.0,0.0,0.0,1136.0,1136.0,1136.0,743.0,23.0,1,1,1,0.0,0.0,0.0,0.0,0,593.0,0.2202,0.0009,0.0009,0.0
2026-05-26 19:00:00,DeepSeek,79,58311,42911,15400,0.07,93.6709,6.3291,2.5316,2.5316,6296.0,7872.7,8632.14,7297.0,145.4,10,26,31,1.2658,6.3291,21.519,0.0,2345,738.1139,0.3589,0.0009,0.0009,15.2273
2026-05-26 19:00:00,MiniMax,6,4211,2733,1478,0.0101,100.0,0.0,0.0,0.0,1514.0,2219.5,2319.1,624.5,136.5,5,6,5,0.0,0.0,33.3333,0.0,263,701.8333,0.5408,0.0017,0.0017,17.7943
2026-05-26 20:00:00,DeepSeek,74,47859,32819,15040,0.0574,98.6486,1.3514,0.0,0.0,6345.5,8244.35,9571.18,7162.05,182.7,10,21,27,1.3514,8.1081,18.9189,0.0,2363,646.7432,0.4583,0.0008,0.0008,15.7114
2026-05-26 20:00:00,MiniMax,4,3182,2761,421,0.0076,100.0,0.0,0.0,0.0,1149.5,1668.55,1721.71,587.4,36.0,3,3,4,0.0,0.0,0.0,0.0,79,795.5,0.1525,0.0019,0.0019,18.7648
2026-05-26 20:00:00,Qwen,2,1738,1466,272,0.0028,100.0,0.0,0.0,0.0,1151.0,1273.4,1284.28,459.45,112.0,2,2,2,0.0,0.0,50.0,0.0,0,869.0,0.1855,0.0014,0.0014,0.0
2026-05-26 21:00:00,DeepSeek,67,42558,30804,11754,0.0511,89.5522,10.4478,2.9851,5.9701,6101.0,7947.2,9588.54,6981.1,151.8,10,23,27,1.4925,7.4627,17.9104,0.0,1946,635.194,0.3816,0.0008,0.0009,16.5561
2026-05-26 21:00:00,MiniMax,1,1458,1201,257,0.0035,100.0,0.0,0.0,0.0,1817.0,1817.0,1817.0,469.0,15.0,1,1,1,0.0,0.0,100.0,0.0,32,1458.0,0.214,0.0035,0.0035,12.4514
2026-05-26 22:00:00,DeepSeek,28,19197,13259,5938,0.023,85.7143,14.2857,0.0,7.1429,6531.5,8390.8,9415.07,7579.9,162.6,9,16,18,0.0,3.5714,3.5714,0.0,896,685.6071,0.4478,0.0008,0.001,15.0893
2026-05-26 22:00:00,MiniMax,2,1593,1224,369,0.0038,50.0,50.0,0.0,0.0,1474.0,1502.8,1505.36,533.1,89.35,2,2,2,0.0,0.0,50.0,0.0,54,796.5,0.3015,0.0019,0.0038,14.6341
2026-05-26 22:00:00,Qwen,1,1780,1562,218,0.0028,100.0,0.0,0.0,0.0,1535.0,1535.0,1535.0,573.0,26.0,1,1,1,0.0,0.0,100.0,0.0,0,1780.0,0.1396,0.0028,0.0028,0.0
2026-05-26 23:00:00,DeepSeek,31,20569,15039,5530,0.0247,100.0,0.0,0.0,0.0,6184.0,10110.5,10805.4,9408.5,160.5,9,16,18,0.0,3.2258,12.9032,0.0,982,663.5161,0.3677,0.0008,0.0008,17.7577
2026-05-26 23:00:00,MiniMax,2,1663,1152,511,0.004,100.0,0.0,0.0,0.0,1954.5,2491.35,2539.07,647.65,72.15,2,2,2,0.0,0.0,50.0,0.0,69,831.5,0.4436,0.002,0.002,13.5029
2026-05-26 23:00:00,Qwen,1,908,524,384,0.0015,100.0,0.0,0.0,0.0,2164.0,2164.0,2164.0,546.0,46.0,1,1,1,0.0,0.0,100.0,0.0,0,908.0,0.7328,0.0015,0.0015,0.0
2026-05-27 00:00:00,DeepSeek,23,16923,12340,4583,0.0203,95.6522,4.3478,0.0,0.0,6558.0,9525.3,10483.76,9008.4,161.3,8,17,19,0.0,4.3478,26.087,0.0,775,735.7826,0.3714,0.0009,0.0009,16.9103
2026-05-27 00:00:00,MiniMax,3,1194,731,463,0.0029,66.6667,33.3333,0.0,0.0,1356.0,1702.5,1733.3,430.4,63.6,3,3,3,0.0,0.0,0.0,0.0,87,398.0,0.6334,0.001,0.0014,18.7905
2026-05-27 00:00:00,Qwen,1,887,758,129,0.0014,100.0,0.0,0.0,0.0,1433.0,1433.0,1433.0,571.0,166.0,1,1,1,0.0,0.0,0.0,0.0,0,887.0,0.1702,0.0014,0.0014,0.0
2026-05-27 01:00:00,DeepSeek,24,15701,11697,4004,0.0188,87.5,12.5,4.1667,0.0,6127.0,7515.55,8288.15,7028.1,127.55,8,16,16,4.1667,4.1667,20.8333,0.0,571,654.2083,0.3423,0.0008,0.0009,14.2607
2026-05-27 01:00:00,Qwen,1,321,217,104,0.0005,100.0,0.0,0.0,0.0,935.0,935.0,935.0,603.0,52.0,1,1,1,0.0,0.0,0.0,0.0,0,321.0,0.4793,0.0005,0.0005,0.0
2026-05-27 02:00:00,DeepSeek,25,16849,12061,4788,0.0202,88.0,12.0,4.0,4.0,6219.0,7857.4,9556.72,7346.4,117.4,9,19,17,0.0,0.0,4.0,0.0,776,673.96,0.397,0.0008,0.0009,16.2072
2026-05-27 02:00:00,Qwen,2,1629,1133,496,0.0026,100.0,0.0,0.0,0.0,1725.0,2199.3,2241.46,487.75,52.8,2,2,2,0.0,0.0,0.0,0.0,0,814.5,0.4378,0.0013,0.0013,0.0
2026-05-27 03:00:00,DeepSeek,17,11907,8972,2935,0.0143,88.2353,11.7647,0.0,11.7647,6262.0,10138.0,10618.0,9204.0,162.4,9,11,11,0.0,0.0,11.7647,0.0,498,700.4118,0.3271,0.0008,0.001,16.9676
2026-05-27 03:00:00,Qwen,2,1035,880,155,0.0017,100.0,0.0,0.0,0.0,890.0,950.3,955.66,513.4,81.7,1,2,2,0.0,0.0,50.0,0.0,0,517.5,0.1761,0.0008,0.0008,0.0
2026-05-27 04:00:00,DeepSeek,26,19623,13287,6336,0.0235,96.1538,3.8462,0.0,0.0,6371.5,7973.75,8001.0,7640.5,138.0,9,16,16,0.0,7.6923,23.0769,0.0,1008,754.7308,0.4769,0.0009,0.0009,15.9091
2026-05-27 04:00:00,MiniMax,1,1014,850,164,0.0024,100.0,0.0,0.0,0.0,2061.0,2061.0,2061.0,1135.0,38.0,1,1,1,0.0,0.0,0.0,0.0,19,1014.0,0.1929,0.0024,0.0024,11.5854
2026-05-27 05:00:00,DeepSeek,30,19765,13383,6382,0.0237,86.6667,13.3333,0.0,3.3333,6403.0,8362.85,8843.82,7306.6,205.2,8,16,15,0.0,6.6667,20.0,0.0,960,658.8333,0.4769,0.0008,0.0009,15.0423
2026-05-27 05:00:00,MiniMax,1,1154,1012,142,0.0028,100.0,0.0,0.0,0.0,1147.0,1147.0,1147.0,527.0,159.0,1,1,1,0.0,0.0,0.0,0.0,10,1154.0,0.1403,0.0028,0.0028,7.0423
2026-05-27 05:00:00,Qwen,2,632,447,185,0.001,100.0,0.0,0.0,0.0,1351.0,1536.4,1552.88,851.05,100.9,2,2,2,0.0,0.0,50.0,0.0,0,316.0,0.4139,0.0005,0.0005,0.0
2026-05-27 06:00:00,DeepSeek,72,47471,32225,15246,0.057,97.2222,2.7778,1.3889,1.3889,6496.5,9485.65,10203.82,9079.15,151.35,9,23,30,4.1667,4.1667,23.6111,1.3889,2684,659.3194,0.4731,0.0008,0.0008,17.6046
2026-05-27 06:00:00,MiniMax,3,2154,1509,645,0.0052,66.6667,33.3333,0.0,33.3333,1454.0,1929.2,1971.44,649.2,69.9,3,3,3,0.0,0.0,66.6667,0.0,125,718.0,0.4274,0.0017,0.0026,19.3798
2026-05-27 06:00:00,Qwen,2,1455,1084,371,0.0023,100.0,0.0,0.0,0.0,1347.0,1617.9,1641.98,512.35,34.45,2,2,2,0.0,0.0,0.0,0.0,0,727.5,0.3423,0.0012,0.0012,0.0
2026-05-27 07:00:00,DeepSeek,63,43176,30207,12969,0.0518,93.6508,6.3492,0.0,3.1746,6346.0,7768.0,9030.96,7385.0,156.3,10,26,32,0.0,0.0,15.873,0.0,2147,685.3333,0.4293,0.0008,0.0009,16.5549
2026-05-27 07:00:00,MiniMax,3,2211,1351,860,0.0053,100.0,0.0,0.0,0.0,1907.0,2231.9,2260.78,817.2,76.9,3,3,3,33.3333,0.0,0.0,0.0,115,737.0,0.6366,0.0018,0.0018,13.3721
2026-05-27 07:00:00,Qwen,3,3276,2127,1149,0.0052,100.0,0.0,0.0,0.0,2628.0,3014.1,3048.42,1184.3,79.8,3,3,3,0.0,0.0,0.0,0.0,0,1092.0,0.5402,0.0017,0.0017,0.0
2026-05-27 08:00:00,DeepSeek,60,37811,25000,12811,0.0454,95.0,5.0,1.6667,0.0,6440.0,8332.55,9022.33,7521.3,187.15,10,25,25,1.6667,1.6667,21.6667,0.0,2041,630.1833,0.5124,0.0008,0.0008,15.9316
2026-05-27 08:00:00,Qwen,1,940,538,402,0.0015,100.0,0.0,0.0,0.0,2725.0,2725.0,2725.0,468.0,82.0,1,1,1,0.0,0.0,0.0,0.0,0,940.0,0.7472,0.0015,0.0015,0.0
2026-05-27 09:00:00,DeepSeek,102,66624,47686,18938,0.0799,94.1176,5.8824,1.9608,1.9608,6414.0,9126.05,10173.32,8874.0,155.1,10,28,33,1.9608,2.9412,20.5882,0.0,3065,653.1765,0.3971,0.0008,0.0008,16.1844
2026-05-27 09:00:00,MiniMax,7,3787,2812,975,0.0091,100.0,0.0,0.0,0.0,1262.0,1802.2,1806.04,662.7,95.8,5,6,7,0.0,0.0,28.5714,0.0,123,541.0,0.3467,0.0013,0.0013,12.6154
2026-05-27 09:00:00,Qwen,4,2919,2312,607,0.0047,100.0,0.0,0.0,0.0,1549.5,2032.3,2070.46,1223.95,191.0,4,4,4,0.0,0.0,0.0,0.0,0,729.75,0.2625,0.0012,0.0012,0.0
2026-05-27 10:00:00,DeepSeek,114,78236,54673,23563,0.0939,98.2456,1.7544,0.0,0.8772,6337.5,9409.6,11933.73,8950.75,166.35,10,29,33,0.0,3.5088,23.6842,0.0,3650,686.2807,0.431,0.0008,0.0008,15.4904
2026-05-27 10:00:00,MiniMax,7,5186,4006,1180,0.0124,85.7143,14.2857,0.0,14.2857,1475.0,1921.9,2050.78,748.7,140.0,6,6,6,0.0,14.2857,42.8571,0.0,198,740.8571,0.2946,0.0018,0.0021,16.7797
2026-05-27 10:00:00,Qwen,6,3461,2382,1079,0.0055,100.0,0.0,0.0,0.0,1449.5,1868.5,1900.1,575.75,152.0,4,6,5,0.0,0.0,50.0,0.0,0,576.8333,0.453,0.0009,0.0009,0.0
2026-05-27 11:00:00,DeepSeek,116,80290,57574,22716,0.0963,93.1034,6.8966,1.7241,4.3103,6404.0,9371.75,10389.15,9246.0,175.75,10,27,37,1.7241,7.7586,17.2414,0.0,3985,692.1552,0.3946,0.0008,0.0009,17.5427
2026-05-27 11:00:00,MiniMax,3,1471,1104,367,0.0035,100.0,0.0,0.0,0.0,1557.0,1623.6,1629.52,693.7,35.9,3,3,3,0.0,0.0,0.0,0.0,57,490.3333,0.3324,0.0012,0.0012,15.5313
2026-05-27 11:00:00,Qwen,5,3572,2647,925,0.0057,100.0,0.0,0.0,0.0,1626.0,2441.0,2601.8,770.4,267.6,4,5,4,0.0,0.0,20.0,0.0,0,714.4,0.3495,0.0011,0.0011,0.0
2026-05-27 12:00:00,DeepSeek,131,90982,61927,29055,0.1092,96.1832,3.8168,0.7634,1.5267,6450.0,9289.0,10282.5,8817.0,153.5,10,29,39,0.7634,3.0534,16.7939,0.0,4720,694.5191,0.4692,0.0008,0.0009,16.2451
2026-05-27 12:00:00,MiniMax,5,2890,1859,1031,0.0069,100.0,0.0,0.0,0.0,1344.0,1968.4,2090.48,557.8,80.0,4,5,5,0.0,20.0,40.0,0.0,150,578.0,0.5546,0.0014,0.0014,14.549
2026-05-27 12:00:00,Qwen,4,2637,1879,758,0.0042,100.0,0.0,0.0,0.0,1954.5,2269.4,2281.88,1339.4,89.35,4,4,4,0.0,0.0,0.0,0.0,0,659.25,0.4034,0.0011,0.0011,0.0
2026-05-27 13:00:00,DeepSeek,109,73022,51730,21292,0.0876,96.3303,3.6697,0.9174,0.9174,6341.0,10216.4,10606.28,9391.6,201.2,10,28,35,0.9174,6.422,23.8532,0.0,3412,669.9266,0.4116,0.0008,0.0008,16.0248
2026-05-27 13:00:00,MiniMax,5,3023,2246,777,0.0073,100.0,0.0,0.0,0.0,1363.0,1828.2,1908.04,701.0,95.6,4,5,5,0.0,0.0,40.0,0.0,106,604.6,0.3459,0.0015,0.0015,13.6422
2026-05-27 13:00:00,Qwen,2,1181,909,272,0.0019,50.0,50.0,0.0,0.0,1213.5,1454.25,1475.65,582.05,93.25,2,2,2,0.0,0.0,0.0,0.0,0,590.5,0.2992,0.0009,0.0019,0.0
2026-05-27 14:00:00,DeepSeek,128,86911,60306,26605,0.1043,96.0938,3.9062,0.7812,1.5625,6283.0,8506.75,10291.35,7810.1,153.95,10,26,37,2.3438,3.9062,20.3125,0.7812,4196,678.9922,0.4412,0.0008,0.0008,15.7715
2026-05-27 14:00:00,MiniMax,2,981,422,559,0.0024,100.0,0.0,0.0,0.0,1600.5,2316.45,2380.09,515.95,25.45,1,2,2,0.0,0.0,50.0,0.0,56,490.5,1.3246,0.0012,0.0012,10.0179
2026-05-27 14:00:00,Qwen,2,1182,996,186,0.0019,100.0,0.0,0.0,0.0,1289.0,1300.7,1301.74,484.2,96.55,2,2,2,0.0,0.0,0.0,0.0,0,591.0,0.1867,0.0009,0.0009,0.0
2026-05-27 15:00:00,DeepSeek,99,67969,48043,19926,0.0816,97.9798,2.0202,0.0,1.0101,6351.0,8478.0,10076.24,7450.7,148.5,10,28,32,1.0101,4.0404,18.1818,0.0,3446,686.5556,0.4148,0.0008,0.0008,17.294
2026-05-27 15:00:00,MiniMax,9,5752,4609,1143,0.0138,100.0,0.0,0.0,0.0,1072.0,1703.0,1866.2,754.0,68.4,5,8,9,0.0,0.0,22.2222,11.1111,199,639.1111,0.248,0.0015,0.0015,17.4103
2026-05-27 15:00:00,Qwen,3,1740,968,772,0.0028,100.0,0.0,0.0,0.0,2427.0,3377.4,3461.88,1436.5,162.0,2,3,3,0.0,33.3333,33.3333,0.0,0,580.0,0.7975,0.0009,0.0009,0.0
2026-05-27 16:00:00,DeepSeek,125,82735,57478,25257,0.0993,88.0,12.0,4.0,5.6,6359.0,7960.4,9576.84,7518.2,142.6,10,27,38,0.0,6.4,12.0,0.0,3849,661.88,0.4394,0.0008,0.0009,15.2393
2026-05-27 16:00:00,MiniMax,5,2560,1513,1047,0.0061,80.0,20.0,0.0,20.0,1777.0,2589.8,2709.16,705.8,121.4,4,4,5,20.0,20.0,0.0,0.0,159,512.0,0.692,0.0012,0.0015,15.1862
2026-05-27 16:00:00,Qwen,4,4310,3269,1041,0.0069,75.0,25.0,0.0,25.0,1863.5,2835.55,2874.31,749.55,149.2,3,4,3,0.0,0.0,0.0,0.0,0,1077.5,0.3184,0.0017,0.0023,0.0
2026-05-27 17:00:00,DeepSeek,113,79330,57767,21563,0.0952,96.4602,3.5398,0.885,0.885,6360.0,8165.0,9655.84,7470.4,160.0,10,29,40,1.7699,4.4248,9.7345,0.0,3324,702.0354,0.3733,0.0008,0.0009,15.4153
2026-05-27 17:00:00,MiniMax,6,4216,2807,1409,0.0101,66.6667,33.3333,16.6667,0.0,1698.5,2767.75,2817.55,694.0,81.75,5,6,6,0.0,16.6667,0.0,0.0,191,702.6667,0.502,0.0017,0.0025,13.5557
2026-05-27 17:00:00,Qwen,3,2152,1204,948,0.0034,100.0,0.0,0.0,0.0,1818.0,1949.4,1961.08,515.7,81.2,3,3,3,0.0,0.0,0.0,0.0,0,717.3333,0.7874,0.0011,0.0011,0.0
2026-05-27 18:00:00,DeepSeek,70,46495,32472,14023,0.0558,97.1429,2.8571,1.4286,1.4286,6345.5,8893.55,9504.18,8460.2,180.4,10,26,31,0.0,1.4286,15.7143,0.0,2357,664.2143,0.4318,0.0008,0.0008,16.8081
2026-05-27 18:00:00,MiniMax,1,272,138,134,0.0007,100.0,0.0,0.0,0.0,1282.0,1282.0,1282.0,596.0,120.0,1,1,1,0.0,0.0,0.0,0.0,31,272.0,0.971,0.0007,0.0007,23.1343
2026-05-27 18:00:00,Qwen,1,473,242,231,0.0008,100.0,0.0,0.0,0.0,1775.0,1775.0,1775.0,515.0,76.0,1,1,1,0.0,0.0,100.0,0.0,0,473.0,0.9545,0.0008,0.0008,0.0
2026-05-27 19:00:00,DeepSeek,76,58127,41615,16512,0.0698,93.4211,6.5789,2.6316,2.6316,6548.0,9588.25,10378.75,9242.5,136.25,10,27,31,1.3158,6.5789,15.7895,0.0,2585,764.8289,0.3968,0.0009,0.001,15.6553
2026-05-27 19:00:00,MiniMax,1,758,559,199,0.0018,100.0,0.0,0.0,0.0,1988.0,1988.0,1988.0,587.0,75.0,1,1,1,0.0,0.0,0.0,0.0,45,758.0,0.356,0.0018,0.0018,22.6131
2026-05-27 19:00:00,Qwen,2,1193,761,432,0.0019,100.0,0.0,0.0,0.0,1749.5,2064.05,2092.01,636.95,68.9,2,2,2,0.0,0.0,0.0,0.0,0,596.5,0.5677,0.001,0.001,0.0
2026-05-27 20:00:00,DeepSeek,64,42712,30498,12214,0.0513,96.875,3.125,0.0,1.5625,6354.5,8270.9,9474.67,7675.85,152.8,10,24,29,1.5625,4.6875,20.3125,0.0,2072,667.375,0.4005,0.0008,0.0008,16.9641
2026-05-27 20:00:00,MiniMax,2,803,485,318,0.0019,100.0,0.0,0.0,0.0,1633.0,1803.1,1818.22,569.5,91.45,2,2,2,0.0,0.0,0.0,0.0,43,401.5,0.6557,0.001,0.001,13.522
2026-05-27 20:00:00,Qwen,1,2087,1689,398,0.0033,100.0,0.0,0.0,0.0,2047.0,2047.0,2047.0,444.0,26.0,1,1,1,0.0,0.0,100.0,0.0,0,2087.0,0.2356,0.0033,0.0033,0.0
2026-05-27 21:00:00,DeepSeek,62,43732,29859,13873,0.0525,96.7742,3.2258,1.6129,0.0,6341.5,7850.2,9752.99,7192.45,136.0,10,27,33,0.0,3.2258,14.5161,0.0,2079,705.3548,0.4646,0.0008,0.0009,14.9859
2026-05-27 21:00:00,MiniMax,3,3772,3194,578,0.0091,100.0,0.0,0.0,0.0,1845.0,1920.6,1927.32,652.1,99.2,2,2,3,0.0,0.0,0.0,0.0,132,1257.3333,0.181,0.003,0.003,22.8374
2026-05-27 21:00:00,Qwen,2,1375,690,685,0.0022,100.0,0.0,0.0,0.0,1903.5,1947.15,1951.03,583.6,75.75,2,2,2,0.0,0.0,0.0,0.0,0,687.5,0.9928,0.0011,0.0011,0.0
2026-05-27 22:00:00,DeepSeek,45,29429,21011,8418,0.0353,93.3333,6.6667,0.0,0.0,6319.0,7852.2,9619.04,7691.0,156.0,10,23,24,2.2222,0.0,15.5556,0.0,1302,653.9778,0.4006,0.0008,0.0008,15.4669
2026-05-27 22:00:00,MiniMax,1,201,103,98,0.0005,100.0,0.0,0.0,0.0,1575.0,1575.0,1575.0,576.0,38.0,1,1,1,0.0,0.0,0.0,0.0,21,201.0,0.9515,0.0005,0.0005,21.4286
2026-05-27 23:00:00,DeepSeek,26,19080,12471,6609,0.0229,96.1538,3.8462,3.8462,0.0,6431.5,7685.25,7870.75,6752.0,180.75,8,16,16,0.0,15.3846,11.5385,0.0,1138,733.8462,0.5299,0.0009,0.0009,17.2189
2026-05-28 00:00:00,DeepSeek,30,20377,14648,5729,0.0245,100.0,0.0,0.0,0.0,6355.5,9127.45,9840.76,8454.85,150.55,9,21,20,0.0,0.0,16.6667,0.0,954,679.2333,0.3911,0.0008,0.0008,16.6521
2026-05-28 01:00:00,DeepSeek,24,17065,11875,5190,0.0205,100.0,0.0,0.0,0.0,6372.5,8078.2,8877.93,6776.6,173.1,8,12,14,0.0,4.1667,8.3333,0.0,880,711.0417,0.4371,0.0009,0.0009,16.9557
2026-05-28 01:00:00,MiniMax,1,274,217,57,0.0007,100.0,0.0,0.0,0.0,1179.0,1179.0,1179.0,611.0,185.0,1,1,1,0.0,0.0,100.0,0.0,14,274.0,0.2627,0.0007,0.0007,24.5614
2026-05-28 02:00:00,DeepSeek,21,12975,9343,3632,0.0156,100.0,0.0,0.0,0.0,6054.0,8397.0,9861.0,8367.0,147.0,9,16,17,0.0,0.0,23.8095,0.0,527,617.8571,0.3887,0.0007,0.0007,14.5099
2026-05-28 02:00:00,MiniMax,2,1053,773,280,0.0025,100.0,0.0,0.0,0.0,1399.5,1615.95,1635.19,660.8,129.45,2,2,2,0.0,0.0,0.0,0.0,39,526.5,0.3622,0.0013,0.0013,13.9286
2026-05-28 02:00:00,Qwen,2,1675,950,725,0.0027,50.0,50.0,0.0,50.0,1826.5,2006.05,2022.01,579.2,107.9,2,2,2,0.0,0.0,0.0,0.0,0,837.5,0.7632,0.0013,0.0027,0.0
2026-05-28 03:00:00,DeepSeek,19,11722,8512,3210,0.0141,100.0,0.0,0.0,0.0,6301.0,7935.7,9121.54,7668.1,163.5,8,13,15,0.0,5.2632,21.0526,0.0,456,616.9474,0.3771,0.0007,0.0007,14.2056
2026-05-28 03:00:00,Qwen,1,783,691,92,0.0013,100.0,0.0,0.0,0.0,1005.0,1005.0,1005.0,453.0,41.0,1,1,1,0.0,0.0,0.0,0.0,0,783.0,0.1331,0.0013,0.0013,0.0
2026-05-28 04:00:00,DeepSeek,28,20186,14787,5399,0.0242,89.2857,10.7143,3.5714,3.5714,6461.0,8862.05,9930.87,7903.35,167.7,9,18,20,0.0,3.5714,7.1429,0.0,922,720.9286,0.3651,0.0009,0.001,17.0772
2026-05-28 04:00:00,Qwen,1,689,599,90,0.0011,100.0,0.0,0.0,0.0,1194.0,1194.0,1194.0,474.0,16.0,1,1,1,0.0,0.0,0.0,0.0,0,689.0,0.1503,0.0011,0.0011,0.0
2026-05-28 05:00:00,DeepSeek,16,11629,8220,3409,0.014,93.75,6.25,6.25,0.0,6398.5,7924.5,8045.7,7594.5,138.25,6,11,13,0.0,6.25,12.5,0.0,486,726.8125,0.4147,0.0009,0.0009,14.2564
2026-05-28 05:00:00,MiniMax,1,462,257,205,0.0011,100.0,0.0,0.0,0.0,1670.0,1670.0,1670.0,599.0,38.0,1,1,1,0.0,0.0,0.0,0.0,40,462.0,0.7977,0.0011,0.0011,19.5122
2026-05-28 06:00:00,DeepSeek,61,40471,28339,12132,0.0486,98.3607,1.6393,0.0,1.6393,6528.0,8588.0,10324.8,7935.0,182.0,10,24,30,0.0,6.5574,18.0328,0.0,2062,663.459,0.4281,0.0008,0.0008,16.9964
2026-05-28 06:00:00,MiniMax,1,1084,771,313,0.0026,100.0,0.0,0.0,0.0,2070.0,2070.0,2070.0,539.0,74.0,1,1,1,0.0,0.0,0.0,0.0,73,1084.0,0.406,0.0026,0.0026,23.3227
2026-05-28 06:00:00,Qwen,4,1948,1289,659,0.0031,100.0,0.0,0.0,0.0,1313.5,2381.8,2519.56,634.25,108.7,3,4,4,0.0,0.0,0.0,0.0,0,487.0,0.5112,0.0008,0.0008,0.0
2026-05-28 07:00:00,DeepSeek,71,48668,33956,14712,0.0584,98.5915,1.4085,0.0,0.0,6302.0,8174.5,9894.0,7571.5,168.5,10,23,30,0.0,7.0423,21.1268,0.0,2351,685.4648,0.4333,0.0008,0.0008,15.9802
2026-05-28 07:00:00,MiniMax,3,1867,1091,776,0.0045,66.6667,33.3333,0.0,0.0,1685.0,2252.0,2302.4,654.7,118.6,2,2,3,0.0,33.3333,33.3333,0.0,156,622.3333,0.7113,0.0015,0.0022,20.1031
2026-05-28 07:00:00,Qwen,3,1975,1068,907,0.0032,100.0,0.0,0.0,0.0,1779.0,2002.2,2022.04,741.4,264.4,3,3,3,0.0,0.0,0.0,0.0,0,658.3333,0.8493,0.0011,0.0011,0.0
2026-05-28 08:00:00,DeepSeek,68,47384,34027,13357,0.0569,97.0588,2.9412,1.4706,1.4706,6314.0,8619.05,10243.3,7968.65,146.15,10,24,29,1.4706,4.4118,25.0,0.0,2102,696.8235,0.3925,0.0008,0.0009,15.7371
2026-05-28 08:00:00,MiniMax,4,2409,1423,986,0.0058,100.0,0.0,0.0,0.0,1476.0,1630.45,1639.69,617.95,47.25,3,3,4,0.0,0.0,25.0,0.0,121,602.25,0.6929,0.0014,0.0014,12.2718
2026-05-28 08:00:00,Qwen,2,1367,730,637,0.0022,50.0,50.0,0.0,50.0,2080.0,2198.8,2209.36,889.15,228.3,2,2,2,0.0,0.0,0.0,0.0,0,683.5,0.8726,0.0011,0.0022,0.0
2026-05-28 09:00:00,DeepSeek,135,89127,63455,25672,0.107,95.5556,4.4444,1.4815,2.2222,6329.0,8548.4,9706.98,7927.8,167.0,10,30,37,0.0,4.4444,21.4815,0.0,4128,660.2,0.4046,0.0008,0.0008,16.0798
2026-05-28 09:00:00,MiniMax,7,4588,2836,1752,0.011,100.0,0.0,0.0,0.0,1813.0,2275.0,2294.2,972.0,130.0,5,5,7,0.0,0.0,0.0,0.0,282,655.4286,0.6178,0.0016,0.0016,16.0959
2026-05-28 09:00:00,Qwen,1,549,337,212,0.0009,100.0,0.0,0.0,0.0,1400.0,1400.0,1400.0,542.0,75.0,1,1,1,0.0,0.0,0.0,0.0,0,549.0,0.6291,0.0009,0.0009,0.0
2026-05-28 10:00:00,DeepSeek,125,88319,61369,26950,0.106,97.6,2.4,0.8,1.6,6566.0,8079.4,10293.52,7723.2,155.0,10,27,37,2.4,2.4,12.8,0.0,4536,706.552,0.4391,0.0008,0.0009,16.8312
2026-05-28 10:00:00,MiniMax,4,2374,1345,1029,0.0057,75.0,25.0,0.0,25.0,1256.5,2377.55,2495.51,768.05,158.1,3,4,4,0.0,0.0,25.0,0.0,175,593.5,0.7651,0.0014,0.0019,17.0068
2026-05-28 10:00:00,Qwen,3,2280,1621,659,0.0036,100.0,0.0,0.0,0.0,1698.0,1770.9,1777.38,1150.4,57.9,3,3,3,0.0,0.0,0.0,0.0,0,760.0,0.4065,0.0012,0.0012,0.0
2026-05-28 11:00:00,DeepSeek,121,77550,53866,23684,0.0931,95.8678,4.1322,0.8264,2.4793,6332.0,8899.0,10640.4,8630.0,167.0,10,28,37,0.8264,4.1322,20.6612,0.0,4096,640.9091,0.4397,0.0008,0.0008,17.2944
2026-05-28 11:00:00,MiniMax,8,7595,6399,1196,0.0182,100.0,0.0,0.0,0.0,1274.0,1784.35,1890.47,667.65,84.5,4,6,6,0.0,0.0,12.5,12.5,214,949.375,0.1869,0.0023,0.0023,17.893
2026-05-28 11:00:00,Qwen,3,2982,1721,1261,0.0048,100.0,0.0,0.0,0.0,2291.0,3334.1,3426.82,586.3,66.6,3,3,3,0.0,0.0,33.3333,0.0,0,994.0,0.7327,0.0016,0.0016,0.0
2026-05-28 12:00:00,DeepSeek,101,68003,48553,19450,0.0816,99.0099,0.9901,0.9901,0.0,6422.0,8362.0,9537.0,7600.0,189.0,10,28,35,0.9901,5.9406,21.7822,0.0,3127,673.297,0.4006,0.0008,0.0008,16.0771
2026-05-28 12:00:00,MiniMax,6,3470,1930,1540,0.0083,100.0,0.0,0.0,0.0,1663.0,2569.75,2585.95,597.25,101.75,5,5,6,0.0,0.0,16.6667,0.0,198,578.3333,0.7979,0.0014,0.0014,12.8571
2026-05-28 12:00:00,Qwen,1,430,329,101,0.0007,100.0,0.0,0.0,0.0,1352.0,1352.0,1352.0,628.0,36.0,1,1,1,0.0,0.0,0.0,0.0,0,430.0,0.307,0.0007,0.0007,0.0
2026-05-28 13:00:00,DeepSeek,115,78387,54944,23443,0.0941,93.913,6.087,2.6087,0.8696,6500.0,9136.0,10431.68,8502.7,146.6,10,28,32,0.0,3.4783,11.3043,0.0,4207,681.6261,0.4267,0.0008,0.0009,17.9457
2026-05-28 13:00:00,MiniMax,5,3129,2509,620,0.0075,100.0,0.0,0.0,0.0,1245.0,1693.0,1781.0,1065.0,131.8,4,5,5,0.0,0.0,60.0,20.0,72,625.8,0.2471,0.0015,0.0015,11.6129
2026-05-28 13:00:00,Qwen,3,2045,1093,952,0.0033,66.6667,33.3333,0.0,0.0,1508.0,2368.4,2444.88,453.0,97.5,2,3,3,0.0,0.0,0.0,0.0,0,681.6667,0.871,0.0011,0.0016,0.0
2026-05-28 14:00:00,DeepSeek,103,68400,46896,21504,0.0821,96.1165,3.8835,2.9126,0.9709,6418.0,8583.7,10507.32,7862.9,185.7,10,26,34,1.9417,1.9417,19.4175,0.0,3174,664.0777,0.4585,0.0008,0.0008,14.76
2026-05-28 14:00:00,MiniMax,5,3066,1976,1090,0.0074,100.0,0.0,0.0,0.0,1741.0,2521.0,2641.0,781.8,120.6,4,5,4,0.0,0.0,40.0,0.0,123,613.2,0.5516,0.0015,0.0015,11.2844
2026-05-28 14:00:00,Qwen,1,540,251,289,0.0009,100.0,0.0,0.0,0.0,1429.0,1429.0,1429.0,484.0,151.0,1,1,1,0.0,0.0,100.0,0.0,0,540.0,1.1514,0.0009,0.0009,0.0
2026-05-28 15:00:00,DeepSeek,118,82997,58617,24380,0.0996,95.7627,4.2373,1.6949,0.8475,6394.5,8481.0,9873.68,7892.6,136.6,10,28,38,3.3898,3.3898,11.8644,0.0,3981,703.3644,0.4159,0.0008,0.0009,16.329
2026-05-28 15:00:00,MiniMax,6,5044,3925,1119,0.0121,100.0,0.0,0.0,0.0,1235.5,2541.0,2776.2,626.75,147.5,6,6,6,0.0,0.0,0.0,0.0,199,840.6667,0.2851,0.002,0.002,17.7837
2026-05-28 15:00:00,Qwen,2,1264,778,486,0.002,100.0,0.0,0.0,0.0,1697.0,1926.5,1946.9,594.7,112.1,2,2,2,0.0,0.0,50.0,0.0,0,632.0,0.6247,0.001,0.001,0.0
2026-05-28 16:00:00,DeepSeek,129,90959,64537,26422,0.1091,96.124,3.876,0.0,3.1008,6413.0,8061.8,10068.84,7323.0,173.6,10,28,39,1.5504,3.876,18.6047,0.0,4314,705.1085,0.4094,0.0008,0.0009,16.3273
2026-05-28 16:00:00,MiniMax,3,2490,1713,777,0.006,100.0,0.0,0.0,0.0,1933.0,2793.4,2869.88,756.7,158.9,3,3,3,0.0,0.0,33.3333,0.0,52,830.0,0.4536,0.002,0.002,6.6924
2026-05-28 16:00:00,Qwen,4,3384,2268,1116,0.0054,100.0,0.0,0.0,0.0,1864.0,2180.15,2218.43,535.4,69.95,4,4,4,0.0,0.0,0.0,0.0,0,846.0,0.4921,0.0014,0.0014,0.0
2026-05-28 17:00:00,DeepSeek,124,83743,59320,24423,0.1005,93.5484,6.4516,0.8065,3.2258,6330.0,8771.05,10257.81,8204.45,152.85,10,28,37,0.8065,8.871,19.3548,0.0,3799,675.3468,0.4117,0.0008,0.0009,15.555
2026-05-28 17:00:00,MiniMax,5,2920,1709,1211,0.007,60.0,40.0,20.0,20.0,1281.0,3370.4,3692.48,761.2,204.8,2,4,4,0.0,0.0,20.0,0.0,171,584.0,0.7086,0.0014,0.0023,14.1206
2026-05-28 17:00:00,Qwen,1,844,651,193,0.0014,100.0,0.0,0.0,0.0,1906.0,1906.0,1906.0,648.0,38.0,1,1,1,0.0,0.0,0.0,0.0,0,844.0,0.2965,0.0014,0.0014,0.0
2026-05-28 18:00:00,DeepSeek,89,59973,41913,18060,0.072,98.8764,1.1236,0.0,0.0,6401.0,8602.6,9499.12,7664.0,161.6,10,27,33,0.0,4.4944,16.8539,0.0,2848,673.8539,0.4309,0.0008,0.0008,15.7697
2026-05-28 18:00:00,MiniMax,5,3031,1862,1169,0.0073,80.0,20.0,20.0,0.0,1541.0,1568.8,1568.96,670.0,82.6,3,4,3,0.0,20.0,0.0,0.0,238,606.2,0.6278,0.0015,0.0018,20.3593
2026-05-28 18:00:00,Qwen,1,663,421,242,0.0011,100.0,0.0,0.0,0.0,1560.0,1560.0,1560.0,429.0,70.0,1,1,1,0.0,0.0,0.0,0.0,0,663.0,0.5748,0.0011,0.0011,0.0
2026-05-28 19:00:00,DeepSeek,66,42154,29087,13067,0.0506,95.4545,4.5455,0.0,4.5455,6457.5,9499.25,10255.1,9045.0,136.75,10,23,27,0.0,6.0606,18.1818,0.0,2065,638.697,0.4492,0.0008,0.0008,15.8032
2026-05-28 19:00:00,MiniMax,3,3301,2810,491,0.0079,100.0,0.0,0.0,0.0,1729.0,2124.1,2159.22,798.5,140.5,2,2,3,0.0,0.0,0.0,0.0,67,1100.3333,0.1747,0.0026,0.0026,13.6456
2026-05-28 19:00:00,Qwen,3,1621,980,641,0.0026,100.0,0.0,0.0,0.0,1217.0,2010.8,2081.36,625.8,74.2,3,3,3,0.0,0.0,33.3333,0.0,0,540.3333,0.6541,0.0009,0.0009,0.0
2026-05-28 20:00:00,DeepSeek,88,60390,43074,17316,0.0725,93.1818,6.8182,1.1364,4.5455,6471.0,8298.55,9844.64,7758.4,173.95,10,30,34,2.2727,5.6818,10.2273,0.0,2851,686.25,0.402,0.0008,0.0009,16.4645
2026-05-28 20:00:00,MiniMax,2,1966,1554,412,0.0047,100.0,0.0,0.0,0.0,1870.5,1932.15,1937.63,620.2,71.85,2,2,2,0.0,0.0,50.0,0.0,92,983.0,0.2651,0.0024,0.0024,22.3301
2026-05-28 20:00:00,Qwen,1,323,223,100,0.0005,100.0,0.0,0.0,0.0,1004.0,1004.0,1004.0,391.0,25.0,1,1,1,0.0,0.0,0.0,0.0,0,323.0,0.4484,0.0005,0.0005,0.0
2026-05-28 21:00:00,DeepSeek,66,48900,35488,13412,0.0587,100.0,0.0,0.0,0.0,6386.0,9043.75,9851.45,8745.25,171.25,10,25,29,1.5152,3.0303,13.6364,0.0,2027,740.9091,0.3779,0.0009,0.0009,15.1133
2026-05-28 21:00:00,MiniMax,3,1904,1101,803,0.0046,100.0,0.0,0.0,0.0,1926.0,2404.8,2447.36,564.9,106.3,3,3,3,0.0,0.0,0.0,0.0,160,634.6667,0.7293,0.0015,0.0015,19.9253
2026-05-28 21:00:00,Qwen,3,2304,1951,353,0.0037,100.0,0.0,0.0,0.0,1028.0,1192.7,1207.34,426.3,28.8,3,3,3,0.0,0.0,66.6667,0.0,0,768.0,0.1809,0.0012,0.0012,0.0
2026-05-28 22:00:00,DeepSeek,30,22650,16476,6174,0.0272,96.6667,3.3333,3.3333,0.0,6505.5,10215.65,10259.6,9021.55,157.1,9,19,19,0.0,3.3333,10.0,0.0,851,755.0,0.3747,0.0009,0.0009,13.7836
2026-05-28 22:00:00,Qwen,1,881,721,160,0.0014,100.0,0.0,0.0,0.0,1430.0,1430.0,1430.0,493.0,78.0,1,1,1,100.0,0.0,100.0,0.0,0,881.0,0.2219,0.0014,0.0014,0.0
2026-05-28 23:00:00,DeepSeek,39,23956,16355,7601,0.0287,97.4359,2.5641,0.0,0.0,6240.0,7572.4,7627.48,7034.8,160.1,10,25,23,2.5641,0.0,20.5128,0.0,1206,614.2564,0.4648,0.0007,0.0008,15.8663
2026-05-29 00:00:00,DeepSeek,26,17693,13273,4420,0.0212,96.1538,3.8462,0.0,0.0,6268.0,8695.25,9492.5,8333.75,150.75,10,17,15,3.8462,3.8462,15.3846,0.0,707,680.5,0.333,0.0008,0.0008,15.9955
2026-05-29 00:00:00,Qwen,2,1009,626,383,0.0016,100.0,0.0,0.0,0.0,1544.0,1576.4,1579.28,520.5,51.95,2,2,2,0.0,50.0,0.0,0.0,0,504.5,0.6118,0.0008,0.0008,0.0
2026-05-29 01:00:00,DeepSeek,29,20901,15557,5344,0.0251,100.0,0.0,0.0,0.0,6404.0,7470.4,10601.2,6703.4,155.8,9,18,19,0.0,0.0,20.6897,0.0,928,720.7241,0.3435,0.0009,0.0009,17.3653
2026-05-29 01:00:00,MiniMax,1,829,529,300,0.002,100.0,0.0,0.0,0.0,2352.0,2352.0,2352.0,520.0,27.0,1,1,1,0.0,0.0,0.0,0.0,80,829.0,0.5671,0.002,0.002,26.6667
2026-05-29 01:00:00,Qwen,1,1138,908,230,0.0018,100.0,0.0,0.0,0.0,1756.0,1756.0,1756.0,395.0,19.0,1,1,1,0.0,0.0,0.0,0.0,0,1138.0,0.2533,0.0018,0.0018,0.0
2026-05-29 02:00:00,DeepSeek,17,13320,8985,4335,0.016,100.0,0.0,0.0,0.0,6660.0,8035.2,8509.44,7371.0,105.2,10,14,15,0.0,0.0,11.7647,0.0,826,783.5294,0.4825,0.0009,0.0009,19.0542
2026-05-29 02:00:00,MiniMax,1,552,419,133,0.0013,100.0,0.0,0.0,0.0,1542.0,1542.0,1542.0,607.0,87.0,1,1,1,0.0,0.0,100.0,100.0,14,552.0,0.3174,0.0013,0.0013,10.5263
2026-05-29 03:00:00,DeepSeek,28,19624,11961,7663,0.0235,96.4286,3.5714,0.0,0.0,6634.5,9245.35,9907.77,7331.75,143.65,10,20,18,0.0,14.2857,17.8571,0.0,1222,700.8571,0.6407,0.0008,0.0009,15.9468
2026-05-29 03:00:00,Qwen,2,698,377,321,0.0011,100.0,0.0,0.0,0.0,1716.0,2058.9,2089.38,731.9,199.7,2,2,2,0.0,50.0,50.0,0.0,0,349.0,0.8515,0.0006,0.0006,0.0
2026-05-29 04:00:00,DeepSeek,19,12928,8873,4055,0.0155,89.4737,10.5263,0.0,10.5263,6402.0,7867.9,8313.58,7741.1,140.3,7,15,16,0.0,15.7895,26.3158,0.0,690,680.4211,0.457,0.0008,0.0009,17.016
2026-05-29 04:00:00,MiniMax,1,977,440,537,0.0023,0.0,100.0,0.0,100.0,4170.0,4170.0,4170.0,687.0,158.0,1,1,1,0.0,0.0,0.0,0.0,144,977.0,1.2205,0.0023,,26.8156
2026-05-29 04:00:00,Qwen,1,370,278,92,0.0006,100.0,0.0,0.0,0.0,1169.0,1169.0,1169.0,639.0,143.0,1,1,1,100.0,0.0,0.0,0.0,0,370.0,0.3309,0.0006,0.0006,0.0
2026-05-29 05:00:00,DeepSeek,25,16232,10639,5593,0.0195,100.0,0.0,0.0,0.0,6607.0,7903.0,9373.92,6754.4,182.0,8,14,18,4.0,0.0,16.0,0.0,1005,649.28,0.5257,0.0008,0.0008,17.9689
2026-05-29 05:00:00,MiniMax,1,906,797,109,0.0022,100.0,0.0,0.0,0.0,1052.0,1052.0,1052.0,433.0,27.0,1,1,1,0.0,0.0,0.0,0.0,27,906.0,0.1368,0.0022,0.0022,24.7706
2026-05-29 06:00:00,DeepSeek,76,55563,38211,17352,0.0667,97.3684,2.6316,0.0,1.3158,6469.5,9230.0,9692.75,8929.25,153.0,10,28,35,3.9474,0.0,26.3158,0.0,3000,731.0921,0.4541,0.0009,0.0009,17.2891
2026-05-29 06:00:00,MiniMax,6,5159,4016,1143,0.0124,83.3333,16.6667,0.0,16.6667,1533.5,2106.75,2156.55,1070.0,211.0,4,6,6,16.6667,0.0,50.0,0.0,135,859.8333,0.2846,0.0021,0.0025,11.811
2026-05-29 06:00:00,Qwen,3,1695,1215,480,0.0027,100.0,0.0,0.0,0.0,1381.0,2137.9,2205.18,1217.9,96.8,2,3,3,0.0,0.0,0.0,0.0,0,565.0,0.3951,0.0009,0.0009,0.0
2026-05-29 07:00:00,DeepSeek,108,70995,48817,22178,0.0852,97.2222,2.7778,0.9259,1.8519,6385.0,8824.95,9943.25,8162.2,162.95,10,27,37,0.9259,3.7037,15.7407,0.9259,3539,657.3611,0.4543,0.0008,0.0008,15.9573
2026-05-29 07:00:00,MiniMax,4,2757,1711,1046,0.0066,100.0,0.0,0.0,0.0,1910.5,2582.7,2657.34,785.15,113.15,3,4,3,0.0,0.0,0.0,0.0,179,689.25,0.6113,0.0017,0.0017,17.1128
2026-05-29 07:00:00,Qwen,1,881,743,138,0.0014,100.0,0.0,0.0,0.0,1136.0,1136.0,1136.0,473.0,24.0,1,1,1,0.0,0.0,0.0,0.0,0,881.0,0.1857,0.0014,0.0014,0.0
2026-05-29 08:00:00,DeepSeek,112,79409,51768,27641,0.0953,96.4286,3.5714,0.8929,1.7857,6553.0,9284.85,10293.43,8915.55,172.45,10,28,41,0.8929,6.25,16.0714,0.0,4629,709.0089,0.5339,0.0009,0.0009,16.7469
2026-05-29 08:00:00,MiniMax,5,3105,2230,875,0.0075,100.0,0.0,0.0,0.0,1421.0,2767.8,2783.96,1163.4,126.2,4,5,4,0.0,20.0,20.0,0.0,143,621.0,0.3924,0.0015,0.0015,16.3429
2026-05-29 08:00:00,Qwen,7,4935,3661,1274,0.0079,57.1429,42.8571,14.2857,14.2857,1277.0,1443.3,1452.66,624.0,140.3,6,7,7,0.0,42.8571,14.2857,0.0,0,705.0,0.348,0.0011,0.002,0.0
2026-05-29 09:00:00,DeepSeek,148,107964,77215,30749,0.1296,94.5946,5.4054,2.027,2.027,6430.5,8881.75,10699.94,7971.35,157.3,10,30,41,0.6757,4.0541,18.9189,0.0,4892,729.4865,0.3982,0.0009,0.0009,15.9095
2026-05-29 09:00:00,MiniMax,7,6067,4662,1405,0.0146,85.7143,14.2857,14.2857,0.0,1321.0,3487.6,4024.72,856.8,131.9,5,6,5,0.0,28.5714,14.2857,14.2857,238,866.7143,0.3014,0.0021,0.0024,16.9395
2026-05-29 09:00:00,Qwen,7,5139,3446,1693,0.0082,85.7143,14.2857,0.0,14.2857,1568.0,2657.0,2813.0,1136.6,98.5,4,5,6,0.0,0.0,28.5714,0.0,0,734.1429,0.4913,0.0012,0.0014,0.0
2026-05-29 10:00:00,DeepSeek,116,80602,55652,24950,0.0967,98.2759,1.7241,0.0,0.0,6493.5,9391.5,10652.75,9227.75,146.5,10,27,37,0.0,5.1724,18.1034,0.0,3966,694.8448,0.4483,0.0008,0.0008,15.8958
2026-05-29 10:00:00,MiniMax,1,542,331,211,0.0013,100.0,0.0,0.0,0.0,2309.0,2309.0,2309.0,524.0,12.0,1,1,1,0.0,0.0,0.0,0.0,43,542.0,0.6375,0.0013,0.0013,20.3791
2026-05-29 10:00:00,Qwen,2,1477,1175,302,0.0024,100.0,0.0,0.0,0.0,1354.0,1437.7,1445.14,695.25,193.6,1,2,2,0.0,0.0,50.0,0.0,0,738.5,0.257,0.0012,0.0012,0.0
2026-05-29 11:00:00,DeepSeek,120,82501,57610,24891,0.099,94.1667,5.8333,2.5,2.5,6493.0,9020.6,10256.2,8246.6,156.1,10,28,38,1.6667,3.3333,24.1667,0.0,3896,687.5083,0.4321,0.0008,0.0009,15.6522
2026-05-29 11:00:00,MiniMax,5,4860,3741,1119,0.0117,100.0,0.0,0.0,0.0,1395.0,3135.2,3479.04,673.2,176.4,5,5,5,0.0,0.0,20.0,0.0,194,972.0,0.2991,0.0023,0.0023,17.3369
2026-05-29 11:00:00,Qwen,1,1398,1242,156,0.0022,100.0,0.0,0.0,0.0,1319.0,1319.0,1319.0,644.0,57.0,1,1,1,0.0,0.0,0.0,0.0,0,1398.0,0.1256,0.0022,0.0022,0.0
2026-05-29 12:00:00,DeepSeek,102,69291,50170,19121,0.0831,98.0392,1.9608,0.0,1.9608,6364.0,8403.35,9416.8,8157.8,163.85,10,29,40,0.9804,3.9216,15.6863,0.9804,3069,679.3235,0.3811,0.0008,0.0008,16.0504
2026-05-29 12:00:00,MiniMax,3,1774,1261,513,0.0043,100.0,0.0,0.0,0.0,1539.0,1780.2,1801.64,538.8,68.4,3,3,3,0.0,0.0,0.0,0.0,104,591.3333,0.4068,0.0014,0.0014,20.2729
2026-05-29 12:00:00,Qwen,1,1445,1275,170,0.0023,100.0,0.0,0.0,0.0,1029.0,1029.0,1029.0,553.0,19.0,1,1,1,0.0,0.0,0.0,0.0,0,1445.0,0.1333,0.0023,0.0023,0.0
2026-05-29 13:00:00,DeepSeek,113,77780,53728,24052,0.0933,92.9204,7.0796,3.5398,2.6549,6448.0,9362.4,10187.64,8161.6,179.0,10,27,31,3.5398,6.1947,15.9292,0.0,3817,688.3186,0.4477,0.0008,0.0009,15.8698
2026-05-29 13:00:00,MiniMax,4,2045,1542,503,0.0049,100.0,0.0,0.0,0.0,1581.5,1741.55,1751.51,678.4,126.0,3,3,4,0.0,0.0,25.0,0.0,91,511.25,0.3262,0.0012,0.0012,18.0915
2026-05-29 13:00:00,Qwen,1,484,290,194,0.0008,100.0,0.0,0.0,0.0,3210.0,3210.0,3210.0,1730.0,168.0,1,1,1,0.0,0.0,0.0,0.0,0,484.0,0.669,0.0008,0.0008,0.0
2026-05-29 14:00:00,DeepSeek,147,96357,64557,31800,0.1156,95.2381,4.7619,0.6803,0.6803,6448.0,9437.7,10574.88,8909.1,160.4,10,29,41,0.6803,4.0816,19.0476,0.6803,5096,655.4898,0.4926,0.0008,0.0008,16.0252
2026-05-29 14:00:00,MiniMax,1,852,640,212,0.002,100.0,0.0,0.0,0.0,1426.0,1426.0,1426.0,376.0,19.0,1,1,1,0.0,0.0,0.0,0.0,44,852.0,0.3312,0.002,0.002,20.7547
2026-05-29 14:00:00,Qwen,6,4863,3594,1269,0.0078,100.0,0.0,0.0,0.0,1381.5,2425.75,2502.75,1153.75,100.75,5,5,5,0.0,0.0,16.6667,0.0,0,810.5,0.3531,0.0013,0.0013,0.0
2026-05-29 15:00:00,DeepSeek,132,91302,64495,26807,0.1096,94.697,5.303,2.2727,2.2727,6440.0,8688.75,9604.2,7488.35,146.6,10,26,36,0.0,4.5455,19.697,0.0,4350,691.6818,0.4156,0.0008,0.0009,16.2271
2026-05-29 15:00:00,MiniMax,2,1228,606,622,0.0029,100.0,0.0,0.0,0.0,1978.5,2391.15,2427.83,492.65,36.9,1,1,2,0.0,0.0,0.0,0.0,92,614.0,1.0264,0.0015,0.0015,14.791
2026-05-29 15:00:00,Qwen,1,449,312,137,0.0007,100.0,0.0,0.0,0.0,1205.0,1205.0,1205.0,608.0,19.0,1,1,1,0.0,0.0,0.0,0.0,0,449.0,0.4391,0.0007,0.0007,0.0
2026-05-29 16:00:00,DeepSeek,107,80244,56589,23655,0.0963,96.2617,3.7383,0.9346,0.9346,6543.0,9008.8,10506.06,8452.4,144.9,10,28,35,1.8692,0.9346,19.6262,0.0,3631,749.9439,0.418,0.0009,0.0009,15.3498
2026-05-29 16:00:00,MiniMax,8,4622,3006,1616,0.0111,100.0,0.0,0.0,0.0,1546.0,2100.75,2211.35,764.05,139.15,6,7,7,0.0,0.0,25.0,0.0,213,577.75,0.5376,0.0014,0.0014,13.1807
2026-05-29 16:00:00,Qwen,4,4003,3155,848,0.0064,100.0,0.0,0.0,0.0,1793.5,1870.2,1878.84,583.6,72.7,4,4,4,0.0,25.0,25.0,0.0,0,1000.75,0.2688,0.0016,0.0016,0.0
2026-05-29 17:00:00,DeepSeek,110,73693,52164,21529,0.0884,97.2727,2.7273,0.9091,0.9091,6382.0,9299.6,10045.0,8935.95,168.1,10,28,34,1.8182,2.7273,14.5455,0.0,3595,669.9364,0.4127,0.0008,0.0008,16.6984
2026-05-29 17:00:00,MiniMax,3,2173,1595,578,0.0052,100.0,0.0,0.0,0.0,1622.0,1991.9,2024.78,562.1,108.5,3,3,3,0.0,33.3333,0.0,0.0,134,724.3333,0.3624,0.0017,0.0017,23.1834
2026-05-29 17:00:00,Qwen,4,2996,2134,862,0.0048,75.0,25.0,0.0,25.0,1557.0,2003.0,2065.4,556.55,75.65,4,4,4,0.0,0.0,0.0,0.0,0,749.0,0.4039,0.0012,0.0016,0.0
2026-05-29 18:00:00,DeepSeek,67,47909,32890,15019,0.0575,94.0299,5.9701,1.4925,1.4925,6495.0,9231.7,10501.22,8743.7,183.9,10,27,30,1.4925,4.4776,19.403,0.0,2293,715.0597,0.4566,0.0009,0.0009,15.2673
2026-05-29 18:00:00,MiniMax,1,378,206,172,0.0009,100.0,0.0,0.0,0.0,1328.0,1328.0,1328.0,457.0,52.0,1,1,1,0.0,0.0,0.0,0.0,31,378.0,0.835,0.0009,0.0009,18.0233
2026-05-29 18:00:00,Qwen,1,508,180,328,0.0008,100.0,0.0,0.0,0.0,1824.0,1824.0,1824.0,457.0,44.0,1,1,1,0.0,0.0,0.0,0.0,0,508.0,1.8222,0.0008,0.0008,0.0
2026-05-29 19:00:00,DeepSeek,65,40893,28596,12297,0.0491,98.4615,1.5385,0.0,1.5385,6407.0,9074.0,10567.04,8687.8,157.8,10,26,29,0.0,6.1538,26.1538,0.0,1951,629.1231,0.43,0.0008,0.0008,15.8657
2026-05-29 19:00:00,MiniMax,2,1091,633,458,0.0026,100.0,0.0,0.0,0.0,1528.5,1600.95,1607.39,554.6,105.8,2,2,2,0.0,0.0,0.0,0.0,50,545.5,0.7235,0.0013,0.0013,10.917
2026-05-29 19:00:00,Qwen,1,1272,1168,104,0.002,100.0,0.0,0.0,0.0,1020.0,1020.0,1020.0,413.0,39.0,1,1,1,0.0,0.0,0.0,0.0,0,1272.0,0.089,0.002,0.002,0.0
2026-05-29 20:00:00,DeepSeek,83,52437,34861,17576,0.0629,91.5663,8.4337,1.2048,4.8193,6415.0,9038.7,9856.86,7767.5,182.9,9,25,31,0.0,4.8193,14.4578,0.0,2774,631.7711,0.5042,0.0008,0.0008,15.7829
2026-05-29 20:00:00,MiniMax,4,4053,2830,1223,0.0097,100.0,0.0,0.0,0.0,1636.5,2045.85,2096.37,597.6,81.15,3,4,4,0.0,0.0,0.0,0.0,161,1013.25,0.4322,0.0024,0.0024,13.1643
2026-05-29 20:00:00,Qwen,1,190,143,47,0.0003,100.0,0.0,0.0,0.0,691.0,691.0,691.0,661.0,106.0,1,1,1,0.0,0.0,0.0,0.0,0,190.0,0.3287,0.0003,0.0003,0.0
2026-05-29 21:00:00,DeepSeek,58,39172,26706,12466,0.047,98.2759,1.7241,0.0,0.0,6569.5,9098.35,10058.31,9027.7,131.15,10,24,31,3.4483,3.4483,20.6897,0.0,1960,675.3793,0.4668,0.0008,0.0008,15.7228
2026-05-29 21:00:00,MiniMax,2,1206,739,467,0.0029,100.0,0.0,0.0,0.0,1677.0,2272.8,2325.76,512.75,103.6,2,2,2,0.0,0.0,0.0,0.0,100,603.0,0.6319,0.0014,0.0014,21.4133
2026-05-29 21:00:00,Qwen,2,1674,1296,378,0.0027,50.0,50.0,50.0,0.0,1428.5,1520.75,1528.95,723.1,34.3,2,2,2,0.0,0.0,0.0,0.0,0,837.0,0.2917,0.0013,0.0027,0.0
2026-05-29 22:00:00,DeepSeek,27,19794,13634,6160,0.0238,96.2963,3.7037,0.0,0.0,7148.0,9359.0,9684.34,8595.0,151.7,8,17,14,3.7037,3.7037,14.8148,0.0,888,733.1111,0.4518,0.0009,0.0009,14.4156
2026-05-29 22:00:00,MiniMax,1,865,588,277,0.0021,100.0,0.0,0.0,0.0,1379.0,1379.0,1379.0,569.0,79.0,1,1,1,0.0,0.0,0.0,0.0,39,865.0,0.4711,0.0021,0.0021,14.0794
2026-05-29 22:00:00,Qwen,1,469,363,106,0.0008,100.0,0.0,0.0,0.0,2444.0,2444.0,2444.0,1433.0,108.0,1,1,1,0.0,0.0,0.0,0.0,0,469.0,0.292,0.0008,0.0008,0.0
2026-05-29 23:00:00,DeepSeek,37,24186,16811,7375,0.029,97.2973,2.7027,0.0,2.7027,6724.0,9626.0,10655.76,9066.8,181.4,9,22,24,0.0,2.7027,21.6216,0.0,1288,653.6757,0.4387,0.0008,0.0008,17.4644
2026-05-29 23:00:00,MiniMax,2,1312,982,330,0.0031,100.0,0.0,0.0,0.0,1611.5,1638.05,1640.41,740.45,165.3,2,2,2,0.0,0.0,0.0,0.0,44,656.0,0.336,0.0016,0.0016,13.3333
2026-05-29 23:00:00,Qwen,1,429,213,216,0.0007,100.0,0.0,0.0,0.0,1699.0,1699.0,1699.0,417.0,26.0,1,1,1,0.0,0.0,100.0,0.0,0,429.0,1.0141,0.0007,0.0007,0.0
2026-05-30 00:00:00,DeepSeek,20,12448,8962,3486,0.0149,100.0,0.0,0.0,0.0,6490.0,8924.15,10142.43,8406.3,122.15,9,14,14,0.0,0.0,30.0,0.0,710,622.4,0.389,0.0007,0.0007,20.3672
2026-05-30 00:00:00,Qwen,2,1261,965,296,0.002,100.0,0.0,0.0,0.0,1165.0,1259.5,1267.9,647.1,62.45,2,2,2,0.0,0.0,0.0,0.0,0,630.5,0.3067,0.001,0.001,0.0
2026-05-30 01:00:00,DeepSeek,18,12961,8447,4514,0.0156,100.0,0.0,0.0,0.0,6617.0,8841.6,9755.52,7649.45,181.0,9,15,11,0.0,0.0,16.6667,0.0,765,720.0556,0.5344,0.0009,0.0009,16.9473
2026-05-30 01:00:00,Qwen,2,1703,1059,644,0.0027,100.0,0.0,0.0,0.0,2284.5,2823.15,2871.03,439.8,70.5,2,2,2,0.0,0.0,0.0,0.0,0,851.5,0.6081,0.0014,0.0014,0.0
2026-05-30 02:00:00,DeepSeek,16,8443,5120,3323,0.0101,100.0,0.0,0.0,0.0,6397.0,9087.5,10202.3,7809.75,130.75,7,11,14,0.0,0.0,12.5,6.25,570,527.6875,0.649,0.0006,0.0006,17.1532
2026-05-30 02:00:00,Qwen,1,1019,398,621,0.0016,100.0,0.0,0.0,0.0,3525.0,3525.0,3525.0,1320.0,57.0,1,1,1,0.0,0.0,0.0,0.0,0,1019.0,1.5603,0.0016,0.0016,0.0
2026-05-30 03:00:00,DeepSeek,14,12855,8658,4197,0.0154,100.0,0.0,0.0,0.0,6733.5,10082.9,10526.98,9583.1,223.15,9,12,14,0.0,14.2857,14.2857,0.0,873,918.2143,0.4848,0.0011,0.0011,20.8006
2026-05-30 03:00:00,MiniMax,1,715,502,213,0.0017,100.0,0.0,0.0,0.0,1661.0,1661.0,1661.0,488.0,60.0,1,1,1,0.0,0.0,100.0,0.0,33,715.0,0.4243,0.0017,0.0017,15.493
2026-05-30 03:00:00,Qwen,1,808,436,372,0.0013,100.0,0.0,0.0,0.0,2092.0,2092.0,2092.0,551.0,117.0,1,1,1,0.0,0.0,0.0,0.0,0,808.0,0.8532,0.0013,0.0013,0.0
2026-05-30 04:00:00,DeepSeek,14,10703,6960,3743,0.0128,100.0,0.0,0.0,0.0,6389.0,8826.55,9540.51,7963.3,169.05,6,10,10,0.0,0.0,7.1429,0.0,664,764.5,0.5378,0.0009,0.0009,17.7398
2026-05-30 04:00:00,MiniMax,2,2056,1750,306,0.0049,100.0,0.0,0.0,0.0,1736.0,2402.0,2461.2,741.15,165.65,2,2,2,0.0,0.0,0.0,0.0,40,1028.0,0.1749,0.0025,0.0025,13.0719
2026-05-30 05:00:00,DeepSeek,18,12230,7910,4320,0.0147,83.3333,16.6667,5.5556,11.1111,6668.5,8676.05,9524.01,7971.35,171.85,8,14,13,0.0,11.1111,5.5556,0.0,802,679.4444,0.5461,0.0008,0.001,18.5648
2026-05-30 06:00:00,DeepSeek,51,37735,24962,12773,0.0453,98.0392,1.9608,0.0,0.0,6522.0,9431.0,10202.0,8984.0,164.5,10,21,26,1.9608,5.8824,21.5686,0.0,2048,739.902,0.5117,0.0009,0.0009,16.0338
2026-05-30 06:00:00,MiniMax,2,1120,675,445,0.0027,100.0,0.0,0.0,0.0,1378.0,1461.7,1469.14,606.0,122.8,2,2,2,0.0,0.0,100.0,0.0,49,560.0,0.6593,0.0013,0.0013,11.0112
2026-05-30 06:00:00,Qwen,1,1313,1198,115,0.0021,100.0,0.0,0.0,0.0,1380.0,1380.0,1380.0,596.0,135.0,1,1,1,0.0,0.0,0.0,0.0,0,1313.0,0.096,0.0021,0.0021,0.0
2026-05-30 07:00:00,DeepSeek,47,34959,24625,10334,0.042,93.617,6.383,0.0,4.2553,6721.0,8265.0,8972.9,7160.0,134.9,10,20,23,2.1277,4.2553,14.8936,0.0,1729,743.8085,0.4197,0.0009,0.001,16.7312
2026-05-30 07:00:00,MiniMax,2,1428,558,870,0.0034,100.0,0.0,0.0,0.0,2500.5,3802.35,3918.07,674.85,222.0,2,2,2,0.0,0.0,0.0,0.0,156,714.0,1.5591,0.0017,0.0017,17.931
2026-05-30 07:00:00,Qwen,1,678,582,96,0.0011,100.0,0.0,0.0,0.0,923.0,923.0,923.0,578.0,28.0,1,1,1,0.0,0.0,0.0,0.0,0,678.0,0.1649,0.0011,0.0011,0.0
2026-05-30 08:00:00,DeepSeek,43,34831,24316,10515,0.0418,95.3488,4.6512,0.0,0.0,6762.0,10229.2,10538.74,9544.6,140.5,9,19,20,0.0,4.6512,23.2558,0.0,1675,810.0233,0.4324,0.001,0.001,15.9296
2026-05-30 08:00:00,MiniMax,3,1945,1506,439,0.0047,100.0,0.0,0.0,0.0,1135.0,1171.0,1174.2,600.3,148.6,2,3,2,0.0,0.0,0.0,0.0,109,648.3333,0.2915,0.0016,0.0016,24.8292
2026-05-30 08:00:00,Qwen,1,743,310,433,0.0012,100.0,0.0,0.0,0.0,3162.0,3162.0,3162.0,734.0,88.0,1,1,1,0.0,0.0,0.0,0.0,0,743.0,1.3968,0.0012,0.0012,0.0
2026-05-30 09:00:00,DeepSeek,71,48637,34059,14578,0.0584,95.7746,4.2254,2.8169,1.4085,6547.0,8710.5,9418.6,7827.0,134.0,10,21,27,0.0,4.2254,12.6761,0.0,2232,685.0282,0.428,0.0008,0.0009,15.3107
2026-05-30 09:00:00,MiniMax,4,2403,1494,909,0.0058,100.0,0.0,0.0,0.0,1787.5,2411.3,2454.26,792.95,218.5,3,3,4,0.0,0.0,25.0,0.0,164,600.75,0.6084,0.0014,0.0014,18.0418
2026-05-30 09:00:00,Qwen,2,614,276,338,0.001,50.0,50.0,0.0,50.0,1346.0,1638.5,1664.5,495.7,114.0,2,2,2,0.0,50.0,0.0,0.0,0,307.0,1.2246,0.0005,0.001,0.0
2026-05-30 10:00:00,DeepSeek,86,56439,41574,14865,0.0677,94.186,5.814,0.0,3.4884,6489.5,9100.75,10709.0,8939.75,162.0,10,24,31,0.0,3.4884,17.4419,1.1628,2329,656.2674,0.3576,0.0008,0.0008,15.6677
2026-05-30 10:00:00,MiniMax,2,1017,844,173,0.0024,100.0,0.0,0.0,0.0,745.0,745.9,745.98,565.65,70.1,2,2,2,0.0,0.0,50.0,0.0,20,508.5,0.205,0.0012,0.0012,11.5607
2026-05-30 10:00:00,Qwen,2,953,706,247,0.0015,50.0,50.0,0.0,50.0,1472.5,1756.45,1781.69,529.0,95.85,2,2,2,0.0,0.0,100.0,0.0,0,476.5,0.3499,0.0008,0.0015,0.0
2026-05-30 11:00:00,DeepSeek,76,53268,37243,16025,0.0639,94.7368,5.2632,2.6316,1.3158,6687.5,9532.75,10118.25,8803.75,150.25,10,27,32,3.9474,3.9474,15.7895,0.0,2433,700.8947,0.4303,0.0008,0.0009,15.1825
2026-05-30 11:00:00,MiniMax,3,2802,1917,885,0.0067,100.0,0.0,0.0,0.0,2207.0,2690.3,2733.26,707.8,169.0,2,3,3,0.0,0.0,0.0,0.0,173,934.0,0.4617,0.0022,0.0022,19.548
2026-05-30 11:00:00,Qwen,2,1133,692,441,0.0018,100.0,0.0,0.0,0.0,2091.0,2239.5,2252.7,1281.25,189.75,2,2,2,0.0,0.0,0.0,0.0,0,566.5,0.6373,0.0009,0.0009,0.0
2026-05-30 12:00:00,DeepSeek,80,66595,49842,16753,0.0799,93.75,6.25,3.75,1.25,6356.5,8117.85,10077.32,7390.4,148.55,10,27,34,0.0,3.75,21.25,0.0,2793,832.4375,0.3361,0.001,0.0011,16.6716
2026-05-30 12:00:00,MiniMax,4,2147,1426,721,0.0052,75.0,25.0,0.0,0.0,1579.0,2043.8,2107.16,744.55,124.05,4,4,4,0.0,25.0,0.0,0.0,125,536.75,0.5056,0.0013,0.0017,17.337
2026-05-30 12:00:00,Qwen,2,2159,1673,486,0.0035,50.0,50.0,0.0,50.0,2333.5,3054.85,3118.97,1411.15,115.9,2,2,2,0.0,50.0,50.0,0.0,0,1079.5,0.2905,0.0017,0.0035,0.0
2026-05-30 13:00:00,DeepSeek,85,56055,39444,16611,0.0673,95.2941,4.7059,1.1765,2.3529,6590.0,9278.6,11405.68,9105.6,155.8,10,27,31,1.1765,0.0,7.0588,0.0,2815,659.4706,0.4211,0.0008,0.0008,16.9466
2026-05-30 13:00:00,MiniMax,3,2146,1160,986,0.0052,66.6667,33.3333,0.0,33.3333,1145.0,3101.6,3275.52,540.3,112.2,3,3,3,0.0,0.0,66.6667,0.0,117,715.3333,0.85,0.0017,0.0026,11.8661
2026-05-30 13:00:00,Qwen,2,1491,793,698,0.0024,100.0,0.0,0.0,0.0,2477.5,3385.15,3465.83,519.15,54.0,2,2,2,0.0,0.0,50.0,50.0,0,745.5,0.8802,0.0012,0.0012,0.0
2026-05-30 14:00:00,DeepSeek,87,59326,42415,16911,0.0712,97.7011,2.2989,2.2989,0.0,6418.0,7763.4,8816.96,7150.0,174.7,10,28,31,1.1494,3.4483,26.4368,0.0,2733,681.908,0.3987,0.0008,0.0008,16.1611
2026-05-30 14:00:00,MiniMax,1,326,165,161,0.0008,100.0,0.0,0.0,0.0,1434.0,1434.0,1434.0,496.0,102.0,1,1,1,0.0,0.0,0.0,0.0,40,326.0,0.9758,0.0008,0.0008,24.8447
2026-05-30 14:00:00,Qwen,2,1997,1515,482,0.0032,100.0,0.0,0.0,0.0,1509.0,1757.4,1779.48,372.6,42.9,2,2,2,0.0,0.0,50.0,0.0,0,998.5,0.3182,0.0016,0.0016,0.0
2026-05-30 15:00:00,DeepSeek,103,67101,46822,20279,0.0805,92.233,7.767,2.9126,1.9417,6525.0,9691.9,10196.06,8847.2,203.3,10,27,35,0.0,3.8835,13.5922,0.0,3343,651.466,0.4331,0.0008,0.0008,16.485
2026-05-30 15:00:00,MiniMax,6,3444,2074,1370,0.0083,100.0,0.0,0.0,0.0,1647.5,2358.5,2476.5,615.25,93.0,5,5,6,0.0,0.0,16.6667,16.6667,246,574.0,0.6606,0.0014,0.0014,17.9562
2026-05-30 15:00:00,Qwen,3,1513,1136,377,0.0024,100.0,0.0,0.0,0.0,1352.0,1519.4,1534.28,856.4,175.3,3,3,3,33.3333,0.0,66.6667,0.0,0,504.3333,0.3319,0.0008,0.0008,0.0
2026-05-30 16:00:00,DeepSeek,96,71116,50252,20864,0.0853,95.8333,4.1667,2.0833,0.0,6450.0,8793.5,10315.2,8009.25,168.5,9,27,35,0.0,2.0833,14.5833,0.0,3375,740.7917,0.4152,0.0009,0.0009,16.1762
2026-05-30 16:00:00,MiniMax,4,2290,1536,754,0.0055,100.0,0.0,0.0,0.0,1178.5,1881.3,1967.46,605.35,53.95,3,4,4,0.0,0.0,0.0,0.0,103,572.5,0.4909,0.0014,0.0014,13.6605
2026-05-30 16:00:00,Qwen,4,1721,1190,531,0.0028,75.0,25.0,0.0,25.0,1318.0,1630.55,1674.11,603.95,51.05,4,4,4,0.0,0.0,25.0,0.0,0,430.25,0.4462,0.0007,0.0009,0.0
2026-05-30 17:00:00,DeepSeek,88,61705,44977,16728,0.074,95.4545,4.5455,2.2727,1.1364,6522.0,9900.6,10796.19,9250.15,146.65,10,27,34,2.2727,2.2727,15.9091,0.0,2621,701.1932,0.3719,0.0008,0.0009,15.6683
2026-05-30 17:00:00,MiniMax,3,3182,2679,503,0.0076,100.0,0.0,0.0,0.0,1671.0,2187.6,2233.52,534.6,80.5,2,3,3,0.0,0.0,0.0,0.0,80,1060.6667,0.1878,0.0025,0.0025,15.9046
2026-05-30 17:00:00,Qwen,6,4243,2827,1416,0.0068,100.0,0.0,0.0,0.0,1557.5,2520.25,2672.05,1216.75,51.75,6,6,6,0.0,16.6667,50.0,0.0,0,707.1667,0.5009,0.0011,0.0011,0.0
2026-05-30 18:00:00,DeepSeek,44,31815,23099,8716,0.0382,95.4545,4.5455,0.0,0.0,6581.5,7757.0,7800.25,7310.8,161.6,10,21,22,2.2727,9.0909,11.3636,0.0,1452,723.0682,0.3773,0.0009,0.0009,16.659
2026-05-30 18:00:00,MiniMax,1,426,302,124,0.001,0.0,100.0,0.0,100.0,1400.0,1400.0,1400.0,572.0,183.0,1,1,1,0.0,100.0,0.0,0.0,11,426.0,0.4106,0.001,,8.871
2026-05-30 18:00:00,Qwen,2,1163,896,267,0.0019,100.0,0.0,0.0,0.0,1156.0,1225.3,1231.46,699.1,62.25,2,2,2,0.0,0.0,50.0,0.0,0,581.5,0.298,0.0009,0.0009,0.0
2026-05-30 19:00:00,DeepSeek,45,31897,23348,8549,0.0383,100.0,0.0,0.0,0.0,6337.0,8646.6,10781.28,7253.4,177.0,10,20,25,2.2222,4.4444,24.4444,0.0,1321,708.8222,0.3662,0.0009,0.0009,15.4521
2026-05-30 20:00:00,DeepSeek,55,37945,26306,11639,0.0455,96.3636,3.6364,0.0,1.8182,6440.0,8287.3,9994.64,7366.0,198.6,9,22,26,1.8182,3.6364,14.5455,0.0,1781,689.9091,0.4424,0.0008,0.0009,15.302
2026-05-30 20:00:00,MiniMax,4,5029,3946,1083,0.0121,100.0,0.0,0.0,0.0,1503.5,3464.35,3722.47,635.35,129.7,3,4,4,0.0,0.0,0.0,0.0,101,1257.25,0.2745,0.003,0.003,9.3259
2026-05-30 20:00:00,Qwen,1,836,524,312,0.0013,0.0,100.0,0.0,100.0,1645.0,1645.0,1645.0,589.0,55.0,1,1,1,0.0,0.0,100.0,0.0,0,836.0,0.5954,0.0013,,0.0
2026-05-30 21:00:00,DeepSeek,42,28079,19734,8345,0.0337,92.8571,7.1429,4.7619,2.381,6413.5,8097.85,9625.98,7399.85,161.8,10,23,26,0.0,4.7619,26.1905,0.0,1279,668.5476,0.4229,0.0008,0.0009,15.3265
2026-05-30 21:00:00,MiniMax,2,4419,3834,585,0.0106,100.0,0.0,0.0,0.0,1908.5,2064.65,2078.53,630.9,33.8,2,2,2,0.0,0.0,0.0,0.0,107,2209.5,0.1526,0.0053,0.0053,18.2906
2026-05-30 21:00:00,Qwen,1,354,222,132,0.0006,0.0,100.0,0.0,0.0,626.0,626.0,626.0,405.0,18.0,1,1,1,0.0,0.0,0.0,0.0,0,354.0,0.5946,0.0006,,0.0
2026-05-30 22:00:00,DeepSeek,24,14791,10054,4737,0.0177,91.6667,8.3333,0.0,4.1667,6773.5,9678.9,10421.87,9395.05,160.8,8,16,15,0.0,4.1667,25.0,0.0,741,616.2917,0.4712,0.0007,0.0008,15.6428
2026-05-30 22:00:00,MiniMax,1,548,338,210,0.0013,100.0,0.0,0.0,0.0,1401.0,1401.0,1401.0,368.0,32.0,1,1,1,0.0,0.0,0.0,0.0,22,548.0,0.6213,0.0013,0.0013,10.4762
2026-05-30 22:00:00,Qwen,1,997,603,394,0.0016,100.0,0.0,0.0,0.0,1827.0,1827.0,1827.0,566.0,107.0,1,1,1,0.0,0.0,0.0,0.0,0,997.0,0.6534,0.0016,0.0016,0.0
2026-05-30 23:00:00,DeepSeek,18,10599,7227,3372,0.0127,88.8889,11.1111,5.5556,5.5556,6350.0,7599.3,9980.66,6973.75,112.25,8,14,15,0.0,11.1111,27.7778,0.0,616,588.8333,0.4666,0.0007,0.0008,18.2681
2026-05-30 23:00:00,MiniMax,1,345,270,75,0.0008,100.0,0.0,0.0,0.0,1317.0,1317.0,1317.0,490.0,49.0,1,1,1,0.0,0.0,100.0,0.0,8,345.0,0.2778,0.0008,0.0008,10.6667
2026-05-30 23:00:00,Qwen,1,427,338,89,0.0007,100.0,0.0,0.0,0.0,1025.0,1025.0,1025.0,502.0,26.0,1,1,1,0.0,0.0,0.0,0.0,0,427.0,0.2633,0.0007,0.0007,0.0
2026-05-31 00:00:00,DeepSeek,13,8241,5591,2650,0.0099,84.6154,15.3846,7.6923,0.0,6521.0,7939.0,8567.8,7527.4,113.0,8,9,11,0.0,7.6923,23.0769,0.0,368,633.9231,0.474,0.0008,0.0009,13.8868
2026-05-31 01:00:00,DeepSeek,8,4908,3278,1630,0.0059,87.5,12.5,0.0,0.0,7241.5,9728.25,10183.25,9215.7,110.25,6,7,7,0.0,0.0,12.5,0.0,261,613.5,0.4973,0.0007,0.0008,16.0123
2026-05-31 01:00:00,Qwen,1,879,670,209,0.0014,100.0,0.0,0.0,0.0,1431.0,1431.0,1431.0,691.0,113.0,1,1,1,0.0,0.0,0.0,0.0,0,879.0,0.3119,0.0014,0.0014,0.0
2026-05-31 02:00:00,DeepSeek,9,7274,5351,1923,0.0087,88.8889,11.1111,0.0,11.1111,6898.0,8492.0,8725.6,7880.4,80.8,6,7,7,0.0,0.0,22.2222,0.0,354,808.2222,0.3594,0.001,0.0011,18.4087
2026-05-31 03:00:00,DeepSeek,14,9104,6581,2523,0.0109,100.0,0.0,0.0,0.0,6724.0,7556.35,8045.67,6921.4,154.6,6,11,11,0.0,14.2857,28.5714,0.0,491,650.2857,0.3834,0.0008,0.0008,19.461
2026-05-31 04:00:00,DeepSeek,13,9502,7081,2421,0.0114,100.0,0.0,0.0,0.0,6342.0,8772.2,10674.44,8183.2,127.6,7,12,10,7.6923,0.0,15.3846,0.0,387,730.9231,0.3419,0.0009,0.0009,15.9851
2026-05-31 05:00:00,DeepSeek,14,8688,6029,2659,0.0104,85.7143,14.2857,7.1429,0.0,6893.0,8453.1,8570.62,7565.5,197.95,10,11,13,0.0,14.2857,42.8571,0.0,417,620.5714,0.441,0.0007,0.0009,15.6826
2026-05-31 06:00:00,DeepSeek,44,30614,20937,9677,0.0367,100.0,0.0,0.0,0.0,6777.0,9956.25,10937.47,9379.0,125.7,8,20,22,0.0,4.5455,11.3636,2.2727,1714,695.7727,0.4622,0.0008,0.0008,17.7121
2026-05-31 06:00:00,MiniMax,3,2032,1441,591,0.0049,100.0,0.0,0.0,0.0,2026.0,2351.8,2380.76,557.7,97.7,3,3,3,0.0,0.0,33.3333,0.0,107,677.3333,0.4101,0.0016,0.0016,18.1049
2026-05-31 06:00:00,Qwen,2,1315,888,427,0.0021,50.0,50.0,0.0,50.0,1846.0,1920.7,1927.34,594.65,153.15,2,2,2,0.0,0.0,50.0,0.0,0,657.5,0.4809,0.0011,0.0021,0.0
2026-05-31 07:00:00,DeepSeek,45,33211,23996,9215,0.0399,93.3333,6.6667,0.0,4.4444,6297.0,7678.0,9737.32,6882.2,172.8,10,24,24,2.2222,8.8889,20.0,0.0,1704,738.0222,0.384,0.0009,0.0009,18.4916
2026-05-31 07:00:00,MiniMax,1,682,441,241,0.0016,100.0,0.0,0.0,0.0,1476.0,1476.0,1476.0,489.0,45.0,1,1,1,0.0,0.0,0.0,0.0,36,682.0,0.5465,0.0016,0.0016,14.9378
2026-05-31 08:00:00,DeepSeek,47,30497,21598,8899,0.0366,91.4894,8.5106,2.1277,2.1277,6331.0,10082.3,10654.46,9489.1,155.8,10,22,23,0.0,4.2553,19.1489,2.1277,1481,648.8723,0.412,0.0008,0.0009,16.6423
2026-05-31 08:00:00,MiniMax,2,1968,1546,422,0.0047,100.0,0.0,0.0,0.0,1762.0,2095.9,2125.58,516.05,68.15,2,2,2,0.0,0.0,0.0,0.0,73,984.0,0.273,0.0024,0.0024,17.2986
2026-05-31 08:00:00,Qwen,1,663,302,361,0.0011,100.0,0.0,0.0,0.0,2168.0,2168.0,2168.0,489.0,142.0,1,1,1,0.0,0.0,0.0,0.0,0,663.0,1.1954,0.0011,0.0011,0.0
2026-05-31 09:00:00,DeepSeek,70,49981,35483,14498,0.06,95.7143,4.2857,1.4286,2.8571,6569.0,9492.85,11512.93,8480.15,163.2,10,28,30,0.0,5.7143,8.5714,0.0,2348,714.0143,0.4086,0.0009,0.0009,16.1953
2026-05-31 09:00:00,MiniMax,1,460,361,99,0.0011,100.0,0.0,0.0,0.0,1191.0,1191.0,1191.0,591.0,8.0,1,1,1,0.0,0.0,0.0,0.0,10,460.0,0.2742,0.0011,0.0011,10.101
2026-05-31 09:00:00,Qwen,1,599,301,298,0.001,100.0,0.0,0.0,0.0,1744.0,1744.0,1744.0,428.0,48.0,1,1,1,0.0,0.0,0.0,0.0,0,599.0,0.99,0.001,0.001,0.0
2026-05-31 10:00:00,DeepSeek,66,48087,33961,14126,0.0577,96.9697,3.0303,0.0,1.5152,6521.5,8982.0,10178.5,8277.0,167.5,10,27,30,0.0,3.0303,19.697,0.0,2233,728.5909,0.4159,0.0009,0.0009,15.8077
2026-05-31 10:00:00,MiniMax,5,2706,2231,475,0.0065,80.0,20.0,20.0,0.0,1178.0,1748.0,1817.6,839.0,250.4,5,5,5,0.0,40.0,0.0,0.0,83,541.2,0.2129,0.0013,0.0016,17.4737
2026-05-31 10:00:00,Qwen,2,1248,774,474,0.002,100.0,0.0,0.0,0.0,1615.5,1633.05,1634.61,547.15,60.15,2,2,2,0.0,0.0,0.0,0.0,0,624.0,0.6124,0.001,0.001,0.0
2026-05-31 11:00:00,DeepSeek,79,54748,37482,17266,0.0657,89.8734,10.1266,1.2658,3.7975,6375.0,7925.8,10136.62,7227.9,157.3,10,25,33,1.2658,2.5316,11.3924,0.0,2949,693.0127,0.4606,0.0008,0.0009,17.0798
2026-05-31 11:00:00,MiniMax,6,3925,1980,1945,0.0094,100.0,0.0,0.0,0.0,1882.0,2804.75,2852.15,623.5,128.25,3,6,4,0.0,0.0,0.0,0.0,290,654.1667,0.9823,0.0016,0.0016,14.91
2026-05-31 11:00:00,Qwen,5,2623,1617,1006,0.0042,100.0,0.0,0.0,0.0,1581.0,1987.2,2019.84,1211.8,127.4,4,5,4,0.0,0.0,20.0,0.0,0,524.6,0.6221,0.0008,0.0008,0.0
2026-05-31 12:00:00,DeepSeek,75,51826,35316,16510,0.0622,94.6667,5.3333,2.6667,1.3333,6406.0,8409.8,10497.2,7452.0,164.5,10,26,30,0.0,2.6667,18.6667,0.0,2550,691.0133,0.4675,0.0008,0.0009,15.4452
2026-05-31 12:00:00,MiniMax,5,2864,2078,786,0.0069,100.0,0.0,0.0,0.0,1549.0,1700.4,1711.28,618.2,104.4,3,4,5,0.0,0.0,0.0,0.0,150,572.8,0.3782,0.0014,0.0014,19.084
2026-05-31 12:00:00,Qwen,2,905,598,307,0.0014,100.0,0.0,0.0,0.0,1133.0,1133.9,1133.98,500.9,23.35,1,2,1,0.0,0.0,0.0,0.0,0,452.5,0.5134,0.0007,0.0007,0.0
2026-05-31 13:00:00,DeepSeek,50,37315,27720,9595,0.0448,96.0,4.0,0.0,2.0,6452.5,7954.55,10290.76,7565.1,156.1,10,23,27,2.0,6.0,12.0,0.0,1500,746.3,0.3461,0.0009,0.0009,15.6331
2026-05-31 13:00:00,MiniMax,2,1733,868,865,0.0042,100.0,0.0,0.0,0.0,2274.0,2967.0,3028.6,558.55,97.0,2,2,2,0.0,0.0,100.0,0.0,50,866.5,0.9965,0.0021,0.0021,5.7803
2026-05-31 14:00:00,DeepSeek,80,57850,41322,16528,0.0694,96.25,3.75,0.0,1.25,6397.0,8164.85,9153.47,7187.35,212.05,10,28,33,3.75,3.75,17.5,0.0,2619,723.125,0.4,0.0009,0.0009,15.8458
2026-05-31 14:00:00,MiniMax,4,2078,1131,947,0.005,75.0,25.0,0.0,25.0,1904.5,2451.65,2481.53,644.75,125.35,3,4,4,0.0,50.0,25.0,0.0,89,519.5,0.8373,0.0012,0.0017,9.3981
2026-05-31 14:00:00,Qwen,2,1208,664,544,0.0019,100.0,0.0,0.0,0.0,1979.5,2105.95,2117.19,647.6,169.2,1,1,2,0.0,0.0,0.0,0.0,0,604.0,0.8193,0.001,0.001,0.0
2026-05-31 15:00:00,DeepSeek,76,48984,34924,14060,0.0588,94.7368,5.2632,2.6316,0.0,6524.0,8327.5,9368.25,7545.75,156.75,8,23,27,1.3158,1.3158,11.8421,1.3158,2352,644.5263,0.4026,0.0008,0.0008,16.7283
2026-05-31 15:00:00,MiniMax,5,2341,1553,788,0.0056,100.0,0.0,0.0,0.0,1491.0,1730.6,1777.32,589.8,97.8,2,4,4,0.0,0.0,20.0,0.0,147,468.2,0.5074,0.0011,0.0011,18.6548
2026-05-31 15:00:00,Qwen,6,3889,2910,979,0.0062,83.3333,16.6667,0.0,16.6667,1409.5,1853.75,1856.35,735.0,142.5,4,5,5,0.0,0.0,16.6667,0.0,0,648.1667,0.3364,0.001,0.0012,0.0
2026-05-31 16:00:00,DeepSeek,76,49119,34000,15119,0.0589,94.7368,5.2632,1.3158,2.6316,6473.5,9503.5,10068.0,9152.0,188.25,10,26,31,0.0,6.5789,11.8421,0.0,2687,646.3026,0.4447,0.0008,0.0008,17.7723
2026-05-31 16:00:00,MiniMax,2,1440,878,562,0.0035,100.0,0.0,0.0,0.0,1977.5,2332.55,2364.11,740.0,31.95,2,2,2,0.0,0.0,0.0,0.0,112,720.0,0.6401,0.0017,0.0017,19.9288
2026-05-31 16:00:00,Qwen,4,2701,1705,996,0.0043,50.0,50.0,0.0,25.0,1951.5,2694.7,2776.54,588.15,108.45,4,4,4,0.0,25.0,25.0,0.0,0,675.25,0.5842,0.0011,0.0022,0.0
2026-05-31 17:00:00,DeepSeek,62,43639,30579,13060,0.0524,96.7742,3.2258,0.0,3.2258,6566.0,9312.1,10268.3,8939.8,148.65,9,26,27,3.2258,4.8387,19.3548,0.0,2387,703.8548,0.4271,0.0008,0.0009,18.2772
2026-05-31 17:00:00,MiniMax,4,2774,1673,1101,0.0067,100.0,0.0,0.0,0.0,1992.5,2554.45,2633.29,742.5,182.8,3,4,3,25.0,25.0,50.0,0.0,174,693.5,0.6581,0.0017,0.0017,15.8038
2026-05-31 18:00:00,DeepSeek,40,24872,15885,8987,0.0298,87.5,12.5,2.5,5.0,6588.5,9078.1,9438.43,7628.95,136.1,10,19,22,2.5,10.0,12.5,0.0,1436,621.8,0.5658,0.0007,0.0009,15.9786
2026-05-31 18:00:00,MiniMax,1,474,233,241,0.0011,100.0,0.0,0.0,0.0,2160.0,2160.0,2160.0,641.0,77.0,1,1,1,0.0,0.0,0.0,0.0,36,474.0,1.0343,0.0011,0.0011,14.9378
2026-05-31 18:00:00,Qwen,1,298,170,128,0.0005,0.0,100.0,100.0,0.0,1092.0,1092.0,1092.0,370.0,62.0,1,1,1,0.0,0.0,0.0,0.0,0,298.0,0.7529,0.0005,,0.0
2026-05-31 19:00:00,DeepSeek,52,36014,24908,11106,0.0432,100.0,0.0,0.0,0.0,6456.5,10045.25,11272.9,9085.2,183.35,10,22,23,0.0,1.9231,25.0,1.9231,1760,692.5769,0.4459,0.0008,0.0008,15.8473
2026-05-31 19:00:00,MiniMax,1,1433,1325,108,0.0034,100.0,0.0,0.0,0.0,1279.0,1279.0,1279.0,717.0,7.0,1,1,1,0.0,0.0,100.0,0.0,14,1433.0,0.0815,0.0034,0.0034,12.963
2026-05-31 19:00:00,Qwen,1,381,217,164,0.0006,100.0,0.0,0.0,0.0,1131.0,1131.0,1131.0,454.0,82.0,1,1,1,0.0,0.0,0.0,0.0,0,381.0,0.7558,0.0006,0.0006,0.0
2026-05-31 20:00:00,DeepSeek,41,28020,20915,7105,0.0336,92.6829,7.3171,4.878,2.439,6345.0,7697.0,9688.4,6948.0,142.0,10,22,23,0.0,7.3171,21.9512,0.0,1125,683.4146,0.3397,0.0008,0.0009,15.8339
2026-05-31 20:00:00,MiniMax,1,362,155,207,0.0009,100.0,0.0,0.0,0.0,1710.0,1710.0,1710.0,567.0,24.0,1,1,1,100.0,0.0,0.0,0.0,33,362.0,1.3355,0.0009,0.0009,15.942
2026-05-31 20:00:00,Qwen,1,226,135,91,0.0004,100.0,0.0,0.0,0.0,1139.0,1139.0,1139.0,412.0,61.0,1,1,1,0.0,0.0,100.0,0.0,0,226.0,0.6741,0.0004,0.0004,0.0
2026-05-31 21:00:00,DeepSeek,45,29013,21013,8000,0.0348,100.0,0.0,0.0,0.0,6448.0,9180.6,10276.16,8401.4,117.4,9,22,22,0.0,2.2222,15.5556,0.0,1305,644.7333,0.3807,0.0008,0.0008,16.3125
2026-05-31 21:00:00,MiniMax,3,1276,761,515,0.0031,100.0,0.0,0.0,0.0,1558.0,2170.9,2225.38,559.0,57.7,3,3,3,0.0,0.0,0.0,0.0,93,425.3333,0.6767,0.001,0.001,18.0583
2026-05-31 21:00:00,Qwen,3,2330,1711,619,0.0037,100.0,0.0,0.0,0.0,2129.0,2462.9,2492.58,1397.3,115.2,2,3,2,0.0,0.0,66.6667,0.0,0,776.6667,0.3618,0.0012,0.0012,0.0
2026-05-31 22:00:00,DeepSeek,22,14579,10932,3647,0.0175,95.4545,4.5455,0.0,0.0,6284.0,9748.75,9870.16,9137.9,148.5,9,14,14,0.0,9.0909,22.7273,0.0,620,662.6818,0.3336,0.0008,0.0008,17.0003
2026-05-31 22:00:00,MiniMax,2,906,374,532,0.0022,100.0,0.0,0.0,0.0,1695.5,1749.95,1754.79,543.1,66.45,2,2,2,0.0,0.0,0.0,0.0,119,453.0,1.4225,0.0011,0.0011,22.3684
2026-05-31 22:00:00,Qwen,1,259,103,156,0.0004,100.0,0.0,0.0,0.0,1444.0,1444.0,1444.0,631.0,178.0,1,1,1,0.0,0.0,0.0,0.0,0,259.0,1.5146,0.0004,0.0004,0.0
2026-05-31 23:00:00,DeepSeek,19,11447,7031,4416,0.0137,100.0,0.0,0.0,0.0,6559.0,9260.1,10873.62,7809.1,154.8,8,14,12,5.2632,0.0,10.5263,0.0,676,602.4737,0.6281,0.0007,0.0007,15.308
2026-05-31 23:00:00,MiniMax,1,681,325,356,0.0016,100.0,0.0,0.0,0.0,2501.0,2501.0,2501.0,545.0,44.0,1,1,1,0.0,0.0,0.0,0.0,78,681.0,1.0954,0.0016,0.0016,21.9101
2026-05-31 23:00:00,Qwen,1,272,124,148,0.0004,100.0,0.0,0.0,0.0,1271.0,1271.0,1271.0,454.0,74.0,1,1,1,0.0,0.0,0.0,0.0,0,272.0,1.1935,0.0004,0.0004,0.0
2026-06-01 00:00:00,DeepSeek,29,18434,13067,5367,0.0221,93.1034,6.8966,3.4483,3.4483,6544.0,7489.6,7740.24,6714.4,130.4,9,16,17,0.0,6.8966,13.7931,0.0,899,635.6552,0.4107,0.0008,0.0008,16.7505
2026-06-01 00:00:00,MiniMax,3,1354,840,514,0.0032,100.0,0.0,0.0,0.0,1624.0,1671.7,1675.94,678.8,110.7,3,3,3,0.0,0.0,66.6667,0.0,81,451.3333,0.6119,0.0011,0.0011,15.7588
2026-06-01 01:00:00,DeepSeek,29,20598,15164,5434,0.0247,100.0,0.0,0.0,0.0,6540.0,8973.0,10139.08,8641.4,143.6,9,18,20,0.0,3.4483,20.6897,0.0,742,710.2759,0.3583,0.0009,0.0009,13.6548
2026-06-01 01:00:00,Qwen,2,1905,1200,705,0.003,100.0,0.0,0.0,0.0,2441.0,3349.1,3429.82,679.4,164.35,2,2,2,0.0,0.0,0.0,0.0,0,952.5,0.5875,0.0015,0.0015,0.0
2026-06-01 02:00:00,DeepSeek,24,18414,12036,6378,0.0221,100.0,0.0,0.0,0.0,6623.5,7815.05,11331.91,6644.15,129.0,10,16,17,0.0,0.0,12.5,0.0,1016,767.25,0.5299,0.0009,0.0009,15.9298
2026-06-01 02:00:00,MiniMax,3,2125,1098,1027,0.0051,100.0,0.0,0.0,0.0,2510.0,2614.4,2623.68,546.3,114.4,3,3,3,0.0,0.0,0.0,0.0,167,708.3333,0.9353,0.0017,0.0017,16.261
2026-06-01 03:00:00,DeepSeek,25,14197,10443,3754,0.017,100.0,0.0,0.0,0.0,6556.0,9833.6,9988.0,9081.0,145.2,10,15,15,4.0,0.0,28.0,0.0,490,567.88,0.3595,0.0007,0.0007,13.0527
2026-06-01 03:00:00,MiniMax,1,1337,1228,109,0.0032,100.0,0.0,0.0,0.0,1672.0,1672.0,1672.0,715.0,99.0,1,1,1,0.0,0.0,0.0,0.0,28,1337.0,0.0888,0.0032,0.0032,25.6881
2026-06-01 03:00:00,Qwen,1,746,609,137,0.0012,100.0,0.0,0.0,0.0,2700.0,2700.0,2700.0,1493.0,8.0,1,1,1,0.0,0.0,0.0,0.0,0,746.0,0.225,0.0012,0.0012,0.0
2026-06-01 04:00:00,DeepSeek,22,14897,10377,4520,0.0179,95.4545,4.5455,0.0,0.0,6644.5,7961.85,8139.21,7390.8,209.55,10,17,19,0.0,0.0,13.6364,0.0,856,677.1364,0.4356,0.0008,0.0009,18.9381
2026-06-01 04:00:00,MiniMax,1,471,300,171,0.0011,100.0,0.0,0.0,0.0,1803.0,1803.0,1803.0,474.0,94.0,1,1,1,0.0,0.0,0.0,0.0,18,471.0,0.57,0.0011,0.0011,10.5263
2026-06-01 04:00:00,Qwen,2,1023,735,288,0.0016,100.0,0.0,0.0,0.0,1358.5,1619.95,1643.19,601.3,124.6,2,2,2,0.0,0.0,0.0,0.0,0,511.5,0.3918,0.0008,0.0008,0.0
2026-06-01 05:00:00,DeepSeek,23,15419,10696,4723,0.0185,95.6522,4.3478,0.0,4.3478,6505.0,9292.9,9655.88,8251.5,172.8,8,14,14,4.3478,0.0,17.3913,0.0,690,670.3913,0.4416,0.0008,0.0008,14.6094
2026-06-01 06:00:00,DeepSeek,74,49271,33939,15332,0.0591,98.6486,1.3514,0.0,1.3514,6420.5,8387.7,9787.4,7454.35,153.55,10,26,34,1.3514,1.3514,28.3784,0.0,2606,665.8243,0.4518,0.0008,0.0008,16.9971
2026-06-01 06:00:00,MiniMax,4,2508,1640,868,0.006,100.0,0.0,0.0,0.0,1636.5,1911.55,1940.71,871.85,71.95,3,4,3,0.0,0.0,25.0,0.0,103,627.0,0.5293,0.0015,0.0015,11.8664
2026-06-01 06:00:00,Qwen,4,2085,1347,738,0.0033,100.0,0.0,0.0,0.0,1290.5,1616.6,1654.52,485.6,70.9,3,4,4,0.0,0.0,0.0,0.0,0,521.25,0.5479,0.0008,0.0008,0.0
2026-06-01 07:00:00,DeepSeek,64,43186,28472,14714,0.0518,95.3125,4.6875,1.5625,3.125,6566.5,9132.95,10934.84,8422.95,144.75,10,27,32,1.5625,1.5625,14.0625,1.5625,2091,674.7812,0.5168,0.0008,0.0008,14.211
2026-06-01 07:00:00,MiniMax,2,1024,645,379,0.0025,100.0,0.0,0.0,0.0,1326.0,1680.6,1712.12,506.25,74.65,2,2,2,0.0,0.0,50.0,0.0,69,512.0,0.5876,0.0012,0.0012,18.2058
2026-06-01 07:00:00,Qwen,1,578,361,217,0.0009,100.0,0.0,0.0,0.0,1829.0,1829.0,1829.0,446.0,33.0,1,1,1,0.0,0.0,0.0,0.0,0,578.0,0.6011,0.0009,0.0009,0.0
2026-06-01 08:00:00,DeepSeek,75,41942,28540,13402,0.0503,98.6667,1.3333,0.0,0.0,6543.0,8168.8,9749.14,7547.1,148.2,10,25,32,2.6667,2.6667,9.3333,0.0,2364,559.2267,0.4696,0.0007,0.0007,17.6392
2026-06-01 08:00:00,MiniMax,4,3925,3187,738,0.0094,100.0,0.0,0.0,0.0,1276.0,2102.25,2218.05,591.2,142.35,3,4,4,0.0,0.0,0.0,0.0,145,981.25,0.2316,0.0024,0.0024,19.6477
2026-06-01 08:00:00,Qwen,3,1261,672,589,0.002,100.0,0.0,0.0,0.0,2084.0,2116.4,2119.28,623.4,141.6,2,3,2,0.0,0.0,0.0,0.0,0,420.3333,0.8765,0.0007,0.0007,0.0
2026-06-01 09:00:00,DeepSeek,128,92734,64139,28595,0.1113,92.9688,7.0312,0.7812,3.9062,6563.0,9219.6,10750.59,8190.7,149.65,10,28,35,1.5625,7.0312,17.9688,0.0,4689,724.4844,0.4458,0.0009,0.0009,16.398
2026-06-01 09:00:00,MiniMax,6,3747,2404,1343,0.009,100.0,0.0,0.0,0.0,1769.5,2543.5,2686.3,670.0,186.0,4,5,6,0.0,0.0,33.3333,0.0,209,624.5,0.5587,0.0015,0.0015,15.5622
2026-06-01 10:00:00,DeepSeek,111,74502,53522,20980,0.0894,95.4955,4.5045,1.8018,0.0,6465.0,8986.5,10058.1,7878.5,180.0,10,30,36,0.9009,5.4054,15.3153,0.0,3303,671.1892,0.392,0.0008,0.0008,15.7436
2026-06-01 10:00:00,MiniMax,3,2303,1246,1057,0.0055,100.0,0.0,0.0,0.0,2105.0,2684.6,2736.12,668.7,56.6,2,3,3,0.0,0.0,33.3333,0.0,248,767.6667,0.8483,0.0018,0.0018,23.4626
2026-06-01 10:00:00,Qwen,2,823,489,334,0.0013,100.0,0.0,0.0,0.0,1325.5,1402.45,1409.29,618.6,60.85,1,2,2,0.0,0.0,50.0,0.0,0,411.5,0.683,0.0007,0.0007,0.0
2026-06-01 11:00:00,DeepSeek,119,76187,53995,22192,0.0914,94.958,5.042,3.3613,1.6807,6519.0,9329.0,10905.76,9266.5,163.8,10,29,34,2.521,5.042,17.6471,0.0,3540,640.2269,0.411,0.0008,0.0008,15.9517
2026-06-01 11:00:00,MiniMax,5,3567,2705,862,0.0086,100.0,0.0,0.0,0.0,1112.0,1959.0,2006.2,668.8,58.2,4,4,4,0.0,0.0,40.0,0.0,156,713.4,0.3187,0.0017,0.0017,18.0974
2026-06-01 11:00:00,Qwen,7,5385,3311,2074,0.0086,71.4286,28.5714,0.0,14.2857,1651.0,2750.2,2982.04,685.2,155.4,4,6,6,0.0,0.0,0.0,0.0,0,769.2857,0.6264,0.0012,0.0017,0.0
2026-06-01 12:00:00,DeepSeek,124,81423,57962,23461,0.0977,94.3548,5.6452,2.4194,1.6129,6512.5,9058.8,10886.76,8764.8,124.95,10,28,39,0.8065,5.6452,16.9355,0.0,3861,656.6371,0.4048,0.0008,0.0008,16.4571
2026-06-01 12:00:00,MiniMax,4,2088,1608,480,0.005,100.0,0.0,0.0,0.0,1225.0,2079.7,2180.74,1097.5,69.25,2,3,4,0.0,0.0,75.0,0.0,101,522.0,0.2985,0.0013,0.0013,21.0417
2026-06-01 12:00:00,Qwen,4,4001,2967,1034,0.0064,75.0,25.0,0.0,25.0,1734.5,2898.5,3053.3,686.3,145.15,4,4,4,0.0,0.0,25.0,0.0,0,1000.25,0.3485,0.0016,0.0021,0.0
2026-06-01 13:00:00,DeepSeek,103,72256,49483,22773,0.0867,93.2039,6.7961,2.9126,3.8835,6595.0,8605.8,10158.28,7855.5,151.0,10,29,35,1.9417,1.9417,16.5049,0.0,3691,701.5146,0.4602,0.0008,0.0009,16.2078
2026-06-01 13:00:00,MiniMax,3,1887,1147,740,0.0045,100.0,0.0,0.0,0.0,2082.0,2136.0,2140.8,577.6,86.7,2,3,3,0.0,0.0,33.3333,0.0,153,629.0,0.6452,0.0015,0.0015,20.6757
2026-06-01 13:00:00,Qwen,1,928,653,275,0.0015,100.0,0.0,0.0,0.0,1464.0,1464.0,1464.0,687.0,149.0,1,1,1,0.0,0.0,0.0,0.0,0,928.0,0.4211,0.0015,0.0015,0.0
2026-06-01 14:00:00,DeepSeek,112,79304,55180,24124,0.0952,98.2143,1.7857,0.8929,0.8929,6614.0,10224.7,10616.76,9298.0,153.25,10,29,36,0.8929,5.3571,15.1786,0.0,4083,708.0714,0.4372,0.0008,0.0009,16.9251
2026-06-01 14:00:00,MiniMax,6,4184,3354,830,0.01,100.0,0.0,0.0,0.0,1298.5,1676.5,1684.1,715.5,228.25,5,6,5,0.0,0.0,16.6667,0.0,129,697.3333,0.2475,0.0017,0.0017,15.5422
2026-06-01 14:00:00,Qwen,2,1407,862,545,0.0023,100.0,0.0,0.0,0.0,1433.5,1843.45,1879.89,534.85,116.55,2,2,2,0.0,0.0,0.0,0.0,0,703.5,0.6323,0.0011,0.0011,0.0
2026-06-01 15:00:00,DeepSeek,104,68402,46947,21455,0.0821,98.0769,1.9231,0.9615,0.0,6505.0,9543.1,10076.66,9047.3,167.9,10,29,36,0.9615,3.8462,22.1154,0.0,2911,657.7115,0.457,0.0008,0.0008,13.5679
2026-06-01 15:00:00,MiniMax,5,2075,1543,532,0.005,60.0,40.0,20.0,20.0,1033.0,1604.6,1674.52,645.8,145.0,4,4,4,20.0,40.0,20.0,0.0,90,415.0,0.3448,0.001,0.0017,16.9173
2026-06-01 15:00:00,Qwen,3,1909,1313,596,0.0031,100.0,0.0,0.0,0.0,1384.0,1616.2,1636.84,475.3,92.1,3,3,3,0.0,0.0,33.3333,0.0,0,636.3333,0.4539,0.001,0.001,0.0
2026-06-01 16:00:00,DeepSeek,118,83861,59031,24830,0.1006,97.4576,2.5424,0.8475,0.8475,6525.5,9599.85,10767.3,8523.45,157.55,10,29,39,0.8475,4.2373,15.2542,0.0,4191,710.6864,0.4206,0.0009,0.0009,16.8788
2026-06-01 16:00:00,MiniMax,5,4024,3368,656,0.0097,100.0,0.0,0.0,0.0,1023.0,2095.2,2269.44,628.8,140.0,5,5,5,0.0,0.0,20.0,0.0,91,804.8,0.1948,0.0019,0.0019,13.872
2026-06-01 16:00:00,Qwen,3,1979,1420,559,0.0032,100.0,0.0,0.0,0.0,1354.0,2290.0,2373.2,653.3,167.7,3,3,3,0.0,0.0,33.3333,0.0,0,659.6667,0.3937,0.0011,0.0011,0.0
2026-06-01 17:00:00,DeepSeek,119,79013,54005,25008,0.0948,94.1176,5.8824,0.8403,3.3613,6555.0,9526.7,11074.1,8798.4,166.2,10,28,33,0.8403,3.3613,17.6471,0.0,4199,663.9748,0.4631,0.0008,0.0008,16.7906
2026-06-01 17:00:00,MiniMax,3,2371,1894,477,0.0057,100.0,0.0,0.0,0.0,1222.0,1467.7,1489.54,672.0,79.0,3,3,3,0.0,0.0,0.0,0.0,61,790.3333,0.2518,0.0019,0.0019,12.7883
2026-06-01 18:00:00,DeepSeek,86,62504,45851,16653,0.075,93.0233,6.9767,2.3256,2.3256,6445.5,8327.75,10782.85,8054.25,155.0,10,29,34,0.0,5.814,17.4419,0.0,2744,726.7907,0.3632,0.0009,0.0009,16.4775
2026-06-01 18:00:00,MiniMax,4,1973,1357,616,0.0047,50.0,50.0,0.0,25.0,1458.0,1603.75,1619.95,620.55,116.2,2,3,3,0.0,25.0,0.0,0.0,132,493.25,0.4539,0.0012,0.0024,21.4286
2026-06-01 19:00:00,DeepSeek,76,54328,39726,14602,0.0652,90.7895,9.2105,2.6316,3.9474,6505.5,9596.0,10279.25,9158.0,173.5,10,27,31,1.3158,5.2632,22.3684,0.0,2325,714.8421,0.3676,0.0009,0.0009,15.9225
2026-06-01 19:00:00,MiniMax,5,2349,1762,587,0.0056,100.0,0.0,0.0,0.0,1175.0,1938.0,2037.2,638.0,134.8,3,3,5,0.0,0.0,20.0,0.0,121,469.8,0.3331,0.0011,0.0011,20.6133
2026-06-01 19:00:00,Qwen,3,3182,2185,997,0.0051,66.6667,33.3333,0.0,33.3333,2047.0,2553.7,2598.74,640.4,33.4,3,3,3,0.0,0.0,33.3333,0.0,0,1060.6667,0.4563,0.0017,0.0025,0.0
2026-06-01 20:00:00,DeepSeek,81,54339,37845,16494,0.0652,96.2963,3.7037,2.4691,0.0,6433.0,9694.0,10320.4,8979.0,142.0,10,28,37,1.2346,7.4074,19.7531,0.0,2694,670.8519,0.4358,0.0008,0.0008,16.3332
2026-06-01 20:00:00,MiniMax,1,790,724,66,0.0019,100.0,0.0,0.0,0.0,1285.0,1285.0,1285.0,490.0,132.0,1,1,1,0.0,0.0,0.0,0.0,17,790.0,0.0912,0.0019,0.0019,25.7576
2026-06-01 20:00:00,Qwen,2,1206,992,214,0.0019,100.0,0.0,0.0,0.0,1101.5,1257.65,1271.53,579.5,123.25,2,2,2,0.0,50.0,50.0,0.0,0,603.0,0.2157,0.001,0.001,0.0
2026-06-01 21:00:00,DeepSeek,96,65950,46207,19743,0.0791,95.8333,4.1667,2.0833,1.0417,6587.0,9244.0,10277.5,8054.5,167.0,9,26,29,3.125,5.2083,9.375,0.0,3407,686.9792,0.4273,0.0008,0.0009,17.2567
2026-06-01 21:00:00,MiniMax,1,467,269,198,0.0011,100.0,0.0,0.0,0.0,1330.0,1330.0,1330.0,554.0,46.0,1,1,1,0.0,0.0,0.0,0.0,19,467.0,0.7361,0.0011,0.0011,9.596
2026-06-01 21:00:00,Qwen,1,534,285,249,0.0009,100.0,0.0,0.0,0.0,1166.0,1166.0,1166.0,381.0,25.0,1,1,1,0.0,0.0,100.0,0.0,0,534.0,0.8737,0.0009,0.0009,0.0
2026-06-01 22:00:00,DeepSeek,36,25306,17665,7641,0.0304,97.2222,2.7778,0.0,0.0,6836.0,9402.0,9731.65,8218.0,130.25,10,25,21,0.0,11.1111,19.4444,0.0,1123,702.9444,0.4326,0.0008,0.0009,14.697
2026-06-01 22:00:00,MiniMax,3,1683,691,992,0.004,100.0,0.0,0.0,0.0,1354.0,4440.1,4714.42,798.1,148.1,3,3,3,0.0,0.0,33.3333,0.0,174,561.0,1.4356,0.0013,0.0013,17.5403
2026-06-01 23:00:00,DeepSeek,26,16801,11731,5070,0.0202,92.3077,7.6923,0.0,3.8462,6479.0,7366.75,7631.25,6470.0,158.25,9,16,18,3.8462,15.3846,15.3846,0.0,689,646.1923,0.4322,0.0008,0.0008,13.5897
2026-06-01 23:00:00,MiniMax,1,1242,869,373,0.003,100.0,0.0,0.0,0.0,2694.0,2694.0,2694.0,749.0,134.0,1,1,1,0.0,0.0,0.0,0.0,102,1242.0,0.4292,0.003,0.003,27.3458
2026-06-02 00:00:00,DeepSeek,25,15171,11429,3742,0.0182,92.0,8.0,0.0,0.0,6192.0,10670.4,11310.16,9515.0,92.2,9,17,17,0.0,4.0,16.0,0.0,542,606.84,0.3274,0.0007,0.0008,14.4842
2026-06-02 00:00:00,MiniMax,1,493,406,87,0.0012,100.0,0.0,0.0,0.0,1223.0,1223.0,1223.0,618.0,68.0,1,1,1,0.0,0.0,0.0,0.0,24,493.0,0.2143,0.0012,0.0012,27.5862
2026-06-02 01:00:00,DeepSeek,28,17695,11839,5856,0.0212,96.4286,3.5714,0.0,3.5714,6534.5,8715.9,11763.79,7935.0,192.95,9,14,20,3.5714,0.0,7.1429,0.0,1002,631.9643,0.4946,0.0008,0.0008,17.1107
2026-06-02 01:00:00,Qwen,1,900,812,88,0.0014,100.0,0.0,0.0,0.0,1044.0,1044.0,1044.0,382.0,46.0,1,1,1,0.0,0.0,0.0,0.0,0,900.0,0.1084,0.0014,0.0014,0.0
2026-06-02 02:00:00,DeepSeek,22,15470,10563,4907,0.0186,100.0,0.0,0.0,0.0,6937.0,8410.15,9030.91,7839.3,119.15,8,13,13,0.0,0.0,22.7273,0.0,765,703.1818,0.4645,0.0008,0.0008,15.59
2026-06-02 02:00:00,MiniMax,1,588,157,431,0.0014,0.0,100.0,0.0,0.0,2760.0,2760.0,2760.0,744.0,196.0,1,1,1,0.0,100.0,0.0,0.0,64,588.0,2.7452,0.0014,,14.8492
2026-06-02 03:00:00,DeepSeek,23,14926,10186,4740,0.0179,95.6522,4.3478,4.3478,0.0,6585.0,10165.8,11070.48,9140.0,190.5,7,15,16,0.0,0.0,13.0435,0.0,842,648.9565,0.4653,0.0008,0.0008,17.7637
2026-06-02 03:00:00,MiniMax,2,1391,1156,235,0.0033,100.0,0.0,0.0,0.0,1361.0,1480.7,1491.34,617.05,141.75,2,2,2,0.0,0.0,50.0,0.0,40,695.5,0.2033,0.0017,0.0017,17.0213
2026-06-02 04:00:00,DeepSeek,26,17405,12160,5245,0.0209,96.1538,3.8462,0.0,3.8462,6440.5,8004.75,8732.25,6902.25,229.0,9,17,16,0.0,0.0,19.2308,0.0,782,669.4231,0.4313,0.0008,0.0008,14.9094
2026-06-02 05:00:00,DeepSeek,23,15771,10730,5041,0.0189,82.6087,17.3913,0.0,13.0435,6637.0,8853.1,9050.6,7698.7,162.3,9,14,15,0.0,17.3913,17.3913,0.0,866,685.6957,0.4698,0.0008,0.001,17.1791
2026-06-02 05:00:00,MiniMax,1,609,334,275,0.0015,100.0,0.0,0.0,0.0,1677.0,1677.0,1677.0,442.0,22.0,1,1,1,0.0,0.0,100.0,0.0,58,609.0,0.8234,0.0015,0.0015,21.0909
2026-06-02 05:00:00,Qwen,1,402,177,225,0.0006,100.0,0.0,0.0,0.0,2185.0,2185.0,2185.0,983.0,194.0,1,1,1,0.0,0.0,0.0,0.0,0,402.0,1.2712,0.0006,0.0006,0.0
2026-06-02 06:00:00,DeepSeek,64,41480,30194,11286,0.0498,93.75,6.25,1.5625,1.5625,6405.5,7619.15,9775.5,7090.6,146.8,10,21,27,0.0,9.375,21.875,0.0,1990,648.125,0.3738,0.0008,0.0008,17.6325
2026-06-02 06:00:00,MiniMax,2,1136,842,294,0.0027,100.0,0.0,0.0,0.0,1022.5,1056.25,1059.25,608.15,118.05,2,2,2,0.0,0.0,0.0,0.0,19,568.0,0.3492,0.0014,0.0014,6.4626
2026-06-02 07:00:00,DeepSeek,66,47821,33771,14050,0.0574,98.4848,1.5152,0.0,1.5152,6604.5,8411.75,10273.25,7696.5,159.5,10,27,32,3.0303,4.5455,24.2424,0.0,2337,724.5606,0.416,0.0009,0.0009,16.6335
2026-06-02 07:00:00,MiniMax,4,3127,2140,987,0.0075,100.0,0.0,0.0,0.0,2063.5,2403.05,2428.61,936.0,271.55,3,4,3,0.0,0.0,50.0,0.0,162,781.75,0.4612,0.0019,0.0019,16.4134
2026-06-02 07:00:00,Qwen,1,659,474,185,0.0011,100.0,0.0,0.0,0.0,1701.0,1701.0,1701.0,443.0,19.0,1,1,1,0.0,100.0,0.0,0.0,0,659.0,0.3903,0.0011,0.0011,0.0
2026-06-02 08:00:00,DeepSeek,64,41607,28822,12785,0.0499,90.625,9.375,1.5625,3.125,6561.0,8740.2,10999.57,8265.4,132.85,10,24,31,0.0,3.125,10.9375,0.0,2354,650.1094,0.4436,0.0008,0.0009,18.4122
2026-06-02 08:00:00,MiniMax,5,2257,1309,948,0.0054,80.0,20.0,0.0,20.0,1297.0,1450.2,1456.44,639.4,139.6,4,4,5,0.0,20.0,20.0,0.0,166,451.4,0.7242,0.0011,0.0014,17.5105
2026-06-02 08:00:00,Qwen,1,404,242,162,0.0006,0.0,100.0,0.0,0.0,1580.0,1580.0,1580.0,640.0,50.0,1,1,1,0.0,0.0,0.0,100.0,0,404.0,0.6694,0.0006,,0.0
2026-06-02 09:00:00,DeepSeek,130,86210,58895,27315,0.1035,95.3846,4.6154,0.7692,0.7692,6545.5,9624.7,11111.09,9009.0,155.55,10,28,34,0.7692,4.6154,20.7692,0.0,4409,663.1538,0.4638,0.0008,0.0008,16.1413
2026-06-02 09:00:00,MiniMax,2,1417,1017,400,0.0034,100.0,0.0,0.0,0.0,1154.0,1395.2,1416.64,579.95,69.3,2,2,2,0.0,0.0,0.0,0.0,39,708.5,0.3933,0.0017,0.0017,9.75
2026-06-02 10:00:00,DeepSeek,125,86974,60780,26194,0.1044,96.8,3.2,0.8,2.4,6603.0,8537.6,9883.36,7825.4,148.4,10,28,45,0.0,3.2,20.0,0.8,4455,695.792,0.431,0.0008,0.0009,17.0077
2026-06-02 10:00:00,MiniMax,5,2570,1972,598,0.0062,80.0,20.0,20.0,0.0,1425.0,1523.4,1527.08,633.8,160.0,4,5,4,0.0,0.0,20.0,0.0,100,514.0,0.3032,0.0012,0.0015,16.7224
2026-06-02 10:00:00,Qwen,5,4177,2632,1545,0.0067,60.0,40.0,0.0,40.0,1686.0,2513.6,2666.72,818.8,104.8,4,4,5,20.0,0.0,20.0,0.0,0,835.4,0.587,0.0013,0.0022,0.0
2026-06-02 11:00:00,DeepSeek,110,74058,51184,22874,0.0889,91.8182,8.1818,0.9091,5.4545,6553.5,8953.7,10144.37,7599.35,141.1,10,29,36,2.7273,8.1818,18.1818,0.0,3601,673.2545,0.4469,0.0008,0.0009,15.7428
2026-06-02 11:00:00,MiniMax,6,3952,2419,1533,0.0095,83.3333,16.6667,0.0,16.6667,1892.0,3365.0,3733.8,898.0,225.5,5,5,6,16.6667,0.0,0.0,0.0,190,658.6667,0.6337,0.0016,0.0019,12.394
2026-06-02 11:00:00,Qwen,4,3663,2837,826,0.0059,100.0,0.0,0.0,0.0,1760.0,1842.2,1853.24,733.45,117.75,4,4,4,0.0,0.0,0.0,0.0,0,915.75,0.2912,0.0015,0.0015,0.0
2026-06-02 12:00:00,DeepSeek,122,81810,56592,25218,0.0982,97.541,2.459,0.8197,0.8197,6607.0,8636.7,10094.6,7386.5,150.9,10,30,36,0.8197,3.2787,19.6721,0.0,4160,670.5738,0.4456,0.0008,0.0008,16.4962
2026-06-02 12:00:00,MiniMax,5,2247,1515,732,0.0054,100.0,0.0,0.0,0.0,1632.0,1893.6,1925.92,721.6,109.8,5,5,5,0.0,0.0,0.0,0.0,144,449.4,0.4832,0.0011,0.0011,19.6721
2026-06-02 12:00:00,Qwen,3,2145,1802,343,0.0034,100.0,0.0,0.0,0.0,1134.0,1260.9,1272.18,586.5,113.9,3,3,3,0.0,0.0,0.0,0.0,0,715.0,0.1903,0.0011,0.0011,0.0
2026-06-02 13:00:00,DeepSeek,119,80969,55896,25073,0.0972,96.6387,3.3613,0.8403,1.6807,6557.0,9094.8,10944.16,8843.3,165.2,10,28,37,2.521,6.7227,12.605,0.0,4200,680.4118,0.4486,0.0008,0.0008,16.7511
2026-06-02 13:00:00,MiniMax,6,3056,2085,971,0.0073,100.0,0.0,0.0,0.0,1511.5,1891.75,1953.55,803.0,93.25,5,5,5,0.0,0.0,33.3333,0.0,120,509.3333,0.4657,0.0012,0.0012,12.3584
2026-06-02 13:00:00,Qwen,2,1204,872,332,0.0019,100.0,0.0,0.0,0.0,1238.0,1482.8,1504.56,502.9,32.45,1,1,2,0.0,0.0,0.0,0.0,0,602.0,0.3807,0.001,0.001,0.0
2026-06-02 14:00:00,DeepSeek,136,92757,64118,28639,0.1113,94.1176,5.8824,2.2059,0.7353,6590.0,9107.25,10997.1,8401.25,178.5,10,28,39,0.0,2.9412,14.7059,0.0,4586,682.0368,0.4467,0.0008,0.0009,16.0131
2026-06-02 14:00:00,MiniMax,4,3421,2341,1080,0.0082,100.0,0.0,0.0,0.0,1956.0,3034.8,3131.76,737.05,139.3,2,3,4,0.0,0.0,25.0,0.0,191,855.25,0.4613,0.0021,0.0021,17.6852
2026-06-02 14:00:00,Qwen,2,1210,905,305,0.0019,100.0,0.0,0.0,0.0,1361.0,1477.1,1487.42,555.25,69.6,2,2,2,0.0,0.0,50.0,0.0,0,605.0,0.337,0.001,0.001,0.0
2026-06-02 15:00:00,DeepSeek,134,89747,63901,25846,0.1077,93.2836,6.7164,2.9851,2.2388,6575.0,8512.95,10096.91,7796.2,166.05,10,28,34,1.4925,4.4776,20.1493,0.0,4311,669.7537,0.4045,0.0008,0.0009,16.6796
2026-06-02 15:00:00,MiniMax,6,3650,2145,1505,0.0088,100.0,0.0,0.0,0.0,1573.5,3171.5,3518.3,576.25,117.5,4,6,6,0.0,0.0,0.0,0.0,233,608.3333,0.7016,0.0015,0.0015,15.4817
2026-06-02 15:00:00,Qwen,1,1056,877,179,0.0017,100.0,0.0,0.0,0.0,1118.0,1118.0,1118.0,577.0,44.0,1,1,1,0.0,0.0,100.0,0.0,0,1056.0,0.2041,0.0017,0.0017,0.0
2026-06-02 16:00:00,DeepSeek,110,69836,47197,22639,0.0838,99.0909,0.9091,0.0,0.9091,6540.0,8434.85,10285.52,7924.6,173.2,10,28,35,0.0,2.7273,19.0909,0.9091,3970,634.8727,0.4797,0.0008,0.0008,17.5361
2026-06-02 16:00:00,MiniMax,3,1574,1061,513,0.0038,100.0,0.0,0.0,0.0,1424.0,1695.8,1719.96,656.4,104.2,3,3,3,0.0,0.0,0.0,0.0,102,524.6667,0.4835,0.0013,0.0013,19.883
2026-06-02 16:00:00,Qwen,4,3256,2328,928,0.0052,100.0,0.0,0.0,0.0,1515.0,3410.05,3649.21,1583.55,126.35,3,4,3,0.0,25.0,25.0,0.0,0,814.0,0.3986,0.0013,0.0013,0.0
2026-06-02 17:00:00,DeepSeek,128,83804,57704,26100,0.1006,98.4375,1.5625,0.0,0.7812,6541.0,9421.6,10536.65,9384.6,152.5,10,29,41,0.0,3.125,16.4062,0.0,4072,654.7188,0.4523,0.0008,0.0008,15.6015
2026-06-02 17:00:00,MiniMax,4,2659,1419,1240,0.0064,100.0,0.0,0.0,0.0,1509.0,3509.85,3747.57,1031.95,64.0,3,4,3,0.0,0.0,25.0,0.0,181,664.75,0.8739,0.0016,0.0016,14.5968
2026-06-02 17:00:00,Qwen,4,1845,974,871,0.003,100.0,0.0,0.0,0.0,1617.5,1788.7,1810.54,483.95,73.05,2,4,4,0.0,0.0,0.0,0.0,0,461.25,0.8943,0.0007,0.0007,0.0
2026-06-02 18:00:00,DeepSeek,86,59578,42984,16594,0.0715,95.3488,4.6512,1.1628,2.3256,6524.5,8954.25,10045.0,7710.5,156.0,10,29,39,2.3256,6.9767,25.5814,0.0,2646,692.7674,0.3861,0.0008,0.0009,15.9455
2026-06-02 18:00:00,MiniMax,1,868,263,605,0.0021,100.0,0.0,0.0,0.0,2983.0,2983.0,2983.0,434.0,15.0,1,1,1,0.0,0.0,0.0,0.0,112,868.0,2.3004,0.0021,0.0021,18.5124
2026-06-02 18:00:00,Qwen,4,2312,1181,1131,0.0037,75.0,25.0,25.0,0.0,1802.5,3786.5,3977.3,649.9,117.05,4,4,4,0.0,25.0,0.0,0.0,0,578.0,0.9577,0.0009,0.0012,0.0
2026-06-02 19:00:00,DeepSeek,72,52672,37715,14957,0.0632,95.8333,4.1667,4.1667,0.0,6843.5,8407.4,9909.94,7470.0,135.6,10,26,28,1.3889,0.0,13.8889,0.0,2504,731.5556,0.3966,0.0009,0.0009,16.7413
2026-06-02 19:00:00,MiniMax,4,3174,2531,643,0.0076,100.0,0.0,0.0,0.0,1341.5,1680.65,1696.13,545.3,49.9,4,4,4,0.0,25.0,25.0,0.0,117,793.5,0.254,0.0019,0.0019,18.196
2026-06-02 19:00:00,Qwen,3,2911,1823,1088,0.0047,100.0,0.0,0.0,0.0,1556.0,2937.5,3060.3,650.5,115.8,2,3,3,0.0,0.0,0.0,0.0,0,970.3333,0.5968,0.0016,0.0016,0.0
2026-06-02 20:00:00,DeepSeek,63,43410,28718,14692,0.0521,90.4762,9.5238,3.1746,1.5873,6472.0,9959.8,11053.3,9551.5,166.5,10,22,29,0.0,4.7619,19.0476,0.0,2752,689.0476,0.5116,0.0008,0.0009,18.7313
2026-06-02 20:00:00,MiniMax,2,645,243,402,0.0015,100.0,0.0,0.0,0.0,1541.5,1559.95,1561.59,524.6,84.7,2,2,2,0.0,0.0,0.0,0.0,87,322.5,1.6543,0.0008,0.0008,21.6418
2026-06-02 20:00:00,Qwen,3,2385,1270,1115,0.0038,100.0,0.0,0.0,0.0,1546.0,3201.1,3348.22,1211.0,58.1,3,3,3,0.0,0.0,0.0,0.0,0,795.0,0.878,0.0013,0.0013,0.0
2026-06-02 21:00:00,DeepSeek,58,32060,21599,10461,0.0385,100.0,0.0,0.0,0.0,6598.5,9725.8,10908.32,9059.1,131.8,10,25,29,1.7241,6.8966,22.4138,0.0,1537,552.7586,0.4843,0.0007,0.0007,14.6927
2026-06-02 21:00:00,MiniMax,4,3245,2178,1067,0.0078,100.0,0.0,0.0,0.0,1721.0,2125.9,2177.98,694.65,139.15,3,4,4,0.0,0.0,25.0,0.0,179,811.25,0.4899,0.0019,0.0019,16.776
2026-06-02 21:00:00,Qwen,1,430,329,101,0.0007,100.0,0.0,0.0,0.0,1264.0,1264.0,1264.0,558.0,95.0,1,1,1,0.0,0.0,0.0,0.0,0,430.0,0.307,0.0007,0.0007,0.0
2026-06-02 22:00:00,DeepSeek,33,20798,13899,6899,0.025,93.9394,6.0606,3.0303,0.0,6831.0,10122.4,10800.8,9460.4,142.0,8,16,20,3.0303,6.0606,15.1515,0.0,1112,630.2424,0.4964,0.0008,0.0008,16.1183
2026-06-02 22:00:00,Qwen,1,201,89,112,0.0003,100.0,0.0,0.0,0.0,1452.0,1452.0,1452.0,373.0,73.0,1,1,1,0.0,100.0,0.0,0.0,0,201.0,1.2584,0.0003,0.0003,0.0
2026-06-02 23:00:00,DeepSeek,38,26570,19381,7189,0.0319,86.8421,13.1579,0.0,10.5263,6424.0,8199.9,10472.75,7832.15,120.45,9,18,22,0.0,2.6316,10.5263,0.0,1232,699.2105,0.3709,0.0008,0.001,17.1373
2026-06-02 23:00:00,MiniMax,3,1205,800,405,0.0029,100.0,0.0,0.0,0.0,1461.0,1821.0,1853.0,668.0,172.0,2,2,3,0.0,0.0,66.6667,0.0,54,401.6667,0.5062,0.001,0.001,13.3333
2026-06-03 00:00:00,DeepSeek,21,11701,7955,3746,0.014,95.2381,4.7619,0.0,4.7619,6583.0,8183.0,9696.6,6892.0,228.0,9,17,17,0.0,4.7619,23.8095,0.0,627,557.1905,0.4709,0.0007,0.0007,16.7379
2026-06-03 01:00:00,DeepSeek,17,9720,6134,3586,0.0117,94.1176,5.8824,0.0,5.8824,6535.0,7574.0,7660.4,6663.8,148.8,9,12,12,0.0,11.7647,5.8824,0.0,659,571.7647,0.5846,0.0007,0.0007,18.377
2026-06-03 01:00:00,MiniMax,1,474,342,132,0.0011,100.0,0.0,0.0,0.0,1361.0,1361.0,1361.0,424.0,15.0,1,1,1,0.0,0.0,0.0,0.0,6,474.0,0.386,0.0011,0.0011,4.5455
2026-06-03 02:00:00,DeepSeek,18,11148,8113,3035,0.0134,94.4444,5.5556,0.0,0.0,6339.0,8519.05,8687.01,8047.6,108.15,8,13,14,0.0,5.5556,16.6667,0.0,436,619.3333,0.3741,0.0007,0.0008,14.3657
2026-06-03 03:00:00,DeepSeek,23,15708,10862,4846,0.0188,95.6522,4.3478,0.0,0.0,6535.0,10151.4,10485.14,9239.8,125.9,8,12,14,0.0,0.0,13.0435,0.0,768,682.9565,0.4461,0.0008,0.0009,15.8481
2026-06-03 03:00:00,MiniMax,2,951,626,325,0.0023,100.0,0.0,0.0,0.0,1501.5,1676.55,1692.11,558.6,67.3,2,2,2,0.0,50.0,0.0,0.0,63,475.5,0.5192,0.0011,0.0011,19.3846
2026-06-03 04:00:00,DeepSeek,22,16876,9701,7175,0.0203,90.9091,9.0909,0.0,9.0909,6683.5,9202.55,9950.18,7068.85,109.35,9,16,17,0.0,0.0,9.0909,0.0,1036,767.0909,0.7396,0.0009,0.001,14.439
2026-06-03 04:00:00,MiniMax,2,1111,821,290,0.0027,100.0,0.0,0.0,0.0,1443.5,1794.95,1826.19,757.2,132.45,2,2,2,0.0,0.0,0.0,0.0,48,555.5,0.3532,0.0013,0.0013,16.5517
2026-06-03 05:00:00,DeepSeek,19,15144,10687,4457,0.0182,89.4737,10.5263,0.0,0.0,6871.0,8478.8,9730.16,7715.1,145.6,7,13,12,0.0,0.0,21.0526,0.0,746,797.0526,0.417,0.001,0.0011,16.7377
2026-06-03 05:00:00,MiniMax,2,1136,961,175,0.0027,100.0,0.0,0.0,0.0,1221.5,1471.25,1493.45,591.5,61.95,2,2,2,0.0,0.0,0.0,0.0,34,568.0,0.1821,0.0014,0.0014,19.4286
2026-06-03 06:00:00,DeepSeek,56,37325,25940,11385,0.0448,98.2143,1.7857,1.7857,0.0,6655.5,8370.0,9071.3,7489.5,151.5,10,23,29,0.0,3.5714,19.6429,0.0,1622,666.5179,0.4389,0.0008,0.0008,14.2468
2026-06-03 06:00:00,MiniMax,4,2998,2085,913,0.0072,100.0,0.0,0.0,0.0,1597.5,2244.1,2314.42,544.35,119.35,3,4,3,0.0,0.0,0.0,0.0,168,749.5,0.4379,0.0018,0.0018,18.4009
2026-06-03 06:00:00,Qwen,1,760,473,287,0.0012,100.0,0.0,0.0,0.0,1732.0,1732.0,1732.0,357.0,26.0,1,1,1,0.0,0.0,100.0,0.0,0,760.0,0.6068,0.0012,0.0012,0.0
2026-06-03 07:00:00,DeepSeek,53,36276,27116,9160,0.0435,98.1132,1.8868,0.0,1.8868,6486.0,9800.8,10579.32,9410.8,135.6,9,22,24,0.0,1.8868,18.8679,0.0,1409,684.4528,0.3378,0.0008,0.0008,15.3821
2026-06-03 07:00:00,MiniMax,3,2284,1572,712,0.0055,100.0,0.0,0.0,0.0,1988.0,2121.2,2133.04,569.5,46.9,3,3,3,0.0,0.0,33.3333,0.0,91,761.3333,0.4529,0.0018,0.0018,12.7809
2026-06-03 08:00:00,DeepSeek,58,35596,25251,10345,0.0427,93.1034,6.8966,1.7241,1.7241,6537.5,9008.25,9945.35,8400.3,161.9,10,22,25,1.7241,5.1724,24.1379,0.0,1860,613.7241,0.4097,0.0007,0.0008,17.9797
2026-06-03 08:00:00,MiniMax,3,2205,1700,505,0.0053,100.0,0.0,0.0,0.0,1983.0,2020.8,2024.16,759.1,143.5,3,3,3,0.0,0.0,33.3333,0.0,62,735.0,0.2971,0.0018,0.0018,12.2772
2026-06-03 08:00:00,Qwen,4,1712,777,935,0.0027,75.0,25.0,0.0,25.0,1886.0,2296.5,2297.7,1495.15,179.6,4,4,4,0.0,0.0,25.0,0.0,0,428.0,1.2033,0.0007,0.0009,0.0
2026-06-03 09:00:00,DeepSeek,92,61910,44161,17749,0.0743,97.8261,2.1739,1.087,0.0,6704.0,9949.15,10467.99,9188.45,147.2,10,25,36,2.1739,6.5217,25.0,0.0,3167,672.9348,0.4019,0.0008,0.0008,17.8433
2026-06-03 09:00:00,MiniMax,9,6451,5199,1252,0.0155,100.0,0.0,0.0,0.0,1212.0,1919.4,1930.28,639.0,147.8,8,9,8,0.0,11.1111,22.2222,0.0,258,716.7778,0.2408,0.0017,0.0017,20.607
2026-06-03 09:00:00,Qwen,1,197,152,45,0.0003,100.0,0.0,0.0,0.0,1515.0,1515.0,1515.0,1386.0,25.0,1,1,1,0.0,0.0,0.0,0.0,0,197.0,0.2961,0.0003,0.0003,0.0
2026-06-03 10:00:00,DeepSeek,92,62476,42667,19809,0.075,96.7391,3.2609,1.087,0.0,6653.0,9557.55,10602.06,9027.05,160.85,10,29,33,2.1739,2.1739,15.2174,0.0,3030,679.087,0.4643,0.0008,0.0008,15.2961
2026-06-03 10:00:00,MiniMax,6,5594,3852,1742,0.0134,100.0,0.0,0.0,0.0,1720.5,2648.75,2723.35,811.0,215.5,5,6,6,0.0,0.0,0.0,0.0,265,932.3333,0.4522,0.0022,0.0022,15.2124
2026-06-03 10:00:00,Qwen,4,2670,1484,1186,0.0043,50.0,50.0,0.0,50.0,2563.0,4499.1,4682.22,617.4,168.7,4,4,4,0.0,0.0,0.0,0.0,0,667.5,0.7992,0.0011,0.0021,0.0
2026-06-03 11:00:00,DeepSeek,105,74150,52402,21748,0.089,93.3333,6.6667,1.9048,1.9048,6551.0,8133.4,10054.76,7393.0,168.4,10,29,29,0.0,1.9048,15.2381,0.0,3348,706.1905,0.415,0.0008,0.0009,15.3945
2026-06-03 11:00:00,MiniMax,6,4070,3087,983,0.0098,83.3333,16.6667,16.6667,0.0,1158.0,1601.0,1668.2,512.5,62.25,4,6,6,0.0,16.6667,16.6667,0.0,134,678.3333,0.3184,0.0016,0.002,13.6317
2026-06-03 12:00:00,DeepSeek,113,78686,55385,23301,0.0944,95.5752,4.4248,0.0,2.6549,6577.0,9362.4,10134.64,8794.0,171.6,10,28,39,0.885,7.0796,21.2389,0.0,3953,696.3363,0.4207,0.0008,0.0009,16.9649
2026-06-03 12:00:00,MiniMax,4,2014,1205,809,0.0048,100.0,0.0,0.0,0.0,1791.0,2121.3,2159.46,1145.9,129.1,4,4,4,25.0,0.0,25.0,0.0,115,503.5,0.6714,0.0012,0.0012,14.2151
2026-06-03 12:00:00,Qwen,3,1969,1131,838,0.0032,100.0,0.0,0.0,0.0,1761.0,2263.2,2307.84,429.4,63.2,3,3,3,0.0,0.0,0.0,0.0,0,656.3333,0.7409,0.0011,0.0011,0.0
2026-06-03 13:00:00,DeepSeek,103,71043,50098,20945,0.0853,97.0874,2.9126,0.0,1.9417,6529.0,9879.7,10923.86,9072.4,163.6,10,28,34,0.9709,2.9126,18.4466,0.0,3156,689.7379,0.4181,0.0008,0.0009,15.068
2026-06-03 13:00:00,MiniMax,4,3167,2333,834,0.0076,50.0,50.0,0.0,50.0,1127.5,2251.55,2386.31,670.5,103.05,4,4,4,0.0,50.0,0.0,0.0,83,791.75,0.3575,0.0019,0.0038,9.952
2026-06-03 13:00:00,Qwen,1,235,152,83,0.0004,100.0,0.0,0.0,0.0,1113.0,1113.0,1113.0,560.0,35.0,1,1,1,0.0,0.0,0.0,0.0,0,235.0,0.5461,0.0004,0.0004,0.0
2026-06-03 14:00:00,DeepSeek,105,69467,48865,20602,0.0834,95.2381,4.7619,0.0,2.8571,6769.0,9315.4,10125.6,8596.4,190.4,10,26,33,1.9048,4.7619,20.0,0.0,3416,661.5905,0.4216,0.0008,0.0008,16.5809
2026-06-03 14:00:00,MiniMax,4,5784,4285,1499,0.0139,100.0,0.0,0.0,0.0,2236.0,2747.4,2793.48,703.1,159.8,3,4,4,0.0,0.0,0.0,0.0,247,1446.0,0.3498,0.0035,0.0035,16.4777
2026-06-03 15:00:00,DeepSeek,84,56552,39841,16711,0.0679,98.8095,1.1905,0.0,1.1905,6479.5,9347.65,10682.79,9085.05,183.55,10,24,29,1.1905,3.5714,21.4286,0.0,2712,673.2381,0.4194,0.0008,0.0008,16.2288
2026-06-03 15:00:00,MiniMax,6,3275,2099,1176,0.0079,100.0,0.0,0.0,0.0,1483.0,3081.0,3449.0,705.25,165.25,4,6,6,0.0,0.0,50.0,0.0,139,545.8333,0.5603,0.0013,0.0013,11.8197
2026-06-03 16:00:00,DeepSeek,94,62297,41520,20777,0.0748,93.617,6.383,3.1915,2.1277,6736.5,9194.3,10694.85,8129.6,150.55,10,27,33,2.1277,3.1915,23.4043,0.0,3471,662.734,0.5004,0.0008,0.0008,16.706
2026-06-03 16:00:00,MiniMax,3,1088,796,292,0.0026,100.0,0.0,0.0,0.0,842.0,1441.4,1494.68,552.2,174.5,2,3,3,0.0,0.0,0.0,0.0,44,362.6667,0.3668,0.0009,0.0009,15.0685
2026-06-03 16:00:00,Qwen,3,823,314,509,0.0013,100.0,0.0,0.0,0.0,1299.0,1489.8,1506.76,611.2,81.1,2,3,3,0.0,0.0,33.3333,0.0,0,274.3333,1.621,0.0004,0.0004,0.0
2026-06-03 17:00:00,DeepSeek,107,73538,49921,23617,0.0882,97.1963,2.8037,0.0,0.9346,6767.0,9164.8,10083.02,8409.7,183.4,10,27,34,0.0,1.8692,12.1495,0.0,4030,687.271,0.4731,0.0008,0.0008,17.064
2026-06-03 17:00:00,MiniMax,6,4642,2617,2025,0.0111,83.3333,16.6667,0.0,0.0,1718.0,4034.5,4300.5,772.5,204.5,5,5,6,0.0,16.6667,33.3333,0.0,270,773.6667,0.7738,0.0019,0.0022,13.3333
2026-06-03 17:00:00,Qwen,3,1525,938,587,0.0024,66.6667,33.3333,0.0,0.0,957.0,2821.8,2987.56,1017.4,61.7,3,3,3,0.0,33.3333,0.0,0.0,0,508.3333,0.6258,0.0008,0.0012,0.0
2026-06-03 18:00:00,DeepSeek,59,40264,29745,10519,0.0483,100.0,0.0,0.0,0.0,6829.0,9113.4,10745.7,8857.7,166.5,9,22,26,0.0,1.6949,16.9492,0.0,1704,682.4407,0.3536,0.0008,0.0008,16.1993
2026-06-03 18:00:00,MiniMax,3,2039,1399,640,0.0049,100.0,0.0,0.0,0.0,1632.0,2241.3,2295.46,751.1,117.7,3,3,3,0.0,0.0,66.6667,0.0,93,679.6667,0.4575,0.0016,0.0016,14.5313
2026-06-03 18:00:00,Qwen,1,459,354,105,0.0007,100.0,0.0,0.0,0.0,1692.0,1692.0,1692.0,1394.0,51.0,1,1,1,0.0,0.0,100.0,0.0,0,459.0,0.2966,0.0007,0.0007,0.0
2026-06-03 19:00:00,DeepSeek,66,43071,28701,14370,0.0517,96.9697,3.0303,0.0,1.5152,6597.0,9426.0,10703.65,8432.0,159.25,10,23,27,1.5152,1.5152,16.6667,0.0,2386,652.5909,0.5007,0.0008,0.0008,16.604
2026-06-03 19:00:00,MiniMax,3,1667,1369,298,0.004,100.0,0.0,0.0,0.0,1250.0,1514.6,1538.12,931.4,118.1,3,3,3,33.3333,0.0,33.3333,0.0,54,555.6667,0.2177,0.0013,0.0013,18.1208
2026-06-03 19:00:00,Qwen,2,2414,1929,485,0.0039,100.0,0.0,0.0,0.0,1747.5,1929.75,1945.95,553.15,122.75,2,2,2,0.0,0.0,50.0,0.0,0,1207.0,0.2514,0.0019,0.0019,0.0
2026-06-03 20:00:00,DeepSeek,59,41214,27514,13700,0.0495,98.3051,1.6949,0.0,0.0,6548.0,9433.5,9978.5,8311.1,159.8,10,25,26,0.0,3.3898,22.0339,0.0,2161,698.5424,0.4979,0.0008,0.0009,15.7737
2026-06-03 20:00:00,MiniMax,4,3370,2659,711,0.0081,100.0,0.0,0.0,0.0,1488.5,1902.45,1935.69,740.9,165.6,4,4,4,0.0,0.0,25.0,0.0,67,842.5,0.2674,0.002,0.002,9.4233
2026-06-03 20:00:00,Qwen,1,816,551,265,0.0013,100.0,0.0,0.0,0.0,1665.0,1665.0,1665.0,478.0,134.0,1,1,1,0.0,0.0,0.0,0.0,0,816.0,0.4809,0.0013,0.0013,0.0
2026-06-03 21:00:00,DeepSeek,48,30525,21143,9382,0.0366,97.9167,2.0833,0.0,2.0833,6367.0,8986.15,9816.66,7380.95,171.75,10,23,27,0.0,0.0,20.8333,0.0,1482,635.9375,0.4437,0.0008,0.0008,15.7962
2026-06-03 21:00:00,MiniMax,3,2473,1847,626,0.0059,100.0,0.0,0.0,0.0,1943.0,2031.2,2039.04,607.1,54.1,3,3,3,0.0,0.0,0.0,0.0,78,824.3333,0.3389,0.002,0.002,12.4601
2026-06-03 21:00:00,Qwen,1,678,492,186,0.0011,100.0,0.0,0.0,0.0,1244.0,1244.0,1244.0,446.0,83.0,1,1,1,0.0,0.0,0.0,0.0,0,678.0,0.378,0.0011,0.0011,0.0
2026-06-03 22:00:00,DeepSeek,32,23879,17505,6374,0.0287,100.0,0.0,0.0,0.0,6784.5,8022.35,8254.67,7317.25,151.15,8,17,20,9.375,6.25,18.75,0.0,1009,746.2188,0.3641,0.0009,0.0009,15.8299
2026-06-03 22:00:00,MiniMax,2,1640,1019,621,0.0039,100.0,0.0,0.0,0.0,2138.0,2435.9,2462.38,645.25,116.25,2,2,2,0.0,0.0,50.0,0.0,135,820.0,0.6094,0.002,0.002,21.7391
2026-06-03 22:00:00,Qwen,1,382,267,115,0.0006,0.0,100.0,0.0,0.0,974.0,974.0,974.0,447.0,46.0,1,1,1,0.0,100.0,100.0,0.0,0,382.0,0.4307,0.0006,,0.0
2026-06-03 23:00:00,DeepSeek,27,18611,13927,4684,0.0223,100.0,0.0,0.0,0.0,6393.0,8404.8,8752.32,7937.2,149.7,8,18,17,0.0,7.4074,25.9259,0.0,696,689.2963,0.3363,0.0008,0.0008,14.8591
2026-06-03 23:00:00,MiniMax,1,499,131,368,0.0012,100.0,0.0,0.0,0.0,2533.0,2533.0,2533.0,793.0,117.0,1,1,1,0.0,0.0,0.0,0.0,64,499.0,2.8092,0.0012,0.0012,17.3913
2026-06-04 00:00:00,DeepSeek,20,14836,9466,5370,0.0178,95.0,5.0,0.0,5.0,6914.5,10178.15,10362.83,9477.35,179.05,8,13,13,5.0,10.0,35.0,0.0,795,741.8,0.5673,0.0009,0.0009,14.8045
2026-06-04 01:00:00,DeepSeek,11,7573,4695,2878,0.0091,90.9091,9.0909,0.0,9.0909,6598.0,8258.5,8427.7,6818.0,165.5,7,11,10,0.0,18.1818,27.2727,0.0,512,688.4545,0.613,0.0008,0.0009,17.7901
2026-06-04 01:00:00,Qwen,1,553,342,211,0.0009,100.0,0.0,0.0,0.0,990.0,990.0,990.0,416.0,51.0,1,1,1,0.0,0.0,0.0,0.0,0,553.0,0.617,0.0009,0.0009,0.0
2026-06-04 02:00:00,DeepSeek,18,11772,7690,4082,0.0141,100.0,0.0,0.0,0.0,6526.5,9532.35,10164.07,7716.3,244.6,7,12,13,0.0,11.1111,0.0,0.0,597,654.0,0.5308,0.0008,0.0008,14.6252
2026-06-04 02:00:00,MiniMax,3,1489,908,581,0.0036,100.0,0.0,0.0,0.0,1484.0,2686.4,2793.28,599.5,63.1,2,2,2,0.0,0.0,33.3333,0.0,59,496.3333,0.6399,0.0012,0.0012,10.1549
2026-06-04 03:00:00,DeepSeek,24,16059,11399,4660,0.0193,100.0,0.0,0.0,0.0,6503.0,8056.25,8827.1,7276.05,130.1,8,14,19,4.1667,0.0,12.5,0.0,829,669.125,0.4088,0.0008,0.0008,17.7897
2026-06-04 03:00:00,MiniMax,1,664,446,218,0.0016,100.0,0.0,0.0,0.0,1902.0,1902.0,1902.0,626.0,36.0,1,1,1,0.0,0.0,0.0,0.0,27,664.0,0.4888,0.0016,0.0016,12.3853
2026-06-04 03:00:00,Qwen,1,341,265,76,0.0005,100.0,0.0,0.0,0.0,733.0,733.0,733.0,353.0,29.0,1,1,1,0.0,0.0,0.0,0.0,0,341.0,0.2868,0.0005,0.0005,0.0
2026-06-04 04:00:00,DeepSeek,15,9022,6479,2543,0.0108,100.0,0.0,0.0,0.0,6317.0,7912.2,8032.04,7101.0,114.7,8,12,14,0.0,0.0,6.6667,0.0,444,601.4667,0.3925,0.0007,0.0007,17.4597
2026-06-04 05:00:00,DeepSeek,9,6341,3837,2504,0.0076,100.0,0.0,0.0,0.0,6669.0,7379.8,7569.56,6034.4,146.0,5,8,8,0.0,0.0,11.1111,0.0,412,704.5556,0.6526,0.0008,0.0008,16.4537
2026-06-04 05:00:00,MiniMax,3,2837,2444,393,0.0068,100.0,0.0,0.0,0.0,1298.0,1500.5,1518.5,569.2,145.1,3,3,3,0.0,0.0,66.6667,0.0,64,945.6667,0.1608,0.0023,0.0023,16.285
2026-06-04 05:00:00,Qwen,1,617,471,146,0.001,100.0,0.0,0.0,0.0,1163.0,1163.0,1163.0,313.0,16.0,1,1,1,0.0,0.0,100.0,0.0,0,617.0,0.31,0.001,0.001,0.0
2026-06-04 06:00:00,DeepSeek,53,33108,22776,10332,0.0397,96.2264,3.7736,0.0,3.7736,6503.0,9176.6,10165.68,8048.2,127.4,10,25,25,1.8868,5.6604,26.4151,0.0,1605,624.6792,0.4536,0.0007,0.0008,15.5343
2026-06-04 06:00:00,MiniMax,6,3314,1849,1465,0.008,83.3333,16.6667,0.0,0.0,1791.0,3456.0,3798.4,1104.75,146.5,3,5,3,0.0,33.3333,16.6667,0.0,186,552.3333,0.7923,0.0013,0.0016,12.6962
2026-06-04 06:00:00,Qwen,1,845,593,252,0.0014,100.0,0.0,0.0,0.0,1921.0,1921.0,1921.0,445.0,85.0,1,1,1,0.0,0.0,0.0,0.0,0,845.0,0.425,0.0014,0.0014,0.0
2026-06-04 07:00:00,DeepSeek,70,50015,36358,13657,0.06,94.2857,5.7143,0.0,5.7143,6606.0,9486.6,10570.83,8663.65,165.55,10,25,29,0.0,8.5714,24.2857,0.0,1960,714.5,0.3756,0.0009,0.0009,14.3516
2026-06-04 07:00:00,MiniMax,2,1058,862,196,0.0025,100.0,0.0,0.0,0.0,1182.0,1188.3,1188.86,609.75,129.55,2,2,2,50.0,50.0,0.0,0.0,18,529.0,0.2274,0.0013,0.0013,9.1837
2026-06-04 07:00:00,Qwen,1,671,555,116,0.0011,0.0,100.0,100.0,0.0,1147.0,1147.0,1147.0,467.0,116.0,1,1,1,0.0,0.0,100.0,0.0,0,671.0,0.209,0.0011,,0.0
2026-06-04 08:00:00,DeepSeek,45,28488,18926,9562,0.0342,91.1111,8.8889,0.0,2.2222,6744.0,10600.8,11191.6,9596.2,125.0,9,21,21,0.0,6.6667,26.6667,0.0,1515,633.0667,0.5052,0.0008,0.0008,15.844
2026-06-04 08:00:00,MiniMax,4,2855,2300,555,0.0069,100.0,0.0,0.0,0.0,1292.5,1738.6,1774.12,667.2,145.25,2,3,3,0.0,0.0,25.0,0.0,66,713.75,0.2413,0.0017,0.0017,11.8919
2026-06-04 08:00:00,Qwen,1,327,238,89,0.0005,100.0,0.0,0.0,0.0,1005.0,1005.0,1005.0,613.0,135.0,1,1,1,0.0,0.0,100.0,0.0,0,327.0,0.3739,0.0005,0.0005,0.0
2026-06-04 09:00:00,DeepSeek,118,78972,52659,26313,0.0948,99.1525,0.8475,0.0,0.0,6720.0,10253.15,11256.48,9096.35,185.3,10,29,32,1.6949,4.2373,18.6441,0.0,4468,669.2542,0.4997,0.0008,0.0008,16.9802
2026-06-04 09:00:00,MiniMax,5,3130,2401,729,0.0075,100.0,0.0,0.0,0.0,1574.0,2175.4,2239.88,904.4,96.2,3,5,4,0.0,0.0,0.0,0.0,95,626.0,0.3036,0.0015,0.0015,13.0316
2026-06-04 09:00:00,Qwen,1,579,384,195,0.0009,100.0,0.0,0.0,0.0,1665.0,1665.0,1665.0,498.0,121.0,1,1,1,0.0,100.0,0.0,0.0,0,579.0,0.5078,0.0009,0.0009,0.0
2026-06-04 10:00:00,DeepSeek,80,60136,43758,16378,0.0722,100.0,0.0,0.0,0.0,6573.5,8471.3,10007.72,7775.65,158.95,10,28,36,2.5,1.25,12.5,0.0,2465,751.7,0.3743,0.0009,0.0009,15.0507
2026-06-04 10:00:00,MiniMax,3,2130,1344,786,0.0051,100.0,0.0,0.0,0.0,1523.0,2463.5,2547.1,577.3,139.4,3,3,3,0.0,0.0,0.0,0.0,128,710.0,0.5848,0.0017,0.0017,16.285
2026-06-04 10:00:00,Qwen,2,761,469,292,0.0012,100.0,0.0,0.0,0.0,1526.0,1904.9,1938.58,664.25,145.7,2,2,2,0.0,0.0,0.0,0.0,0,380.5,0.6226,0.0006,0.0006,0.0
2026-06-04 11:00:00,DeepSeek,75,52644,35529,17115,0.0632,88.0,12.0,0.0,6.6667,6780.0,10186.0,11292.74,9219.0,162.9,10,27,34,1.3333,4.0,16.0,0.0,2923,701.92,0.4817,0.0008,0.001,17.0786
2026-06-04 11:00:00,MiniMax,5,3015,1777,1238,0.0072,100.0,0.0,0.0,0.0,1705.0,3464.4,3792.88,608.4,128.6,4,5,4,0.0,0.0,20.0,0.0,207,603.0,0.6967,0.0014,0.0014,16.7205
2026-06-04 11:00:00,Qwen,2,1994,1810,184,0.0032,100.0,0.0,0.0,0.0,1422.5,1775.75,1807.15,1201.8,88.5,2,2,2,0.0,0.0,0.0,0.0,0,997.0,0.1017,0.0016,0.0016,0.0
2026-06-04 12:00:00,DeepSeek,103,73778,52008,21770,0.0885,94.1748,5.8252,0.9709,1.9417,6577.0,8130.3,9715.06,7428.3,165.1,10,28,32,1.9417,3.8835,19.4175,0.9709,3306,716.2913,0.4186,0.0009,0.0009,15.186
2026-06-04 12:00:00,MiniMax,4,2957,2144,813,0.0071,75.0,25.0,0.0,0.0,1820.5,2154.6,2173.32,717.3,114.6,3,4,4,0.0,0.0,25.0,25.0,184,739.25,0.3792,0.0018,0.0024,22.6322
2026-06-04 12:00:00,Qwen,1,695,294,401,0.0011,100.0,0.0,0.0,0.0,1735.0,1735.0,1735.0,441.0,16.0,1,1,1,0.0,0.0,0.0,0.0,0,695.0,1.3639,0.0011,0.0011,0.0
2026-06-04 13:00:00,DeepSeek,101,64446,46407,18039,0.0773,94.0594,5.9406,1.9802,0.9901,6591.0,9724.0,10941.0,8643.0,136.0,10,29,35,1.9802,6.9307,20.7921,0.0,2779,638.0792,0.3887,0.0008,0.0008,15.4055
2026-06-04 13:00:00,MiniMax,3,3405,1892,1513,0.0082,100.0,0.0,0.0,0.0,2392.0,4233.4,4397.08,591.1,58.6,3,3,3,0.0,0.0,0.0,0.0,300,1135.0,0.7997,0.0027,0.0027,19.8282
2026-06-04 13:00:00,Qwen,3,1362,684,678,0.0022,100.0,0.0,0.0,0.0,1397.0,2142.2,2208.44,662.0,230.1,2,2,2,0.0,0.0,33.3333,0.0,0,454.0,0.9912,0.0007,0.0007,0.0
2026-06-04 14:00:00,DeepSeek,95,67074,44983,22091,0.0805,97.8947,2.1053,1.0526,1.0526,6703.0,10385.4,10944.16,9025.9,143.6,10,30,37,2.1053,0.0,16.8421,0.0,3469,706.0421,0.4911,0.0008,0.0009,15.7032
2026-06-04 14:00:00,MiniMax,1,436,316,120,0.001,100.0,0.0,0.0,0.0,1147.0,1147.0,1147.0,557.0,49.0,1,1,1,0.0,0.0,0.0,0.0,11,436.0,0.3797,0.001,0.001,9.1667
2026-06-04 14:00:00,Qwen,2,1281,637,644,0.002,50.0,50.0,50.0,0.0,1551.0,1587.9,1591.18,662.65,29.8,2,2,2,0.0,0.0,0.0,0.0,0,640.5,1.011,0.001,0.002,0.0
2026-06-04 15:00:00,DeepSeek,101,72515,51771,20744,0.087,94.0594,5.9406,0.9901,1.9802,6638.0,9215.0,10432.0,8549.0,182.0,10,28,31,0.0,2.9703,17.8218,0.0,3553,717.9703,0.4007,0.0009,0.0009,17.1278
2026-06-04 15:00:00,MiniMax,4,2047,1462,585,0.0049,100.0,0.0,0.0,0.0,1349.5,1765.15,1798.63,658.25,85.4,2,3,3,0.0,25.0,0.0,0.0,117,511.75,0.4001,0.0012,0.0012,20.0
2026-06-04 15:00:00,Qwen,4,2683,1977,706,0.0043,75.0,25.0,0.0,0.0,1203.5,1576.05,1618.41,566.9,85.8,4,4,4,0.0,25.0,0.0,0.0,0,670.75,0.3571,0.0011,0.0014,0.0
2026-06-04 16:00:00,DeepSeek,94,59824,40943,18881,0.0718,94.6809,5.3191,0.0,5.3191,6539.5,8615.5,9406.98,7520.55,157.8,10,29,36,2.1277,3.1915,13.8298,0.0,3010,636.4255,0.4612,0.0008,0.0008,15.942
2026-06-04 16:00:00,MiniMax,3,1955,1445,510,0.0047,100.0,0.0,0.0,0.0,1275.0,1621.5,1652.3,523.5,104.7,2,3,3,0.0,0.0,0.0,0.0,103,651.6667,0.3529,0.0016,0.0016,20.1961
2026-06-04 17:00:00,DeepSeek,98,67058,46664,20394,0.0805,98.9796,1.0204,0.0,1.0204,6723.0,9597.6,10348.23,8100.7,137.05,10,26,35,2.0408,1.0204,11.2245,0.0,3409,684.2653,0.437,0.0008,0.0008,16.7157
2026-06-04 17:00:00,MiniMax,6,4292,3399,893,0.0103,100.0,0.0,0.0,0.0,1480.0,1958.75,1983.75,713.25,89.25,5,6,6,0.0,0.0,16.6667,0.0,129,715.3333,0.2627,0.0017,0.0017,14.4457
2026-06-04 17:00:00,Qwen,2,1904,1464,440,0.003,100.0,0.0,0.0,0.0,1767.0,1816.5,1820.9,563.9,65.65,2,2,2,0.0,0.0,0.0,0.0,0,952.0,0.3005,0.0015,0.0015,0.0
2026-06-04 18:00:00,DeepSeek,58,43435,31399,12036,0.0521,94.8276,5.1724,1.7241,1.7241,6709.5,10480.65,11103.79,9794.85,149.05,10,23,27,1.7241,5.1724,17.2414,0.0,2039,748.8793,0.3833,0.0009,0.0009,16.9408
2026-06-04 18:00:00,MiniMax,1,408,284,124,0.001,100.0,0.0,0.0,0.0,1345.0,1345.0,1345.0,653.0,47.0,1,1,1,0.0,0.0,0.0,0.0,15,408.0,0.4366,0.001,0.001,12.0968
2026-06-04 18:00:00,Qwen,1,1019,691,328,0.0016,100.0,0.0,0.0,0.0,2304.0,2304.0,2304.0,467.0,30.0,1,1,1,0.0,0.0,0.0,0.0,0,1019.0,0.4747,0.0016,0.0016,0.0
2026-06-04 19:00:00,DeepSeek,70,48663,32300,16363,0.0584,98.5714,1.4286,1.4286,0.0,6633.5,9572.9,10508.23,8812.05,137.4,10,28,30,1.4286,0.0,20.0,0.0,2831,695.1857,0.5066,0.0008,0.0008,17.3012
2026-06-04 19:00:00,MiniMax,3,1121,713,408,0.0027,100.0,0.0,0.0,0.0,1272.0,2234.1,2319.62,831.9,87.4,3,3,3,0.0,0.0,33.3333,0.0,59,373.6667,0.5722,0.0009,0.0009,14.4608
2026-06-04 19:00:00,Qwen,2,2181,1633,548,0.0035,100.0,0.0,0.0,0.0,1559.5,1919.05,1951.01,425.05,45.85,2,2,2,0.0,0.0,50.0,0.0,0,1090.5,0.3356,0.0017,0.0017,0.0
2026-06-04 20:00:00,DeepSeek,73,51208,37890,13318,0.0615,97.2603,2.7397,2.7397,0.0,6697.0,9724.2,10479.64,9247.0,151.8,10,25,33,2.7397,5.4795,23.2877,0.0,2218,701.4795,0.3515,0.0008,0.0009,16.6542
2026-06-04 20:00:00,MiniMax,5,4955,3144,1811,0.0119,100.0,0.0,0.0,0.0,1244.0,3743.0,3961.4,636.4,157.4,5,5,5,0.0,0.0,20.0,0.0,158,991.0,0.576,0.0024,0.0024,8.7245
2026-06-04 20:00:00,Qwen,2,1425,1130,295,0.0023,100.0,0.0,0.0,0.0,1267.0,1485.7,1505.14,458.25,170.15,2,2,2,0.0,0.0,0.0,0.0,0,712.5,0.2611,0.0011,0.0011,0.0
2026-06-04 21:00:00,DeepSeek,63,43290,31538,11752,0.0519,93.6508,6.3492,1.5873,1.5873,6471.0,8076.8,8317.12,7209.5,169.0,10,26,30,3.1746,3.1746,12.6984,0.0,1872,687.1429,0.3726,0.0008,0.0009,15.9292
2026-06-04 21:00:00,MiniMax,2,1644,1238,406,0.0039,100.0,0.0,0.0,0.0,1511.0,1689.2,1705.04,523.35,62.6,2,2,2,0.0,0.0,0.0,0.0,81,822.0,0.3279,0.002,0.002,19.9507
2026-06-04 22:00:00,DeepSeek,25,14055,10043,4012,0.0169,88.0,12.0,8.0,4.0,6178.0,8720.8,10739.84,7492.0,112.4,10,19,19,4.0,0.0,4.0,0.0,539,562.2,0.3995,0.0007,0.0008,13.4347
2026-06-04 22:00:00,Qwen,1,389,270,119,0.0006,100.0,0.0,0.0,0.0,1535.0,1535.0,1535.0,591.0,245.0,1,1,1,0.0,0.0,0.0,0.0,0,389.0,0.4407,0.0006,0.0006,0.0
2026-06-04 23:00:00,DeepSeek,29,20452,14271,6181,0.0245,89.6552,10.3448,6.8966,0.0,7026.0,8147.6,10293.68,7434.6,176.4,8,15,18,0.0,10.3448,10.3448,0.0,901,705.2414,0.4331,0.0008,0.0009,14.5769
2026-06-04 23:00:00,MiniMax,1,1577,897,680,0.0038,100.0,0.0,0.0,0.0,3792.0,3792.0,3792.0,720.0,81.0,1,1,1,0.0,0.0,0.0,0.0,173,1577.0,0.7581,0.0038,0.0038,25.4412
2026-06-04 23:00:00,Qwen,1,622,394,228,0.001,100.0,0.0,0.0,0.0,1553.0,1553.0,1553.0,509.0,62.0,1,1,1,0.0,0.0,0.0,0.0,0,622.0,0.5787,0.001,0.001,0.0
2026-06-05 00:00:00,DeepSeek,23,15212,10524,4688,0.0183,95.6522,4.3478,0.0,4.3478,6558.0,8417.2,8776.4,7018.7,166.8,9,15,15,0.0,0.0,13.0435,0.0,713,661.3913,0.4455,0.0008,0.0008,15.209
2026-06-05 00:00:00,MiniMax,1,452,223,229,0.0011,100.0,0.0,0.0,0.0,2140.0,2140.0,2140.0,744.0,148.0,1,1,1,0.0,0.0,0.0,0.0,20,452.0,1.0269,0.0011,0.0011,8.7336
2026-06-05 00:00:00,Qwen,1,441,189,252,0.0007,100.0,0.0,0.0,0.0,2045.0,2045.0,2045.0,393.0,59.0,1,1,1,0.0,0.0,0.0,0.0,0,441.0,1.3333,0.0007,0.0007,0.0
2026-06-05 01:00:00,DeepSeek,36,23344,16542,6802,0.028,97.2222,2.7778,0.0,2.7778,6642.5,9031.25,9184.7,8843.25,121.0,9,18,22,0.0,2.7778,11.1111,0.0,1193,648.4444,0.4112,0.0008,0.0008,17.539
2026-06-05 01:00:00,MiniMax,2,3034,2534,500,0.0073,100.0,0.0,0.0,0.0,2043.5,2758.55,2822.11,467.35,71.8,1,2,2,0.0,0.0,0.0,0.0,92,1517.0,0.1973,0.0036,0.0036,18.4
2026-06-05 01:00:00,Qwen,1,548,177,371,0.0009,100.0,0.0,0.0,0.0,1719.0,1719.0,1719.0,566.0,110.0,1,1,1,0.0,0.0,0.0,0.0,0,548.0,2.096,0.0009,0.0009,0.0
2026-06-05 02:00:00,DeepSeek,51,34072,24352,9720,0.0409,96.0784,3.9216,1.9608,0.0,6650.0,8343.5,10690.0,7746.5,129.5,10,23,31,3.9216,5.8824,15.6863,0.0,1538,668.0784,0.3991,0.0008,0.0008,15.823
2026-06-05 02:00:00,MiniMax,4,3148,2084,1064,0.0076,100.0,0.0,0.0,0.0,1620.0,3746.2,4006.84,836.45,171.8,4,4,4,0.0,0.0,0.0,0.0,246,787.0,0.5106,0.0019,0.0019,23.1203
2026-06-05 02:00:00,Qwen,2,1422,1009,413,0.0023,50.0,50.0,0.0,0.0,1578.0,1733.7,1747.54,1177.05,71.05,2,2,2,0.0,0.0,50.0,0.0,0,711.0,0.4093,0.0011,0.0023,0.0
2026-06-05 03:00:00,DeepSeek,48,32164,22150,10014,0.0386,95.8333,4.1667,0.0,2.0833,6908.0,9474.4,10805.11,8946.75,169.3,10,23,29,2.0833,4.1667,6.25,0.0,1468,670.0833,0.4521,0.0008,0.0008,14.6595
2026-06-05 03:00:00,MiniMax,2,890,580,310,0.0021,100.0,0.0,0.0,0.0,1191.5,1564.55,1597.71,614.8,73.25,2,2,2,0.0,0.0,50.0,0.0,48,445.0,0.5345,0.0011,0.0011,15.4839
2026-06-05 03:00:00,Qwen,1,363,251,112,0.0006,100.0,0.0,0.0,0.0,1040.0,1040.0,1040.0,707.0,22.0,1,1,1,0.0,0.0,0.0,0.0,0,363.0,0.4462,0.0006,0.0006,0.0
2026-06-05 04:00:00,DeepSeek,54,36416,24967,11449,0.0437,96.2963,3.7037,0.0,0.0,6753.5,10592.3,12050.74,9982.3,173.0,10,23,23,0.0,1.8519,16.6667,0.0,1747,674.3704,0.4586,0.0008,0.0008,15.259
2026-06-05 04:00:00,MiniMax,5,2992,2430,562,0.0072,80.0,20.0,0.0,20.0,1125.0,1445.2,1452.24,517.4,111.2,3,5,4,0.0,20.0,40.0,0.0,43,598.4,0.2313,0.0014,0.0018,7.6512
2026-06-05 04:00:00,Qwen,2,2759,2426,333,0.0044,100.0,0.0,0.0,0.0,1071.5,1304.15,1324.83,489.4,83.5,2,2,2,0.0,0.0,50.0,0.0,0,1379.5,0.1373,0.0022,0.0022,0.0
2026-06-05 05:00:00,DeepSeek,29,22347,15519,6828,0.0268,96.5517,3.4483,0.0,3.4483,6745.0,9930.6,10506.36,9426.6,136.6,8,18,19,0.0,6.8966,31.0345,0.0,1121,770.5862,0.44,0.0009,0.001,16.4177
2026-06-05 05:00:00,MiniMax,1,426,190,236,0.001,100.0,0.0,0.0,0.0,2011.0,2011.0,2011.0,542.0,66.0,1,1,1,0.0,0.0,0.0,0.0,61,426.0,1.2421,0.001,0.001,25.8475
2026-06-05 05:00:00,Qwen,4,3251,2552,699,0.0052,75.0,25.0,25.0,0.0,1221.5,1812.45,1893.69,721.05,192.85,3,4,4,0.0,0.0,25.0,0.0,0,812.75,0.2739,0.0013,0.0017,0.0
2026-06-05 06:00:00,DeepSeek,70,45453,30109,15344,0.0545,97.1429,2.8571,0.0,0.0,6551.0,8925.7,10013.96,8242.85,156.55,10,29,30,1.4286,1.4286,17.1429,0.0,2578,649.3286,0.5096,0.0008,0.0008,16.8014
2026-06-05 06:00:00,MiniMax,1,301,202,99,0.0007,100.0,0.0,0.0,0.0,889.0,889.0,889.0,538.0,158.0,1,1,1,0.0,0.0,0.0,0.0,27,301.0,0.4901,0.0007,0.0007,27.2727
2026-06-05 06:00:00,Qwen,1,231,132,99,0.0004,100.0,0.0,0.0,0.0,1017.0,1017.0,1017.0,513.0,44.0,1,1,1,0.0,0.0,0.0,0.0,0,231.0,0.75,0.0004,0.0004,0.0
2026-06-05 07:00:00,DeepSeek,58,37278,26750,10528,0.0447,96.5517,3.4483,0.0,1.7241,6486.0,8375.65,10326.08,7685.45,165.45,10,26,27,0.0,5.1724,22.4138,1.7241,1802,642.7241,0.3936,0.0008,0.0008,17.1163
2026-06-05 07:00:00,MiniMax,3,2150,1607,543,0.0052,66.6667,33.3333,0.0,0.0,1657.0,1988.2,2017.64,897.8,279.5,1,2,2,0.0,0.0,0.0,0.0,105,716.6667,0.3379,0.0017,0.0026,19.337
2026-06-05 08:00:00,DeepSeek,59,34940,23764,11176,0.0419,98.3051,1.6949,0.0,0.0,6611.0,10128.2,10375.0,9515.5,155.2,10,21,29,1.6949,1.6949,15.2542,0.0,1835,592.2034,0.4703,0.0007,0.0007,16.4191
2026-06-05 08:00:00,MiniMax,3,2185,1694,491,0.0052,100.0,0.0,0.0,0.0,1487.0,2041.4,2090.68,699.3,242.9,3,3,3,0.0,0.0,66.6667,0.0,66,728.3333,0.2898,0.0017,0.0017,13.442
2026-06-05 08:00:00,Qwen,1,757,688,69,0.0012,100.0,0.0,0.0,0.0,1293.0,1293.0,1293.0,1109.0,11.0,1,1,1,0.0,0.0,0.0,0.0,0,757.0,0.1003,0.0012,0.0012,0.0
2026-06-05 09:00:00,DeepSeek,121,82216,58830,23386,0.0987,95.0413,4.9587,1.6529,1.6529,6461.0,8242.0,9961.8,7476.0,140.0,10,30,37,1.6529,4.1322,17.3554,0.0,4064,679.4711,0.3975,0.0008,0.0009,17.3779
2026-06-05 09:00:00,MiniMax,9,5189,3170,2019,0.0125,100.0,0.0,0.0,0.0,1847.0,2276.8,2360.96,683.4,161.0,7,8,8,0.0,11.1111,11.1111,0.0,395,576.5556,0.6369,0.0014,0.0014,19.5641
2026-06-05 09:00:00,Qwen,2,1352,647,705,0.0022,100.0,0.0,0.0,0.0,2286.0,2809.8,2856.36,572.35,47.3,2,2,2,0.0,0.0,0.0,0.0,0,676.0,1.0896,0.0011,0.0011,0.0
2026-06-05 10:00:00,DeepSeek,96,62084,43975,18109,0.0745,90.625,9.375,4.1667,3.125,6524.0,8271.0,10631.9,7459.25,174.0,10,28,34,1.0417,5.2083,18.75,0.0,3085,646.7083,0.4118,0.0008,0.0009,17.0357
2026-06-05 10:00:00,MiniMax,2,964,794,170,0.0023,100.0,0.0,0.0,0.0,1354.0,1380.1,1382.42,596.0,162.9,2,2,2,0.0,0.0,50.0,0.0,26,482.0,0.2141,0.0012,0.0012,15.2941
2026-06-05 10:00:00,Qwen,4,3646,2820,826,0.0058,100.0,0.0,0.0,0.0,1521.5,1973.35,2034.67,465.05,71.15,4,4,4,0.0,25.0,50.0,0.0,0,911.5,0.2929,0.0015,0.0015,0.0
2026-06-05 11:00:00,DeepSeek,105,77579,55341,22238,0.0931,93.3333,6.6667,1.9048,3.8095,6544.0,8472.0,10760.28,7362.4,159.6,10,29,34,0.0,5.7143,16.1905,0.0,3637,738.8476,0.4018,0.0009,0.0009,16.3549
2026-06-05 11:00:00,MiniMax,4,2744,2029,715,0.0066,100.0,0.0,0.0,0.0,1246.0,1530.2,1548.44,687.35,122.8,4,4,4,0.0,25.0,25.0,0.0,161,686.0,0.3524,0.0016,0.0016,22.5175
2026-06-05 11:00:00,Qwen,1,958,711,247,0.0015,100.0,0.0,0.0,0.0,1736.0,1736.0,1736.0,1355.0,25.0,1,1,1,0.0,0.0,0.0,0.0,0,958.0,0.3474,0.0015,0.0015,0.0
2026-06-05 12:00:00,DeepSeek,95,60247,42373,17874,0.0723,96.8421,3.1579,0.0,0.0,6585.0,8708.3,10165.08,8450.9,157.6,10,29,35,1.0526,5.2632,13.6842,0.0,3001,634.1789,0.4218,0.0008,0.0008,16.7898
2026-06-05 12:00:00,MiniMax,7,3897,2549,1348,0.0094,100.0,0.0,0.0,0.0,1612.0,2684.5,2716.9,815.4,169.1,5,7,5,0.0,0.0,14.2857,0.0,180,556.7143,0.5288,0.0013,0.0013,13.3531
2026-06-05 12:00:00,Qwen,4,2277,1555,722,0.0036,100.0,0.0,0.0,0.0,1205.5,1535.4,1576.68,550.5,63.1,2,4,3,0.0,0.0,25.0,0.0,0,569.25,0.4643,0.0009,0.0009,0.0
2026-06-05 13:00:00,DeepSeek,114,75728,52991,22737,0.0909,92.1053,7.8947,1.7544,3.5088,6668.0,10004.2,10821.63,8857.3,174.05,10,30,36,0.8772,4.386,21.0526,0.0,3730,664.2807,0.4291,0.0008,0.0009,16.405
2026-06-05 13:00:00,MiniMax,3,2075,1368,707,0.005,100.0,0.0,0.0,0.0,1765.0,1777.6,1778.72,662.7,183.8,3,3,3,0.0,0.0,0.0,0.0,116,691.6667,0.5168,0.0017,0.0017,16.4074
2026-06-05 13:00:00,Qwen,2,1902,1084,818,0.003,100.0,0.0,0.0,0.0,2190.5,3185.45,3273.89,666.2,38.5,2,2,2,0.0,0.0,0.0,0.0,0,951.0,0.7546,0.0015,0.0015,0.0
2026-06-05 14:00:00,DeepSeek,105,71399,50562,20837,0.0857,95.2381,4.7619,0.0,0.9524,6530.0,8748.8,10687.92,7705.4,189.4,10,28,41,1.9048,4.7619,19.0476,0.0,3420,679.9905,0.4121,0.0008,0.0009,16.4131
2026-06-05 14:00:00,MiniMax,4,3048,2504,544,0.0073,100.0,0.0,0.0,0.0,1547.5,1892.1,1928.82,648.1,91.8,4,4,4,0.0,25.0,50.0,0.0,118,762.0,0.2173,0.0018,0.0018,21.6912
2026-06-05 14:00:00,Qwen,1,1003,777,226,0.0016,100.0,0.0,0.0,0.0,1437.0,1437.0,1437.0,323.0,30.0,1,1,1,0.0,0.0,0.0,0.0,0,1003.0,0.2909,0.0016,0.0016,0.0
2026-06-05 15:00:00,DeepSeek,99,73403,52167,21236,0.0881,94.9495,5.0505,3.0303,0.0,6488.0,8450.3,9623.46,7645.1,136.2,10,29,34,1.0101,3.0303,13.1313,0.0,3518,741.4444,0.4071,0.0009,0.0009,16.5662
2026-06-05 15:00:00,MiniMax,5,4726,2823,1903,0.0113,80.0,20.0,20.0,0.0,1801.0,3141.2,3365.84,762.6,119.0,3,5,5,0.0,0.0,0.0,0.0,325,945.2,0.6741,0.0023,0.0028,17.0783
2026-06-05 15:00:00,Qwen,1,730,465,265,0.0012,0.0,100.0,0.0,100.0,1435.0,1435.0,1435.0,406.0,100.0,1,1,1,0.0,0.0,0.0,0.0,0,730.0,0.5699,0.0012,,0.0
2026-06-05 16:00:00,DeepSeek,110,77726,54980,22746,0.0933,97.2727,2.7273,0.9091,0.9091,6690.5,9345.6,10411.82,9001.55,154.55,10,28,35,1.8182,1.8182,11.8182,0.0,3430,706.6,0.4137,0.0008,0.0009,15.0796
2026-06-05 16:00:00,MiniMax,4,2196,1432,764,0.0053,75.0,25.0,0.0,25.0,1475.5,1795.25,1822.25,578.45,98.8,3,4,4,0.0,0.0,0.0,0.0,86,549.0,0.5335,0.0013,0.0018,11.2565
2026-06-05 16:00:00,Qwen,6,2793,1988,805,0.0045,100.0,0.0,0.0,0.0,1381.0,1555.25,1557.45,630.0,160.0,4,5,5,0.0,16.6667,16.6667,0.0,0,465.5,0.4049,0.0007,0.0007,0.0
2026-06-05 17:00:00,DeepSeek,100,70556,46779,23777,0.0847,92.0,8.0,4.0,2.0,6878.5,9989.3,10524.72,9075.5,164.1,10,28,33,3.0,3.0,16.0,0.0,3683,705.56,0.5083,0.0008,0.0009,15.4898
2026-06-05 17:00:00,MiniMax,4,2907,1914,993,0.007,100.0,0.0,0.0,0.0,1602.5,2069.5,2123.5,715.35,163.15,3,3,4,0.0,0.0,50.0,0.0,155,726.75,0.5188,0.0017,0.0017,15.6093
2026-06-05 17:00:00,Qwen,2,1618,1057,561,0.0026,50.0,50.0,50.0,0.0,1919.5,2184.55,2208.11,1414.7,207.6,2,2,2,0.0,0.0,0.0,0.0,0,809.0,0.5307,0.0013,0.0026,0.0
2026-06-05 18:00:00,DeepSeek,56,35012,23818,11194,0.042,92.8571,7.1429,0.0,3.5714,6579.5,8467.75,9561.4,7821.5,201.75,10,22,26,3.5714,1.7857,21.4286,0.0,1746,625.2143,0.47,0.0008,0.0008,15.5976
2026-06-05 19:00:00,DeepSeek,65,38974,25695,13279,0.0468,92.3077,7.6923,3.0769,1.5385,6518.0,8107.4,9724.0,7047.4,133.4,10,24,26,0.0,4.6154,24.6154,0.0,2008,599.6,0.5168,0.0007,0.0008,15.1216
2026-06-05 19:00:00,MiniMax,2,1242,952,290,0.003,100.0,0.0,0.0,0.0,1120.0,1294.6,1310.12,476.2,43.85,2,2,2,0.0,0.0,50.0,0.0,75,621.0,0.3046,0.0015,0.0015,25.8621
2026-06-05 19:00:00,Qwen,2,1226,896,330,0.002,100.0,0.0,0.0,0.0,1108.5,1297.95,1314.79,423.35,109.3,2,2,2,50.0,0.0,0.0,0.0,0,613.0,0.3683,0.001,0.001,0.0
2026-06-05 20:00:00,DeepSeek,62,44045,31794,12251,0.0529,95.1613,4.8387,1.6129,0.0,6481.0,9430.2,10803.99,8527.35,160.2,10,27,29,1.6129,1.6129,12.9032,0.0,2060,710.4032,0.3853,0.0009,0.0009,16.815
2026-06-05 20:00:00,MiniMax,2,1359,993,366,0.0033,100.0,0.0,0.0,0.0,1397.0,1449.2,1453.84,837.6,83.6,2,2,2,0.0,50.0,0.0,0.0,46,679.5,0.3686,0.0016,0.0016,12.5683
2026-06-05 21:00:00,DeepSeek,77,49766,36390,13376,0.0597,97.4026,2.5974,1.2987,1.2987,6637.0,8878.8,10444.04,8418.2,131.8,10,25,32,1.2987,2.5974,23.3766,0.0,2113,646.3117,0.3676,0.0008,0.0008,15.7969
2026-06-05 21:00:00,MiniMax,6,4760,3266,1494,0.0114,100.0,0.0,0.0,0.0,1956.0,2542.0,2578.0,899.25,155.5,4,4,6,0.0,0.0,33.3333,0.0,192,793.3333,0.4574,0.0019,0.0019,12.8514
2026-06-05 22:00:00,DeepSeek,30,18717,12747,5970,0.0225,96.6667,3.3333,0.0,3.3333,6972.5,10658.1,11187.62,9844.25,170.65,10,20,20,0.0,6.6667,16.6667,0.0,880,623.9,0.4683,0.0007,0.0008,14.7404
2026-06-05 22:00:00,Qwen,3,1649,1235,414,0.0026,100.0,0.0,0.0,0.0,1667.0,1994.6,2023.72,1096.3,118.5,3,3,3,0.0,33.3333,66.6667,0.0,0,549.6667,0.3352,0.0009,0.0009,0.0
2026-06-05 23:00:00,DeepSeek,24,18362,12483,5879,0.022,91.6667,8.3333,4.1667,4.1667,6959.0,8643.4,8750.12,7709.75,155.55,10,18,17,0.0,0.0,4.1667,0.0,918,765.0833,0.471,0.0009,0.001,15.6149
2026-06-05 23:00:00,MiniMax,3,2411,1648,763,0.0058,66.6667,33.3333,0.0,33.3333,1631.0,1686.8,1691.76,656.8,55.8,3,3,3,0.0,33.3333,0.0,0.0,86,803.6667,0.463,0.0019,0.0029,11.2713
2026-06-06 00:00:00,DeepSeek,9,4781,2522,2259,0.0057,100.0,0.0,0.0,0.0,6541.0,8175.2,8207.84,6885.4,123.4,5,8,8,0.0,0.0,11.1111,0.0,378,531.2222,0.8957,0.0006,0.0006,16.7331
2026-06-06 01:00:00,DeepSeek,11,6542,4271,2271,0.0078,90.9091,9.0909,0.0,9.0909,6421.0,8037.5,8536.3,6935.5,193.0,8,11,9,0.0,0.0,9.0909,0.0,272,594.7273,0.5317,0.0007,0.0008,11.9771
2026-06-06 02:00:00,DeepSeek,11,7551,6365,1186,0.0091,100.0,0.0,0.0,0.0,6367.0,6902.5,6994.9,6582.5,169.0,7,10,11,0.0,0.0,18.1818,0.0,165,686.4545,0.1863,0.0008,0.0008,13.9123
2026-06-06 02:00:00,MiniMax,2,1034,709,325,0.0025,100.0,0.0,0.0,0.0,1499.0,1750.1,1772.42,605.6,49.65,2,2,2,0.0,0.0,50.0,0.0,58,517.0,0.4584,0.0012,0.0012,17.8462
2026-06-06 02:00:00,Qwen,1,377,203,174,0.0006,100.0,0.0,0.0,0.0,2232.0,2232.0,2232.0,727.0,148.0,1,1,1,0.0,0.0,0.0,0.0,0,377.0,0.8571,0.0006,0.0006,0.0
2026-06-06 03:00:00,DeepSeek,7,5096,3422,1674,0.0061,100.0,0.0,0.0,0.0,7027.0,9632.5,9775.3,9298.5,118.1,6,7,7,0.0,0.0,0.0,0.0,218,728.0,0.4892,0.0009,0.0009,13.0227
2026-06-06 03:00:00,MiniMax,1,272,187,85,0.0007,100.0,0.0,0.0,0.0,1182.0,1182.0,1182.0,624.0,12.0,1,1,1,0.0,0.0,0.0,0.0,12,272.0,0.4545,0.0007,0.0007,14.1176
2026-06-06 04:00:00,DeepSeek,9,6676,5280,1396,0.008,88.8889,11.1111,0.0,0.0,6364.0,8943.6,9956.72,8252.8,114.2,6,8,7,0.0,0.0,33.3333,0.0,230,741.7778,0.2644,0.0009,0.001,16.4756
2026-06-06 05:00:00,DeepSeek,9,5411,3477,1934,0.0065,88.8889,11.1111,11.1111,0.0,6327.0,6896.0,6923.2,5720.6,158.0,5,8,7,0.0,0.0,33.3333,0.0,295,601.2222,0.5562,0.0007,0.0008,15.2534
2026-06-06 06:00:00,DeepSeek,32,19609,13229,6380,0.0235,90.625,9.375,3.125,3.125,6587.5,7954.05,9298.42,7421.95,192.1,10,18,20,0.0,3.125,21.875,0.0,1140,612.7812,0.4823,0.0007,0.0008,17.8683
2026-06-06 06:00:00,MiniMax,3,1884,1501,383,0.0045,100.0,0.0,0.0,0.0,1151.0,1284.2,1296.04,629.1,41.8,3,3,3,0.0,0.0,33.3333,0.0,67,628.0,0.2552,0.0015,0.0015,17.4935
2026-06-06 06:00:00,Qwen,2,1124,442,682,0.0018,100.0,0.0,0.0,0.0,1609.5,2038.35,2076.47,434.25,46.6,2,2,2,0.0,0.0,0.0,0.0,0,562.0,1.543,0.0009,0.0009,0.0
2026-06-06 07:00:00,DeepSeek,42,29327,21414,7913,0.0352,92.8571,7.1429,2.381,2.381,6608.0,9061.15,9627.97,8376.2,159.55,10,23,25,0.0,7.1429,21.4286,0.0,1204,698.2619,0.3695,0.0008,0.0009,15.2155
2026-06-06 07:00:00,MiniMax,1,446,244,202,0.0011,100.0,0.0,0.0,0.0,1095.0,1095.0,1095.0,464.0,100.0,1,1,1,0.0,0.0,100.0,0.0,41,446.0,0.8279,0.0011,0.0011,20.297
2026-06-06 08:00:00,DeepSeek,46,30964,21375,9589,0.0372,95.6522,4.3478,0.0,2.1739,6559.0,8125.25,9440.7,7413.0,139.75,10,24,24,0.0,4.3478,17.3913,2.1739,1345,673.1304,0.4486,0.0008,0.0008,14.0265
2026-06-06 08:00:00,MiniMax,1,621,476,145,0.0015,100.0,0.0,0.0,0.0,2131.0,2131.0,2131.0,1255.0,170.0,1,1,1,0.0,0.0,100.0,100.0,24,621.0,0.3046,0.0015,0.0015,16.5517
2026-06-06 09:00:00,DeepSeek,69,42983,29778,13205,0.0516,98.5507,1.4493,0.0,1.4493,6424.0,9574.0,10188.16,9006.0,141.4,10,26,23,1.4493,1.4493,13.0435,0.0,2057,622.942,0.4434,0.0007,0.0008,15.5774
2026-06-06 09:00:00,Qwen,1,300,206,94,0.0005,0.0,100.0,0.0,0.0,1021.0,1021.0,1021.0,387.0,4.0,1,1,1,0.0,0.0,0.0,0.0,0,300.0,0.4563,0.0005,,0.0
2026-06-06 10:00:00,DeepSeek,56,33946,21791,12155,0.0407,98.2143,1.7857,0.0,0.0,6678.0,10389.5,11057.15,9528.25,176.75,10,24,25,1.7857,5.3571,21.4286,0.0,2011,606.1786,0.5578,0.0007,0.0007,16.5446
2026-06-06 10:00:00,MiniMax,3,1837,1331,506,0.0044,100.0,0.0,0.0,0.0,1604.0,1667.9,1673.58,711.4,161.2,3,3,3,0.0,0.0,33.3333,0.0,103,612.3333,0.3802,0.0015,0.0015,20.3557
2026-06-06 11:00:00,DeepSeek,59,36515,26859,9656,0.0438,96.6102,3.3898,1.6949,1.6949,6695.0,9966.4,10620.06,9544.8,184.1,10,24,25,1.6949,3.3898,20.339,0.0,1587,618.8983,0.3595,0.0007,0.0008,16.4354
2026-06-06 11:00:00,MiniMax,1,581,367,214,0.0014,100.0,0.0,0.0,0.0,1470.0,1470.0,1470.0,465.0,23.0,1,1,1,0.0,0.0,100.0,0.0,44,581.0,0.5831,0.0014,0.0014,20.5607
2026-06-06 12:00:00,DeepSeek,60,41070,28939,12131,0.0493,91.6667,8.3333,1.6667,3.3333,6508.0,8628.7,9087.09,8200.55,141.85,10,24,29,0.0,10.0,20.0,0.0,2220,684.5,0.4192,0.0008,0.0009,18.3002
2026-06-06 12:00:00,MiniMax,2,2482,2219,263,0.006,50.0,50.0,0.0,50.0,880.0,997.0,1007.4,593.6,95.35,2,2,2,0.0,0.0,0.0,0.0,59,1241.0,0.1185,0.003,0.006,22.4335
2026-06-06 13:00:00,DeepSeek,59,38599,26250,12349,0.0463,94.9153,5.0847,0.0,1.6949,6902.0,9804.9,10284.88,9429.3,156.0,10,25,29,0.0,8.4746,16.9492,0.0,2060,654.2203,0.4704,0.0008,0.0008,16.6815
2026-06-06 14:00:00,DeepSeek,71,43443,29549,13894,0.0521,97.1831,2.8169,1.4085,1.4085,6698.0,9785.0,10226.6,8697.5,133.0,10,23,31,0.0,1.4085,14.0845,0.0,2389,611.8732,0.4702,0.0007,0.0008,17.1945
2026-06-06 14:00:00,MiniMax,3,1228,852,376,0.0029,100.0,0.0,0.0,0.0,1344.0,1641.0,1667.4,780.1,148.1,3,3,3,0.0,0.0,0.0,0.0,76,409.3333,0.4413,0.001,0.001,20.2128
2026-06-06 14:00:00,Qwen,1,701,514,187,0.0011,100.0,0.0,0.0,0.0,1455.0,1455.0,1455.0,541.0,136.0,1,1,1,0.0,0.0,100.0,0.0,0,701.0,0.3638,0.0011,0.0011,0.0
2026-06-06 15:00:00,DeepSeek,64,43889,29916,13973,0.0527,95.3125,4.6875,0.0,1.5625,6547.0,9200.85,10786.58,8350.6,152.65,10,25,26,0.0,9.375,18.75,0.0,2206,685.7656,0.4671,0.0008,0.0009,15.7876
2026-06-06 15:00:00,MiniMax,2,2904,2414,490,0.007,100.0,0.0,0.0,0.0,2365.5,2777.25,2813.85,760.2,311.4,2,2,2,0.0,0.0,0.0,0.0,104,1452.0,0.203,0.0035,0.0035,21.2245
2026-06-06 15:00:00,Qwen,3,2162,1517,645,0.0035,100.0,0.0,0.0,0.0,1154.0,2923.4,3080.68,583.0,47.0,3,3,3,0.0,0.0,0.0,0.0,0,720.6667,0.4252,0.0012,0.0012,0.0
2026-06-06 16:00:00,DeepSeek,54,36277,22521,13756,0.0435,94.4444,5.5556,1.8519,3.7037,7119.0,9739.95,10713.99,7577.15,159.55,10,22,24,0.0,1.8519,16.6667,0.0,2455,671.7963,0.6108,0.0008,0.0009,17.8468
2026-06-06 16:00:00,MiniMax,2,7587,7374,213,0.0182,100.0,0.0,0.0,0.0,1269.0,1356.3,1364.06,428.0,31.15,2,2,2,0.0,0.0,0.0,0.0,51,3793.5,0.0289,0.0091,0.0091,23.9437
2026-06-06 17:00:00,DeepSeek,55,44102,31867,12235,0.0529,100.0,0.0,0.0,0.0,6833.0,10051.0,11507.96,9457.3,135.3,10,25,29,1.8182,1.8182,14.5455,0.0,2096,801.8545,0.3839,0.001,0.001,17.1312
2026-06-06 17:00:00,MiniMax,3,2608,1687,921,0.0063,66.6667,33.3333,0.0,0.0,1610.0,1769.3,1783.46,632.3,104.2,3,3,3,0.0,0.0,0.0,0.0,172,869.3333,0.5459,0.0021,0.0031,18.6754
2026-06-06 18:00:00,DeepSeek,51,33325,22123,11202,0.04,98.0392,1.9608,0.0,0.0,6549.0,8438.0,9446.5,7551.0,149.5,9,21,22,0.0,5.8824,17.6471,0.0,1895,653.4314,0.5064,0.0008,0.0008,16.9166
2026-06-06 19:00:00,DeepSeek,37,26933,18140,8793,0.0323,91.8919,8.1081,0.0,2.7027,6709.0,9426.4,10141.6,8499.6,150.0,10,21,23,0.0,5.4054,10.8108,0.0,1509,727.9189,0.4847,0.0009,0.001,17.1614
2026-06-06 19:00:00,Qwen,2,883,679,204,0.0014,50.0,50.0,0.0,50.0,1203.0,1230.0,1232.4,532.6,83.5,2,2,2,0.0,0.0,0.0,0.0,0,441.5,0.3004,0.0007,0.0014,0.0
2026-06-06 20:00:00,DeepSeek,34,25098,19016,6082,0.0301,91.1765,8.8235,0.0,5.8824,6294.5,8733.55,9552.37,8085.45,144.1,8,16,20,0.0,8.8235,14.7059,0.0,1004,738.1765,0.3198,0.0009,0.001,16.5077
2026-06-06 20:00:00,MiniMax,1,429,214,215,0.001,100.0,0.0,0.0,0.0,1427.0,1427.0,1427.0,642.0,27.0,1,1,1,0.0,0.0,0.0,0.0,18,429.0,1.0047,0.001,0.001,8.3721
2026-06-06 21:00:00,DeepSeek,35,30476,20638,9838,0.0366,100.0,0.0,0.0,0.0,6756.0,10479.0,10680.28,9567.6,116.0,9,21,23,0.0,2.8571,17.1429,0.0,1579,870.7429,0.4767,0.001,0.001,16.05
2026-06-06 21:00:00,MiniMax,1,951,654,297,0.0023,0.0,100.0,0.0,100.0,1587.0,1587.0,1587.0,515.0,66.0,1,1,1,0.0,100.0,0.0,0.0,31,951.0,0.4541,0.0023,,10.4377
2026-06-06 21:00:00,Qwen,1,489,198,291,0.0008,100.0,0.0,0.0,0.0,1832.0,1832.0,1832.0,382.0,4.0,1,1,1,0.0,0.0,0.0,0.0,0,489.0,1.4697,0.0008,0.0008,0.0
2026-06-06 22:00:00,DeepSeek,14,9338,6213,3125,0.0112,100.0,0.0,0.0,0.0,6781.0,11007.3,11255.86,9688.6,179.75,8,11,13,0.0,0.0,0.0,0.0,539,667.0,0.503,0.0008,0.0008,17.248
2026-06-06 22:00:00,MiniMax,2,930,618,312,0.0022,100.0,0.0,0.0,0.0,1381.5,1408.95,1411.39,584.75,123.9,2,2,2,0.0,50.0,0.0,0.0,43,465.0,0.5049,0.0011,0.0011,13.7821
2026-06-06 22:00:00,Qwen,2,1075,684,391,0.0017,100.0,0.0,0.0,0.0,1594.0,1942.3,1973.26,599.05,145.25,2,2,2,0.0,50.0,50.0,0.0,0,537.5,0.5716,0.0009,0.0009,0.0
2026-06-06 23:00:00,DeepSeek,19,13876,9774,4102,0.0167,100.0,0.0,0.0,0.0,7024.0,7824.9,8299.38,7429.0,139.7,8,14,16,0.0,0.0,26.3158,0.0,646,730.3158,0.4197,0.0009,0.0009,15.7484
2026-06-06 23:00:00,MiniMax,2,1691,1222,469,0.0041,100.0,0.0,0.0,0.0,1825.0,2025.7,2043.54,531.6,84.8,2,2,2,0.0,0.0,50.0,0.0,77,845.5,0.3838,0.002,0.002,16.4179
2026-06-07 00:00:00,DeepSeek,17,10588,6418,4170,0.0127,94.1176,5.8824,0.0,5.8824,6817.0,9571.8,10060.76,8547.8,117.8,8,12,14,0.0,11.7647,11.7647,0.0,519,622.8235,0.6497,0.0007,0.0008,12.446
2026-06-07 00:00:00,MiniMax,1,635,439,196,0.0015,100.0,0.0,0.0,0.0,1641.0,1641.0,1641.0,703.0,45.0,1,1,1,0.0,0.0,100.0,0.0,27,635.0,0.4465,0.0015,0.0015,13.7755
2026-06-07 00:00:00,Qwen,1,574,147,427,0.0009,100.0,0.0,0.0,0.0,2981.0,2981.0,2981.0,720.0,109.0,1,1,1,0.0,0.0,100.0,0.0,0,574.0,2.9048,0.0009,0.0009,0.0
2026-06-07 01:00:00,DeepSeek,17,12572,8187,4385,0.0151,100.0,0.0,0.0,0.0,6759.0,8631.8,8701.56,7355.0,160.0,9,14,13,5.8824,0.0,29.4118,0.0,815,739.5294,0.5356,0.0009,0.0009,18.5861
2026-06-07 01:00:00,MiniMax,2,1470,1311,159,0.0035,100.0,0.0,0.0,0.0,1158.5,1218.35,1223.67,535.05,118.9,2,2,2,0.0,0.0,0.0,0.0,20,735.0,0.1213,0.0018,0.0018,12.5786
2026-06-07 02:00:00,DeepSeek,20,10193,7094,3099,0.0122,95.0,5.0,0.0,0.0,6486.0,10378.15,10502.03,9695.1,194.0,8,13,15,0.0,0.0,25.0,0.0,503,509.65,0.4368,0.0006,0.0006,16.231
2026-06-07 02:00:00,Qwen,1,449,278,171,0.0007,100.0,0.0,0.0,0.0,1951.0,1951.0,1951.0,827.0,119.0,1,1,1,0.0,0.0,100.0,0.0,0,449.0,0.6151,0.0007,0.0007,0.0
2026-06-07 03:00:00,DeepSeek,15,10489,7265,3224,0.0126,86.6667,13.3333,0.0,13.3333,6760.0,8238.8,8309.36,7744.5,173.3,8,13,11,0.0,6.6667,20.0,0.0,540,699.2667,0.4438,0.0008,0.001,16.7494
2026-06-07 03:00:00,MiniMax,1,520,216,304,0.0012,100.0,0.0,0.0,0.0,2398.0,2398.0,2398.0,547.0,49.0,1,1,1,0.0,0.0,0.0,0.0,70,520.0,1.4074,0.0012,0.0012,23.0263
2026-06-07 03:00:00,Qwen,1,720,296,424,0.0012,100.0,0.0,0.0,0.0,2421.0,2421.0,2421.0,644.0,107.0,1,1,1,0.0,0.0,100.0,0.0,0,720.0,1.4324,0.0012,0.0012,0.0
2026-06-07 04:00:00,DeepSeek,9,6082,3864,2218,0.0073,100.0,0.0,0.0,0.0,7197.0,7726.2,7768.44,6921.4,157.6,5,7,8,0.0,0.0,11.1111,0.0,489,675.7778,0.574,0.0008,0.0008,22.0469
2026-06-07 05:00:00,DeepSeek,19,11147,8370,2777,0.0134,94.7368,5.2632,0.0,5.2632,6362.0,7710.9,8516.58,7253.8,105.8,7,13,14,0.0,0.0,26.3158,0.0,381,586.6842,0.3318,0.0007,0.0007,13.7198
2026-06-07 05:00:00,Qwen,1,579,440,139,0.0009,100.0,0.0,0.0,0.0,2429.0,2429.0,2429.0,1573.0,51.0,1,1,1,0.0,0.0,0.0,0.0,0,579.0,0.3159,0.0009,0.0009,0.0
2026-06-07 06:00:00,DeepSeek,55,32952,22737,10215,0.0395,92.7273,7.2727,1.8182,3.6364,6362.0,7938.4,9064.18,7008.7,181.7,10,22,28,9.0909,7.2727,18.1818,1.8182,1539,599.1273,0.4493,0.0007,0.0008,15.0661
2026-06-07 06:00:00,MiniMax,2,1174,734,440,0.0028,100.0,0.0,0.0,0.0,1656.5,1829.75,1845.15,602.45,85.0,2,2,2,0.0,0.0,0.0,0.0,44,587.0,0.5995,0.0014,0.0014,10.0
2026-06-07 06:00:00,Qwen,1,1118,1002,116,0.0018,100.0,0.0,0.0,0.0,1131.0,1131.0,1131.0,449.0,47.0,1,1,1,0.0,0.0,0.0,0.0,0,1118.0,0.1158,0.0018,0.0018,0.0
2026-06-07 07:00:00,DeepSeek,45,34983,24738,10245,0.042,95.5556,4.4444,0.0,4.4444,6643.0,9375.8,10285.96,8910.8,141.0,10,22,29,0.0,6.6667,22.2222,0.0,1775,777.4,0.4141,0.0009,0.001,17.3255
2026-06-07 07:00:00,MiniMax,2,2385,2020,365,0.0057,100.0,0.0,0.0,0.0,1811.5,2003.65,2020.73,693.9,147.0,2,2,2,0.0,0.0,50.0,0.0,49,1192.5,0.1807,0.0029,0.0029,13.4247
2026-06-07 08:00:00,DeepSeek,52,35075,25450,9625,0.0421,96.1538,3.8462,0.0,1.9231,6467.5,8076.25,9358.76,7406.35,135.25,10,26,30,1.9231,1.9231,11.5385,0.0,1681,674.5192,0.3782,0.0008,0.0008,17.4649
2026-06-07 08:00:00,Qwen,1,360,203,157,0.0006,100.0,0.0,0.0,0.0,1765.0,1765.0,1765.0,652.0,245.0,1,1,1,0.0,0.0,0.0,0.0,0,360.0,0.7734,0.0006,0.0006,0.0
2026-06-07 09:00:00,DeepSeek,73,47259,35698,11561,0.0567,91.7808,8.2192,2.7397,5.4795,6584.0,8722.6,10429.16,8125.0,155.4,10,28,33,0.0,4.1096,17.8082,0.0,1896,647.3836,0.3239,0.0008,0.0008,16.4
2026-06-07 09:00:00,MiniMax,4,2192,1599,593,0.0053,75.0,25.0,25.0,0.0,1301.5,1453.65,1457.13,652.9,80.3,3,4,4,0.0,0.0,25.0,0.0,83,548.0,0.3709,0.0013,0.0018,13.9966
2026-06-07 09:00:00,Qwen,2,1786,1436,350,0.0029,100.0,0.0,0.0,0.0,1916.5,2002.45,2010.09,737.35,254.7,2,2,2,0.0,0.0,50.0,0.0,0,893.0,0.2437,0.0014,0.0014,0.0
2026-06-07 10:00:00,DeepSeek,71,45807,32068,13739,0.055,97.1831,2.8169,0.0,1.4085,6476.0,8841.0,10847.6,8017.5,216.0,10,27,30,0.0,4.2254,18.3099,0.0,2198,645.169,0.4284,0.0008,0.0008,15.9983
2026-06-07 10:00:00,MiniMax,5,2397,1821,576,0.0058,80.0,20.0,0.0,0.0,1137.0,1475.0,1483.8,619.6,90.2,4,5,5,0.0,0.0,0.0,20.0,85,479.4,0.3163,0.0012,0.0014,14.7569
2026-06-07 10:00:00,Qwen,3,1896,1655,241,0.003,100.0,0.0,0.0,0.0,1084.0,1369.3,1394.66,650.8,130.4,3,3,3,0.0,0.0,0.0,0.0,0,632.0,0.1456,0.001,0.001,0.0
2026-06-07 11:00:00,DeepSeek,90,59901,43396,16505,0.0719,95.5556,4.4444,1.1111,2.2222,6495.5,8354.7,9089.61,7320.7,157.6,10,29,35,3.3333,6.6667,16.6667,0.0,2804,665.5667,0.3803,0.0008,0.0008,16.9888
2026-06-07 11:00:00,MiniMax,6,5247,3477,1770,0.0126,83.3333,16.6667,0.0,16.6667,1638.5,3438.5,3690.9,631.5,165.25,5,6,5,0.0,16.6667,33.3333,0.0,338,874.5,0.5091,0.0021,0.0025,19.096
2026-06-07 12:00:00,DeepSeek,85,57588,39040,18548,0.0691,94.1176,5.8824,1.1765,3.5294,6598.0,8898.6,10449.16,7489.2,150.2,10,27,32,1.1765,4.7059,16.4706,0.0,3225,677.5059,0.4751,0.0008,0.0009,17.3873
2026-06-07 12:00:00,MiniMax,4,2386,1348,1038,0.0057,100.0,0.0,0.0,0.0,1887.0,2590.85,2638.97,574.25,100.4,3,3,3,0.0,0.0,0.0,0.0,154,596.5,0.77,0.0014,0.0014,14.8362
2026-06-07 12:00:00,Qwen,3,1046,731,315,0.0017,100.0,0.0,0.0,0.0,1281.0,1396.2,1406.44,591.0,150.8,3,3,3,0.0,0.0,66.6667,33.3333,0,348.6667,0.4309,0.0006,0.0006,0.0
2026-06-07 13:00:00,DeepSeek,88,63246,45617,17629,0.0759,96.5909,3.4091,1.1364,2.2727,6632.5,8854.65,10994.61,8413.8,172.9,10,29,34,1.1364,4.5455,13.6364,0.0,2929,718.7045,0.3865,0.0009,0.0009,16.6147
2026-06-07 13:00:00,MiniMax,3,1856,1332,524,0.0045,100.0,0.0,0.0,0.0,1923.0,1982.4,1987.68,618.5,130.4,3,3,3,0.0,0.0,0.0,0.0,88,618.6667,0.3934,0.0015,0.0015,16.7939
2026-06-07 13:00:00,Qwen,3,1770,887,883,0.0028,100.0,0.0,0.0,0.0,1727.0,2188.7,2229.74,629.1,114.5,3,3,3,0.0,0.0,66.6667,0.0,0,590.0,0.9955,0.0009,0.0009,0.0
2026-06-07 14:00:00,DeepSeek,91,59350,39844,19506,0.0712,93.4066,6.5934,2.1978,3.2967,6635.0,9281.0,10130.0,8263.5,160.5,10,25,31,1.0989,4.3956,25.2747,0.0,3243,652.1978,0.4896,0.0008,0.0008,16.6257
2026-06-07 14:00:00,MiniMax,5,6072,4898,1174,0.0146,100.0,0.0,0.0,0.0,2046.0,2265.8,2281.96,909.2,120.0,4,5,5,0.0,0.0,40.0,0.0,162,1214.4,0.2397,0.0029,0.0029,13.799
2026-06-07 14:00:00,Qwen,2,1251,988,263,0.002,100.0,0.0,0.0,0.0,1426.0,1902.1,1944.42,733.2,174.4,2,2,2,0.0,0.0,0.0,0.0,0,625.5,0.2662,0.001,0.001,0.0
2026-06-07 15:00:00,DeepSeek,81,50864,36840,14024,0.061,97.5309,2.4691,0.0,1.2346,6510.0,9491.0,10249.0,9385.0,134.0,10,26,30,1.2346,1.2346,12.3457,0.0,2381,627.9506,0.3807,0.0008,0.0008,16.978
2026-06-07 15:00:00,MiniMax,4,3246,2659,587,0.0078,100.0,0.0,0.0,0.0,1022.0,1295.75,1311.95,592.5,72.55,3,3,4,0.0,0.0,50.0,0.0,102,811.5,0.2208,0.0019,0.0019,17.3765
2026-06-07 15:00:00,Qwen,3,1612,1057,555,0.0026,100.0,0.0,0.0,0.0,1448.0,1750.4,1777.28,525.3,43.6,2,2,2,0.0,0.0,0.0,0.0,0,537.3333,0.5251,0.0009,0.0009,0.0
2026-06-07 16:00:00,DeepSeek,80,49824,33909,15915,0.0598,95.0,5.0,2.5,0.0,6492.0,8478.2,10668.19,7576.3,128.4,10,26,31,1.25,6.25,18.75,1.25,2569,622.8,0.4693,0.0007,0.0008,16.142
2026-06-07 16:00:00,MiniMax,4,2896,1849,1047,0.007,100.0,0.0,0.0,0.0,1956.0,2200.5,2225.7,1026.65,107.1,4,4,4,0.0,25.0,25.0,0.0,166,724.0,0.5663,0.0017,0.0017,15.8548
2026-06-07 16:00:00,Qwen,4,2938,1761,1177,0.0047,100.0,0.0,0.0,0.0,2177.0,4105.95,4255.59,1425.15,77.25,4,4,4,0.0,0.0,25.0,0.0,0,734.5,0.6684,0.0012,0.0012,0.0
2026-06-07 17:00:00,DeepSeek,87,58310,39429,18881,0.07,97.7011,2.2989,1.1494,1.1494,6593.0,9156.9,10165.2,7940.7,157.7,10,27,31,0.0,1.1494,14.9425,1.1494,3373,670.2299,0.4789,0.0008,0.0008,17.8645
2026-06-07 17:00:00,MiniMax,2,732,482,250,0.0018,100.0,0.0,0.0,0.0,1272.0,1587.9,1615.98,659.65,38.65,2,2,2,0.0,0.0,0.0,0.0,37,366.0,0.5187,0.0009,0.0009,14.8
2026-06-07 17:00:00,Qwen,1,1386,1095,291,0.0022,100.0,0.0,0.0,0.0,1947.0,1947.0,1947.0,384.0,37.0,1,1,1,0.0,0.0,0.0,0.0,0,1386.0,0.2658,0.0022,0.0022,0.0
2026-06-07 18:00:00,DeepSeek,63,43468,30759,12709,0.0522,96.8254,3.1746,1.5873,1.5873,6555.0,9549.3,10799.92,8420.3,152.8,10,23,25,1.5873,4.7619,23.8095,0.0,2079,689.9683,0.4132,0.0008,0.0009,16.3585
2026-06-07 18:00:00,MiniMax,1,233,82,151,0.0006,100.0,0.0,0.0,0.0,1241.0,1241.0,1241.0,468.0,35.0,1,1,1,0.0,0.0,0.0,0.0,40,233.0,1.8415,0.0006,0.0006,26.4901
2026-06-07 18:00:00,Qwen,2,1138,703,435,0.0018,100.0,0.0,0.0,0.0,1562.0,1779.8,1799.16,647.05,130.85,2,2,2,0.0,0.0,0.0,0.0,0,569.0,0.6188,0.0009,0.0009,0.0
2026-06-07 19:00:00,DeepSeek,54,36792,25834,10958,0.0442,90.7407,9.2593,1.8519,1.8519,6540.0,10245.1,10756.22,9585.0,155.55,10,24,29,0.0,7.4074,18.5185,0.0,1779,681.3333,0.4242,0.0008,0.0009,16.2347
2026-06-07 19:00:00,MiniMax,3,2534,1401,1133,0.0061,100.0,0.0,0.0,0.0,2122.0,2570.2,2610.04,703.3,185.0,2,3,3,0.0,0.0,66.6667,0.0,103,844.6667,0.8087,0.002,0.002,9.0909
2026-06-07 19:00:00,Qwen,1,558,426,132,0.0009,100.0,0.0,0.0,0.0,1371.0,1371.0,1371.0,458.0,35.0,1,1,1,0.0,0.0,0.0,0.0,0,558.0,0.3099,0.0009,0.0009,0.0
2026-06-07 20:00:00,DeepSeek,49,33472,24699,8773,0.0402,89.7959,10.2041,6.1224,2.0408,6446.0,7775.2,9029.16,7412.0,115.0,10,26,24,0.0,8.1633,12.2449,0.0,1438,683.102,0.3552,0.0008,0.0009,16.3912
2026-06-07 20:00:00,MiniMax,2,2007,1714,293,0.0048,100.0,0.0,0.0,0.0,1070.0,1168.1,1176.82,432.15,61.2,2,2,2,0.0,0.0,100.0,0.0,33,1003.5,0.1709,0.0024,0.0024,11.2628
2026-06-07 21:00:00,DeepSeek,46,34113,24326,9787,0.0409,97.8261,2.1739,2.1739,0.0,6595.5,8561.0,9805.8,7670.75,179.75,10,25,26,2.1739,2.1739,15.2174,0.0,1553,741.587,0.4023,0.0009,0.0009,15.868
2026-06-07 21:00:00,MiniMax,4,3426,2458,968,0.0082,100.0,0.0,0.0,0.0,1718.0,1982.0,1982.0,708.5,81.1,3,4,4,0.0,0.0,50.0,0.0,180,856.5,0.3938,0.0021,0.0021,18.595
2026-06-07 21:00:00,Qwen,1,290,101,189,0.0005,100.0,0.0,0.0,0.0,1761.0,1761.0,1761.0,468.0,43.0,1,1,1,0.0,0.0,100.0,0.0,0,290.0,1.8713,0.0005,0.0005,0.0
2026-06-07 22:00:00,DeepSeek,29,19051,13824,5227,0.0229,96.5517,3.4483,3.4483,0.0,6504.0,9721.6,10071.6,8856.0,127.6,8,17,15,0.0,6.8966,13.7931,0.0,897,656.931,0.3781,0.0008,0.0008,17.1609
2026-06-07 22:00:00,MiniMax,1,669,454,215,0.0016,100.0,0.0,0.0,0.0,1656.0,1656.0,1656.0,370.0,40.0,1,1,1,0.0,0.0,0.0,0.0,20,669.0,0.4736,0.0016,0.0016,9.3023
2026-06-07 22:00:00,Qwen,1,376,173,203,0.0006,100.0,0.0,0.0,0.0,1498.0,1498.0,1498.0,727.0,59.0,1,1,1,0.0,0.0,0.0,0.0,0,376.0,1.1734,0.0006,0.0006,0.0
2026-06-07 23:00:00,DeepSeek,27,15245,10081,5164,0.0183,88.8889,11.1111,3.7037,7.4074,6550.0,9957.7,10275.08,9270.3,136.6,9,19,15,0.0,14.8148,29.6296,0.0,839,564.6296,0.5123,0.0007,0.0008,16.2471
2026-06-08 00:00:00,DeepSeek,32,20475,14350,6125,0.0246,93.75,6.25,3.125,0.0,6351.0,7607.55,8666.61,7027.05,118.45,10,19,20,0.0,3.125,0.0,0.0,980,639.8438,0.4268,0.0008,0.0008,16.0
2026-06-08 01:00:00,DeepSeek,20,12265,7930,4335,0.0147,100.0,0.0,0.0,0.0,6728.5,7724.8,8071.36,6877.5,183.15,9,16,13,0.0,0.0,10.0,0.0,669,613.25,0.5467,0.0007,0.0007,15.4325
2026-06-08 01:00:00,MiniMax,2,864,685,179,0.0021,100.0,0.0,0.0,0.0,1211.5,1320.85,1330.57,614.8,78.7,2,2,2,0.0,0.0,50.0,0.0,37,432.0,0.2613,0.001,0.001,20.6704
2026-06-08 02:00:00,DeepSeek,26,15520,10976,4544,0.0186,100.0,0.0,0.0,0.0,6551.0,10078.75,10493.5,9795.75,140.5,8,15,16,0.0,3.8462,7.6923,3.8462,690,596.9231,0.414,0.0007,0.0007,15.1849
2026-06-08 02:00:00,MiniMax,1,647,440,207,0.0016,100.0,0.0,0.0,0.0,1381.0,1381.0,1381.0,616.0,131.0,1,1,1,0.0,100.0,100.0,0.0,31,647.0,0.4705,0.0016,0.0016,14.9758
2026-06-08 03:00:00,DeepSeek,25,14842,9857,4985,0.0178,100.0,0.0,0.0,0.0,6632.0,9558.0,10287.44,7793.2,130.8,9,17,15,0.0,0.0,8.0,0.0,780,593.68,0.5057,0.0007,0.0007,15.6469
2026-06-08 04:00:00,DeepSeek,23,15496,11935,3561,0.0186,95.6522,4.3478,0.0,4.3478,6540.0,9470.6,9739.8,9108.9,139.1,6,13,16,4.3478,4.3478,26.087,0.0,557,673.7391,0.2984,0.0008,0.0008,15.6417
2026-06-08 04:00:00,MiniMax,2,1101,739,362,0.0026,100.0,0.0,0.0,0.0,1448.0,1720.7,1744.94,398.9,71.15,2,2,2,0.0,0.0,50.0,0.0,94,550.5,0.4899,0.0013,0.0013,25.9669
2026-06-08 04:00:00,Qwen,1,449,269,180,0.0007,100.0,0.0,0.0,0.0,1494.0,1494.0,1494.0,363.0,15.0,1,1,1,0.0,0.0,0.0,0.0,0,449.0,0.6691,0.0007,0.0007,0.0
2026-06-08 05:00:00,DeepSeek,18,11110,7242,3868,0.0133,100.0,0.0,0.0,0.0,6756.0,10488.35,11188.07,10381.1,127.9,9,12,13,0.0,0.0,16.6667,0.0,672,617.2222,0.5341,0.0007,0.0007,17.3733
2026-06-08 05:00:00,MiniMax,2,927,401,526,0.0022,100.0,0.0,0.0,0.0,1727.5,1783.75,1788.75,555.45,146.7,2,2,2,0.0,0.0,0.0,0.0,79,463.5,1.3117,0.0011,0.0011,15.019
2026-06-08 06:00:00,DeepSeek,59,39507,28382,11125,0.0474,96.6102,3.3898,0.0,1.6949,6385.0,7785.3,10240.78,7168.7,160.6,10,25,25,0.0,0.0,22.0339,0.0,1928,669.6102,0.392,0.0008,0.0008,17.3303
2026-06-08 06:00:00,MiniMax,2,1876,933,943,0.0045,100.0,0.0,0.0,0.0,2726.5,3543.25,3615.85,530.25,127.0,2,2,2,0.0,0.0,0.0,0.0,147,938.0,1.0107,0.0023,0.0023,15.5885
2026-06-08 07:00:00,DeepSeek,64,41335,29452,11883,0.0496,98.4375,1.5625,1.5625,0.0,6455.5,8032.6,9749.68,7403.65,126.75,10,26,27,3.125,6.25,15.625,0.0,1803,645.8594,0.4035,0.0008,0.0008,15.1729
2026-06-08 07:00:00,MiniMax,6,3272,2019,1253,0.0079,100.0,0.0,0.0,0.0,1408.0,2341.5,2564.3,509.0,96.0,5,6,6,0.0,0.0,16.6667,0.0,287,545.3333,0.6206,0.0013,0.0013,22.905
2026-06-08 08:00:00,DeepSeek,62,38448,26169,12279,0.0461,98.3871,1.6129,0.0,1.6129,6485.0,9334.85,10230.04,9134.85,150.85,10,26,33,0.0,3.2258,12.9032,0.0,1926,620.129,0.4692,0.0007,0.0008,15.6853
2026-06-08 08:00:00,MiniMax,3,1552,1224,328,0.0037,100.0,0.0,0.0,0.0,1512.0,1909.8,1945.16,1123.4,152.2,3,3,3,0.0,0.0,33.3333,0.0,61,517.3333,0.268,0.0012,0.0012,18.5976
2026-06-08 08:00:00,Qwen,4,2499,1660,839,0.004,75.0,25.0,0.0,25.0,1140.0,2124.85,2261.77,708.75,163.05,3,3,4,0.0,50.0,25.0,0.0,0,624.75,0.5054,0.001,0.0013,0.0
2026-06-08 09:00:00,DeepSeek,103,70760,48477,22283,0.0849,97.0874,2.9126,0.0,0.9709,6479.0,8603.4,10698.5,7541.6,156.7,10,28,35,2.9126,5.8252,24.2718,0.0,3909,686.9903,0.4597,0.0008,0.0008,17.5425
2026-06-08 09:00:00,MiniMax,2,1514,608,906,0.0036,100.0,0.0,0.0,0.0,2247.5,3146.15,3226.03,467.55,49.7,2,2,2,0.0,0.0,0.0,0.0,178,757.0,1.4901,0.0018,0.0018,19.6468
2026-06-08 09:00:00,Qwen,2,1929,1592,337,0.0031,100.0,0.0,0.0,0.0,2694.5,2824.55,2836.11,1486.2,105.45,2,2,2,0.0,0.0,0.0,0.0,0,964.5,0.2117,0.0015,0.0015,0.0
2026-06-08 10:00:00,DeepSeek,94,60635,39368,21267,0.0728,94.6809,5.3191,0.0,3.1915,6562.0,9188.15,10131.45,7677.5,141.75,10,29,32,0.0,3.1915,17.0213,0.0,3051,645.0532,0.5402,0.0008,0.0008,14.3462
2026-06-08 10:00:00,MiniMax,5,3749,2813,936,0.009,100.0,0.0,0.0,0.0,1530.0,1665.6,1676.32,793.6,167.0,5,5,5,0.0,0.0,20.0,0.0,150,749.8,0.3327,0.0018,0.0018,16.0256
2026-06-08 10:00:00,Qwen,4,2142,1519,623,0.0034,75.0,25.0,0.0,25.0,1686.5,1785.65,1793.93,710.1,94.35,3,3,3,0.0,25.0,25.0,0.0,0,535.5,0.4101,0.0009,0.0011,0.0
2026-06-08 11:00:00,DeepSeek,107,71830,50993,20837,0.0862,97.1963,2.8037,0.9346,0.9346,6703.0,8820.5,10144.86,8172.5,170.8,10,29,34,2.8037,2.8037,18.6916,0.0,3163,671.3084,0.4086,0.0008,0.0008,15.1797
2026-06-08 11:00:00,MiniMax,4,1858,1343,515,0.0045,100.0,0.0,0.0,0.0,1357.5,1452.6,1464.12,564.85,98.5,4,4,4,0.0,0.0,25.0,0.0,100,464.5,0.3835,0.0011,0.0011,19.4175
2026-06-08 11:00:00,Qwen,5,4509,3139,1370,0.0072,100.0,0.0,0.0,0.0,1897.0,2762.6,2873.32,551.8,122.8,5,5,5,0.0,0.0,20.0,0.0,0,901.8,0.4364,0.0014,0.0014,0.0
2026-06-08 12:00:00,DeepSeek,104,76686,53851,22835,0.092,96.1538,3.8462,0.9615,1.9231,6612.0,9629.0,10187.62,9020.25,185.85,10,28,33,0.9615,4.8077,22.1154,0.0,4120,737.3654,0.424,0.0009,0.0009,18.0425
2026-06-08 12:00:00,MiniMax,5,4795,3084,1711,0.0115,100.0,0.0,0.0,0.0,1476.0,3958.4,4350.88,653.4,177.2,5,5,5,0.0,20.0,20.0,0.0,284,959.0,0.5548,0.0023,0.0023,16.5985
2026-06-08 12:00:00,Qwen,1,977,634,343,0.0016,100.0,0.0,0.0,0.0,1921.0,1921.0,1921.0,560.0,8.0,1,1,1,0.0,0.0,0.0,0.0,0,977.0,0.541,0.0016,0.0016,0.0
2026-06-08 13:00:00,DeepSeek,126,87494,58661,28833,0.105,96.0317,3.9683,0.0,1.5873,6730.0,9246.5,10525.5,8558.25,140.25,10,27,37,2.381,3.1746,19.0476,0.0,5028,694.3968,0.4915,0.0008,0.0009,17.4384
2026-06-08 13:00:00,MiniMax,8,6209,4188,2021,0.0149,87.5,12.5,0.0,0.0,1545.5,3781.5,4288.3,677.25,191.9,7,8,8,0.0,12.5,0.0,0.0,340,776.125,0.4826,0.0019,0.0021,16.8234
2026-06-08 13:00:00,Qwen,3,2347,1705,642,0.0038,100.0,0.0,0.0,0.0,2103.0,2143.5,2147.1,1260.6,79.0,3,3,3,0.0,0.0,0.0,0.0,0,782.3333,0.3765,0.0013,0.0013,0.0
2026-06-08 14:00:00,DeepSeek,110,77780,53933,23847,0.0933,97.2727,2.7273,0.0,0.9091,6621.0,8824.35,10660.77,7990.65,164.35,10,25,40,0.0,2.7273,20.0,0.0,3542,707.0909,0.4422,0.0008,0.0009,14.853
2026-06-08 14:00:00,MiniMax,3,2652,1095,1557,0.0064,100.0,0.0,0.0,0.0,2640.0,3722.7,3818.94,941.8,44.6,3,3,3,0.0,0.0,0.0,0.0,294,884.0,1.4219,0.0021,0.0021,18.8825
2026-06-08 14:00:00,Qwen,1,318,275,43,0.0005,100.0,0.0,0.0,0.0,1027.0,1027.0,1027.0,480.0,76.0,1,1,1,0.0,0.0,0.0,0.0,0,318.0,0.1564,0.0005,0.0005,0.0
2026-06-08 15:00:00,DeepSeek,116,77008,53503,23505,0.0924,97.4138,2.5862,0.8621,0.8621,6524.0,10404.0,10809.2,9361.0,143.25,10,28,36,1.7241,4.3103,20.6897,0.0,3826,663.8621,0.4393,0.0008,0.0008,16.2774
2026-06-08 15:00:00,MiniMax,8,5460,4285,1175,0.0131,87.5,12.5,12.5,0.0,1297.0,1964.1,2007.22,742.15,109.8,5,8,7,0.0,12.5,12.5,0.0,205,682.5,0.2742,0.0016,0.0019,17.4468
2026-06-08 15:00:00,Qwen,2,1485,1040,445,0.0024,100.0,0.0,0.0,0.0,2016.0,2466.0,2506.0,664.7,93.8,2,2,2,0.0,0.0,0.0,0.0,0,742.5,0.4279,0.0012,0.0012,0.0
2026-06-08 16:00:00,DeepSeek,101,69569,49367,20202,0.0835,96.0396,3.9604,0.9901,1.9802,6526.0,8960.0,10130.0,8831.0,145.0,10,26,31,0.9901,4.9505,16.8317,0.0,3232,688.802,0.4092,0.0008,0.0009,15.9984
2026-06-08 16:00:00,MiniMax,4,2638,1834,804,0.0063,100.0,0.0,0.0,0.0,1683.0,1893.45,1921.89,578.15,58.05,3,4,3,0.0,0.0,0.0,0.0,95,659.5,0.4384,0.0016,0.0016,11.8159
2026-06-08 17:00:00,DeepSeek,104,70175,46584,23591,0.0842,94.2308,5.7692,0.9615,4.8077,6715.5,9569.45,10282.65,8774.35,179.7,10,30,30,3.8462,5.7692,17.3077,0.0,3733,674.7596,0.5064,0.0008,0.0009,15.8238
2026-06-08 17:00:00,MiniMax,4,3260,2373,887,0.0078,100.0,0.0,0.0,0.0,1543.0,1833.15,1857.03,562.65,103.35,4,4,4,25.0,0.0,0.0,0.0,134,815.0,0.3738,0.002,0.002,15.1071
2026-06-08 17:00:00,Qwen,2,875,400,475,0.0014,100.0,0.0,0.0,0.0,1501.0,2201.2,2263.44,599.15,77.6,2,2,2,0.0,0.0,0.0,0.0,0,437.5,1.1875,0.0007,0.0007,0.0
2026-06-08 18:00:00,DeepSeek,83,58035,41754,16281,0.0696,93.9759,6.0241,3.6145,1.2048,6526.0,9857.6,10619.54,9496.1,184.0,10,28,31,2.4096,1.2048,10.8434,0.0,2759,699.2169,0.3899,0.0008,0.0009,16.9461
2026-06-08 18:00:00,MiniMax,4,2341,1251,1090,0.0056,100.0,0.0,0.0,0.0,2210.0,3102.65,3216.53,682.15,74.25,4,4,4,0.0,0.0,25.0,0.0,207,585.25,0.8713,0.0014,0.0014,18.9908
2026-06-08 18:00:00,Qwen,3,1936,1128,808,0.0031,100.0,0.0,0.0,0.0,2568.0,2760.6,2777.72,1558.1,181.7,3,3,3,0.0,0.0,66.6667,0.0,0,645.3333,0.7163,0.001,0.001,0.0
2026-06-08 19:00:00,DeepSeek,75,48774,34689,14085,0.0585,97.3333,2.6667,0.0,1.3333,6622.0,8314.7,9920.66,7549.1,150.9,10,26,33,0.0,5.3333,18.6667,0.0,2279,650.32,0.406,0.0008,0.0008,16.1803
2026-06-08 19:00:00,MiniMax,2,750,593,157,0.0018,100.0,0.0,0.0,0.0,1508.5,1595.35,1603.07,792.8,310.4,2,2,2,0.0,0.0,50.0,0.0,21,375.0,0.2648,0.0009,0.0009,13.3758
2026-06-08 19:00:00,Qwen,3,2634,1965,669,0.0042,66.6667,33.3333,0.0,0.0,1960.0,2652.1,2713.62,1367.3,108.4,2,2,3,0.0,0.0,0.0,0.0,0,878.0,0.3405,0.0014,0.0021,0.0
2026-06-08 20:00:00,DeepSeek,60,43266,31753,11513,0.0519,95.0,5.0,0.0,5.0,6495.5,8205.4,10139.52,7685.3,144.1,10,27,28,1.6667,6.6667,16.6667,0.0,1824,721.1,0.3626,0.0009,0.0009,15.843
2026-06-08 20:00:00,MiniMax,3,1207,818,389,0.0029,100.0,0.0,0.0,0.0,1382.0,1625.0,1646.6,722.8,201.9,2,2,3,0.0,0.0,33.3333,0.0,87,402.3333,0.4756,0.001,0.001,22.365
2026-06-08 20:00:00,Qwen,2,1419,935,484,0.0023,100.0,0.0,0.0,0.0,1601.0,1880.9,1905.78,661.25,51.1,2,2,2,0.0,0.0,50.0,0.0,0,709.5,0.5176,0.0011,0.0011,0.0
2026-06-08 21:00:00,DeepSeek,72,50760,36153,14607,0.0609,98.6111,1.3889,1.3889,0.0,6742.5,9614.2,10261.39,9005.0,163.8,9,24,26,1.3889,4.1667,20.8333,0.0,2327,705.0,0.404,0.0008,0.0009,15.9307
2026-06-08 21:00:00,MiniMax,1,822,656,166,0.002,100.0,0.0,0.0,0.0,1611.0,1611.0,1611.0,328.0,36.0,1,1,1,0.0,0.0,0.0,0.0,37,822.0,0.253,0.002,0.002,22.2892
2026-06-08 21:00:00,Qwen,2,1167,981,186,0.0019,100.0,0.0,0.0,0.0,1325.5,1534.75,1553.35,601.65,189.35,2,2,2,0.0,0.0,0.0,0.0,0,583.5,0.1896,0.0009,0.0009,0.0
2026-06-08 22:00:00,DeepSeek,33,26501,18817,7684,0.0318,96.9697,3.0303,0.0,0.0,6659.0,9684.8,10120.96,8471.8,143.0,10,21,20,6.0606,0.0,21.2121,0.0,1251,803.0606,0.4084,0.001,0.001,16.2806
2026-06-08 22:00:00,MiniMax,3,3681,3240,441,0.0088,100.0,0.0,0.0,0.0,1288.0,1922.5,1978.9,1049.4,105.6,3,3,3,0.0,0.0,33.3333,0.0,97,1227.0,0.1361,0.0029,0.0029,21.9955
2026-06-08 22:00:00,Qwen,1,635,399,236,0.001,100.0,0.0,0.0,0.0,1524.0,1524.0,1524.0,530.0,89.0,1,1,1,0.0,0.0,0.0,0.0,0,635.0,0.5915,0.001,0.001,0.0
2026-06-08 23:00:00,DeepSeek,32,21096,14435,6661,0.0253,93.75,6.25,3.125,0.0,6573.5,8374.25,9331.96,7273.4,173.5,9,20,21,3.125,3.125,21.875,0.0,1092,659.25,0.4614,0.0008,0.0008,16.3939
2026-06-08 23:00:00,MiniMax,1,673,326,347,0.0016,100.0,0.0,0.0,0.0,1898.0,1898.0,1898.0,554.0,16.0,1,1,1,0.0,0.0,100.0,0.0,22,673.0,1.0644,0.0016,0.0016,6.3401
2026-06-09 00:00:00,DeepSeek,21,13588,9435,4153,0.0163,90.4762,9.5238,0.0,9.5238,6368.0,7366.0,7654.0,6342.0,114.0,10,15,15,0.0,19.0476,28.5714,0.0,683,647.0476,0.4402,0.0008,0.0009,16.4459
2026-06-09 00:00:00,MiniMax,1,1164,1110,54,0.0028,100.0,0.0,0.0,0.0,582.0,582.0,582.0,552.0,44.0,1,1,1,0.0,0.0,0.0,0.0,10,1164.0,0.0486,0.0028,0.0028,18.5185
2026-06-09 01:00:00,DeepSeek,22,13803,9075,4728,0.0166,81.8182,18.1818,0.0,13.6364,6489.0,7785.5,7819.97,7408.15,164.4,9,12,15,4.5455,18.1818,13.6364,0.0,722,627.4091,0.521,0.0008,0.0009,15.2707
2026-06-09 01:00:00,MiniMax,2,1179,659,520,0.0028,100.0,0.0,0.0,0.0,1615.5,2182.95,2233.39,496.65,22.95,2,2,2,0.0,0.0,0.0,0.0,124,589.5,0.7891,0.0014,0.0014,23.8462
2026-06-09 02:00:00,DeepSeek,17,11209,8744,2465,0.0135,100.0,0.0,0.0,0.0,6449.0,7921.8,8106.76,7267.2,132.6,6,11,13,0.0,0.0,29.4118,0.0,429,659.3529,0.2819,0.0008,0.0008,17.4037
2026-06-09 02:00:00,Qwen,1,263,121,142,0.0004,100.0,0.0,0.0,0.0,1845.0,1845.0,1845.0,882.0,134.0,1,1,1,0.0,0.0,0.0,0.0,0,263.0,1.1736,0.0004,0.0004,0.0
2026-06-09 03:00:00,DeepSeek,25,16802,11829,4973,0.0202,100.0,0.0,0.0,0.0,6561.0,8430.0,9057.52,7426.4,109.0,9,15,20,0.0,8.0,28.0,0.0,877,672.08,0.4204,0.0008,0.0008,17.6352
2026-06-09 03:00:00,MiniMax,1,479,343,136,0.0012,100.0,0.0,0.0,0.0,1279.0,1279.0,1279.0,635.0,46.0,1,1,1,0.0,0.0,100.0,0.0,15,479.0,0.3965,0.0012,0.0012,11.0294
2026-06-09 03:00:00,Qwen,2,1357,1097,260,0.0022,100.0,0.0,0.0,0.0,1002.5,1093.85,1101.97,490.5,67.85,2,2,2,0.0,50.0,50.0,0.0,0,678.5,0.237,0.0011,0.0011,0.0
2026-06-09 04:00:00,DeepSeek,25,17137,11438,5699,0.0206,100.0,0.0,0.0,0.0,6790.0,9922.4,10121.64,9485.4,165.8,8,16,13,0.0,0.0,32.0,0.0,906,685.48,0.4983,0.0008,0.0008,15.8975
2026-06-09 05:00:00,DeepSeek,25,15714,10117,5597,0.0189,100.0,0.0,0.0,0.0,6542.0,7447.6,8772.0,6766.8,135.0,9,15,17,0.0,4.0,0.0,0.0,970,628.56,0.5532,0.0008,0.0008,17.3307
2026-06-09 05:00:00,Qwen,2,1508,993,515,0.0024,50.0,50.0,0.0,50.0,2306.0,2606.6,2633.32,631.9,118.2,2,2,2,0.0,0.0,0.0,0.0,0,754.0,0.5186,0.0012,0.0024,0.0
2026-06-09 06:00:00,DeepSeek,73,46632,31314,15318,0.056,94.5205,5.4795,2.7397,2.7397,6594.0,8341.2,10634.92,7352.0,158.6,10,23,26,0.0,6.8493,13.6986,0.0,2545,638.7945,0.4892,0.0008,0.0008,16.6144
2026-06-09 06:00:00,MiniMax,3,1696,1185,511,0.0041,100.0,0.0,0.0,0.0,1226.0,1631.9,1667.98,677.7,88.3,3,3,3,0.0,0.0,0.0,0.0,52,565.3333,0.4312,0.0014,0.0014,10.1761
2026-06-09 06:00:00,Qwen,1,627,395,232,0.001,100.0,0.0,0.0,0.0,1891.0,1891.0,1891.0,612.0,33.0,1,1,1,0.0,0.0,0.0,0.0,0,627.0,0.5873,0.001,0.001,0.0
2026-06-09 07:00:00,DeepSeek,65,46584,34118,12466,0.0559,98.4615,1.5385,0.0,1.5385,6459.0,7852.6,9393.96,7343.2,130.8,10,27,29,1.5385,6.1538,10.7692,0.0,1871,716.6769,0.3654,0.0009,0.0009,15.0088
2026-06-09 07:00:00,MiniMax,1,590,441,149,0.0014,100.0,0.0,0.0,0.0,1197.0,1197.0,1197.0,559.0,115.0,1,1,1,0.0,0.0,100.0,0.0,39,590.0,0.3379,0.0014,0.0014,26.1745
2026-06-09 07:00:00,Qwen,1,418,220,198,0.0007,100.0,0.0,0.0,0.0,1942.0,1942.0,1942.0,477.0,57.0,1,1,1,0.0,100.0,0.0,0.0,0,418.0,0.9,0.0007,0.0007,0.0
2026-06-09 08:00:00,DeepSeek,70,56802,42770,14032,0.0682,98.5714,1.4286,0.0,1.4286,6604.5,8995.9,10255.32,7971.4,144.55,10,22,29,1.4286,12.8571,10.0,0.0,2132,811.4571,0.3281,0.001,0.001,15.1938
2026-06-09 08:00:00,MiniMax,3,1524,875,649,0.0037,100.0,0.0,0.0,0.0,1275.0,2459.4,2564.68,613.5,78.0,3,3,3,0.0,0.0,0.0,0.0,130,508.0,0.7417,0.0012,0.0012,20.0308
2026-06-09 08:00:00,Qwen,2,1529,1053,476,0.0024,100.0,0.0,0.0,0.0,2625.0,3428.7,3500.14,1438.15,34.35,1,1,1,0.0,0.0,0.0,0.0,0,764.5,0.452,0.0012,0.0012,0.0
2026-06-09 09:00:00,DeepSeek,105,75751,53550,22201,0.0909,96.1905,3.8095,0.0,1.9048,6497.0,9345.0,10189.08,7784.6,174.4,10,29,32,0.0,2.8571,18.0952,0.9524,3668,721.4381,0.4146,0.0009,0.0009,16.5218
2026-06-09 09:00:00,MiniMax,6,3397,2102,1295,0.0082,100.0,0.0,0.0,0.0,1346.0,2555.5,2599.1,746.5,156.5,2,5,3,16.6667,0.0,33.3333,0.0,187,566.1667,0.6161,0.0014,0.0014,14.4402
2026-06-09 09:00:00,Qwen,2,1257,781,476,0.002,100.0,0.0,0.0,0.0,1639.0,1802.8,1817.36,468.9,32.45,2,2,2,0.0,0.0,0.0,0.0,0,628.5,0.6095,0.001,0.001,0.0
2026-06-09 10:00:00,DeepSeek,105,75109,50609,24500,0.0901,97.1429,2.8571,0.9524,1.9048,6653.0,9372.2,10301.72,8485.6,156.0,10,26,34,1.9048,3.8095,14.2857,0.9524,4163,715.3238,0.4841,0.0009,0.0009,16.9918
2026-06-09 10:00:00,MiniMax,2,1801,1338,463,0.0043,100.0,0.0,0.0,0.0,1630.0,1738.9,1748.58,571.85,79.5,2,2,2,0.0,0.0,0.0,0.0,108,900.5,0.346,0.0022,0.0022,23.3261
2026-06-09 10:00:00,Qwen,4,2524,1698,826,0.004,100.0,0.0,0.0,0.0,2156.0,2431.5,2432.7,1418.0,102.5,4,4,4,0.0,0.0,0.0,0.0,0,631.0,0.4865,0.001,0.001,0.0
2026-06-09 11:00:00,DeepSeek,117,84649,60934,23715,0.1016,97.4359,2.5641,1.7094,0.0,6525.0,9404.6,10793.12,8815.4,154.0,10,29,41,0.8547,3.4188,15.3846,0.0,3741,723.4957,0.3892,0.0009,0.0009,15.7748
2026-06-09 11:00:00,MiniMax,7,5257,3687,1570,0.0126,100.0,0.0,0.0,0.0,1517.0,2616.2,2840.84,737.0,161.2,6,7,7,0.0,0.0,14.2857,0.0,274,751.0,0.4258,0.0018,0.0018,17.4522
2026-06-09 11:00:00,Qwen,5,3553,2081,1472,0.0057,100.0,0.0,0.0,0.0,2076.0,2653.2,2697.84,693.0,146.6,4,5,4,0.0,0.0,0.0,0.0,0,710.6,0.7074,0.0011,0.0011,0.0
2026-06-09 12:00:00,DeepSeek,116,76779,51590,25189,0.0921,94.8276,5.1724,1.7241,3.4483,6531.0,8693.0,10769.35,7547.5,177.25,10,28,36,2.5862,1.7241,20.6897,0.0,3916,661.8879,0.4883,0.0008,0.0008,15.5465
2026-06-09 12:00:00,MiniMax,3,1412,826,586,0.0034,100.0,0.0,0.0,0.0,2037.0,2206.2,2221.24,613.1,121.4,3,3,3,0.0,0.0,0.0,0.0,73,470.6667,0.7094,0.0011,0.0011,12.4573
2026-06-09 12:00:00,Qwen,5,1580,994,586,0.0025,100.0,0.0,0.0,0.0,1220.0,1678.2,1740.44,650.4,73.0,4,5,5,0.0,0.0,20.0,0.0,0,316.0,0.5895,0.0005,0.0005,0.0
2026-06-09 13:00:00,DeepSeek,106,71702,49940,21762,0.086,98.1132,1.8868,0.0,1.8868,6731.5,9221.5,10023.2,8652.5,150.0,10,25,33,0.0,4.717,17.9245,0.0,3630,676.434,0.4358,0.0008,0.0008,16.6805
2026-06-09 13:00:00,MiniMax,7,4054,2669,1385,0.0097,100.0,0.0,0.0,0.0,1410.0,2598.3,2946.06,792.5,118.3,5,6,7,0.0,14.2857,14.2857,0.0,202,579.1429,0.5189,0.0014,0.0014,14.5848
2026-06-09 13:00:00,Qwen,3,2095,1581,514,0.0034,100.0,0.0,0.0,0.0,1816.0,2028.4,2047.28,509.2,103.6,3,3,3,0.0,0.0,33.3333,0.0,0,698.3333,0.3251,0.0011,0.0011,0.0
2026-06-09 14:00:00,DeepSeek,104,68619,46920,21699,0.0823,94.2308,5.7692,3.8462,0.9615,6505.0,8750.8,9824.47,7290.2,184.45,10,30,34,0.9615,8.6538,18.2692,0.0,3568,659.7981,0.4625,0.0008,0.0008,16.4432
2026-06-09 14:00:00,MiniMax,6,5368,3805,1563,0.0129,83.3333,16.6667,0.0,0.0,1711.0,2727.5,2918.3,989.5,238.75,5,6,5,0.0,16.6667,16.6667,0.0,248,894.6667,0.4108,0.0021,0.0026,15.8669
2026-06-09 14:00:00,Qwen,1,625,301,324,0.001,100.0,0.0,0.0,0.0,2672.0,2672.0,2672.0,1248.0,43.0,1,1,1,0.0,0.0,0.0,0.0,0,625.0,1.0764,0.001,0.001,0.0
2026-06-09 15:00:00,DeepSeek,118,79564,53693,25871,0.0955,95.7627,4.2373,2.5424,1.6949,6554.0,9138.55,10130.53,7907.65,168.3,10,27,33,0.0,4.2373,22.8814,0.8475,4276,674.2712,0.4818,0.0008,0.0008,16.5282
2026-06-09 15:00:00,MiniMax,3,1963,1427,536,0.0047,100.0,0.0,0.0,0.0,1115.0,1440.8,1469.76,507.2,67.5,3,3,3,0.0,66.6667,0.0,0.0,58,654.3333,0.3756,0.0016,0.0016,10.8209
2026-06-09 15:00:00,Qwen,3,1879,1352,527,0.003,100.0,0.0,0.0,0.0,1286.0,1717.1,1755.42,663.2,209.1,2,3,2,0.0,0.0,0.0,0.0,0,626.3333,0.3898,0.001,0.001,0.0
2026-06-09 16:00:00,DeepSeek,98,70521,49308,21213,0.0846,96.9388,3.0612,0.0,0.0,6629.0,9978.55,10457.69,9000.5,166.15,10,28,38,0.0,7.1429,16.3265,0.0,3848,719.602,0.4302,0.0009,0.0009,18.1398
2026-06-09 16:00:00,MiniMax,6,6372,4806,1566,0.0153,100.0,0.0,0.0,0.0,1992.5,2782.0,2816.4,778.5,227.75,5,6,6,0.0,0.0,16.6667,0.0,181,1062.0,0.3258,0.0025,0.0025,11.5581
2026-06-09 16:00:00,Qwen,2,1233,497,736,0.002,100.0,0.0,0.0,0.0,2326.0,3078.4,3145.28,608.45,124.25,2,2,2,0.0,50.0,0.0,0.0,0,616.5,1.4809,0.001,0.001,0.0
2026-06-09 17:00:00,DeepSeek,113,83013,59082,23931,0.0996,95.5752,4.4248,0.885,0.885,6517.0,9872.8,10393.0,9170.6,170.4,10,28,39,0.0,3.5398,21.2389,0.0,3615,734.6283,0.405,0.0009,0.0009,15.1059
2026-06-09 17:00:00,MiniMax,3,1897,1336,561,0.0046,100.0,0.0,0.0,0.0,1650.0,1767.9,1778.38,647.6,154.1,3,3,3,0.0,0.0,0.0,0.0,77,632.3333,0.4199,0.0015,0.0015,13.7255
2026-06-09 17:00:00,Qwen,2,1527,969,558,0.0024,100.0,0.0,0.0,0.0,2049.5,2333.45,2358.69,462.65,51.5,2,2,2,0.0,50.0,0.0,0.0,0,763.5,0.5759,0.0012,0.0012,0.0
2026-06-09 18:00:00,DeepSeek,66,46888,33903,12985,0.0563,93.9394,6.0606,0.0,4.5455,6525.0,10071.5,10623.95,9566.25,145.75,10,27,32,0.0,4.5455,19.697,0.0,2092,710.4242,0.383,0.0009,0.0009,16.1109
2026-06-09 18:00:00,MiniMax,2,1321,1004,317,0.0032,100.0,0.0,0.0,0.0,1080.5,1196.15,1206.43,544.25,49.5,1,2,2,0.0,0.0,100.0,0.0,61,660.5,0.3157,0.0016,0.0016,19.2429
2026-06-09 19:00:00,DeepSeek,68,46129,32448,13681,0.0554,98.5294,1.4706,0.0,1.4706,6553.0,9389.65,10402.52,8970.85,120.95,10,24,29,1.4706,2.9412,23.5294,0.0,2414,678.3676,0.4216,0.0008,0.0008,17.6449
2026-06-09 19:00:00,MiniMax,4,2088,1234,854,0.005,100.0,0.0,0.0,0.0,1535.0,2315.8,2391.16,698.25,46.85,3,4,4,0.0,0.0,25.0,0.0,166,522.0,0.6921,0.0013,0.0013,19.4379
2026-06-09 19:00:00,Qwen,1,688,464,224,0.0011,100.0,0.0,0.0,0.0,1996.0,1996.0,1996.0,375.0,7.0,1,1,1,0.0,0.0,100.0,0.0,0,688.0,0.4828,0.0011,0.0011,0.0
2026-06-09 20:00:00,DeepSeek,63,41624,27933,13691,0.0499,95.2381,4.7619,0.0,1.5873,6483.0,9843.2,11618.0,9255.3,170.7,10,24,32,1.5873,1.5873,20.6349,0.0,2120,660.6984,0.4901,0.0008,0.0008,15.4846
2026-06-09 20:00:00,MiniMax,3,2524,1750,774,0.0061,100.0,0.0,0.0,0.0,2143.0,2161.0,2162.6,809.5,120.2,3,3,3,0.0,0.0,33.3333,0.0,65,841.3333,0.4423,0.002,0.002,8.3979
2026-06-09 20:00:00,Qwen,2,1041,741,300,0.0017,100.0,0.0,0.0,0.0,1293.5,1392.05,1400.81,634.45,99.05,2,2,2,0.0,0.0,0.0,0.0,0,520.5,0.4049,0.0008,0.0008,0.0
2026-06-09 21:00:00,DeepSeek,73,51075,35226,15849,0.0613,97.2603,2.7397,0.0,2.7397,6675.0,9202.2,10722.36,7980.6,213.2,10,22,28,1.3699,2.7397,17.8082,0.0,2826,699.6575,0.4499,0.0008,0.0009,17.8308
2026-06-09 21:00:00,MiniMax,2,400,239,161,0.001,100.0,0.0,0.0,0.0,1348.0,1506.4,1520.48,635.85,68.35,2,2,2,0.0,0.0,100.0,0.0,28,200.0,0.6736,0.0005,0.0005,17.3913
2026-06-09 21:00:00,Qwen,1,905,510,395,0.0014,100.0,0.0,0.0,0.0,2610.0,2610.0,2610.0,492.0,65.0,1,1,1,0.0,0.0,0.0,0.0,0,905.0,0.7745,0.0014,0.0014,0.0
2026-06-09 22:00:00,DeepSeek,32,19606,13863,5743,0.0235,96.875,3.125,3.125,0.0,6925.0,8378.3,8998.83,7672.95,132.35,9,18,20,3.125,3.125,12.5,0.0,901,612.6875,0.4143,0.0007,0.0008,15.6887
2026-06-09 23:00:00,DeepSeek,36,25782,18188,7594,0.0309,94.4444,5.5556,0.0,2.7778,6717.5,8030.5,8631.9,7637.25,148.0,10,20,19,2.7778,11.1111,8.3333,0.0,1260,716.1667,0.4175,0.0009,0.0009,16.592
2026-06-09 23:00:00,MiniMax,3,2095,1557,538,0.005,100.0,0.0,0.0,0.0,1164.0,1917.3,1984.26,576.2,59.4,2,3,3,0.0,0.0,33.3333,0.0,121,698.3333,0.3455,0.0017,0.0017,22.4907
2026-06-10 00:00:00,DeepSeek,30,20867,14623,6244,0.025,100.0,0.0,0.0,0.0,6494.5,8186.1,8189.84,7065.85,144.2,9,18,20,6.6667,0.0,6.6667,0.0,871,695.5667,0.427,0.0008,0.0008,13.9494
2026-06-10 00:00:00,MiniMax,3,1768,1195,573,0.0042,100.0,0.0,0.0,0.0,1641.0,1661.7,1663.54,527.2,122.1,1,2,2,0.0,0.0,0.0,0.0,100,589.3333,0.4795,0.0014,0.0014,17.452
2026-06-10 01:00:00,DeepSeek,23,13378,9544,3834,0.0161,95.6522,4.3478,4.3478,0.0,6567.0,8699.1,9339.46,7915.6,303.1,9,18,18,0.0,4.3478,34.7826,0.0,602,581.6522,0.4017,0.0007,0.0007,15.7016
2026-06-10 01:00:00,MiniMax,2,841,322,519,0.002,50.0,50.0,0.0,0.0,1725.5,2097.65,2130.73,943.7,103.9,2,2,2,0.0,0.0,50.0,0.0,123,420.5,1.6118,0.001,0.002,23.6994
2026-06-10 01:00:00,Qwen,1,436,240,196,0.0007,100.0,0.0,0.0,0.0,2254.0,2254.0,2254.0,686.0,145.0,1,1,1,0.0,0.0,0.0,0.0,0,436.0,0.8167,0.0007,0.0007,0.0
2026-06-10 02:00:00,DeepSeek,27,18790,12625,6165,0.0225,96.2963,3.7037,0.0,3.7037,6592.0,9413.7,10995.56,9028.2,132.0,8,16,15,0.0,7.4074,18.5185,0.0,952,695.9259,0.4883,0.0008,0.0009,15.442
2026-06-10 02:00:00,Qwen,1,674,467,207,0.0011,100.0,0.0,0.0,0.0,2147.0,2147.0,2147.0,577.0,25.0,1,1,1,0.0,0.0,0.0,0.0,0,674.0,0.4433,0.0011,0.0011,0.0
2026-06-10 03:00:00,DeepSeek,25,16124,11751,4373,0.0194,100.0,0.0,0.0,0.0,6429.0,8840.8,10180.92,8613.4,142.6,9,14,16,0.0,4.0,24.0,0.0,734,644.96,0.3721,0.0008,0.0008,16.7848
2026-06-10 03:00:00,MiniMax,1,393,231,162,0.0009,0.0,100.0,100.0,0.0,1054.0,1054.0,1054.0,660.0,93.0,1,1,1,0.0,0.0,0.0,0.0,30,393.0,0.7013,0.0009,,18.5185
2026-06-10 03:00:00,Qwen,1,564,381,183,0.0009,100.0,0.0,0.0,0.0,1162.0,1162.0,1162.0,395.0,20.0,1,1,1,0.0,0.0,0.0,0.0,0,564.0,0.4803,0.0009,0.0009,0.0
2026-06-10 04:00:00,DeepSeek,20,11210,7671,3539,0.0135,90.0,10.0,5.0,0.0,6458.0,8089.4,9615.48,7369.95,151.45,8,14,15,0.0,5.0,10.0,0.0,620,560.5,0.4613,0.0007,0.0007,17.5191
2026-06-10 04:00:00,MiniMax,1,958,617,341,0.0023,100.0,0.0,0.0,0.0,2314.0,2314.0,2314.0,884.0,231.0,1,1,1,0.0,0.0,0.0,0.0,21,958.0,0.5527,0.0023,0.0023,6.1584
2026-06-10 04:00:00,Qwen,1,689,510,179,0.0011,100.0,0.0,0.0,0.0,1437.0,1437.0,1437.0,450.0,30.0,1,1,1,0.0,0.0,0.0,0.0,0,689.0,0.351,0.0011,0.0011,0.0
2026-06-10 05:00:00,DeepSeek,25,19150,13597,5553,0.023,92.0,8.0,0.0,8.0,6948.0,8951.2,10089.04,8808.8,233.6,10,18,17,0.0,0.0,20.0,0.0,937,766.0,0.4084,0.0009,0.001,16.8738
2026-06-10 05:00:00,MiniMax,1,452,234,218,0.0011,100.0,0.0,0.0,0.0,1250.0,1250.0,1250.0,470.0,34.0,1,1,1,0.0,0.0,100.0,0.0,19,452.0,0.9316,0.0011,0.0011,8.7156
2026-06-10 06:00:00,DeepSeek,69,47905,32518,15387,0.0575,98.5507,1.4493,0.0,1.4493,6658.0,9467.4,11078.72,8750.4,173.4,10,24,26,4.3478,5.7971,20.2899,0.0,2695,694.2754,0.4732,0.0008,0.0008,17.5148
2026-06-10 06:00:00,MiniMax,2,1240,836,404,0.003,100.0,0.0,0.0,0.0,1550.0,1829.0,1853.8,791.55,214.0,2,2,2,0.0,0.0,50.0,0.0,103,620.0,0.4833,0.0015,0.0015,25.495
2026-06-10 06:00:00,Qwen,3,2366,1633,733,0.0038,100.0,0.0,0.0,0.0,1867.0,1906.6,1910.12,486.1,96.4,3,3,3,0.0,0.0,0.0,0.0,0,788.6667,0.4489,0.0013,0.0013,0.0
2026-06-10 07:00:00,DeepSeek,80,51389,36344,15045,0.0617,96.25,3.75,1.25,1.25,6427.5,8856.5,9431.99,7510.95,132.25,10,26,30,1.25,10.0,17.5,0.0,2421,642.3625,0.414,0.0008,0.0008,16.0917
2026-06-10 07:00:00,MiniMax,6,3927,2439,1488,0.0094,83.3333,16.6667,0.0,16.6667,1714.5,2089.25,2161.85,651.5,138.75,5,6,5,0.0,16.6667,33.3333,0.0,263,654.5,0.6101,0.0016,0.0019,17.6747
2026-06-10 08:00:00,DeepSeek,65,46403,34056,12347,0.0557,96.9231,3.0769,1.5385,0.0,6559.0,9006.6,10244.08,8094.6,171.6,10,25,28,3.0769,9.2308,12.3077,1.5385,2042,713.8923,0.3625,0.0009,0.0009,16.5384
2026-06-10 08:00:00,MiniMax,7,5911,4465,1446,0.0142,85.7143,14.2857,0.0,14.2857,1411.0,1888.5,1964.1,666.0,84.7,5,6,6,0.0,0.0,0.0,0.0,253,844.4286,0.3239,0.002,0.0024,17.4965
2026-06-10 08:00:00,Qwen,3,2316,1291,1025,0.0037,66.6667,33.3333,0.0,0.0,2394.0,2807.1,2843.82,620.2,76.5,3,3,3,0.0,33.3333,0.0,0.0,0,772.0,0.794,0.0012,0.0019,0.0
2026-06-10 09:00:00,DeepSeek,94,63417,44196,19221,0.0761,91.4894,8.5106,0.0,5.3191,6459.0,8906.7,10243.59,8305.75,180.1,9,23,29,0.0,5.3191,20.2128,0.0,3117,674.6489,0.4349,0.0008,0.0009,16.2166
2026-06-10 09:00:00,MiniMax,6,3182,1962,1220,0.0076,100.0,0.0,0.0,0.0,1338.0,2333.75,2518.75,684.5,151.0,6,6,6,0.0,0.0,33.3333,0.0,182,530.3333,0.6218,0.0013,0.0013,14.918
2026-06-10 09:00:00,Qwen,3,1821,1527,294,0.0029,100.0,0.0,0.0,0.0,1230.0,1429.8,1447.56,602.3,41.5,3,3,3,0.0,0.0,33.3333,0.0,0,607.0,0.1925,0.001,0.001,0.0
2026-06-10 10:00:00,DeepSeek,119,83953,60951,23002,0.1007,94.958,5.042,0.8403,2.521,6406.0,8097.0,9387.32,7350.1,140.1,10,29,36,0.0,4.2017,21.0084,0.0,3751,705.4874,0.3774,0.0008,0.0009,16.3073
2026-06-10 10:00:00,MiniMax,2,1423,1183,240,0.0034,50.0,50.0,0.0,0.0,1104.0,1250.7,1263.74,406.5,37.95,2,2,2,0.0,0.0,0.0,50.0,32,711.5,0.2029,0.0017,0.0034,13.3333
2026-06-10 10:00:00,Qwen,4,2794,2255,539,0.0045,75.0,25.0,0.0,0.0,1772.0,2256.45,2316.09,1507.65,116.5,4,4,4,0.0,50.0,0.0,0.0,0,698.5,0.239,0.0011,0.0015,0.0
2026-06-10 11:00:00,DeepSeek,118,81081,55955,25126,0.0973,95.7627,4.2373,0.8475,3.3898,6664.5,9886.6,11176.23,9325.05,154.45,10,30,41,1.6949,3.3898,18.6441,0.0,4420,687.1271,0.449,0.0008,0.0009,17.5913
2026-06-10 11:00:00,MiniMax,3,3808,2663,1145,0.0091,100.0,0.0,0.0,0.0,1467.0,2746.8,2860.56,535.8,138.2,2,3,3,33.3333,0.0,0.0,0.0,173,1269.3333,0.43,0.003,0.003,15.1092
2026-06-10 11:00:00,Qwen,3,1931,1535,396,0.0031,100.0,0.0,0.0,0.0,1003.0,1271.2,1295.04,620.4,74.6,3,3,3,0.0,0.0,33.3333,0.0,0,643.6667,0.258,0.001,0.001,0.0
2026-06-10 12:00:00,DeepSeek,116,76283,52084,24199,0.0915,96.5517,3.4483,0.0,1.7241,6633.5,9555.5,10501.2,8799.5,151.0,10,28,37,0.8621,3.4483,18.1034,0.8621,3864,657.6121,0.4646,0.0008,0.0008,15.9676
2026-06-10 12:00:00,MiniMax,8,7193,5526,1667,0.0173,100.0,0.0,0.0,0.0,1218.5,1867.55,1897.51,748.4,155.9,5,5,7,0.0,25.0,0.0,0.0,224,899.125,0.3017,0.0022,0.0022,13.4373
2026-06-10 12:00:00,Qwen,1,1932,1659,273,0.0031,100.0,0.0,0.0,0.0,2220.0,2220.0,2220.0,588.0,66.0,1,1,1,0.0,0.0,0.0,0.0,0,1932.0,0.1646,0.0031,0.0031,0.0
2026-06-10 13:00:00,DeepSeek,100,74668,52919,21749,0.0896,96.0,4.0,0.0,3.0,6581.0,9349.3,10726.67,9121.85,150.4,10,28,33,2.0,5.0,18.0,1.0,3639,746.68,0.411,0.0009,0.0009,16.7318
2026-06-10 13:00:00,MiniMax,6,4334,2727,1607,0.0104,83.3333,16.6667,16.6667,0.0,1324.0,4305.0,4949.0,1056.5,67.0,4,5,6,0.0,16.6667,16.6667,0.0,232,722.3333,0.5893,0.0017,0.0021,14.4368
2026-06-10 13:00:00,Qwen,1,405,206,199,0.0006,100.0,0.0,0.0,0.0,1915.0,1915.0,1915.0,424.0,27.0,1,1,1,0.0,0.0,0.0,0.0,0,405.0,0.966,0.0006,0.0006,0.0
2026-06-10 14:00:00,DeepSeek,103,71837,50295,21542,0.0862,94.1748,5.8252,0.9709,0.0,6603.0,8577.7,10169.32,8231.2,184.3,10,27,39,0.9709,1.9417,16.5049,0.9709,3226,697.4466,0.4283,0.0008,0.0009,14.9754
2026-06-10 14:00:00,MiniMax,4,2588,1991,597,0.0062,100.0,0.0,0.0,0.0,1613.0,1843.25,1870.25,761.05,172.65,4,4,4,25.0,0.0,0.0,0.0,105,647.0,0.2998,0.0016,0.0016,17.5879
2026-06-10 14:00:00,Qwen,2,1167,974,193,0.0019,0.0,100.0,0.0,50.0,1693.5,2156.55,2197.71,1506.65,147.7,2,2,2,0.0,0.0,0.0,0.0,0,583.5,0.1982,0.0009,,0.0
2026-06-10 15:00:00,DeepSeek,104,70999,50044,20955,0.0852,96.1538,3.8462,0.9615,1.9231,6526.0,8312.5,9420.87,7406.45,149.1,10,26,37,0.0,4.8077,21.1538,0.0,3609,682.6827,0.4187,0.0008,0.0009,17.2226
2026-06-10 15:00:00,MiniMax,4,6047,4962,1085,0.0145,75.0,25.0,0.0,25.0,1593.5,2786.9,2891.78,694.75,142.2,3,4,3,0.0,0.0,0.0,0.0,172,1511.75,0.2187,0.0036,0.0048,15.8525
2026-06-10 15:00:00,Qwen,4,2394,1779,615,0.0038,75.0,25.0,25.0,0.0,1312.5,2698.75,2892.55,1356.55,177.1,2,2,3,0.0,0.0,25.0,0.0,0,598.5,0.3457,0.001,0.0013,0.0
2026-06-10 16:00:00,DeepSeek,115,80234,55787,24447,0.0963,96.5217,3.4783,0.0,2.6087,6578.0,10000.9,11090.46,9093.8,151.1,10,29,34,3.4783,2.6087,14.7826,0.8696,3964,697.687,0.4382,0.0008,0.0009,16.2147
2026-06-10 16:00:00,MiniMax,5,3022,2207,815,0.0073,100.0,0.0,0.0,0.0,1442.0,1624.6,1648.92,756.2,222.6,4,4,5,0.0,0.0,20.0,0.0,109,604.4,0.3693,0.0015,0.0015,13.3742
2026-06-10 16:00:00,Qwen,1,933,816,117,0.0015,100.0,0.0,0.0,0.0,1492.0,1492.0,1492.0,726.0,66.0,1,1,1,0.0,0.0,0.0,0.0,0,933.0,0.1434,0.0015,0.0015,0.0
2026-06-10 17:00:00,DeepSeek,93,61985,43952,18033,0.0744,96.7742,3.2258,1.0753,2.1505,6663.0,8921.8,9546.6,8719.8,145.2,10,25,31,0.0,2.1505,22.5806,0.0,3180,666.5054,0.4103,0.0008,0.0008,17.6343
2026-06-10 17:00:00,MiniMax,3,2094,1364,730,0.005,100.0,0.0,0.0,0.0,1555.0,1732.3,1748.06,553.5,106.9,3,3,3,0.0,0.0,0.0,0.0,82,698.0,0.5352,0.0017,0.0017,11.2329
2026-06-10 18:00:00,DeepSeek,71,49569,35958,13611,0.0595,95.7746,4.2254,1.4085,1.4085,6549.0,7840.5,9751.2,7354.5,135.5,9,26,30,0.0,4.2254,28.169,1.4085,2380,698.1549,0.3785,0.0008,0.0009,17.4859
2026-06-10 18:00:00,MiniMax,6,4465,2913,1552,0.0107,100.0,0.0,0.0,0.0,1647.0,2672.75,2812.15,797.5,94.75,4,4,5,0.0,16.6667,0.0,0.0,302,744.1667,0.5328,0.0018,0.0018,19.4588
2026-06-10 19:00:00,DeepSeek,74,48649,34811,13838,0.0584,95.9459,4.0541,1.3514,1.3514,6472.0,9097.2,10079.3,7872.2,151.75,10,26,32,0.0,5.4054,13.5135,0.0,2129,657.4189,0.3975,0.0008,0.0008,15.3852
2026-06-10 19:00:00,MiniMax,7,6270,4525,1745,0.015,85.7143,14.2857,0.0,0.0,1520.0,2976.2,3008.84,725.6,99.4,6,7,7,14.2857,14.2857,28.5714,14.2857,201,895.7143,0.3856,0.0021,0.0025,11.5186
2026-06-10 19:00:00,Qwen,1,1343,1273,70,0.0021,100.0,0.0,0.0,0.0,1019.0,1019.0,1019.0,472.0,95.0,1,1,1,0.0,0.0,0.0,0.0,0,1343.0,0.055,0.0021,0.0021,0.0
2026-06-10 20:00:00,DeepSeek,52,34466,23740,10726,0.0414,96.1538,3.8462,1.9231,1.9231,6437.0,8099.5,9729.64,7120.55,157.35,9,21,25,0.0,3.8462,9.6154,0.0,1615,662.8077,0.4518,0.0008,0.0008,15.0569
2026-06-10 20:00:00,MiniMax,4,2540,1731,809,0.0061,100.0,0.0,0.0,0.0,1679.5,1809.0,1811.4,676.45,193.25,3,3,4,0.0,0.0,0.0,0.0,179,635.0,0.4674,0.0015,0.0015,22.1261
2026-06-10 20:00:00,Qwen,1,198,117,81,0.0003,100.0,0.0,0.0,0.0,1169.0,1169.0,1169.0,692.0,73.0,1,1,1,0.0,0.0,0.0,0.0,0,198.0,0.6923,0.0003,0.0003,0.0
2026-06-10 21:00:00,DeepSeek,63,45142,32155,12987,0.0542,96.8254,3.1746,0.0,1.5873,6470.0,8444.1,9820.5,7824.1,175.7,10,25,29,1.5873,4.7619,20.6349,0.0,2201,716.5397,0.4039,0.0009,0.0009,16.9477
2026-06-10 21:00:00,MiniMax,5,3197,2351,846,0.0077,100.0,0.0,0.0,0.0,1386.0,1638.4,1684.48,585.8,65.8,5,5,5,0.0,20.0,0.0,0.0,128,639.4,0.3598,0.0015,0.0015,15.13
2026-06-10 21:00:00,Qwen,1,469,316,153,0.0008,100.0,0.0,0.0,0.0,2883.0,2883.0,2883.0,1593.0,100.0,1,1,1,0.0,0.0,0.0,0.0,0,469.0,0.4842,0.0008,0.0008,0.0
2026-06-10 22:00:00,DeepSeek,33,22139,15934,6205,0.0266,96.9697,3.0303,0.0,0.0,6520.0,8237.0,9008.32,7872.6,164.8,10,21,22,6.0606,6.0606,18.1818,0.0,949,670.8788,0.3894,0.0008,0.0008,15.2941
2026-06-10 22:00:00,Qwen,1,454,240,214,0.0007,100.0,0.0,0.0,0.0,1796.0,1796.0,1796.0,688.0,15.0,1,1,1,0.0,0.0,0.0,0.0,0,454.0,0.8917,0.0007,0.0007,0.0
2026-06-10 23:00:00,DeepSeek,39,24784,16839,7945,0.0297,100.0,0.0,0.0,0.0,6521.0,7763.9,8994.82,6954.8,172.6,10,18,21,2.5641,0.0,23.0769,0.0,1134,635.4872,0.4718,0.0008,0.0008,14.2731
2026-06-10 23:00:00,MiniMax,1,2556,2367,189,0.0061,100.0,0.0,0.0,0.0,1005.0,1005.0,1005.0,446.0,67.0,1,1,1,0.0,0.0,0.0,0.0,27,2556.0,0.0798,0.0061,0.0061,14.2857
2026-06-11 00:00:00,DeepSeek,13,8871,6450,2421,0.0106,100.0,0.0,0.0,0.0,6366.0,9728.0,10608.8,8849.8,105.8,7,9,10,0.0,0.0,23.0769,0.0,419,682.3846,0.3753,0.0008,0.0008,17.3069
2026-06-11 00:00:00,MiniMax,3,1988,1533,455,0.0048,66.6667,33.3333,33.3333,0.0,1102.0,1408.9,1436.18,514.4,73.3,2,3,3,0.0,0.0,33.3333,0.0,94,662.6667,0.2968,0.0016,0.0024,20.6593
2026-06-11 00:00:00,Qwen,1,728,532,196,0.0012,100.0,0.0,0.0,0.0,1629.0,1629.0,1629.0,460.0,43.0,1,1,1,0.0,100.0,0.0,0.0,0,728.0,0.3684,0.0012,0.0012,0.0
2026-06-11 01:00:00,DeepSeek,27,19262,13976,5286,0.0231,96.2963,3.7037,0.0,0.0,6442.0,8017.7,9347.28,7196.0,190.6,7,15,15,0.0,7.4074,25.9259,0.0,839,713.4074,0.3782,0.0009,0.0009,15.8721
2026-06-11 01:00:00,MiniMax,2,1793,1183,610,0.0043,100.0,0.0,0.0,0.0,1488.5,1581.65,1589.93,541.15,50.3,2,2,2,0.0,0.0,0.0,0.0,121,896.5,0.5156,0.0022,0.0022,19.8361
2026-06-11 02:00:00,DeepSeek,36,21122,14604,6518,0.0253,94.4444,5.5556,0.0,0.0,6430.5,7799.0,8780.6,7368.5,125.25,9,20,18,5.5556,5.5556,16.6667,0.0,1161,586.7222,0.4463,0.0007,0.0007,17.8122
2026-06-11 02:00:00,MiniMax,2,1425,1009,416,0.0034,100.0,0.0,0.0,0.0,1473.5,1581.95,1591.59,462.0,25.6,2,2,2,0.0,0.0,0.0,0.0,105,712.5,0.4123,0.0017,0.0017,25.2404
2026-06-11 03:00:00,DeepSeek,37,23776,16906,6870,0.0285,97.2973,2.7027,2.7027,0.0,6603.0,9580.2,10214.44,9114.6,149.6,9,19,20,2.7027,5.4054,13.5135,0.0,1085,642.5946,0.4064,0.0008,0.0008,15.7933
2026-06-11 03:00:00,MiniMax,4,2243,1308,935,0.0054,100.0,0.0,0.0,0.0,1318.5,2789.05,2989.81,966.35,117.5,3,4,4,0.0,0.0,50.0,25.0,187,560.75,0.7148,0.0013,0.0013,20.0
2026-06-11 04:00:00,DeepSeek,32,21871,15618,6253,0.0262,93.75,6.25,0.0,3.125,6708.5,9109.85,10966.7,8688.8,210.25,10,21,20,0.0,6.25,12.5,0.0,998,683.4688,0.4004,0.0008,0.0009,15.9603
2026-06-11 04:00:00,MiniMax,3,1775,1378,397,0.0043,100.0,0.0,0.0,0.0,847.0,1500.4,1558.48,746.8,84.3,3,3,3,0.0,0.0,0.0,0.0,75,591.6667,0.2881,0.0014,0.0014,18.8917
2026-06-11 04:00:00,Qwen,1,320,238,82,0.0005,100.0,0.0,0.0,0.0,1338.0,1338.0,1338.0,566.0,140.0,1,1,1,0.0,0.0,100.0,0.0,0,320.0,0.3445,0.0005,0.0005,0.0
2026-06-11 05:00:00,DeepSeek,31,20845,13699,7146,0.025,96.7742,3.2258,0.0,3.2258,6521.0,10072.5,11379.2,9264.0,161.5,9,18,21,3.2258,3.2258,12.9032,0.0,1289,672.4194,0.5216,0.0008,0.0008,18.0381
2026-06-11 05:00:00,MiniMax,1,675,538,137,0.0016,100.0,0.0,0.0,0.0,949.0,949.0,949.0,457.0,57.0,1,1,1,0.0,0.0,0.0,0.0,8,675.0,0.2546,0.0016,0.0016,5.8394
2026-06-11 06:00:00,DeepSeek,95,62308,42176,20132,0.0748,96.8421,3.1579,0.0,2.1053,6463.0,8425.6,9151.2,7344.9,153.1,10,29,33,2.1053,5.2632,18.9474,0.0,3417,655.8737,0.4773,0.0008,0.0008,16.973
2026-06-11 06:00:00,MiniMax,3,1499,995,504,0.0036,100.0,0.0,0.0,0.0,1382.0,1860.8,1903.36,882.2,92.1,2,3,3,0.0,0.0,0.0,0.0,87,499.6667,0.5065,0.0012,0.0012,17.2619
2026-06-11 06:00:00,Qwen,3,1844,1266,578,0.003,66.6667,33.3333,0.0,0.0,1507.0,2164.0,2222.4,891.9,47.8,3,3,3,0.0,33.3333,0.0,0.0,0,614.6667,0.4566,0.001,0.0015,0.0
2026-06-11 07:00:00,DeepSeek,77,56628,42063,14565,0.068,90.9091,9.0909,2.5974,3.8961,6441.0,9897.0,10565.68,9001.6,161.6,10,27,31,2.5974,2.5974,11.6883,0.0,2519,735.4286,0.3463,0.0009,0.001,17.2949
2026-06-11 07:00:00,MiniMax,3,1441,1075,366,0.0035,100.0,0.0,0.0,0.0,924.0,1543.2,1598.24,536.8,97.9,3,3,3,0.0,0.0,33.3333,0.0,69,480.3333,0.3405,0.0012,0.0012,18.8525
2026-06-11 07:00:00,Qwen,2,1117,737,380,0.0018,100.0,0.0,0.0,0.0,1345.0,1632.1,1657.62,446.7,72.75,2,2,2,0.0,0.0,0.0,0.0,0,558.5,0.5156,0.0009,0.0009,0.0
2026-06-11 08:00:00,DeepSeek,85,54507,37318,17189,0.0654,94.1176,5.8824,1.1765,2.3529,6595.0,8280.6,10831.2,7640.6,155.2,10,27,32,0.0,8.2353,18.8235,0.0,2885,641.2588,0.4606,0.0008,0.0008,16.784
2026-06-11 08:00:00,MiniMax,2,999,561,438,0.0024,100.0,0.0,0.0,0.0,1229.0,1477.4,1499.48,495.0,33.25,2,2,2,0.0,0.0,0.0,0.0,106,499.5,0.7807,0.0012,0.0012,24.2009
2026-06-11 09:00:00,DeepSeek,145,103500,72788,30712,0.1242,93.1034,6.8966,2.7586,2.7586,6423.0,9528.6,10219.84,7772.6,174.8,10,30,35,1.3793,3.4483,15.1724,0.0,5031,713.7931,0.4219,0.0009,0.0009,16.3812
2026-06-11 09:00:00,MiniMax,7,5324,3722,1602,0.0128,100.0,0.0,0.0,0.0,1575.0,3108.9,3360.18,675.0,147.7,5,6,7,0.0,14.2857,14.2857,0.0,295,760.5714,0.4304,0.0018,0.0018,18.4145
2026-06-11 09:00:00,Qwen,8,6079,4080,1999,0.0097,87.5,12.5,0.0,12.5,1593.0,2811.3,3052.66,770.7,168.75,6,6,7,0.0,12.5,12.5,12.5,0,759.875,0.49,0.0012,0.0014,0.0
2026-06-11 10:00:00,DeepSeek,156,99797,68605,31192,0.1198,93.5897,6.4103,1.2821,3.2051,6437.0,8776.5,10613.9,7619.75,195.75,10,30,41,0.0,5.1282,16.0256,0.0,5413,639.7244,0.4547,0.0008,0.0008,17.3538
2026-06-11 10:00:00,MiniMax,6,5125,3858,1267,0.0123,100.0,0.0,0.0,0.0,1144.5,2235.25,2321.45,611.0,193.0,6,6,6,0.0,0.0,16.6667,16.6667,163,854.1667,0.3284,0.002,0.002,12.865
2026-06-11 10:00:00,Qwen,3,2313,1648,665,0.0037,100.0,0.0,0.0,0.0,1536.0,2123.7,2175.94,583.0,88.7,3,3,3,0.0,0.0,33.3333,0.0,0,771.0,0.4035,0.0012,0.0012,0.0
2026-06-11 11:00:00,DeepSeek,127,90646,67677,22969,0.1088,99.2126,0.7874,0.0,0.7874,6448.0,9664.6,10347.6,9163.1,164.4,10,30,39,1.5748,3.1496,17.3228,0.0,3870,713.748,0.3394,0.0009,0.0009,16.8488
2026-06-11 11:00:00,MiniMax,5,3513,2334,1179,0.0084,100.0,0.0,0.0,0.0,1255.0,1885.2,1995.44,598.0,95.2,2,3,4,0.0,0.0,0.0,0.0,243,702.6,0.5051,0.0017,0.0017,20.6107
2026-06-11 11:00:00,Qwen,5,2600,2112,488,0.0042,100.0,0.0,0.0,0.0,1513.0,1954.8,2034.16,1445.8,101.8,4,5,4,0.0,0.0,20.0,0.0,0,520.0,0.2311,0.0008,0.0008,0.0
2026-06-11 12:00:00,DeepSeek,147,106751,76780,29971,0.1281,95.2381,4.7619,0.6803,2.0408,6411.0,8554.3,10322.42,7956.7,114.0,10,28,39,2.7211,4.0816,16.3265,0.0,4636,726.1973,0.3903,0.0009,0.0009,15.4683
2026-06-11 12:00:00,MiniMax,7,7425,5592,1833,0.0178,100.0,0.0,0.0,0.0,1437.0,2893.0,3202.6,904.6,117.3,6,7,7,0.0,0.0,0.0,0.0,314,1060.7143,0.3278,0.0025,0.0025,17.1304
2026-06-11 12:00:00,Qwen,7,3961,2749,1212,0.0063,100.0,0.0,0.0,0.0,1710.0,2057.3,2129.06,619.9,121.6,4,6,7,0.0,14.2857,14.2857,0.0,0,565.8571,0.4409,0.0009,0.0009,0.0
2026-06-11 13:00:00,DeepSeek,143,93755,66118,27637,0.1125,95.1049,4.8951,1.3986,1.3986,6485.0,8597.4,10248.0,7838.8,148.9,10,29,40,0.6993,5.5944,18.8811,0.0,4546,655.6294,0.418,0.0008,0.0008,16.449
2026-06-11 13:00:00,MiniMax,4,2928,1871,1057,0.007,100.0,0.0,0.0,0.0,1410.5,3258.4,3503.68,543.35,86.25,4,4,4,0.0,0.0,25.0,0.0,158,732.0,0.5649,0.0018,0.0018,14.948
2026-06-11 13:00:00,Qwen,5,2958,2293,665,0.0047,100.0,0.0,0.0,0.0,1078.0,1955.6,1990.32,529.4,115.4,4,5,5,0.0,0.0,0.0,0.0,0,591.6,0.29,0.0009,0.0009,0.0
2026-06-11 14:00:00,DeepSeek,145,95783,67522,28261,0.1149,94.4828,5.5172,0.6897,3.4483,6484.0,9009.4,10378.84,8969.0,150.0,10,29,40,0.0,5.5172,22.069,0.0,4724,660.5724,0.4185,0.0008,0.0008,16.7156
2026-06-11 14:00:00,MiniMax,13,6196,3874,2322,0.0149,100.0,0.0,0.0,0.0,1302.0,1880.0,1889.6,579.2,107.2,6,10,9,0.0,0.0,46.1538,0.0,284,476.6154,0.5994,0.0011,0.0011,12.2308
2026-06-11 14:00:00,Qwen,2,1220,633,587,0.002,100.0,0.0,0.0,0.0,2116.0,2255.5,2267.9,533.4,77.75,2,2,2,0.0,0.0,0.0,0.0,0,610.0,0.9273,0.001,0.001,0.0
2026-06-11 15:00:00,DeepSeek,115,73804,51510,22294,0.0886,94.7826,5.2174,0.8696,2.6087,6418.0,7822.1,10355.58,7251.0,150.8,10,27,36,2.6087,5.2174,19.1304,0.0,3491,641.7739,0.4328,0.0008,0.0008,15.6589
2026-06-11 15:00:00,MiniMax,8,6068,4289,1779,0.0146,87.5,12.5,0.0,0.0,1149.0,1830.25,1842.85,710.0,79.9,6,7,7,0.0,12.5,12.5,0.0,312,758.5,0.4148,0.0018,0.0021,17.5379
2026-06-11 15:00:00,Qwen,4,2326,1282,1044,0.0037,75.0,25.0,0.0,25.0,1950.0,2285.95,2317.99,736.9,113.5,3,4,3,0.0,25.0,25.0,0.0,0,581.5,0.8144,0.0009,0.0012,0.0
2026-06-11 16:00:00,DeepSeek,137,101459,74048,27411,0.1217,97.8102,2.1898,0.7299,1.4599,6589.0,9691.6,10662.0,9158.8,160.6,10,26,39,0.7299,2.9197,14.5985,0.0,4491,740.5766,0.3702,0.0009,0.0009,16.3839
2026-06-11 16:00:00,MiniMax,6,4454,3220,1234,0.0107,100.0,0.0,0.0,0.0,1428.0,1849.5,1889.1,773.75,119.0,4,5,5,0.0,0.0,33.3333,0.0,176,742.3333,0.3832,0.0018,0.0018,14.2626
2026-06-11 16:00:00,Qwen,1,1149,983,166,0.0018,100.0,0.0,0.0,0.0,1942.0,1942.0,1942.0,763.0,69.0,1,1,1,0.0,0.0,0.0,0.0,0,1149.0,0.1689,0.0018,0.0018,0.0
2026-06-11 17:00:00,DeepSeek,136,94857,69012,25845,0.1138,96.3235,3.6765,0.7353,1.4706,6378.5,8671.5,9529.5,7543.0,186.75,10,27,38,2.2059,2.2059,20.5882,0.0,4557,697.4779,0.3745,0.0008,0.0009,17.632
2026-06-11 17:00:00,MiniMax,12,7875,5515,2360,0.0189,100.0,0.0,0.0,0.0,1634.5,2615.2,2701.44,689.45,160.65,8,12,9,8.3333,0.0,33.3333,0.0,375,656.25,0.4279,0.0016,0.0016,15.8898
2026-06-11 17:00:00,Qwen,6,4869,2900,1969,0.0078,100.0,0.0,0.0,0.0,1857.5,3712.0,3967.2,886.0,124.25,5,6,6,0.0,0.0,16.6667,0.0,0,811.5,0.679,0.0013,0.0013,0.0
2026-06-11 18:00:00,DeepSeek,91,64199,45355,18844,0.077,94.5055,5.4945,4.3956,0.0,6502.0,9092.5,10249.9,7635.0,143.5,10,24,34,0.0,3.2967,18.6813,0.0,3283,705.4835,0.4155,0.0008,0.0009,17.422
2026-06-11 18:00:00,MiniMax,2,2040,1221,819,0.0049,100.0,0.0,0.0,0.0,2638.0,4053.7,4179.54,492.45,106.65,2,2,2,0.0,0.0,0.0,0.0,84,1020.0,0.6708,0.0024,0.0024,10.2564
2026-06-11 19:00:00,DeepSeek,87,58148,38567,19581,0.0698,94.2529,5.7471,0.0,4.5977,6475.0,8837.6,10438.5,7516.9,192.8,10,25,33,1.1494,4.5977,14.9425,0.0,3082,668.3678,0.5077,0.0008,0.0009,15.7397
2026-06-11 19:00:00,MiniMax,5,3173,2287,886,0.0076,100.0,0.0,0.0,0.0,1155.0,1969.6,2011.52,751.6,213.4,3,5,4,0.0,20.0,20.0,0.0,140,634.6,0.3874,0.0015,0.0015,15.8014
2026-06-11 19:00:00,Qwen,1,832,514,318,0.0013,100.0,0.0,0.0,0.0,2013.0,2013.0,2013.0,379.0,10.0,1,1,1,0.0,0.0,0.0,0.0,0,832.0,0.6187,0.0013,0.0013,0.0
2026-06-11 20:00:00,DeepSeek,83,63873,47024,16849,0.0766,97.5904,2.4096,0.0,2.4096,6408.0,8459.3,9721.3,7203.3,168.6,9,23,29,3.6145,1.2048,25.3012,0.0,2566,769.5542,0.3583,0.0009,0.0009,15.2294
2026-06-11 20:00:00,MiniMax,12,6099,3932,2167,0.0146,100.0,0.0,0.0,0.0,1413.0,1967.5,2007.1,735.25,122.5,8,9,10,0.0,0.0,16.6667,0.0,427,508.25,0.5511,0.0012,0.0012,19.7047
2026-06-11 20:00:00,Qwen,2,1083,604,479,0.0017,100.0,0.0,0.0,0.0,2184.0,2817.6,2873.92,824.4,118.15,2,2,2,0.0,0.0,0.0,0.0,0,541.5,0.793,0.0009,0.0009,0.0
2026-06-11 21:00:00,DeepSeek,74,52717,38531,14186,0.0633,93.2432,6.7568,0.0,4.0541,6607.0,8235.85,10387.55,7339.2,175.8,10,24,30,2.7027,5.4054,16.2162,0.0,2244,712.3919,0.3682,0.0009,0.0009,15.8184
2026-06-11 21:00:00,MiniMax,3,1402,666,736,0.0034,100.0,0.0,0.0,0.0,1600.0,2392.9,2463.38,543.4,38.7,3,3,3,0.0,0.0,0.0,0.0,168,467.3333,1.1051,0.0011,0.0011,22.8261
2026-06-11 21:00:00,Qwen,2,2078,1856,222,0.0033,50.0,50.0,0.0,50.0,1174.5,1413.45,1434.69,457.65,71.4,1,2,2,0.0,50.0,0.0,0.0,0,1039.0,0.1196,0.0017,0.0033,0.0
2026-06-11 22:00:00,DeepSeek,40,28695,20006,8689,0.0344,95.0,5.0,0.0,0.0,6553.5,8629.8,10401.25,7494.35,104.1,10,22,26,0.0,5.0,25.0,0.0,1439,717.375,0.4343,0.0009,0.0009,16.5612
2026-06-11 22:00:00,MiniMax,2,1194,760,434,0.0029,100.0,0.0,0.0,0.0,1486.5,1765.95,1790.79,547.15,64.55,2,2,2,0.0,0.0,0.0,0.0,48,597.0,0.5711,0.0014,0.0014,11.0599
2026-06-11 22:00:00,Qwen,2,1130,858,272,0.0018,100.0,0.0,0.0,0.0,1922.5,2413.45,2457.09,1514.1,112.35,2,2,2,0.0,0.0,50.0,0.0,0,565.0,0.317,0.0009,0.0009,0.0
2026-06-11 23:00:00,DeepSeek,44,29134,21168,7966,0.035,97.7273,2.2727,0.0,2.2727,6411.5,8376.7,9872.18,8167.9,115.55,10,21,20,0.0,2.2727,22.7273,0.0,1157,662.1364,0.3763,0.0008,0.0008,14.5242
2026-06-11 23:00:00,MiniMax,4,5002,3934,1068,0.012,100.0,0.0,0.0,0.0,2055.0,2123.05,2131.81,623.45,80.7,3,3,3,0.0,0.0,0.0,0.0,166,1250.5,0.2715,0.003,0.003,15.5431
2026-06-11 23:00:00,Qwen,2,1073,652,421,0.0017,50.0,50.0,50.0,0.0,1650.5,1877.75,1897.95,526.25,88.2,2,2,2,0.0,0.0,0.0,0.0,0,536.5,0.6457,0.0009,0.0017,0.0
2026-06-12 00:00:00,DeepSeek,30,19689,14394,5295,0.0236,100.0,0.0,0.0,0.0,6428.5,9401.6,10310.53,8854.25,172.4,10,18,17,0.0,3.3333,23.3333,0.0,894,656.3,0.3679,0.0008,0.0008,16.8839
2026-06-12 00:00:00,MiniMax,1,830,681,149,0.002,100.0,0.0,0.0,0.0,1445.0,1445.0,1445.0,447.0,31.0,1,1,1,0.0,0.0,0.0,0.0,39,830.0,0.2188,0.002,0.002,26.1745
2026-06-12 00:00:00,Qwen,2,1666,1266,400,0.0027,100.0,0.0,0.0,0.0,2811.0,3422.1,3476.42,1836.0,84.2,2,2,2,0.0,0.0,50.0,0.0,0,833.0,0.316,0.0013,0.0013,0.0
2026-06-12 01:00:00,DeepSeek,29,20638,14414,6224,0.0248,82.7586,17.2414,6.8966,6.8966,6616.0,9214.2,9542.84,8587.4,159.8,9,17,15,0.0,6.8966,20.6897,0.0,1001,711.6552,0.4318,0.0009,0.001,16.0829
2026-06-12 01:00:00,MiniMax,2,913,748,165,0.0022,100.0,0.0,0.0,0.0,1070.5,1078.15,1078.83,637.45,106.3,2,2,2,0.0,0.0,50.0,0.0,29,456.5,0.2206,0.0011,0.0011,17.5758
2026-06-12 02:00:00,DeepSeek,31,21925,15630,6295,0.0263,93.5484,6.4516,0.0,6.4516,6486.0,9918.5,10776.2,8382.0,165.5,9,18,16,0.0,0.0,22.5806,0.0,948,707.2581,0.4028,0.0008,0.0009,15.0596
2026-06-12 02:00:00,MiniMax,3,2233,1742,491,0.0054,100.0,0.0,0.0,0.0,1290.0,1830.0,1878.0,504.1,45.6,3,3,3,0.0,33.3333,33.3333,0.0,65,744.3333,0.2819,0.0018,0.0018,13.2383
2026-06-12 03:00:00,DeepSeek,25,17155,11083,6072,0.0206,96.0,4.0,0.0,0.0,6759.0,8598.0,8922.68,7553.2,149.6,8,17,14,0.0,8.0,24.0,0.0,1117,686.2,0.5479,0.0008,0.0009,18.3959
2026-06-12 04:00:00,DeepSeek,30,23485,17319,6166,0.0282,96.6667,3.3333,3.3333,0.0,6448.0,8133.2,9231.28,7948.35,120.8,10,20,19,3.3333,0.0,30.0,0.0,894,782.8333,0.356,0.0009,0.001,14.4989
2026-06-12 04:00:00,MiniMax,3,3245,2179,1066,0.0078,100.0,0.0,0.0,0.0,2233.0,2514.7,2539.74,479.3,108.6,3,3,3,0.0,0.0,33.3333,0.0,94,1081.6667,0.4892,0.0026,0.0026,8.818
2026-06-12 04:00:00,Qwen,1,934,389,545,0.0015,100.0,0.0,0.0,0.0,4301.0,4301.0,4301.0,393.0,31.0,1,1,1,0.0,0.0,0.0,0.0,0,934.0,1.401,0.0015,0.0015,0.0
2026-06-12 05:00:00,DeepSeek,28,19855,13257,6598,0.0238,96.4286,3.5714,0.0,0.0,6597.5,9694.35,10483.43,8041.9,207.05,9,17,20,0.0,7.1429,14.2857,0.0,940,709.1071,0.4977,0.0009,0.0009,14.2467
2026-06-12 05:00:00,MiniMax,2,1115,771,344,0.0027,100.0,0.0,0.0,0.0,1268.0,1285.1,1286.62,550.75,129.0,2,2,2,0.0,0.0,0.0,0.0,70,557.5,0.4462,0.0013,0.0013,20.3488
2026-06-12 05:00:00,Qwen,1,830,403,427,0.0013,100.0,0.0,0.0,0.0,3482.0,3482.0,3482.0,594.0,52.0,1,1,1,0.0,0.0,0.0,0.0,0,830.0,1.0596,0.0013,0.0013,0.0
2026-06-12 06:00:00,DeepSeek,76,50615,35473,15142,0.0607,89.4737,10.5263,2.6316,5.2632,6461.5,9433.0,10180.25,8874.0,159.75,10,25,29,1.3158,6.5789,11.8421,0.0,2297,665.9868,0.4269,0.0008,0.0009,15.1697
2026-06-12 06:00:00,MiniMax,4,2843,1270,1573,0.0068,100.0,0.0,0.0,0.0,1908.5,3319.65,3433.53,655.45,117.7,4,4,4,0.0,0.0,25.0,0.0,260,710.75,1.2386,0.0017,0.0017,16.5289
2026-06-12 06:00:00,Qwen,3,1765,1167,598,0.0028,100.0,0.0,0.0,0.0,2199.0,2574.3,2607.66,735.7,146.6,2,3,3,0.0,0.0,33.3333,0.0,0,588.3333,0.5124,0.0009,0.0009,0.0
2026-06-12 07:00:00,DeepSeek,95,66580,45367,21213,0.0799,94.7368,5.2632,0.0,2.1053,6612.0,8744.9,9846.34,8012.2,121.6,10,24,31,1.0526,7.3684,24.2105,0.0,3552,700.8421,0.4676,0.0008,0.0009,16.7444
2026-06-12 07:00:00,MiniMax,6,4589,3495,1094,0.011,100.0,0.0,0.0,0.0,1295.0,2174.5,2261.3,697.0,181.5,5,6,6,16.6667,0.0,0.0,0.0,211,764.8333,0.313,0.0018,0.0018,19.287
2026-06-12 07:00:00,Qwen,1,1071,962,109,0.0017,100.0,0.0,0.0,0.0,1410.0,1410.0,1410.0,714.0,81.0,1,1,1,0.0,100.0,100.0,0.0,0,1071.0,0.1133,0.0017,0.0017,0.0
2026-06-12 08:00:00,DeepSeek,73,45157,31303,13854,0.0542,95.8904,4.1096,1.3699,1.3699,6363.0,8415.8,9686.52,7466.2,149.0,9,27,27,1.3699,2.7397,12.3288,0.0,2509,618.589,0.4426,0.0007,0.0008,18.1103
2026-06-12 08:00:00,MiniMax,3,3142,2832,310,0.0075,100.0,0.0,0.0,0.0,1103.0,1373.0,1397.0,1019.0,63.8,3,3,3,0.0,0.0,33.3333,0.0,58,1047.3333,0.1095,0.0025,0.0025,18.7097
2026-06-12 08:00:00,Qwen,2,1311,873,438,0.0021,100.0,0.0,0.0,0.0,3202.5,3843.75,3900.75,2066.9,161.45,2,2,2,0.0,0.0,0.0,0.0,0,655.5,0.5017,0.001,0.001,0.0
2026-06-12 09:00:00,DeepSeek,131,88395,61834,26561,0.1061,97.7099,2.2901,1.5267,0.7634,6370.0,7989.0,9995.2,7197.0,174.0,9,26,40,0.0,3.0534,22.9008,0.0,4080,674.771,0.4296,0.0008,0.0008,15.3609
2026-06-12 09:00:00,MiniMax,13,10143,7129,3014,0.0243,100.0,0.0,0.0,0.0,1557.0,2198.0,2258.0,770.2,164.0,7,8,11,0.0,7.6923,23.0769,0.0,486,780.2308,0.4228,0.0019,0.0019,16.1248
2026-06-12 09:00:00,Qwen,3,1888,1583,305,0.003,100.0,0.0,0.0,0.0,1678.0,2203.6,2250.32,721.3,100.5,3,3,3,0.0,33.3333,0.0,0.0,0,629.3333,0.1927,0.001,0.001,0.0
2026-06-12 10:00:00,DeepSeek,140,96837,67638,29199,0.1162,98.5714,1.4286,0.7143,0.7143,6458.0,8817.75,10254.61,8458.4,169.1,10,29,38,4.2857,2.1429,25.0,0.0,4792,691.6929,0.4317,0.0008,0.0008,16.4115
2026-06-12 10:00:00,MiniMax,6,3096,1856,1240,0.0074,100.0,0.0,0.0,0.0,1369.0,2242.5,2267.7,699.75,75.0,6,6,6,0.0,0.0,16.6667,0.0,222,516.0,0.6681,0.0012,0.0012,17.9032
2026-06-12 10:00:00,Qwen,6,3914,2565,1349,0.0063,100.0,0.0,0.0,0.0,1887.0,4723.25,5405.45,884.75,95.25,5,6,6,0.0,0.0,16.6667,0.0,0,652.3333,0.5259,0.001,0.001,0.0
2026-06-12 11:00:00,DeepSeek,136,88044,63009,25035,0.1056,96.3235,3.6765,1.4706,1.4706,6320.5,9602.5,10311.55,9191.5,171.25,10,29,35,1.4706,5.8824,19.8529,0.0,4145,647.3824,0.3973,0.0008,0.0008,16.5568
2026-06-12 11:00:00,MiniMax,8,6093,3614,2479,0.0146,100.0,0.0,0.0,0.0,1685.5,2357.8,2506.76,609.85,177.75,7,8,7,0.0,12.5,12.5,0.0,398,761.625,0.6859,0.0018,0.0018,16.0549
2026-06-12 11:00:00,Qwen,3,1501,948,553,0.0024,100.0,0.0,0.0,0.0,2041.0,2544.1,2588.82,572.7,66.0,2,2,3,0.0,0.0,66.6667,0.0,0,500.3333,0.5833,0.0008,0.0008,0.0
2026-06-12 12:00:00,DeepSeek,138,94145,66066,28079,0.113,96.3768,3.6232,1.4493,2.1739,6439.5,9039.15,10108.32,8713.95,144.5,10,29,36,0.7246,2.8986,18.1159,0.0,4660,682.2101,0.425,0.0008,0.0008,16.596
2026-06-12 12:00:00,MiniMax,10,5936,4104,1832,0.0142,100.0,0.0,0.0,0.0,1336.5,2135.4,2325.48,707.3,204.3,5,8,7,0.0,0.0,0.0,0.0,300,593.6,0.4464,0.0014,0.0014,16.3755
2026-06-12 12:00:00,Qwen,3,1721,1205,516,0.0028,33.3333,66.6667,0.0,66.6667,1957.0,2663.5,2726.3,676.9,67.5,3,3,3,0.0,33.3333,0.0,0.0,0,573.6667,0.4282,0.0009,0.0028,0.0
2026-06-12 13:00:00,DeepSeek,144,98060,69209,28851,0.1177,98.6111,1.3889,0.0,0.6944,6388.5,8722.3,9956.44,8616.85,179.55,10,30,40,2.0833,1.3889,17.3611,0.0,4895,680.9722,0.4169,0.0008,0.0008,16.9665
2026-06-12 13:00:00,MiniMax,6,3804,2267,1537,0.0091,83.3333,16.6667,0.0,0.0,1618.5,1763.75,1768.75,527.5,111.75,5,6,5,0.0,16.6667,16.6667,0.0,214,634.0,0.678,0.0015,0.0018,13.9232
2026-06-12 13:00:00,Qwen,5,3402,2614,788,0.0054,100.0,0.0,0.0,0.0,1919.0,2044.2,2056.84,755.0,144.0,4,4,4,0.0,20.0,0.0,0.0,0,680.4,0.3015,0.0011,0.0011,0.0
2026-06-12 14:00:00,DeepSeek,145,100542,67607,32935,0.1207,95.8621,4.1379,0.6897,2.069,6432.0,8681.8,10625.96,7318.8,164.8,10,28,38,2.069,5.5172,17.2414,0.0,5683,693.3931,0.4872,0.0008,0.0009,17.2552
2026-06-12 14:00:00,MiniMax,4,1825,1149,676,0.0044,100.0,0.0,0.0,0.0,1594.0,1635.75,1639.95,586.95,74.4,3,4,4,0.0,0.0,50.0,0.0,97,456.25,0.5883,0.0011,0.0011,14.3491
2026-06-12 14:00:00,Qwen,1,460,329,131,0.0007,100.0,0.0,0.0,0.0,1672.0,1672.0,1672.0,842.0,81.0,1,1,1,0.0,0.0,0.0,0.0,0,460.0,0.3982,0.0007,0.0007,0.0
2026-06-12 15:00:00,DeepSeek,133,89899,61283,28616,0.1079,94.7368,5.2632,1.5038,0.7519,6452.0,8393.8,10179.2,7403.0,157.2,10,27,36,1.5038,5.2632,15.7895,0.0,4700,675.9323,0.4669,0.0008,0.0009,16.4244
2026-06-12 15:00:00,MiniMax,5,2482,1632,850,0.006,100.0,0.0,0.0,0.0,1252.0,1788.2,1871.24,604.8,134.0,4,5,5,0.0,0.0,0.0,0.0,184,496.4,0.5208,0.0012,0.0012,21.6471
2026-06-12 15:00:00,Qwen,4,2545,1681,864,0.0041,100.0,0.0,0.0,0.0,1589.5,3469.8,3703.56,926.6,45.2,4,4,4,0.0,0.0,50.0,0.0,0,636.25,0.514,0.001,0.001,0.0
2026-06-12 16:00:00,DeepSeek,136,92078,63241,28837,0.1105,95.5882,4.4118,1.4706,2.2059,6502.0,9299.75,10602.05,8303.0,171.0,10,26,34,1.4706,5.1471,13.2353,0.0,4431,677.0441,0.456,0.0008,0.0008,15.3657
2026-06-12 16:00:00,MiniMax,8,4593,2897,1696,0.011,100.0,0.0,0.0,0.0,1460.0,2418.8,2433.36,632.2,112.6,4,5,6,0.0,0.0,12.5,0.0,241,574.125,0.5854,0.0014,0.0014,14.2099
2026-06-12 16:00:00,Qwen,4,2295,1522,773,0.0037,75.0,25.0,0.0,25.0,1915.5,2469.2,2482.64,726.25,72.8,4,4,4,0.0,25.0,50.0,0.0,0,573.75,0.5079,0.0009,0.0012,0.0
2026-06-12 17:00:00,DeepSeek,128,93323,67552,25771,0.112,97.6562,2.3438,0.0,0.0,6526.5,8584.2,10309.9,7916.75,134.0,10,29,39,1.5625,7.8125,16.4062,0.7812,3866,729.0859,0.3815,0.0009,0.0009,15.0014
2026-06-12 17:00:00,MiniMax,10,7294,5274,2020,0.0175,100.0,0.0,0.0,0.0,1259.5,1800.7,1870.54,667.65,107.85,6,10,7,0.0,20.0,20.0,0.0,315,729.4,0.383,0.0018,0.0018,15.5941
2026-06-12 18:00:00,DeepSeek,82,53490,35245,18245,0.0642,97.561,2.439,0.0,1.2195,6588.5,9346.7,11323.56,8630.3,151.9,10,26,31,0.0,2.439,14.6341,0.0,3069,652.3171,0.5177,0.0008,0.0008,16.821
2026-06-12 18:00:00,MiniMax,3,2507,1793,714,0.006,100.0,0.0,0.0,0.0,1658.0,1961.3,1988.26,650.3,91.6,3,3,3,0.0,0.0,33.3333,0.0,68,835.6667,0.3982,0.002,0.002,9.5238
2026-06-12 18:00:00,Qwen,2,1564,890,674,0.0025,100.0,0.0,0.0,0.0,2356.0,2755.6,2791.12,718.65,96.0,2,2,2,0.0,0.0,0.0,0.0,0,782.0,0.7573,0.0013,0.0013,0.0
2026-06-12 19:00:00,DeepSeek,90,67298,49920,17378,0.0808,98.8889,1.1111,0.0,1.1111,6381.0,8967.85,10028.71,8170.2,143.75,10,28,33,1.1111,2.2222,23.3333,0.0,2847,747.7556,0.3481,0.0009,0.0009,16.3828
2026-06-12 19:00:00,MiniMax,4,2393,1717,676,0.0057,100.0,0.0,0.0,0.0,1236.5,1497.35,1515.47,627.0,77.55,3,4,3,0.0,0.0,0.0,0.0,120,598.25,0.3937,0.0014,0.0014,17.7515
2026-06-12 20:00:00,DeepSeek,76,53300,36876,16424,0.064,96.0526,3.9474,0.0,2.6316,6464.5,8478.5,10453.5,7925.75,166.25,10,26,31,1.3158,3.9474,18.4211,0.0,2951,701.3158,0.4454,0.0008,0.0009,17.9676
2026-06-12 20:00:00,MiniMax,6,3835,2669,1166,0.0092,100.0,0.0,0.0,0.0,1419.0,1781.5,1789.9,600.75,119.5,5,5,6,0.0,0.0,16.6667,0.0,160,639.1667,0.4369,0.0015,0.0015,13.7221
2026-06-12 20:00:00,Qwen,1,741,531,210,0.0012,100.0,0.0,0.0,0.0,1907.0,1907.0,1907.0,470.0,29.0,1,1,1,0.0,0.0,0.0,0.0,0,741.0,0.3955,0.0012,0.0012,0.0
2026-06-12 21:00:00,DeepSeek,86,58241,41930,16311,0.0699,93.0233,6.9767,2.3256,3.4884,6372.0,8060.5,10187.9,7433.0,159.75,10,27,36,1.1628,5.814,15.1163,0.0,2607,677.2209,0.389,0.0008,0.0009,15.9831
2026-06-12 21:00:00,MiniMax,4,2287,1732,555,0.0055,75.0,25.0,25.0,0.0,1295.0,1380.4,1388.08,602.6,120.15,3,3,4,0.0,0.0,75.0,0.0,56,571.75,0.3204,0.0014,0.0018,10.0901
2026-06-12 22:00:00,DeepSeek,43,28776,20035,8741,0.0345,93.0233,6.9767,0.0,4.6512,6308.0,8309.1,8899.2,6964.6,132.3,7,16,20,0.0,0.0,11.6279,0.0,1486,669.2093,0.4363,0.0008,0.0009,17.0003
2026-06-12 22:00:00,MiniMax,7,5093,3318,1775,0.0122,100.0,0.0,0.0,0.0,1699.0,2423.0,2451.8,846.0,66.2,4,5,6,0.0,0.0,0.0,0.0,363,727.5714,0.535,0.0017,0.0017,20.4507
2026-06-12 22:00:00,Qwen,2,1217,503,714,0.0019,100.0,0.0,0.0,0.0,3226.0,4363.6,4464.72,677.75,73.45,2,2,2,0.0,0.0,0.0,0.0,0,608.5,1.4195,0.001,0.001,0.0
2026-06-12 23:00:00,DeepSeek,47,34483,24245,10238,0.0414,97.8723,2.1277,0.0,2.1277,6518.0,9975.8,10244.78,9449.3,199.7,10,26,29,2.1277,2.1277,12.766,0.0,1557,733.6809,0.4223,0.0009,0.0009,15.208
2026-06-12 23:00:00,MiniMax,2,1793,1409,384,0.0043,100.0,0.0,0.0,0.0,1421.5,1454.35,1457.27,616.85,74.45,2,2,2,0.0,0.0,0.0,0.0,89,896.5,0.2725,0.0022,0.0022,23.1771
2026-06-12 23:00:00,Qwen,2,2014,1662,352,0.0032,100.0,0.0,0.0,0.0,2153.5,2434.75,2459.75,891.15,117.2,2,2,2,0.0,0.0,0.0,0.0,0,1007.0,0.2118,0.0016,0.0016,0.0
2026-06-13 00:00:00,DeepSeek,28,20703,14816,5887,0.0248,100.0,0.0,0.0,0.0,6631.5,9337.45,10627.48,9020.25,148.45,9,16,18,0.0,0.0,10.7143,0.0,1050,739.3929,0.3973,0.0009,0.0009,17.8359
2026-06-13 00:00:00,MiniMax,1,787,552,235,0.0019,100.0,0.0,0.0,0.0,1942.0,1942.0,1942.0,452.0,21.0,1,1,1,0.0,0.0,0.0,0.0,54,787.0,0.4257,0.0019,0.0019,22.9787
2026-06-13 01:00:00,DeepSeek,26,16868,11878,4990,0.0202,96.1538,3.8462,0.0,3.8462,6303.0,8420.0,9147.75,8043.25,155.5,7,14,14,0.0,3.8462,7.6923,0.0,812,648.7692,0.4201,0.0008,0.0008,16.2725
2026-06-13 01:00:00,MiniMax,1,1050,828,222,0.0025,100.0,0.0,0.0,0.0,1754.0,1754.0,1754.0,517.0,88.0,1,1,1,0.0,0.0,0.0,0.0,22,1050.0,0.2681,0.0025,0.0025,9.9099
2026-06-13 01:00:00,Qwen,1,623,378,245,0.001,100.0,0.0,0.0,0.0,2590.0,2590.0,2590.0,878.0,24.0,1,1,1,0.0,0.0,0.0,0.0,0,623.0,0.6481,0.001,0.001,0.0
2026-06-13 02:00:00,DeepSeek,25,14876,10442,4434,0.0179,96.0,4.0,0.0,4.0,6372.0,9559.4,9866.68,8291.0,160.4,8,17,15,12.0,4.0,20.0,0.0,711,595.04,0.4246,0.0007,0.0007,16.0352
2026-06-13 02:00:00,MiniMax,1,1286,711,575,0.0031,100.0,0.0,0.0,0.0,4089.0,4089.0,4089.0,697.0,187.0,1,1,1,0.0,0.0,100.0,0.0,149,1286.0,0.8087,0.0031,0.0031,25.913
2026-06-13 03:00:00,DeepSeek,32,21535,13974,7561,0.0258,96.875,3.125,0.0,3.125,6447.0,7956.6,9145.53,7001.9,126.1,9,20,19,3.125,9.375,28.125,0.0,1335,672.9688,0.5411,0.0008,0.0008,17.6564
2026-06-13 03:00:00,MiniMax,1,731,585,146,0.0018,100.0,0.0,0.0,0.0,1372.0,1372.0,1372.0,594.0,71.0,1,1,1,0.0,0.0,0.0,0.0,17,731.0,0.2496,0.0018,0.0018,11.6438
2026-06-13 04:00:00,DeepSeek,19,13707,9247,4460,0.0164,94.7368,5.2632,0.0,5.2632,6611.0,8138.8,8634.16,7443.1,127.9,8,13,13,0.0,0.0,21.0526,0.0,789,721.4211,0.4823,0.0009,0.0009,17.6906
2026-06-13 04:00:00,MiniMax,1,685,244,441,0.0016,100.0,0.0,0.0,0.0,2286.0,2286.0,2286.0,582.0,22.0,1,1,1,0.0,0.0,0.0,0.0,117,685.0,1.8074,0.0016,0.0016,26.5306
2026-06-13 05:00:00,DeepSeek,28,19273,12242,7031,0.0231,100.0,0.0,0.0,0.0,6541.5,9738.75,10715.09,8794.5,113.65,9,18,20,0.0,3.5714,14.2857,0.0,1212,688.3214,0.5743,0.0008,0.0008,17.2379
2026-06-13 05:00:00,MiniMax,1,552,303,249,0.0013,100.0,0.0,0.0,0.0,1653.0,1653.0,1653.0,502.0,99.0,1,1,1,0.0,0.0,0.0,0.0,31,552.0,0.8218,0.0013,0.0013,12.4498
2026-06-13 05:00:00,Qwen,1,1100,540,560,0.0018,100.0,0.0,0.0,0.0,4871.0,4871.0,4871.0,699.0,27.0,1,1,1,0.0,0.0,0.0,0.0,0,1100.0,1.037,0.0018,0.0018,0.0
2026-06-13 06:00:00,DeepSeek,70,42751,27353,15398,0.0513,94.2857,5.7143,2.8571,1.4286,6441.0,8680.05,9932.5,8411.85,175.8,10,26,34,1.4286,5.7143,22.8571,0.0,2715,610.7286,0.5629,0.0007,0.0008,17.6322
2026-06-13 06:00:00,MiniMax,3,1666,1124,542,0.004,100.0,0.0,0.0,0.0,1121.0,1399.1,1423.82,444.1,61.3,3,3,3,0.0,0.0,0.0,0.0,133,555.3333,0.4822,0.0013,0.0013,24.5387
2026-06-13 06:00:00,Qwen,1,1181,856,325,0.0019,100.0,0.0,0.0,0.0,1960.0,1960.0,1960.0,606.0,30.0,1,1,1,0.0,0.0,100.0,0.0,0,1181.0,0.3797,0.0019,0.0019,0.0
2026-06-13 07:00:00,DeepSeek,77,53722,36883,16839,0.0645,97.4026,2.5974,1.2987,1.2987,6494.0,8812.0,10060.64,7816.8,195.6,10,26,32,0.0,1.2987,23.3766,0.0,2821,697.6883,0.4566,0.0008,0.0009,16.7528
2026-06-13 07:00:00,MiniMax,3,1699,1058,641,0.0041,100.0,0.0,0.0,0.0,1249.0,1943.8,2005.56,730.2,163.7,2,3,2,0.0,0.0,0.0,0.0,155,566.3333,0.6059,0.0014,0.0014,24.181
2026-06-13 07:00:00,Qwen,1,348,218,130,0.0006,100.0,0.0,0.0,0.0,1171.0,1171.0,1171.0,577.0,11.0,1,1,1,0.0,0.0,100.0,0.0,0,348.0,0.5963,0.0006,0.0006,0.0
2026-06-13 08:00:00,DeepSeek,57,38105,26510,11595,0.0457,100.0,0.0,0.0,0.0,6419.0,8052.8,9028.28,7031.8,195.4,10,26,28,1.7544,3.5088,19.2982,0.0,2137,668.5088,0.4374,0.0008,0.0008,18.4304
2026-06-13 08:00:00,MiniMax,6,4185,3003,1182,0.01,83.3333,16.6667,16.6667,0.0,1293.0,1955.25,2066.25,672.25,149.5,5,6,5,0.0,0.0,33.3333,0.0,246,697.5,0.3936,0.0017,0.002,20.8122
2026-06-13 08:00:00,Qwen,2,1460,1201,259,0.0023,100.0,0.0,0.0,0.0,1931.0,2062.4,2074.08,767.65,65.75,2,2,2,0.0,0.0,50.0,0.0,0,730.0,0.2157,0.0012,0.0012,0.0
2026-06-13 09:00:00,DeepSeek,107,67814,47048,20766,0.0814,97.1963,2.8037,0.0,1.8692,6406.0,8563.9,9583.02,8079.6,183.8,10,28,34,1.8692,2.8037,14.0187,0.0,3504,633.7757,0.4414,0.0008,0.0008,16.8737
2026-06-13 09:00:00,MiniMax,3,2445,2050,395,0.0059,100.0,0.0,0.0,0.0,1304.0,2105.9,2177.18,760.0,174.1,2,3,3,0.0,0.0,33.3333,0.0,84,815.0,0.1927,0.002,0.002,21.2658
2026-06-13 09:00:00,Qwen,2,1668,721,947,0.0027,100.0,0.0,0.0,0.0,4097.5,5429.05,5547.41,753.15,116.8,2,2,2,0.0,0.0,0.0,0.0,0,834.0,1.3135,0.0013,0.0013,0.0
2026-06-13 10:00:00,DeepSeek,121,85363,60620,24743,0.1024,95.8678,4.1322,0.0,1.6529,6380.0,9817.0,11238.8,9011.0,169.0,10,29,39,0.8264,3.3058,18.1818,0.0,4339,705.4793,0.4082,0.0008,0.0009,17.5363
2026-06-13 10:00:00,MiniMax,8,6706,4106,2600,0.0161,100.0,0.0,0.0,0.0,1973.0,2898.95,3218.99,705.6,175.15,6,8,8,0.0,0.0,50.0,0.0,567,838.25,0.6332,0.002,0.002,21.8077
2026-06-13 10:00:00,Qwen,1,581,342,239,0.0009,100.0,0.0,0.0,0.0,3228.0,3228.0,3228.0,828.0,112.0,1,1,1,0.0,0.0,0.0,0.0,0,581.0,0.6988,0.0009,0.0009,0.0
2026-06-13 11:00:00,DeepSeek,122,81582,56471,25111,0.0979,96.7213,3.2787,0.0,2.459,6439.0,8759.35,10246.32,8457.2,128.95,10,29,38,1.6393,0.8197,15.5738,0.0,4073,668.7049,0.4447,0.0008,0.0008,16.22
2026-06-13 11:00:00,MiniMax,13,9318,5806,3512,0.0224,100.0,0.0,0.0,0.0,1316.0,3274.8,4204.56,682.6,195.2,7,10,12,0.0,0.0,23.0769,0.0,631,716.7692,0.6049,0.0017,0.0017,17.967
2026-06-13 11:00:00,Qwen,3,1668,1234,434,0.0027,100.0,0.0,0.0,0.0,2308.0,2467.3,2481.46,922.7,118.4,3,3,3,0.0,0.0,33.3333,0.0,0,556.0,0.3517,0.0009,0.0009,0.0
2026-06-13 12:00:00,DeepSeek,127,86907,61405,25502,0.1043,94.4882,5.5118,0.0,3.1496,6579.0,9698.7,10181.18,8938.8,142.0,10,30,38,0.7874,3.1496,16.5354,0.7874,4106,684.3071,0.4153,0.0008,0.0009,16.1007
2026-06-13 12:00:00,MiniMax,3,2089,1650,439,0.005,100.0,0.0,0.0,0.0,1256.0,1698.8,1738.16,641.0,154.4,3,3,3,0.0,0.0,0.0,0.0,95,696.3333,0.2661,0.0017,0.0017,21.6401
2026-06-13 12:00:00,Qwen,5,2435,1410,1025,0.0039,100.0,0.0,0.0,0.0,2605.0,3967.8,4168.76,1705.6,107.0,4,4,5,0.0,0.0,20.0,0.0,0,487.0,0.727,0.0008,0.0008,0.0
2026-06-13 13:00:00,DeepSeek,129,83213,57506,25707,0.0999,97.6744,2.3256,0.0,0.7752,6287.0,8157.4,9922.64,7362.8,167.0,10,29,38,0.7752,5.4264,15.5039,0.0,4408,645.062,0.447,0.0008,0.0008,17.1471
2026-06-13 13:00:00,MiniMax,4,2614,1816,798,0.0063,100.0,0.0,0.0,0.0,1312.0,1829.4,1892.28,634.15,129.9,3,3,4,0.0,0.0,0.0,0.0,112,653.5,0.4394,0.0016,0.0016,14.0351
2026-06-13 13:00:00,Qwen,2,851,362,489,0.0014,100.0,0.0,0.0,0.0,3777.5,4509.65,4574.73,2095.0,208.65,2,2,2,0.0,0.0,0.0,0.0,0,425.5,1.3508,0.0007,0.0007,0.0
2026-06-13 14:00:00,DeepSeek,105,73157,51677,21480,0.0878,95.2381,4.7619,0.9524,1.9048,6563.0,9043.8,10101.8,8521.2,163.8,10,28,32,0.9524,6.6667,15.2381,0.0,3400,696.7333,0.4157,0.0008,0.0009,15.8287
2026-06-13 14:00:00,MiniMax,7,4100,2866,1234,0.0098,100.0,0.0,0.0,0.0,1386.0,1754.8,1820.56,689.8,87.4,3,4,6,14.2857,0.0,28.5714,0.0,193,585.7143,0.4306,0.0014,0.0014,15.6402
2026-06-13 14:00:00,Qwen,5,2172,1051,1121,0.0035,100.0,0.0,0.0,0.0,2129.0,3496.2,3604.84,807.2,92.6,3,4,4,0.0,20.0,20.0,20.0,0,434.4,1.0666,0.0007,0.0007,0.0
2026-06-13 15:00:00,DeepSeek,126,81522,57349,24173,0.0978,96.8254,3.1746,0.7937,0.7937,6254.5,8322.75,9664.5,7495.5,144.5,10,30,38,2.381,6.3492,16.6667,0.0,4092,647.0,0.4215,0.0008,0.0008,16.928
2026-06-13 15:00:00,MiniMax,3,2492,1414,1078,0.006,100.0,0.0,0.0,0.0,1981.0,2494.9,2540.58,694.9,131.1,3,3,3,0.0,0.0,66.6667,0.0,234,830.6667,0.7624,0.002,0.002,21.7069
2026-06-13 15:00:00,Qwen,3,2120,1571,549,0.0034,100.0,0.0,0.0,0.0,1850.0,2085.8,2106.76,574.0,57.3,3,3,3,0.0,0.0,0.0,0.0,0,706.6667,0.3495,0.0011,0.0011,0.0
2026-06-13 16:00:00,DeepSeek,117,79030,57565,21465,0.0948,94.0171,5.9829,0.8547,2.5641,6319.0,9247.8,10778.8,8677.8,149.2,10,27,36,1.7094,3.4188,23.9316,0.0,3577,675.4701,0.3729,0.0008,0.0009,16.6643
2026-06-13 16:00:00,MiniMax,8,6753,5186,1567,0.0162,100.0,0.0,0.0,0.0,1370.5,1930.85,1972.57,667.1,131.45,5,7,6,0.0,0.0,0.0,0.0,316,844.125,0.3022,0.002,0.002,20.1659
2026-06-13 16:00:00,Qwen,3,1233,481,752,0.002,100.0,0.0,0.0,0.0,2195.0,3945.5,4101.1,1749.2,44.9,3,3,3,0.0,0.0,0.0,0.0,0,411.0,1.5634,0.0007,0.0007,0.0
2026-06-13 17:00:00,DeepSeek,115,82795,59626,23169,0.0993,96.5217,3.4783,1.7391,0.8696,6577.0,9343.0,10126.72,8915.0,170.0,10,27,37,0.0,6.9565,15.6522,0.0,3798,719.9565,0.3886,0.0009,0.0009,16.3926
2026-06-13 17:00:00,MiniMax,2,1790,1496,294,0.0043,100.0,0.0,0.0,0.0,1302.0,1490.1,1506.82,509.6,58.0,2,2,2,0.0,0.0,0.0,0.0,49,895.0,0.1965,0.0021,0.0021,16.6667
2026-06-13 17:00:00,Qwen,5,4134,3047,1087,0.0066,100.0,0.0,0.0,0.0,2035.0,3938.2,4048.44,1726.0,122.6,4,5,4,0.0,0.0,20.0,0.0,0,826.8,0.3567,0.0013,0.0013,0.0
2026-06-13 18:00:00,DeepSeek,63,42299,29834,12465,0.0508,100.0,0.0,0.0,0.0,6326.0,8667.6,9086.76,7555.7,208.0,9,23,26,0.0,3.1746,14.2857,0.0,2055,671.4127,0.4178,0.0008,0.0008,16.4862
2026-06-13 18:00:00,MiniMax,2,1216,822,394,0.0029,50.0,50.0,50.0,0.0,1681.0,1694.5,1695.7,450.15,52.9,2,2,2,0.0,50.0,50.0,0.0,88,608.0,0.4793,0.0015,0.0029,22.335
2026-06-13 18:00:00,Qwen,2,1758,1392,366,0.0028,100.0,0.0,0.0,0.0,2823.0,3003.0,3019.0,1018.55,95.8,2,2,2,0.0,0.0,0.0,0.0,0,879.0,0.2629,0.0014,0.0014,0.0
2026-06-13 19:00:00,DeepSeek,69,47146,32003,15143,0.0566,100.0,0.0,0.0,0.0,6400.0,8534.8,10938.6,7587.8,163.2,10,27,27,1.4493,4.3478,18.8406,1.4493,2561,683.2754,0.4732,0.0008,0.0008,16.9121
2026-06-13 19:00:00,Qwen,2,1585,979,606,0.0025,100.0,0.0,0.0,0.0,1637.5,1813.45,1829.09,549.45,23.25,2,2,2,0.0,0.0,100.0,0.0,0,792.5,0.619,0.0013,0.0013,0.0
2026-06-13 20:00:00,DeepSeek,84,55824,38474,17350,0.067,95.2381,4.7619,1.1905,2.381,6451.0,9853.25,10363.97,9030.0,195.95,10,27,29,0.0,9.5238,17.8571,0.0,2684,664.5714,0.451,0.0008,0.0008,15.4697
2026-06-13 20:00:00,MiniMax,2,982,527,455,0.0024,100.0,0.0,0.0,0.0,1348.5,1801.65,1841.93,600.0,97.75,1,2,1,0.0,0.0,0.0,0.0,88,491.0,0.8634,0.0012,0.0012,19.3407
2026-06-13 21:00:00,DeepSeek,65,39959,26185,13774,0.048,96.9231,3.0769,1.5385,1.5385,6641.0,8933.4,9991.4,8241.0,159.6,9,23,22,0.0,6.1538,24.6154,0.0,2201,614.7538,0.526,0.0007,0.0008,15.9794
2026-06-13 21:00:00,MiniMax,3,2905,1771,1134,0.007,100.0,0.0,0.0,0.0,1755.0,2352.6,2405.72,672.1,104.6,2,3,3,0.0,0.0,33.3333,0.0,145,968.3333,0.6403,0.0023,0.0023,12.7866
2026-06-13 21:00:00,Qwen,3,2755,2300,455,0.0044,100.0,0.0,0.0,0.0,3720.0,4694.7,4781.34,1943.3,62.8,2,2,3,0.0,0.0,33.3333,0.0,0,918.3333,0.1978,0.0015,0.0015,0.0
2026-06-13 22:00:00,DeepSeek,27,19462,13104,6358,0.0234,100.0,0.0,0.0,0.0,6660.0,9432.0,11387.76,9190.3,155.7,9,17,21,0.0,0.0,14.8148,0.0,973,720.8148,0.4852,0.0009,0.0009,15.3036
2026-06-13 22:00:00,MiniMax,1,1229,255,974,0.003,100.0,0.0,0.0,0.0,4627.0,4627.0,4627.0,722.0,94.0,1,1,1,0.0,0.0,0.0,0.0,141,1229.0,3.8196,0.003,0.003,14.4764
2026-06-13 23:00:00,DeepSeek,33,23478,16357,7121,0.0282,96.9697,3.0303,3.0303,0.0,6355.0,7497.0,8076.0,7136.2,120.4,9,16,19,3.0303,9.0909,30.303,0.0,1143,711.4545,0.4353,0.0009,0.0009,16.0511
2026-06-13 23:00:00,MiniMax,1,589,438,151,0.0014,100.0,0.0,0.0,0.0,986.0,986.0,986.0,402.0,36.0,1,1,1,0.0,0.0,0.0,0.0,11,589.0,0.3447,0.0014,0.0014,7.2848
2026-06-14 00:00:00,DeepSeek,20,11650,8420,3230,0.014,100.0,0.0,0.0,0.0,6225.5,8347.0,9107.0,7381.75,110.9,6,12,13,0.0,0.0,20.0,0.0,598,582.5,0.3836,0.0007,0.0007,18.5139
2026-06-14 01:00:00,DeepSeek,10,7929,6214,1715,0.0095,100.0,0.0,0.0,0.0,6861.0,9120.55,10280.11,8996.5,211.9,7,9,8,0.0,0.0,10.0,0.0,271,792.9,0.276,0.001,0.001,15.8017
2026-06-14 01:00:00,MiniMax,3,2386,1839,547,0.0057,100.0,0.0,0.0,0.0,1356.0,1680.9,1709.78,598.0,38.0,3,3,3,0.0,0.0,0.0,0.0,94,795.3333,0.2974,0.0019,0.0019,17.1846
2026-06-14 01:00:00,Qwen,1,486,318,168,0.0008,100.0,0.0,0.0,0.0,1318.0,1318.0,1318.0,452.0,53.0,1,1,1,0.0,0.0,0.0,0.0,0,486.0,0.5283,0.0008,0.0008,0.0
2026-06-14 02:00:00,DeepSeek,22,12890,9299,3591,0.0155,95.4545,4.5455,0.0,0.0,6317.0,7910.7,8292.34,7076.55,181.35,10,19,18,0.0,4.5455,22.7273,0.0,431,585.9091,0.3862,0.0007,0.0007,12.0022
2026-06-14 02:00:00,MiniMax,2,1067,627,440,0.0026,100.0,0.0,0.0,0.0,1448.5,1512.85,1518.57,644.15,114.25,2,2,2,0.0,0.0,50.0,0.0,93,533.5,0.7018,0.0013,0.0013,21.1364
2026-06-14 03:00:00,DeepSeek,25,15653,9588,6065,0.0188,96.0,4.0,4.0,0.0,6417.0,7467.8,7572.6,6905.0,178.8,8,15,17,0.0,4.0,4.0,0.0,922,626.12,0.6326,0.0008,0.0008,15.202
2026-06-14 03:00:00,MiniMax,1,482,292,190,0.0012,100.0,0.0,0.0,0.0,1112.0,1112.0,1112.0,465.0,65.0,1,1,1,0.0,0.0,0.0,0.0,21,482.0,0.6507,0.0012,0.0012,11.0526
2026-06-14 04:00:00,DeepSeek,20,13125,9823,3302,0.0157,100.0,0.0,0.0,0.0,6238.0,7376.95,9048.19,6829.9,106.15,8,12,16,5.0,0.0,20.0,0.0,489,656.25,0.3361,0.0008,0.0008,14.8092
2026-06-14 04:00:00,MiniMax,1,890,601,289,0.0021,100.0,0.0,0.0,0.0,1940.0,1940.0,1940.0,570.0,39.0,1,1,1,0.0,0.0,0.0,0.0,39,890.0,0.4809,0.0021,0.0021,13.4948
2026-06-14 04:00:00,Qwen,1,1818,1735,83,0.0029,100.0,0.0,0.0,0.0,1303.0,1303.0,1303.0,535.0,44.0,1,1,1,0.0,0.0,100.0,0.0,0,1818.0,0.0478,0.0029,0.0029,0.0
2026-06-14 05:00:00,DeepSeek,19,12173,8125,4048,0.0146,94.7368,5.2632,0.0,0.0,6308.0,7713.5,8242.7,6490.3,193.8,8,16,16,0.0,0.0,5.2632,0.0,633,640.6842,0.4982,0.0008,0.0008,15.6374
2026-06-14 06:00:00,DeepSeek,59,44689,32958,11731,0.0536,100.0,0.0,0.0,0.0,6407.0,9506.9,11076.5,9311.6,172.2,10,24,22,1.6949,5.0847,22.0339,0.0,1949,757.4407,0.3559,0.0009,0.0009,16.6141
2026-06-14 06:00:00,MiniMax,5,2885,2046,839,0.0069,100.0,0.0,0.0,0.0,1048.0,1423.4,1456.68,530.6,102.8,4,5,5,0.0,20.0,20.0,0.0,134,577.0,0.4101,0.0014,0.0014,15.9714
2026-06-14 06:00:00,Qwen,2,1318,878,440,0.0021,100.0,0.0,0.0,0.0,1650.0,1903.8,1926.36,498.8,72.15,2,2,2,0.0,0.0,0.0,0.0,0,659.0,0.5011,0.0011,0.0011,0.0
2026-06-14 07:00:00,DeepSeek,66,49435,35677,13758,0.0593,100.0,0.0,0.0,0.0,6385.0,8194.5,8945.5,7294.0,170.75,10,26,26,0.0,4.5455,12.1212,0.0,2356,749.0152,0.3856,0.0009,0.0009,17.1246
2026-06-14 07:00:00,MiniMax,2,1657,1217,440,0.004,100.0,0.0,0.0,0.0,1390.0,1426.0,1429.2,552.7,50.55,2,2,2,0.0,0.0,0.0,0.0,79,828.5,0.3615,0.002,0.002,17.9545
2026-06-14 07:00:00,Qwen,2,1264,1085,179,0.002,100.0,0.0,0.0,0.0,1751.0,2779.7,2871.14,1575.5,135.6,2,2,2,0.0,0.0,0.0,0.0,0,632.0,0.165,0.001,0.001,0.0
2026-06-14 08:00:00,DeepSeek,63,39392,27534,11858,0.0473,93.6508,6.3492,0.0,1.5873,6289.0,9423.8,10605.4,9149.2,129.4,10,23,27,0.0,6.3492,19.0476,0.0,1993,625.2698,0.4307,0.0008,0.0008,16.8072
2026-06-14 08:00:00,MiniMax,4,2883,1771,1112,0.0069,100.0,0.0,0.0,0.0,1496.0,3076.65,3190.53,626.5,125.3,3,3,4,0.0,0.0,25.0,25.0,217,720.75,0.6279,0.0017,0.0017,19.5144
2026-06-14 08:00:00,Qwen,2,2391,1969,422,0.0038,100.0,0.0,0.0,0.0,1618.0,1655.8,1659.16,793.65,125.8,2,2,2,0.0,0.0,0.0,0.0,0,1195.5,0.2143,0.0019,0.0019,0.0
2026-06-14 09:00:00,DeepSeek,118,79626,55769,23857,0.0956,97.4576,2.5424,0.0,1.6949,6393.5,8706.0,9715.13,8195.6,172.45,10,29,31,0.8475,6.7797,14.4068,0.0,4025,674.7966,0.4278,0.0008,0.0008,16.8714
2026-06-14 09:00:00,MiniMax,3,2137,1391,746,0.0051,100.0,0.0,0.0,0.0,1561.0,1708.6,1721.72,539.3,84.7,2,3,3,0.0,0.0,0.0,0.0,155,712.3333,0.5363,0.0017,0.0017,20.7775
2026-06-14 09:00:00,Qwen,6,3274,2457,817,0.0052,100.0,0.0,0.0,0.0,1358.0,1985.0,2111.4,575.25,121.5,4,5,6,0.0,0.0,0.0,0.0,0,545.6667,0.3325,0.0009,0.0009,0.0
2026-06-14 10:00:00,DeepSeek,114,74396,49504,24892,0.0893,97.3684,2.6316,0.0,2.6316,6362.5,8987.55,10289.4,7901.45,182.75,10,29,38,0.0,7.8947,23.6842,0.0,4200,652.5965,0.5028,0.0008,0.0008,16.8729
2026-06-14 10:00:00,MiniMax,5,3300,2382,918,0.0079,100.0,0.0,0.0,0.0,1284.0,2102.4,2145.28,615.4,100.2,4,4,5,0.0,0.0,20.0,0.0,157,660.0,0.3854,0.0016,0.0016,17.1024
2026-06-14 10:00:00,Qwen,5,3062,1731,1331,0.0049,100.0,0.0,0.0,0.0,2113.0,2496.8,2562.56,893.2,190.6,5,5,5,40.0,0.0,20.0,0.0,0,612.4,0.7689,0.001,0.001,0.0
2026-06-14 11:00:00,DeepSeek,99,66557,49060,17497,0.0799,91.9192,8.0808,2.0202,5.0505,6319.0,8144.4,9975.02,7888.8,139.8,10,27,37,0.0,5.0505,22.2222,1.0101,2666,672.2929,0.3566,0.0008,0.0009,15.2369
2026-06-14 11:00:00,MiniMax,4,2470,1403,1067,0.0059,100.0,0.0,0.0,0.0,1418.0,2212.0,2315.2,617.55,133.7,4,4,4,0.0,0.0,0.0,0.0,250,617.5,0.7605,0.0015,0.0015,23.4302
2026-06-14 11:00:00,Qwen,3,2138,1684,454,0.0034,100.0,0.0,0.0,0.0,1644.0,1978.8,2008.56,649.3,147.7,2,3,3,0.0,33.3333,0.0,0.0,0,712.6667,0.2696,0.0011,0.0011,0.0
2026-06-14 12:00:00,DeepSeek,114,78885,52060,26825,0.0947,97.3684,2.6316,0.0,1.7544,6629.5,9104.9,10701.51,8753.45,157.7,10,27,33,1.7544,7.8947,12.2807,0.0,4339,691.9737,0.5153,0.0008,0.0009,16.1752
2026-06-14 12:00:00,MiniMax,6,5037,3347,1690,0.0121,100.0,0.0,0.0,0.0,1739.0,2714.75,2917.35,509.75,79.5,4,5,4,0.0,0.0,0.0,0.0,279,839.5,0.5049,0.002,0.002,16.5089
2026-06-14 12:00:00,Qwen,8,3673,2552,1121,0.0059,100.0,0.0,0.0,0.0,1044.5,1982.2,2208.44,714.15,146.8,5,7,7,0.0,0.0,12.5,0.0,0,459.125,0.4393,0.0007,0.0007,0.0
2026-06-14 13:00:00,DeepSeek,87,60791,44952,15839,0.0729,96.5517,3.4483,0.0,1.1494,6488.0,9748.5,10084.4,9395.1,153.7,10,28,34,1.1494,2.2989,16.092,1.1494,2501,698.7471,0.3524,0.0008,0.0009,15.7901
2026-06-14 13:00:00,MiniMax,3,885,684,201,0.0021,100.0,0.0,0.0,0.0,1162.0,1354.6,1371.72,719.9,112.1,3,3,3,0.0,0.0,0.0,0.0,37,295.0,0.2939,0.0007,0.0007,18.408
2026-06-14 13:00:00,Qwen,3,1963,1444,519,0.0031,100.0,0.0,0.0,0.0,1993.0,2238.7,2260.54,1444.9,25.5,3,3,3,0.0,33.3333,0.0,0.0,0,654.3333,0.3594,0.001,0.001,0.0
2026-06-14 14:00:00,DeepSeek,100,65467,45454,20013,0.0786,97.0,3.0,1.0,2.0,6300.0,9098.15,10460.03,7492.95,127.1,10,27,35,1.0,8.0,21.0,0.0,3251,654.67,0.4403,0.0008,0.0008,16.2444
2026-06-14 14:00:00,MiniMax,7,5392,3649,1743,0.0129,85.7143,14.2857,0.0,14.2857,1363.0,2879.5,3339.1,560.3,54.0,4,5,5,0.0,14.2857,0.0,14.2857,341,770.2857,0.4777,0.0018,0.0022,19.564
2026-06-14 14:00:00,Qwen,2,1486,1086,400,0.0024,100.0,0.0,0.0,0.0,1605.5,2146.85,2194.97,594.55,48.35,2,2,2,0.0,0.0,0.0,0.0,0,743.0,0.3683,0.0012,0.0012,0.0
2026-06-14 15:00:00,DeepSeek,102,71016,50632,20384,0.0852,97.0588,2.9412,0.9804,0.9804,6328.5,8792.4,10043.13,7383.4,159.0,10,28,35,0.9804,4.902,27.451,0.0,3101,696.2353,0.4026,0.0008,0.0009,15.2129
2026-06-14 15:00:00,MiniMax,4,2512,1379,1133,0.006,100.0,0.0,0.0,0.0,1812.5,2690.65,2744.53,516.4,149.85,3,4,4,0.0,0.0,25.0,0.0,172,628.0,0.8216,0.0015,0.0015,15.1809
2026-06-14 15:00:00,Qwen,1,346,304,42,0.0006,100.0,0.0,0.0,0.0,902.0,902.0,902.0,436.0,64.0,1,1,1,0.0,0.0,0.0,0.0,0,346.0,0.1382,0.0006,0.0006,0.0
2026-06-14 16:00:00,DeepSeek,103,72758,50469,22289,0.0873,92.233,7.767,1.9417,2.9126,6503.0,9398.8,9984.88,9102.0,164.2,10,28,31,0.9709,6.7961,19.4175,0.0,3628,706.3883,0.4416,0.0008,0.0009,16.2771
2026-06-14 16:00:00,MiniMax,6,5244,3849,1395,0.0126,100.0,0.0,0.0,0.0,1254.0,2432.0,2720.8,562.5,141.25,4,5,5,0.0,0.0,50.0,0.0,169,874.0,0.3624,0.0021,0.0021,12.1147
2026-06-14 16:00:00,Qwen,2,2068,1556,512,0.0033,100.0,0.0,0.0,0.0,2614.0,2753.5,2765.9,1465.9,81.9,2,2,2,0.0,0.0,50.0,50.0,0,1034.0,0.329,0.0017,0.0017,0.0
2026-06-14 17:00:00,DeepSeek,88,57257,38964,18293,0.0687,98.8636,1.1364,0.0,1.1364,6325.0,9254.6,9902.63,8180.15,165.85,10,27,35,0.0,2.2727,20.4545,0.0,2960,650.6477,0.4695,0.0008,0.0008,16.1811
2026-06-14 17:00:00,MiniMax,2,1457,1128,329,0.0035,100.0,0.0,0.0,0.0,1463.0,1727.6,1751.12,612.8,114.75,2,2,2,0.0,0.0,0.0,0.0,48,728.5,0.2917,0.0017,0.0017,14.5897
2026-06-14 17:00:00,Qwen,1,662,370,292,0.0011,100.0,0.0,0.0,0.0,1916.0,1916.0,1916.0,497.0,7.0,1,1,1,0.0,0.0,0.0,0.0,0,662.0,0.7892,0.0011,0.0011,0.0
2026-06-14 18:00:00,DeepSeek,64,45237,29292,15945,0.0543,96.875,3.125,1.5625,1.5625,6425.5,8419.2,10381.27,7660.3,130.95,10,26,31,1.5625,1.5625,10.9375,0.0,2728,706.8281,0.5443,0.0008,0.0009,17.1088
2026-06-14 18:00:00,MiniMax,3,2426,1931,495,0.0058,100.0,0.0,0.0,0.0,1125.0,1341.9,1361.18,570.6,86.2,3,3,3,0.0,0.0,66.6667,0.0,35,808.6667,0.2563,0.0019,0.0019,7.0707
2026-06-14 18:00:00,Qwen,1,567,430,137,0.0009,100.0,0.0,0.0,0.0,1181.0,1181.0,1181.0,446.0,93.0,1,1,1,0.0,0.0,0.0,0.0,0,567.0,0.3186,0.0009,0.0009,0.0
2026-06-14 19:00:00,DeepSeek,79,51702,37491,14211,0.062,97.4684,2.5316,2.5316,0.0,6212.0,8203.1,9096.54,7680.8,141.3,10,26,32,1.2658,2.5316,22.7848,0.0,2337,654.4557,0.3791,0.0008,0.0008,16.445
2026-06-14 19:00:00,Qwen,1,1093,450,643,0.0017,100.0,0.0,0.0,0.0,3829.0,3829.0,3829.0,856.0,73.0,1,1,1,0.0,0.0,0.0,0.0,0,1093.0,1.4289,0.0017,0.0017,0.0
2026-06-14 20:00:00,DeepSeek,52,30233,22020,8213,0.0363,98.0769,1.9231,1.9231,0.0,6268.0,9226.4,10320.07,8959.9,149.0,10,21,24,5.7692,3.8462,19.2308,0.0,1373,581.4038,0.373,0.0007,0.0007,16.7174
2026-06-14 20:00:00,MiniMax,3,2257,1686,571,0.0054,100.0,0.0,0.0,0.0,1488.0,1819.2,1848.64,692.7,52.6,3,3,3,0.0,0.0,33.3333,0.0,83,752.3333,0.3387,0.0018,0.0018,14.5359
2026-06-14 20:00:00,Qwen,1,651,541,110,0.001,100.0,0.0,0.0,0.0,1186.0,1186.0,1186.0,459.0,84.0,1,1,1,0.0,0.0,100.0,0.0,0,651.0,0.2033,0.001,0.001,0.0
2026-06-14 21:00:00,DeepSeek,63,45003,30315,14688,0.054,95.2381,4.7619,3.1746,1.5873,6433.0,8141.9,10337.28,7764.1,172.1,10,21,29,1.5873,4.7619,26.9841,0.0,2573,714.3333,0.4845,0.0009,0.0009,17.5177
2026-06-14 21:00:00,MiniMax,2,1096,863,233,0.0026,100.0,0.0,0.0,0.0,1059.0,1129.2,1135.44,665.45,156.15,2,2,2,0.0,0.0,0.0,0.0,15,548.0,0.27,0.0013,0.0013,6.4378
2026-06-14 22:00:00,DeepSeek,51,36613,27076,9537,0.0439,96.0784,3.9216,0.0,1.9608,6292.0,8358.5,9159.0,7651.5,200.5,9,21,27,0.0,3.9216,21.5686,0.0,1388,717.902,0.3522,0.0009,0.0009,14.5538
2026-06-14 22:00:00,MiniMax,2,1831,1060,771,0.0044,100.0,0.0,0.0,0.0,1677.0,2359.2,2419.84,719.0,62.05,2,2,2,0.0,0.0,0.0,0.0,67,915.5,0.7274,0.0022,0.0022,8.69
2026-06-14 23:00:00,DeepSeek,41,27001,17460,9541,0.0324,97.561,2.439,0.0,0.0,6458.0,8473.0,9656.6,8008.0,138.0,10,20,22,0.0,0.0,19.5122,0.0,1531,658.561,0.5464,0.0008,0.0008,16.0465
2026-06-15 00:00:00,DeepSeek,26,20380,15483,4897,0.0245,100.0,0.0,0.0,0.0,6072.5,7070.0,7218.0,6551.5,133.5,9,20,20,0.0,7.6923,3.8462,0.0,891,783.8462,0.3163,0.0009,0.0009,18.1948
2026-06-15 00:00:00,MiniMax,1,498,314,184,0.0012,100.0,0.0,0.0,0.0,1299.0,1299.0,1299.0,608.0,47.0,1,1,1,0.0,0.0,0.0,0.0,49,498.0,0.586,0.0012,0.0012,26.6304
2026-06-15 00:00:00,Qwen,3,2328,1472,856,0.0037,100.0,0.0,0.0,0.0,1801.0,2358.1,2407.62,530.0,41.1,3,3,3,0.0,0.0,0.0,0.0,0,776.0,0.5815,0.0012,0.0012,0.0
2026-06-15 01:00:00,DeepSeek,32,20263,14727,5536,0.0243,100.0,0.0,0.0,0.0,6233.0,7653.35,8847.18,6976.35,133.55,9,22,20,0.0,0.0,18.75,0.0,850,633.2188,0.3759,0.0008,0.0008,15.354
2026-06-15 01:00:00,Qwen,1,556,496,60,0.0009,100.0,0.0,0.0,0.0,943.0,943.0,943.0,417.0,66.0,1,1,1,0.0,0.0,0.0,0.0,0,556.0,0.121,0.0009,0.0009,0.0
2026-06-15 02:00:00,DeepSeek,38,27756,18532,9224,0.0333,97.3684,2.6316,0.0,2.6316,6483.0,8730.9,9410.47,7150.85,169.75,9,19,18,0.0,2.6316,18.4211,0.0,1360,730.4211,0.4977,0.0009,0.0009,14.7441
2026-06-15 02:00:00,MiniMax,2,671,541,130,0.0016,100.0,0.0,0.0,0.0,1105.5,1266.15,1280.43,467.25,132.3,2,2,2,0.0,0.0,0.0,0.0,19,335.5,0.2403,0.0008,0.0008,14.6154
2026-06-15 02:00:00,Qwen,1,989,888,101,0.0016,100.0,0.0,0.0,0.0,954.0,954.0,954.0,361.0,11.0,1,1,1,0.0,0.0,0.0,0.0,0,989.0,0.1137,0.0016,0.0016,0.0
2026-06-15 03:00:00,DeepSeek,30,20473,13617,6856,0.0246,93.3333,6.6667,0.0,3.3333,6435.0,9476.9,9667.05,9094.4,191.55,10,20,17,0.0,0.0,20.0,0.0,1165,682.4333,0.5035,0.0008,0.0009,16.9924
2026-06-15 03:00:00,MiniMax,2,1062,534,528,0.0025,100.0,0.0,0.0,0.0,1775.0,1883.9,1893.58,797.6,243.5,2,2,2,0.0,0.0,0.0,0.0,144,531.0,0.9888,0.0013,0.0013,27.2727
2026-06-15 03:00:00,Qwen,1,254,115,139,0.0004,100.0,0.0,0.0,0.0,1016.0,1016.0,1016.0,514.0,60.0,1,1,1,0.0,0.0,0.0,0.0,0,254.0,1.2087,0.0004,0.0004,0.0
2026-06-15 04:00:00,DeepSeek,30,20718,14736,5982,0.0249,96.6667,3.3333,0.0,0.0,6501.5,9968.35,10772.82,9173.45,138.8,10,17,20,0.0,3.3333,23.3333,0.0,1034,690.6,0.4059,0.0008,0.0009,17.2852
2026-06-15 04:00:00,MiniMax,1,440,229,211,0.0011,100.0,0.0,0.0,0.0,1423.0,1423.0,1423.0,661.0,124.0,1,1,1,0.0,0.0,100.0,0.0,12,440.0,0.9214,0.0011,0.0011,5.6872
2026-06-15 05:00:00,DeepSeek,26,18728,13353,5375,0.0225,88.4615,11.5385,3.8462,7.6923,6467.5,7728.25,8397.0,7016.75,141.75,9,21,19,0.0,3.8462,19.2308,0.0,745,720.3077,0.4025,0.0009,0.001,13.8605
2026-06-15 05:00:00,MiniMax,1,388,291,97,0.0009,100.0,0.0,0.0,0.0,866.0,866.0,866.0,533.0,63.0,1,1,1,0.0,0.0,0.0,0.0,25,388.0,0.3333,0.0009,0.0009,25.7732
2026-06-15 05:00:00,Qwen,1,924,778,146,0.0015,100.0,0.0,0.0,0.0,1175.0,1175.0,1175.0,419.0,62.0,1,1,1,0.0,0.0,0.0,0.0,0,924.0,0.1877,0.0015,0.0015,0.0
2026-06-15 06:00:00,DeepSeek,77,53973,37996,15977,0.0648,96.1039,3.8961,1.2987,0.0,6265.0,8027.4,9020.68,7306.0,142.0,10,27,34,2.5974,6.4935,23.3766,0.0,2437,700.9481,0.4205,0.0008,0.0009,15.2532
2026-06-15 06:00:00,MiniMax,4,1713,1138,575,0.0041,100.0,0.0,0.0,0.0,1585.0,1988.2,2008.84,728.3,107.65,3,4,4,0.0,0.0,0.0,0.0,114,428.25,0.5053,0.001,0.001,19.8261
2026-06-15 06:00:00,Qwen,2,1425,1064,361,0.0023,100.0,0.0,0.0,0.0,1106.0,1210.4,1219.68,436.7,66.5,2,2,2,0.0,0.0,0.0,0.0,0,712.5,0.3393,0.0011,0.0011,0.0
2026-06-15 07:00:00,DeepSeek,67,44197,30796,13401,0.053,97.0149,2.9851,0.0,1.4925,6311.0,8759.5,9579.54,8327.8,178.8,10,27,31,0.0,1.4925,19.403,0.0,2158,659.6567,0.4352,0.0008,0.0008,16.1033
2026-06-15 07:00:00,MiniMax,5,4957,3829,1128,0.0119,100.0,0.0,0.0,0.0,1532.0,1631.2,1635.84,708.0,156.6,5,5,5,0.0,0.0,20.0,0.0,219,991.4,0.2946,0.0024,0.0024,19.4149
2026-06-15 07:00:00,Qwen,2,1220,885,335,0.002,50.0,50.0,0.0,0.0,1485.0,1622.7,1634.94,638.95,165.8,1,2,1,0.0,0.0,50.0,0.0,0,610.0,0.3785,0.001,0.002,0.0
2026-06-15 08:00:00,DeepSeek,93,65853,44543,21310,0.079,96.7742,3.2258,1.0753,2.1505,6370.0,8714.2,9614.68,8073.2,155.0,10,25,31,0.0,4.3011,16.129,0.0,3471,708.0968,0.4784,0.0008,0.0009,16.2881
2026-06-15 08:00:00,MiniMax,1,340,265,75,0.0008,100.0,0.0,0.0,0.0,898.0,898.0,898.0,589.0,34.0,1,1,1,0.0,0.0,0.0,0.0,19,340.0,0.283,0.0008,0.0008,25.3333
2026-06-15 08:00:00,Qwen,2,1166,520,646,0.0019,100.0,0.0,0.0,0.0,2004.5,2860.85,2936.97,386.75,81.05,2,2,2,0.0,0.0,50.0,0.0,0,583.0,1.2423,0.0009,0.0009,0.0
2026-06-15 09:00:00,DeepSeek,124,85894,62050,23844,0.1031,94.3548,5.6452,2.4194,3.2258,6338.5,9002.9,10111.4,8576.65,163.1,10,29,43,1.6129,2.4194,18.5484,0.0,3928,692.6935,0.3843,0.0008,0.0009,16.4737
2026-06-15 09:00:00,MiniMax,8,5178,3314,1864,0.0124,87.5,12.5,12.5,0.0,1170.5,2154.55,2296.51,573.55,87.4,7,7,8,0.0,12.5,25.0,0.0,259,647.25,0.5625,0.0016,0.0018,13.8948
2026-06-15 09:00:00,Qwen,2,2014,1039,975,0.0032,100.0,0.0,0.0,0.0,2209.5,2473.65,2497.13,577.85,202.5,2,2,2,0.0,0.0,0.0,0.0,0,1007.0,0.9384,0.0016,0.0016,0.0
2026-06-15 10:00:00,DeepSeek,109,69389,48109,21280,0.0833,95.4128,4.5872,0.9174,1.8349,6327.0,8447.2,9904.48,8076.2,190.6,10,27,36,0.9174,3.6697,15.5963,0.0,3544,636.5963,0.4423,0.0008,0.0008,16.6541
2026-06-15 10:00:00,MiniMax,9,5923,4439,1484,0.0142,100.0,0.0,0.0,0.0,1575.0,1788.6,1812.92,657.2,150.8,4,7,7,0.0,0.0,0.0,0.0,301,658.1111,0.3343,0.0016,0.0016,20.283
2026-06-15 10:00:00,Qwen,5,2287,1584,703,0.0037,40.0,60.0,20.0,20.0,1238.0,1341.8,1351.56,553.6,110.4,4,5,5,0.0,20.0,20.0,0.0,0,457.4,0.4438,0.0007,0.0018,0.0
2026-06-15 11:00:00,DeepSeek,156,116605,82484,34121,0.1399,94.8718,5.1282,0.641,1.9231,6327.0,8848.0,9516.05,8588.0,155.25,10,30,41,1.9231,2.5641,16.6667,0.0,5648,747.4679,0.4137,0.0009,0.0009,16.5529
2026-06-15 11:00:00,MiniMax,3,1748,791,957,0.0042,100.0,0.0,0.0,0.0,2169.0,2612.7,2652.14,546.6,68.1,3,3,3,0.0,0.0,0.0,0.0,194,582.6667,1.2099,0.0014,0.0014,20.2717
2026-06-15 11:00:00,Qwen,5,4588,3627,961,0.0073,100.0,0.0,0.0,0.0,1081.0,2405.2,2554.64,667.4,128.6,5,5,5,0.0,0.0,0.0,0.0,0,917.6,0.265,0.0015,0.0015,0.0
2026-06-15 12:00:00,DeepSeek,148,102630,71422,31208,0.1232,98.6486,1.3514,0.6757,0.0,6290.0,7883.1,9645.75,7357.85,183.3,10,27,40,1.3514,6.7568,18.9189,0.0,5097,693.4459,0.437,0.0008,0.0008,16.3324
2026-06-15 12:00:00,MiniMax,8,5971,4490,1481,0.0143,87.5,12.5,0.0,12.5,1323.5,1681.6,1744.32,579.65,133.6,6,8,8,0.0,12.5,50.0,0.0,202,746.375,0.3298,0.0018,0.002,13.6394
2026-06-15 12:00:00,Qwen,1,437,222,215,0.0007,100.0,0.0,0.0,0.0,1546.0,1546.0,1546.0,372.0,29.0,1,1,1,0.0,0.0,100.0,0.0,0,437.0,0.9685,0.0007,0.0007,0.0
2026-06-15 13:00:00,DeepSeek,147,101272,70033,31239,0.1215,95.9184,4.0816,0.0,2.0408,6280.0,8438.3,9539.16,7449.9,175.0,10,27,43,3.4014,5.4422,19.0476,0.0,5116,688.9252,0.4461,0.0008,0.0009,16.377
2026-06-15 13:00:00,MiniMax,8,10722,8206,2516,0.0257,100.0,0.0,0.0,0.0,1392.0,3230.1,3721.22,723.95,210.85,3,6,7,0.0,12.5,0.0,0.0,234,1340.25,0.3066,0.0032,0.0032,9.3005
2026-06-15 13:00:00,Qwen,5,3314,1951,1363,0.0053,100.0,0.0,0.0,0.0,1611.0,1995.6,2015.12,638.0,191.8,3,4,5,0.0,0.0,40.0,0.0,0,662.8,0.6986,0.0011,0.0011,0.0
2026-06-15 14:00:00,DeepSeek,142,102584,71281,31303,0.1231,97.1831,2.8169,0.0,2.1127,6349.0,8814.65,9935.74,8325.75,144.9,10,29,37,0.7042,4.9296,18.3099,0.0,4953,722.4225,0.4391,0.0009,0.0009,15.8228
2026-06-15 14:00:00,MiniMax,7,4349,3329,1020,0.0104,100.0,0.0,0.0,0.0,1352.0,1775.2,1901.44,600.6,85.8,4,4,5,0.0,0.0,14.2857,0.0,187,621.2857,0.3064,0.0015,0.0015,18.3333
2026-06-15 14:00:00,Qwen,2,1452,1077,375,0.0023,100.0,0.0,0.0,0.0,1473.0,1788.0,1816.0,540.25,46.7,2,2,2,0.0,0.0,0.0,0.0,0,726.0,0.3482,0.0012,0.0012,0.0
2026-06-15 15:00:00,DeepSeek,139,93854,65063,28791,0.1126,96.4029,3.5971,0.0,1.4388,6380.0,8295.7,9971.88,7661.7,187.3,10,30,44,0.7194,5.7554,14.3885,0.0,4742,675.2086,0.4425,0.0008,0.0008,16.4704
2026-06-15 15:00:00,MiniMax,12,8645,7032,1613,0.0207,100.0,0.0,0.0,0.0,1122.5,1543.45,1561.49,723.65,183.25,6,8,8,0.0,0.0,33.3333,0.0,282,720.4167,0.2294,0.0017,0.0017,17.483
2026-06-15 15:00:00,Qwen,4,2156,1821,335,0.0034,75.0,25.0,0.0,25.0,1200.0,1265.2,1273.84,469.4,49.5,1,2,3,0.0,0.0,25.0,0.0,0,539.0,0.184,0.0009,0.0012,0.0
2026-06-15 16:00:00,DeepSeek,144,104064,73289,30775,0.1249,96.5278,3.4722,0.0,2.0833,6263.0,8302.3,9873.09,7479.95,159.85,10,28,44,0.6944,3.4722,18.75,0.0,4743,722.6667,0.4199,0.0009,0.0009,15.4119
2026-06-15 16:00:00,MiniMax,5,3144,2351,793,0.0075,100.0,0.0,0.0,0.0,1313.0,1565.4,1576.28,685.8,97.0,3,4,4,0.0,0.0,20.0,0.0,82,628.8,0.3373,0.0015,0.0015,10.3405
2026-06-15 16:00:00,Qwen,5,2546,1484,1062,0.0041,80.0,20.0,0.0,0.0,1439.0,1683.2,1715.84,580.8,126.0,3,3,4,0.0,20.0,0.0,0.0,0,509.2,0.7156,0.0008,0.001,0.0
2026-06-15 17:00:00,DeepSeek,175,119332,82029,37303,0.1432,97.1429,2.8571,0.0,1.7143,6390.0,8691.0,9857.24,8251.4,150.5,10,30,38,0.5714,5.1429,16.0,0.0,5948,681.8971,0.4548,0.0008,0.0008,15.9451
2026-06-15 17:00:00,MiniMax,8,6121,3866,2255,0.0147,100.0,0.0,0.0,0.0,1442.0,2675.3,3095.86,847.1,148.3,7,8,7,12.5,0.0,25.0,0.0,346,765.125,0.5833,0.0018,0.0018,15.3437
2026-06-15 17:00:00,Qwen,2,1161,893,268,0.0019,100.0,0.0,0.0,0.0,1137.5,1355.75,1375.15,1058.95,89.05,2,2,2,0.0,0.0,0.0,0.0,0,580.5,0.3001,0.0009,0.0009,0.0
2026-06-15 18:00:00,DeepSeek,93,66263,47873,18390,0.0795,91.3978,8.6022,4.3011,2.1505,6317.0,8748.0,9915.64,8212.0,145.6,10,26,32,2.1505,4.3011,17.2043,0.0,3309,712.5054,0.3841,0.0009,0.0009,17.9935
2026-06-15 18:00:00,MiniMax,9,6556,4664,1892,0.0157,100.0,0.0,0.0,0.0,1440.0,1905.6,1995.52,688.8,145.0,4,5,6,0.0,0.0,11.1111,0.0,400,728.4444,0.4057,0.0017,0.0017,21.1416
2026-06-15 18:00:00,Qwen,4,1677,1100,577,0.0027,75.0,25.0,25.0,0.0,1271.5,1852.1,1922.42,1059.8,120.85,2,3,3,0.0,25.0,0.0,0.0,0,419.25,0.5245,0.0007,0.0009,0.0
2026-06-15 19:00:00,DeepSeek,95,65462,46391,19071,0.0786,96.8421,3.1579,0.0,2.1053,6258.0,8039.1,10148.96,7324.9,144.2,10,28,32,1.0526,4.2105,15.7895,0.0,2888,689.0737,0.4111,0.0008,0.0009,15.1434
2026-06-15 19:00:00,MiniMax,9,7309,5599,1710,0.0175,88.8889,11.1111,11.1111,0.0,1113.0,1647.8,1685.56,836.2,83.2,6,9,7,0.0,0.0,22.2222,0.0,233,812.1111,0.3054,0.0019,0.0022,13.6257
2026-06-15 19:00:00,Qwen,2,2122,1868,254,0.0034,100.0,0.0,0.0,0.0,1112.5,1421.65,1449.13,440.85,84.65,2,2,2,0.0,0.0,0.0,0.0,0,1061.0,0.136,0.0017,0.0017,0.0
2026-06-15 20:00:00,DeepSeek,93,68593,48626,19967,0.0823,97.8495,2.1505,0.0,1.0753,6392.0,8904.2,9604.76,8712.4,158.4,10,28,35,1.0753,3.2258,19.3548,0.0,3521,737.5591,0.4106,0.0009,0.0009,17.6341
2026-06-15 20:00:00,MiniMax,6,3299,2187,1112,0.0079,100.0,0.0,0.0,0.0,1298.0,2181.5,2373.9,889.25,113.0,6,6,6,0.0,0.0,16.6667,0.0,127,549.8333,0.5085,0.0013,0.0013,11.4209
2026-06-15 20:00:00,Qwen,3,1572,759,813,0.0025,66.6667,33.3333,0.0,33.3333,1511.0,2111.3,2164.66,695.7,122.0,3,3,3,0.0,0.0,0.0,0.0,0,524.0,1.0711,0.0008,0.0013,0.0
2026-06-15 21:00:00,DeepSeek,107,70675,48446,22229,0.0848,96.2617,3.7383,0.0,2.8037,6367.0,8720.4,9584.64,7967.8,166.1,10,28,34,0.9346,4.6729,17.757,0.0,3773,660.514,0.4588,0.0008,0.0008,16.9733
2026-06-15 21:00:00,MiniMax,1,644,424,220,0.0015,100.0,0.0,0.0,0.0,1321.0,1321.0,1321.0,565.0,31.0,1,1,1,0.0,0.0,0.0,0.0,57,644.0,0.5189,0.0015,0.0015,25.9091
2026-06-15 21:00:00,Qwen,3,1532,998,534,0.0025,66.6667,33.3333,0.0,33.3333,1657.0,1815.4,1829.48,1220.9,139.5,3,3,3,33.3333,33.3333,0.0,0.0,0,510.6667,0.5351,0.0008,0.0012,0.0
2026-06-15 22:00:00,DeepSeek,48,28353,19308,9045,0.034,100.0,0.0,0.0,0.0,6296.0,8547.4,9751.36,8378.95,147.95,10,21,18,0.0,2.0833,16.6667,0.0,1475,590.6875,0.4685,0.0007,0.0007,16.3074
2026-06-15 22:00:00,MiniMax,1,586,421,165,0.0014,100.0,0.0,0.0,0.0,972.0,972.0,972.0,677.0,87.0,1,1,1,0.0,0.0,0.0,0.0,32,586.0,0.3919,0.0014,0.0014,19.3939
2026-06-15 23:00:00,DeepSeek,47,27945,18748,9197,0.0335,100.0,0.0,0.0,0.0,6456.0,9060.9,9847.2,8649.5,129.3,10,21,23,0.0,6.383,27.6596,0.0,1552,594.5745,0.4906,0.0007,0.0007,16.8751
2026-06-16 00:00:00,DeepSeek,24,18034,13513,4521,0.0216,95.8333,4.1667,0.0,4.1667,6229.0,7323.1,7671.19,7105.75,180.4,8,13,15,0.0,4.1667,25.0,0.0,768,751.4167,0.3346,0.0009,0.0009,16.9874
2026-06-16 00:00:00,MiniMax,1,469,233,236,0.0011,100.0,0.0,0.0,0.0,1982.0,1982.0,1982.0,624.0,105.0,1,1,1,0.0,0.0,0.0,0.0,61,469.0,1.0129,0.0011,0.0011,25.8475
2026-06-16 00:00:00,Qwen,1,477,195,282,0.0008,100.0,0.0,0.0,0.0,2680.0,2680.0,2680.0,1386.0,98.0,1,1,1,0.0,0.0,0.0,0.0,0,477.0,1.4462,0.0008,0.0008,0.0
2026-06-16 01:00:00,DeepSeek,17,13522,10183,3339,0.0162,88.2353,11.7647,0.0,11.7647,6099.0,8052.4,9724.08,7817.6,143.8,8,12,10,0.0,5.8824,11.7647,0.0,543,795.4118,0.3279,0.001,0.0011,16.2624
2026-06-16 01:00:00,Qwen,1,585,307,278,0.0009,100.0,0.0,0.0,0.0,1618.0,1618.0,1618.0,348.0,17.0,1,1,1,0.0,0.0,100.0,0.0,0,585.0,0.9055,0.0009,0.0009,0.0
2026-06-16 02:00:00,DeepSeek,14,11052,7379,3673,0.0133,92.8571,7.1429,0.0,7.1429,6438.0,8135.55,8911.91,7673.05,124.6,6,11,9,7.1429,14.2857,21.4286,0.0,717,789.4286,0.4978,0.0009,0.001,19.5208
2026-06-16 02:00:00,MiniMax,1,634,514,120,0.0015,100.0,0.0,0.0,0.0,917.0,917.0,917.0,688.0,48.0,1,1,1,0.0,0.0,0.0,0.0,7,634.0,0.2335,0.0015,0.0015,5.8333
2026-06-16 02:00:00,Qwen,1,547,353,194,0.0009,100.0,0.0,0.0,0.0,1628.0,1628.0,1628.0,650.0,212.0,1,1,1,0.0,0.0,100.0,0.0,0,547.0,0.5496,0.0009,0.0009,0.0
2026-06-16 03:00:00,DeepSeek,22,15609,10579,5030,0.0187,95.4545,4.5455,0.0,0.0,6313.0,7097.3,7386.19,6352.25,141.35,7,14,15,0.0,4.5455,18.1818,0.0,750,709.5,0.4755,0.0009,0.0009,14.9105
2026-06-16 03:00:00,MiniMax,2,1704,1350,354,0.0041,100.0,0.0,0.0,0.0,1520.5,1691.95,1707.19,451.55,70.8,2,2,2,0.0,0.0,50.0,0.0,24,852.0,0.2622,0.002,0.002,6.7797
2026-06-16 03:00:00,Qwen,1,637,495,142,0.001,100.0,0.0,0.0,0.0,1350.0,1350.0,1350.0,417.0,88.0,1,1,1,100.0,0.0,0.0,0.0,0,637.0,0.2869,0.001,0.001,0.0
2026-06-16 04:00:00,DeepSeek,18,13241,10673,2568,0.0159,88.8889,11.1111,11.1111,0.0,6061.0,7245.85,7326.77,7212.1,132.0,8,16,13,0.0,5.5556,27.7778,0.0,343,735.6111,0.2406,0.0009,0.001,13.3567
2026-06-16 05:00:00,DeepSeek,20,15321,10789,4532,0.0184,95.0,5.0,0.0,0.0,6345.5,8129.55,9034.71,6540.6,210.0,10,13,14,5.0,5.0,30.0,0.0,673,766.05,0.4201,0.0009,0.001,14.85
2026-06-16 05:00:00,MiniMax,2,1323,826,497,0.0032,100.0,0.0,0.0,0.0,1745.0,2343.5,2396.7,584.1,121.65,2,2,2,0.0,0.0,50.0,0.0,60,661.5,0.6017,0.0016,0.0016,12.0724
2026-06-16 06:00:00,DeepSeek,54,35707,23906,11801,0.0429,88.8889,11.1111,0.0,9.2593,6210.0,8360.2,9262.41,7616.25,140.85,10,21,23,1.8519,7.4074,14.8148,0.0,1708,661.2407,0.4936,0.0008,0.0009,14.4733
2026-06-16 06:00:00,MiniMax,3,2330,931,1399,0.0056,100.0,0.0,0.0,0.0,1831.0,2413.3,2465.06,475.7,59.0,2,2,3,0.0,0.0,33.3333,0.0,199,776.6667,1.5027,0.0019,0.0019,14.2244
2026-06-16 06:00:00,Qwen,2,1722,1257,465,0.0028,100.0,0.0,0.0,0.0,1460.5,1730.05,1754.01,506.35,65.5,2,2,2,0.0,50.0,0.0,0.0,0,861.0,0.3699,0.0014,0.0014,0.0
2026-06-16 07:00:00,DeepSeek,74,51719,37342,14377,0.0621,94.5946,5.4054,1.3514,2.7027,6298.0,8186.25,8497.28,7464.55,157.2,10,24,30,0.0,8.1081,20.2703,0.0,2267,698.9054,0.385,0.0008,0.0009,15.7682
2026-06-16 07:00:00,MiniMax,1,472,330,142,0.0011,100.0,0.0,0.0,0.0,1044.0,1044.0,1044.0,411.0,46.0,1,1,1,0.0,0.0,0.0,0.0,35,472.0,0.4303,0.0011,0.0011,24.6479
2026-06-16 07:00:00,Qwen,3,2102,1105,997,0.0034,100.0,0.0,0.0,0.0,1928.0,2107.1,2123.02,567.8,79.8,3,3,3,0.0,0.0,0.0,0.0,0,700.6667,0.9023,0.0011,0.0011,0.0
2026-06-16 08:00:00,DeepSeek,65,43717,30562,13155,0.0525,100.0,0.0,0.0,0.0,6229.0,7331.8,8768.2,7102.8,161.8,10,27,29,0.0,0.0,21.5385,0.0,2266,672.5692,0.4304,0.0008,0.0008,17.2254
2026-06-16 08:00:00,MiniMax,2,1515,633,882,0.0036,100.0,0.0,0.0,0.0,2031.5,2342.45,2370.09,426.95,35.7,2,2,2,0.0,50.0,50.0,0.0,90,757.5,1.3934,0.0018,0.0018,10.2041
2026-06-16 08:00:00,Qwen,2,814,549,265,0.0013,100.0,0.0,0.0,0.0,1484.5,1872.85,1907.37,1038.45,61.9,2,2,2,0.0,0.0,50.0,0.0,0,407.0,0.4827,0.0007,0.0007,0.0
2026-06-16 09:00:00,DeepSeek,118,89292,63859,25433,0.1072,97.4576,2.5424,0.0,2.5424,6366.0,9303.15,10225.64,9002.75,174.2,10,28,33,0.8475,5.0847,16.9492,0.0,4307,756.7119,0.3983,0.0009,0.0009,16.9347
2026-06-16 09:00:00,MiniMax,2,487,348,139,0.0012,100.0,0.0,0.0,0.0,774.5,795.65,797.53,508.0,94.25,2,2,2,0.0,0.0,0.0,0.0,15,243.5,0.3994,0.0006,0.0006,10.7914
2026-06-16 09:00:00,Qwen,3,1836,1381,455,0.0029,66.6667,33.3333,33.3333,0.0,1356.0,1527.9,1543.18,527.6,190.8,3,3,3,0.0,0.0,33.3333,0.0,0,612.0,0.3295,0.001,0.0015,0.0
2026-06-16 10:00:00,DeepSeek,97,62830,44799,18031,0.0754,94.8454,5.1546,3.0928,1.0309,6316.0,9194.4,10107.72,9072.2,167.6,10,28,34,1.0309,1.0309,15.4639,0.0,2535,647.732,0.4025,0.0008,0.0008,14.0591
2026-06-16 10:00:00,Qwen,1,338,141,197,0.0005,100.0,0.0,0.0,0.0,1688.0,1688.0,1688.0,681.0,142.0,1,1,1,0.0,0.0,0.0,100.0,0,338.0,1.3972,0.0005,0.0005,0.0
2026-06-16 11:00:00,DeepSeek,118,84745,59233,25512,0.1017,94.9153,5.0847,0.0,3.3898,6302.5,8632.05,9507.72,7830.15,160.65,10,30,40,2.5424,3.3898,15.2542,0.0,4149,718.178,0.4307,0.0009,0.0009,16.2629
2026-06-16 11:00:00,MiniMax,8,6507,4841,1666,0.0156,87.5,12.5,0.0,12.5,1488.0,2076.35,2092.87,641.3,184.5,6,7,7,0.0,12.5,25.0,0.0,277,813.375,0.3441,0.002,0.0022,16.6267
2026-06-16 11:00:00,Qwen,2,662,370,292,0.0011,50.0,50.0,50.0,0.0,1204.0,1359.7,1373.54,446.45,57.3,2,2,2,50.0,0.0,0.0,0.0,0,331.0,0.7892,0.0005,0.0011,0.0
2026-06-16 12:00:00,DeepSeek,116,76145,52052,24093,0.0914,97.4138,2.5862,0.0,0.8621,6258.5,9084.25,10400.9,7982.0,164.5,10,29,37,2.5862,5.1724,15.5172,0.0,4103,656.4224,0.4629,0.0008,0.0008,17.0298
2026-06-16 12:00:00,MiniMax,4,1997,1082,915,0.0048,100.0,0.0,0.0,0.0,1433.0,2118.75,2175.75,750.4,191.65,3,3,4,0.0,25.0,25.0,0.0,133,499.25,0.8457,0.0012,0.0012,14.5355
2026-06-16 12:00:00,Qwen,1,941,755,186,0.0015,100.0,0.0,0.0,0.0,1134.0,1134.0,1134.0,408.0,40.0,1,1,1,0.0,0.0,0.0,0.0,0,941.0,0.2464,0.0015,0.0015,0.0
2026-06-16 13:00:00,DeepSeek,101,66757,44409,22348,0.0801,99.0099,0.9901,0.0,0.0,6292.0,8712.0,9563.0,8124.0,179.0,10,28,37,0.0,3.9604,11.8812,0.0,3647,660.9604,0.5032,0.0008,0.0008,16.3191
2026-06-16 13:00:00,MiniMax,8,5449,3840,1609,0.0131,100.0,0.0,0.0,0.0,1694.5,2029.85,2144.37,1051.35,170.75,6,7,6,12.5,0.0,37.5,0.0,262,681.125,0.419,0.0016,0.0016,16.2834
2026-06-16 13:00:00,Qwen,4,3360,2499,861,0.0054,75.0,25.0,0.0,25.0,1725.0,2153.25,2161.05,1236.55,92.05,2,4,3,0.0,0.0,25.0,0.0,0,840.0,0.3445,0.0013,0.0018,0.0
2026-06-16 14:00:00,DeepSeek,127,217443,137722,79721,0.2609,96.063,3.937,1.5748,1.5748,6247.0,9225.0,9704.44,8989.2,132.2,10,28,40,1.5748,3.1496,14.1732,0.0,9144,1712.1496,0.5789,0.0021,0.0021,11.47
2026-06-16 14:00:00,MiniMax,4,2696,2187,509,0.0065,75.0,25.0,25.0,0.0,1124.0,1591.65,1643.13,498.85,84.65,3,4,4,0.0,25.0,0.0,0.0,90,674.0,0.2327,0.0016,0.0022,17.6817
2026-06-16 14:00:00,Qwen,4,7017,5146,1871,0.0112,100.0,0.0,0.0,0.0,1033.5,1774.5,1874.1,668.3,79.75,4,4,4,0.0,0.0,25.0,0.0,0,1754.25,0.3636,0.0028,0.0028,0.0
2026-06-16 15:00:00,DeepSeek,119,221035,162568,58467,0.2652,94.958,5.042,0.8403,4.2017,6280.0,9103.3,9783.32,8976.4,184.5,10,27,34,0.8403,5.042,19.3277,0.8403,7033,1857.437,0.3596,0.0022,0.0023,12.029
2026-06-16 15:00:00,MiniMax,5,4123,3351,772,0.0099,100.0,0.0,0.0,0.0,1087.0,1752.4,1872.08,642.8,101.6,4,5,5,0.0,20.0,20.0,0.0,147,824.6,0.2304,0.002,0.002,19.0415
2026-06-16 16:00:00,DeepSeek,103,74327,54598,19729,0.0892,95.1456,4.8544,0.9709,2.9126,6263.0,8726.6,10168.24,8601.5,171.0,10,29,36,1.9417,1.9417,14.5631,0.9709,2989,721.6214,0.3614,0.0009,0.0009,15.1503
2026-06-16 16:00:00,MiniMax,7,5538,4388,1150,0.0133,100.0,0.0,0.0,0.0,1263.0,1497.0,1530.6,611.1,178.7,4,4,5,0.0,0.0,28.5714,0.0,215,791.1429,0.2621,0.0019,0.0019,18.6957
2026-06-16 16:00:00,Qwen,3,1952,1530,422,0.0031,33.3333,66.6667,0.0,66.6667,1299.0,1608.6,1636.12,683.2,150.1,3,3,3,0.0,33.3333,0.0,0.0,0,650.6667,0.2758,0.001,0.0031,0.0
2026-06-16 17:00:00,DeepSeek,128,88252,62951,25301,0.1059,97.6562,2.3438,0.0,1.5625,6269.0,8749.8,10040.58,7768.55,149.65,10,27,37,1.5625,3.9062,17.1875,0.7812,3943,689.4688,0.4019,0.0008,0.0008,15.5844
2026-06-16 17:00:00,MiniMax,6,5904,5199,705,0.0142,66.6667,33.3333,0.0,0.0,1142.5,1989.75,2069.95,905.5,187.0,4,6,4,0.0,33.3333,16.6667,0.0,120,984.0,0.1356,0.0024,0.0035,17.0213
2026-06-16 17:00:00,Qwen,1,932,859,73,0.0015,100.0,0.0,0.0,0.0,1017.0,1017.0,1017.0,401.0,66.0,1,1,1,0.0,0.0,0.0,0.0,0,932.0,0.085,0.0015,0.0015,0.0
2026-06-16 18:00:00,DeepSeek,57,37111,24306,12805,0.0445,94.7368,5.2632,3.5088,0.0,6399.0,7843.2,10093.28,7309.4,181.4,9,21,23,0.0,3.5088,22.807,0.0,2279,651.0702,0.5268,0.0008,0.0008,17.7977
2026-06-16 18:00:00,MiniMax,1,325,272,53,0.0008,100.0,0.0,0.0,0.0,916.0,916.0,916.0,457.0,53.0,1,1,1,0.0,0.0,0.0,0.0,14,325.0,0.1949,0.0008,0.0008,26.4151
2026-06-16 18:00:00,Qwen,1,879,784,95,0.0014,100.0,0.0,0.0,0.0,1407.0,1407.0,1407.0,488.0,148.0,1,1,1,0.0,0.0,0.0,0.0,0,879.0,0.1212,0.0014,0.0014,0.0
2026-06-16 19:00:00,DeepSeek,62,43556,32577,10979,0.0523,93.5484,6.4516,3.2258,1.6129,6192.5,8469.35,9477.61,8413.75,145.9,10,26,26,3.2258,4.8387,22.5806,0.0,1703,702.5161,0.337,0.0008,0.0009,15.5114
2026-06-16 19:00:00,MiniMax,3,2370,2036,334,0.0057,100.0,0.0,0.0,0.0,1398.0,1480.8,1488.16,973.2,175.4,3,3,3,0.0,0.0,33.3333,0.0,34,790.0,0.164,0.0019,0.0019,10.1796
2026-06-16 19:00:00,Qwen,3,2177,1025,1152,0.0035,100.0,0.0,0.0,0.0,1449.0,3557.7,3745.14,557.7,69.7,3,3,3,0.0,0.0,0.0,0.0,0,725.6667,1.1239,0.0012,0.0012,0.0
2026-06-16 20:00:00,DeepSeek,65,46684,31584,15100,0.056,93.8462,6.1538,1.5385,4.6154,6309.0,9734.2,10652.52,8945.6,151.8,10,25,28,1.5385,1.5385,23.0769,0.0,2577,718.2154,0.4781,0.0009,0.0009,17.0662
2026-06-16 20:00:00,MiniMax,3,2271,1390,881,0.0055,100.0,0.0,0.0,0.0,2016.0,2459.7,2499.14,547.2,155.2,3,3,3,0.0,0.0,33.3333,0.0,126,757.0,0.6338,0.0018,0.0018,14.3019
2026-06-16 20:00:00,Qwen,4,2587,1795,792,0.0041,100.0,0.0,0.0,0.0,1365.0,2154.35,2239.67,1111.15,65.95,2,3,3,0.0,0.0,75.0,0.0,0,646.75,0.4412,0.001,0.001,0.0
2026-06-16 21:00:00,DeepSeek,61,48239,34230,14009,0.0579,98.3607,1.6393,0.0,0.0,6409.0,8253.0,9331.8,7624.0,141.0,10,26,30,1.6393,1.6393,16.3934,0.0,2182,790.8033,0.4093,0.0009,0.001,15.5757
2026-06-16 21:00:00,MiniMax,3,2788,1861,927,0.0067,100.0,0.0,0.0,0.0,1751.0,1883.3,1895.06,523.1,58.8,2,3,3,0.0,0.0,33.3333,0.0,145,929.3333,0.4981,0.0022,0.0022,15.6419
2026-06-16 21:00:00,Qwen,2,808,643,165,0.0013,100.0,0.0,0.0,0.0,1048.5,1380.15,1409.63,401.45,76.75,2,2,2,0.0,0.0,50.0,0.0,0,404.0,0.2566,0.0006,0.0006,0.0
2026-06-16 22:00:00,DeepSeek,29,17207,11318,5889,0.0207,96.5517,3.4483,0.0,3.4483,6341.0,7302.6,7496.04,7036.0,169.8,10,17,16,0.0,10.3448,13.7931,0.0,935,593.3448,0.5203,0.0007,0.0007,15.8771
2026-06-16 22:00:00,MiniMax,1,525,380,145,0.0013,100.0,0.0,0.0,0.0,1237.0,1237.0,1237.0,467.0,84.0,1,1,1,0.0,0.0,0.0,0.0,19,525.0,0.3816,0.0013,0.0013,13.1034
2026-06-16 23:00:00,DeepSeek,25,19977,14113,5864,0.024,92.0,8.0,0.0,4.0,6328.0,8157.4,8834.48,7329.6,166.4,9,18,19,0.0,8.0,20.0,0.0,869,799.08,0.4155,0.001,0.001,14.8192
2026-06-16 23:00:00,MiniMax,1,885,604,281,0.0021,100.0,0.0,0.0,0.0,1653.0,1653.0,1653.0,536.0,173.0,1,1,1,0.0,0.0,100.0,0.0,70,885.0,0.4652,0.0021,0.0021,24.911
2026-06-16 23:00:00,Qwen,2,1790,651,1139,0.0029,100.0,0.0,0.0,0.0,2433.0,3298.8,3375.76,1194.95,66.15,2,2,2,0.0,0.0,0.0,0.0,0,895.0,1.7496,0.0014,0.0014,0.0
2026-06-17 00:00:00,DeepSeek,18,11107,7148,3959,0.0133,94.4444,5.5556,0.0,0.0,6159.0,7545.55,7625.11,7086.9,152.7,10,16,17,0.0,0.0,27.7778,0.0,722,617.0556,0.5539,0.0007,0.0008,18.2369
2026-06-17 01:00:00,DeepSeek,20,11631,6898,4733,0.014,100.0,0.0,0.0,0.0,6278.5,7478.0,9165.2,6143.9,144.5,8,14,15,0.0,5.0,25.0,0.0,713,581.55,0.6861,0.0007,0.0007,15.0644
2026-06-17 01:00:00,MiniMax,2,2196,2041,155,0.0053,100.0,0.0,0.0,0.0,819.5,872.15,876.83,579.2,72.8,2,2,2,0.0,0.0,50.0,0.0,39,1098.0,0.0759,0.0026,0.0026,25.1613
2026-06-17 02:00:00,DeepSeek,22,13288,9857,3431,0.0159,100.0,0.0,0.0,0.0,5971.5,7752.6,7824.12,7308.45,110.5,8,18,15,4.5455,9.0909,18.1818,0.0,602,604.0,0.3481,0.0007,0.0007,17.5459
2026-06-17 02:00:00,MiniMax,1,471,247,224,0.0011,100.0,0.0,0.0,0.0,1600.0,1600.0,1600.0,473.0,66.0,1,1,1,0.0,0.0,0.0,0.0,20,471.0,0.9069,0.0011,0.0011,8.9286
2026-06-17 03:00:00,DeepSeek,23,14826,10214,4612,0.0178,95.6522,4.3478,4.3478,0.0,6264.0,8083.8,9453.08,7864.9,177.3,9,16,20,0.0,0.0,13.0435,0.0,773,644.6087,0.4515,0.0008,0.0008,16.7606
2026-06-17 03:00:00,MiniMax,1,461,161,300,0.0011,100.0,0.0,0.0,0.0,1924.0,1924.0,1924.0,381.0,32.0,1,1,1,0.0,100.0,0.0,0.0,24,461.0,1.8634,0.0011,0.0011,8.0
2026-06-17 03:00:00,Qwen,1,1002,728,274,0.0016,0.0,100.0,0.0,0.0,1821.0,1821.0,1821.0,395.0,65.0,1,1,1,0.0,100.0,0.0,0.0,0,1002.0,0.3764,0.0016,,0.0
2026-06-17 04:00:00,DeepSeek,29,20637,13541,7096,0.0248,100.0,0.0,0.0,0.0,6376.0,9676.6,10147.48,9459.0,159.2,8,14,16,0.0,3.4483,17.2414,0.0,1118,711.6207,0.524,0.0009,0.0009,15.7554
2026-06-17 04:00:00,MiniMax,1,255,203,52,0.0006,100.0,0.0,0.0,0.0,857.0,857.0,857.0,568.0,91.0,1,1,1,0.0,0.0,0.0,0.0,2,255.0,0.2562,0.0006,0.0006,3.8462
2026-06-17 05:00:00,DeepSeek,16,11003,7378,3625,0.0132,93.75,6.25,0.0,6.25,6274.5,8904.0,9734.4,8601.0,232.0,8,13,11,6.25,0.0,25.0,0.0,515,687.6875,0.4913,0.0008,0.0009,14.2069
2026-06-17 05:00:00,MiniMax,1,540,202,338,0.0013,100.0,0.0,0.0,0.0,1995.0,1995.0,1995.0,574.0,20.0,1,1,1,0.0,0.0,100.0,0.0,58,540.0,1.6733,0.0013,0.0013,17.1598
2026-06-17 06:00:00,DeepSeek,60,38732,26172,12560,0.0465,95.0,5.0,0.0,3.3333,6166.0,8446.55,9322.83,7322.8,152.05,10,25,28,3.3333,3.3333,25.0,0.0,2029,645.5333,0.4799,0.0008,0.0008,16.1545
2026-06-17 06:00:00,MiniMax,3,2253,1771,482,0.0054,100.0,0.0,0.0,0.0,982.0,1155.7,1171.14,639.0,187.7,3,3,3,0.0,0.0,0.0,0.0,89,751.0,0.2722,0.0018,0.0018,18.4647
2026-06-17 07:00:00,DeepSeek,61,43618,31968,11650,0.0523,98.3607,1.6393,0.0,1.6393,6236.0,8115.0,8994.0,7998.0,150.0,10,25,29,1.6393,1.6393,24.5902,1.6393,1750,715.0492,0.3644,0.0009,0.0009,15.0215
2026-06-17 07:00:00,MiniMax,2,1000,547,453,0.0024,100.0,0.0,0.0,0.0,1474.0,1550.5,1557.3,445.9,116.85,2,2,2,0.0,0.0,50.0,0.0,55,500.0,0.8282,0.0012,0.0012,12.1413
2026-06-17 07:00:00,Qwen,2,2182,1444,738,0.0035,100.0,0.0,0.0,0.0,1868.5,2371.15,2415.83,499.35,51.85,2,2,2,50.0,0.0,0.0,0.0,0,1091.0,0.5111,0.0017,0.0017,0.0
2026-06-17 08:00:00,DeepSeek,79,53024,35628,17396,0.0636,92.4051,7.5949,2.5316,2.5316,6391.0,9293.1,10370.92,8855.7,172.3,10,28,33,1.2658,6.3291,20.2532,0.0,2728,671.1899,0.4883,0.0008,0.0009,15.6818
2026-06-17 08:00:00,MiniMax,1,497,399,98,0.0012,100.0,0.0,0.0,0.0,920.0,920.0,920.0,349.0,31.0,1,1,1,0.0,0.0,0.0,0.0,7,497.0,0.2456,0.0012,0.0012,7.1429
2026-06-17 08:00:00,Qwen,1,663,473,190,0.0011,100.0,0.0,0.0,0.0,1383.0,1383.0,1383.0,404.0,21.0,1,1,1,0.0,0.0,100.0,0.0,0,663.0,0.4017,0.0011,0.0011,0.0
2026-06-17 09:00:00,DeepSeek,118,76742,52984,23758,0.0921,96.6102,3.3898,0.8475,0.0,6307.5,9178.8,9516.02,8927.3,153.8,10,28,31,1.6949,3.3898,20.339,0.0,3886,650.3559,0.4484,0.0008,0.0008,16.3566
2026-06-17 09:00:00,MiniMax,7,4663,2156,2507,0.0112,100.0,0.0,0.0,0.0,1384.0,3240.0,3453.6,637.0,279.3,4,5,5,0.0,14.2857,0.0,0.0,385,666.1429,1.1628,0.0016,0.0016,15.357
2026-06-17 09:00:00,Qwen,6,3987,2808,1179,0.0064,100.0,0.0,0.0,0.0,1418.5,2223.75,2330.35,1065.25,90.25,3,4,5,0.0,0.0,50.0,0.0,0,664.5,0.4199,0.0011,0.0011,0.0
2026-06-17 10:00:00,DeepSeek,112,72914,49309,23605,0.0875,98.2143,1.7857,0.8929,0.8929,6282.0,8611.4,9496.81,7727.0,145.45,10,28,37,0.8929,6.25,20.5357,0.0,3962,651.0179,0.4787,0.0008,0.0008,16.7846
2026-06-17 10:00:00,MiniMax,8,3860,2189,1671,0.0093,100.0,0.0,0.0,0.0,1101.5,2215.05,2298.21,656.55,175.55,5,7,7,0.0,0.0,25.0,0.0,271,482.5,0.7634,0.0012,0.0012,16.2178
2026-06-17 10:00:00,Qwen,2,828,590,238,0.0013,100.0,0.0,0.0,0.0,1554.5,1986.05,2024.41,1188.6,57.95,2,2,2,0.0,0.0,0.0,0.0,0,414.0,0.4034,0.0007,0.0007,0.0
2026-06-17 11:00:00,DeepSeek,120,82306,56548,25758,0.0988,98.3333,1.6667,0.0,0.8333,6167.5,9021.75,10280.5,8958.2,162.05,10,28,38,0.0,0.0,19.1667,0.0,3884,685.8833,0.4555,0.0008,0.0008,15.0788
2026-06-17 11:00:00,MiniMax,5,4096,3071,1025,0.0098,80.0,20.0,0.0,20.0,1652.0,1779.0,1797.4,693.0,126.0,4,5,5,0.0,0.0,20.0,0.0,193,819.2,0.3338,0.002,0.0025,18.8293
2026-06-17 11:00:00,Qwen,4,2707,1924,783,0.0043,100.0,0.0,0.0,0.0,1000.5,1559.65,1620.73,579.9,107.3,4,4,4,0.0,0.0,25.0,0.0,0,676.75,0.407,0.0011,0.0011,0.0
2026-06-17 12:00:00,DeepSeek,130,93266,68437,24829,0.1119,93.8462,6.1538,2.3077,3.0769,6189.5,8595.2,9776.41,8445.25,159.55,10,29,41,1.5385,3.8462,22.3077,0.0,3712,717.4308,0.3628,0.0009,0.0009,14.9503
2026-06-17 12:00:00,MiniMax,4,2598,1695,903,0.0062,100.0,0.0,0.0,0.0,1388.0,2547.2,2687.84,630.55,109.2,3,4,4,0.0,0.0,50.0,0.0,164,649.5,0.5327,0.0016,0.0016,18.1617
2026-06-17 12:00:00,Qwen,3,1469,839,630,0.0024,66.6667,33.3333,0.0,0.0,1275.0,1813.2,1861.04,722.4,99.4,3,3,3,0.0,0.0,33.3333,0.0,0,489.6667,0.7509,0.0008,0.0012,0.0
2026-06-17 13:00:00,DeepSeek,112,78471,56229,22242,0.0942,91.9643,8.0357,0.8929,3.5714,6309.0,8094.6,9325.89,7968.9,179.95,10,29,34,2.6786,0.8929,22.3214,0.0,3191,700.6339,0.3956,0.0008,0.0009,14.3467
2026-06-17 13:00:00,MiniMax,9,6947,5451,1496,0.0167,100.0,0.0,0.0,0.0,1018.0,2143.0,2149.4,635.2,131.0,6,9,8,0.0,0.0,0.0,0.0,212,771.8889,0.2744,0.0019,0.0019,14.1711
2026-06-17 13:00:00,Qwen,5,2648,1618,1030,0.0042,80.0,20.0,0.0,20.0,1381.0,1742.4,1787.68,562.6,167.2,3,4,4,0.0,0.0,20.0,0.0,0,529.6,0.6366,0.0008,0.0011,0.0
2026-06-17 14:00:00,DeepSeek,96,61476,43233,18243,0.0738,94.7917,5.2083,2.0833,0.0,6248.5,9408.75,10134.85,9043.0,165.5,10,26,32,0.0,5.2083,14.5833,0.0,3031,640.375,0.422,0.0008,0.0008,16.6146
2026-06-17 14:00:00,MiniMax,7,4776,3318,1458,0.0115,100.0,0.0,0.0,0.0,1127.0,2001.1,2102.62,579.3,156.3,5,7,6,0.0,0.0,0.0,0.0,266,682.2857,0.4394,0.0016,0.0016,18.2442
2026-06-17 15:00:00,DeepSeek,124,87246,61832,25414,0.1047,98.3871,1.6129,0.8065,0.8065,6221.0,8948.65,9739.11,8686.0,137.25,10,29,40,0.8065,5.6452,24.1935,0.0,4292,703.5968,0.411,0.0008,0.0009,16.8883
2026-06-17 15:00:00,MiniMax,6,2712,1837,875,0.0065,100.0,0.0,0.0,0.0,919.0,1277.0,1301.8,540.0,65.5,4,6,4,0.0,0.0,0.0,0.0,184,452.0,0.4763,0.0011,0.0011,21.0286
2026-06-17 15:00:00,Qwen,1,411,284,127,0.0007,0.0,100.0,100.0,0.0,1235.0,1235.0,1235.0,458.0,57.0,1,1,1,0.0,0.0,0.0,0.0,0,411.0,0.4472,0.0007,,0.0
2026-06-17 16:00:00,DeepSeek,119,87285,63064,24221,0.1047,99.1597,0.8403,0.0,0.8403,6157.0,8505.6,9812.46,8150.7,157.5,10,27,33,0.8403,4.2017,12.605,0.8403,4038,733.4874,0.3841,0.0009,0.0009,16.6715
2026-06-17 16:00:00,MiniMax,5,2603,1745,858,0.0062,100.0,0.0,0.0,0.0,1189.0,1809.2,1870.64,598.0,83.0,4,5,5,0.0,20.0,20.0,0.0,168,520.6,0.4917,0.0012,0.0012,19.5804
2026-06-17 16:00:00,Qwen,3,2019,1596,423,0.0032,100.0,0.0,0.0,0.0,1207.0,1243.9,1247.18,651.7,79.9,2,3,2,0.0,0.0,0.0,0.0,0,673.0,0.265,0.0011,0.0011,0.0
2026-06-17 17:00:00,DeepSeek,110,68780,47577,21203,0.0825,97.2727,2.7273,0.0,2.7273,6198.0,8669.35,9719.51,8295.1,169.55,10,28,40,2.7273,3.6364,17.2727,0.0,3559,625.2727,0.4457,0.0008,0.0008,16.7854
2026-06-17 17:00:00,MiniMax,8,4535,3713,822,0.0109,87.5,12.5,0.0,12.5,912.5,1202.2,1204.44,601.5,110.65,5,7,8,0.0,25.0,0.0,0.0,121,566.875,0.2214,0.0014,0.0016,14.7202
2026-06-17 17:00:00,Qwen,3,2552,2068,484,0.0041,100.0,0.0,0.0,0.0,2142.0,2237.4,2245.88,1347.3,165.1,3,3,3,0.0,0.0,0.0,0.0,0,850.6667,0.234,0.0014,0.0014,0.0
2026-06-17 18:00:00,DeepSeek,78,57921,41831,16090,0.0695,93.5897,6.4103,2.5641,3.8462,6295.0,8194.95,9594.12,7794.9,157.8,10,28,40,0.0,1.2821,12.8205,0.0,2709,742.5769,0.3846,0.0009,0.001,16.8365
2026-06-17 18:00:00,MiniMax,1,554,383,171,0.0013,100.0,0.0,0.0,0.0,1086.0,1086.0,1086.0,564.0,43.0,1,1,1,0.0,0.0,0.0,0.0,36,554.0,0.4465,0.0013,0.0013,21.0526
2026-06-17 18:00:00,Qwen,1,278,221,57,0.0004,100.0,0.0,0.0,0.0,1147.0,1147.0,1147.0,391.0,94.0,1,1,1,0.0,0.0,0.0,0.0,0,278.0,0.2579,0.0004,0.0004,0.0
2026-06-17 19:00:00,DeepSeek,61,40002,28089,11913,0.048,98.3607,1.6393,1.6393,0.0,6214.0,7590.0,9885.2,6834.0,158.0,10,23,26,0.0,4.918,16.3934,0.0,1998,655.7705,0.4241,0.0008,0.0008,16.7716
2026-06-17 19:00:00,MiniMax,3,1988,1251,737,0.0048,100.0,0.0,0.0,0.0,1455.0,1966.2,2011.64,860.9,42.8,3,3,3,0.0,33.3333,66.6667,0.0,90,662.6667,0.5891,0.0016,0.0016,12.2117
2026-06-17 20:00:00,DeepSeek,80,54721,38838,15883,0.0657,97.5,2.5,1.25,0.0,6230.5,9233.8,9602.94,8763.0,186.3,10,26,32,0.0,6.25,18.75,0.0,2823,684.0125,0.409,0.0008,0.0008,17.7737
2026-06-17 20:00:00,MiniMax,5,3041,1983,1058,0.0073,100.0,0.0,0.0,0.0,1003.0,2565.8,2831.56,600.6,86.0,5,5,5,0.0,0.0,20.0,0.0,139,608.2,0.5335,0.0015,0.0015,13.138
2026-06-17 20:00:00,Qwen,1,490,292,198,0.0008,100.0,0.0,0.0,0.0,1466.0,1466.0,1466.0,753.0,134.0,1,1,1,0.0,0.0,100.0,0.0,0,490.0,0.6781,0.0008,0.0008,0.0
2026-06-17 21:00:00,DeepSeek,67,42720,29705,13015,0.0513,95.5224,4.4776,0.0,4.4776,6225.0,8802.4,9816.66,8652.4,153.7,10,24,27,1.4925,1.4925,13.4328,0.0,2154,637.6119,0.4381,0.0008,0.0008,16.5501
2026-06-17 21:00:00,MiniMax,4,2824,1827,997,0.0068,100.0,0.0,0.0,0.0,1675.0,2421.55,2479.51,514.8,92.0,3,3,4,0.0,0.0,0.0,0.0,151,706.0,0.5457,0.0017,0.0017,15.1454
2026-06-17 21:00:00,Qwen,4,2474,1783,691,0.004,75.0,25.0,25.0,0.0,1255.5,1512.9,1545.78,561.8,107.0,4,4,4,0.0,25.0,75.0,0.0,0,618.5,0.3875,0.001,0.0013,0.0
2026-06-17 22:00:00,DeepSeek,83,53642,37322,16320,0.0644,98.7952,1.2048,0.0,0.0,6207.0,9178.2,10205.92,9076.5,158.7,10,27,33,1.2048,6.0241,14.4578,0.0,2581,646.2892,0.4373,0.0008,0.0008,15.815
2026-06-17 22:00:00,MiniMax,3,1074,625,449,0.0026,100.0,0.0,0.0,0.0,636.0,1335.3,1397.46,496.6,73.8,3,3,3,0.0,0.0,0.0,0.0,60,358.0,0.7184,0.0009,0.0009,13.363
2026-06-17 23:00:00,DeepSeek,30,14335,9051,5284,0.0172,100.0,0.0,0.0,0.0,6111.5,7521.5,8415.48,7393.45,171.0,9,16,19,0.0,3.3333,30.0,0.0,693,477.8333,0.5838,0.0006,0.0006,13.1151
2026-06-17 23:00:00,MiniMax,1,519,353,166,0.0012,100.0,0.0,0.0,0.0,1262.0,1262.0,1262.0,603.0,110.0,1,1,1,0.0,0.0,0.0,0.0,11,519.0,0.4703,0.0012,0.0012,6.6265
2026-06-18 00:00:00,DeepSeek,21,13042,9570,3472,0.0156,100.0,0.0,0.0,0.0,6360.0,7006.0,9650.0,6976.0,152.0,8,16,15,4.7619,0.0,19.0476,0.0,629,621.0476,0.3628,0.0007,0.0007,18.1164
2026-06-18 01:00:00,DeepSeek,7,3157,2038,1119,0.0038,100.0,0.0,0.0,0.0,6007.0,6473.9,6566.78,6076.1,95.2,5,7,5,0.0,0.0,14.2857,0.0,187,451.0,0.5491,0.0005,0.0005,16.7113
2026-06-18 01:00:00,MiniMax,1,293,81,212,0.0007,100.0,0.0,0.0,0.0,1311.0,1311.0,1311.0,976.0,49.0,1,1,1,0.0,0.0,0.0,0.0,26,293.0,2.6173,0.0007,0.0007,12.2642
2026-06-18 02:00:00,DeepSeek,16,10387,6572,3815,0.0125,100.0,0.0,0.0,0.0,6198.5,7468.25,7807.25,5965.0,141.0,8,12,12,0.0,0.0,37.5,0.0,575,649.1875,0.5805,0.0008,0.0008,15.0721
2026-06-18 03:00:00,DeepSeek,21,15957,11491,4466,0.0191,95.2381,4.7619,0.0,0.0,6130.0,8398.0,9835.6,7705.0,188.0,9,14,16,0.0,4.7619,14.2857,0.0,807,759.8571,0.3887,0.0009,0.001,18.0699
2026-06-18 03:00:00,Qwen,1,521,374,147,0.0008,100.0,0.0,0.0,0.0,1333.0,1333.0,1333.0,640.0,37.0,1,1,1,0.0,0.0,0.0,0.0,0,521.0,0.393,0.0008,0.0008,0.0
2026-06-18 04:00:00,DeepSeek,21,12326,8404,3922,0.0148,90.4762,9.5238,0.0,0.0,6035.0,7253.0,8236.2,6795.0,134.0,8,14,14,0.0,4.7619,28.5714,0.0,669,586.9524,0.4667,0.0007,0.0008,17.0576
2026-06-18 04:00:00,Qwen,1,1569,1225,344,0.0025,100.0,0.0,0.0,0.0,2399.0,2399.0,2399.0,629.0,151.0,1,1,1,0.0,0.0,0.0,0.0,0,1569.0,0.2808,0.0025,0.0025,0.0
2026-06-18 05:00:00,DeepSeek,16,11068,7994,3074,0.0133,100.0,0.0,0.0,0.0,6366.0,7132.25,7286.45,6540.5,151.0,10,15,15,0.0,6.25,25.0,0.0,537,691.75,0.3845,0.0008,0.0008,17.4691
2026-06-18 05:00:00,MiniMax,1,529,436,93,0.0013,100.0,0.0,0.0,0.0,1194.0,1194.0,1194.0,589.0,117.0,1,1,1,0.0,0.0,0.0,0.0,11,529.0,0.2133,0.0013,0.0013,11.828
2026-06-18 05:00:00,Qwen,1,120,76,44,0.0002,100.0,0.0,0.0,0.0,682.0,682.0,682.0,450.0,59.0,1,1,1,0.0,0.0,100.0,0.0,0,120.0,0.5789,0.0002,0.0002,0.0
2026-06-18 06:00:00,DeepSeek,58,43716,31577,12139,0.0525,93.1034,6.8966,1.7241,1.7241,6249.5,8081.8,8584.18,7634.85,145.0,10,26,26,0.0,10.3448,22.4138,0.0,2219,753.7241,0.3844,0.0009,0.001,18.2799
2026-06-18 06:00:00,MiniMax,3,1122,743,379,0.0027,66.6667,33.3333,33.3333,0.0,937.0,1625.5,1686.7,946.6,90.8,3,3,3,0.0,0.0,0.0,0.0,50,374.0,0.5101,0.0009,0.0013,13.1926
2026-06-18 06:00:00,Qwen,1,904,644,260,0.0014,100.0,0.0,0.0,0.0,1454.0,1454.0,1454.0,465.0,118.0,1,1,1,0.0,0.0,100.0,0.0,0,904.0,0.4037,0.0014,0.0014,0.0
2026-06-18 07:00:00,DeepSeek,58,41163,29250,11913,0.0494,91.3793,8.6207,8.6207,0.0,6297.0,8262.3,9929.06,7872.75,145.75,10,25,28,1.7241,8.6207,8.6207,0.0,2025,709.7069,0.4073,0.0009,0.0009,16.9982
2026-06-18 07:00:00,Qwen,1,365,230,135,0.0006,100.0,0.0,0.0,0.0,1244.0,1244.0,1244.0,599.0,26.0,1,1,1,0.0,0.0,0.0,0.0,0,365.0,0.587,0.0006,0.0006,0.0
2026-06-18 08:00:00,DeepSeek,63,39571,26858,12713,0.0475,100.0,0.0,0.0,0.0,6226.0,8692.2,9356.26,8426.0,186.2,10,25,28,1.5873,3.1746,15.873,0.0,2194,628.1111,0.4733,0.0008,0.0008,17.2579
2026-06-18 08:00:00,MiniMax,3,1598,1069,529,0.0038,100.0,0.0,0.0,0.0,1147.0,2329.6,2434.72,546.9,153.3,2,3,3,0.0,0.0,33.3333,0.0,88,532.6667,0.4949,0.0013,0.0013,16.6352
2026-06-18 08:00:00,Qwen,2,1192,1020,172,0.0019,100.0,0.0,0.0,0.0,1141.0,1283.2,1295.84,528.9,25.85,2,2,2,0.0,0.0,50.0,0.0,0,596.0,0.1686,0.001,0.001,0.0
2026-06-18 09:00:00,DeepSeek,82,54432,38845,15587,0.0653,93.9024,6.0976,1.2195,4.878,6126.5,7954.4,9535.82,7853.8,137.7,10,27,29,2.439,4.878,21.9512,0.0,2473,663.8049,0.4013,0.0008,0.0008,15.8658
2026-06-18 09:00:00,MiniMax,2,1917,1416,501,0.0046,100.0,0.0,0.0,0.0,1436.5,1686.25,1708.45,495.3,54.3,2,2,2,0.0,0.0,0.0,0.0,62,958.5,0.3538,0.0023,0.0023,12.3752
2026-06-18 09:00:00,Qwen,2,1347,826,521,0.0022,100.0,0.0,0.0,0.0,2115.5,2439.05,2467.81,1370.7,30.4,2,2,2,0.0,0.0,0.0,0.0,0,673.5,0.6308,0.0011,0.0011,0.0
2026-06-18 10:00:00,DeepSeek,102,68651,48026,20625,0.0824,96.0784,3.9216,0.9804,1.9608,6226.5,8688.4,10001.04,8412.5,197.65,10,28,36,0.0,3.9216,21.5686,0.0,3514,673.049,0.4295,0.0008,0.0008,17.0376
2026-06-18 10:00:00,MiniMax,3,2318,1620,698,0.0056,100.0,0.0,0.0,0.0,1390.0,1602.4,1621.28,760.5,51.6,3,3,3,0.0,0.0,0.0,0.0,158,772.6667,0.4309,0.0019,0.0019,22.6361
2026-06-18 10:00:00,Qwen,3,1393,1051,342,0.0022,100.0,0.0,0.0,0.0,1399.0,1923.7,1970.34,706.6,167.5,3,3,3,0.0,0.0,0.0,0.0,0,464.3333,0.3254,0.0007,0.0007,0.0
2026-06-18 11:00:00,DeepSeek,100,62300,43323,18977,0.0748,96.0,4.0,3.0,0.0,6209.0,8259.7,9125.87,7949.25,166.25,9,27,34,0.0,2.0,17.0,2.0,3063,623.0,0.438,0.0007,0.0008,16.1406
2026-06-18 11:00:00,MiniMax,6,3957,2307,1650,0.0095,100.0,0.0,0.0,0.0,1247.0,2618.25,2698.85,769.0,188.0,5,6,5,0.0,0.0,0.0,0.0,386,659.5,0.7152,0.0016,0.0016,23.3939
2026-06-18 11:00:00,Qwen,1,710,506,204,0.0011,100.0,0.0,0.0,0.0,1401.0,1401.0,1401.0,444.0,37.0,1,1,1,0.0,0.0,0.0,0.0,0,710.0,0.4032,0.0011,0.0011,0.0
2026-06-18 12:00:00,DeepSeek,70,43956,30645,13311,0.0527,97.1429,2.8571,1.4286,1.4286,6196.5,7727.55,9348.17,7599.75,166.15,10,27,29,0.0,4.2857,11.4286,0.0,2320,627.9429,0.4344,0.0008,0.0008,17.4292
2026-06-18 12:00:00,MiniMax,2,2034,1778,256,0.0049,100.0,0.0,0.0,0.0,1358.0,1610.9,1633.38,490.6,96.25,2,2,2,0.0,0.0,0.0,0.0,56,1017.0,0.144,0.0024,0.0024,21.875
2026-06-18 12:00:00,Qwen,1,275,214,61,0.0004,100.0,0.0,0.0,0.0,1344.0,1344.0,1344.0,506.0,88.0,1,1,1,0.0,0.0,100.0,0.0,0,275.0,0.285,0.0004,0.0004,0.0
2026-06-18 13:00:00,DeepSeek,89,57200,38153,19047,0.0686,95.5056,4.4944,0.0,3.3708,6252.0,8113.4,9411.56,7683.2,132.4,10,27,32,0.0,2.2472,14.6067,0.0,3184,642.6966,0.4992,0.0008,0.0008,16.7165
2026-06-18 13:00:00,MiniMax,3,2299,1771,528,0.0055,100.0,0.0,0.0,0.0,821.0,1843.4,1934.28,805.8,149.2,3,3,3,0.0,0.0,0.0,33.3333,92,766.3333,0.2981,0.0018,0.0018,17.4242
2026-06-18 14:00:00,DeepSeek,96,59471,38927,20544,0.0714,96.875,3.125,1.0417,1.0417,6347.5,9455.75,10139.7,9071.25,187.0,10,27,33,1.0417,3.125,16.6667,0.0,3403,619.4896,0.5278,0.0007,0.0008,16.5644
2026-06-18 14:00:00,MiniMax,6,4781,3353,1428,0.0115,100.0,0.0,0.0,0.0,1538.0,2544.0,2769.6,516.25,124.0,4,5,6,0.0,16.6667,16.6667,0.0,315,796.8333,0.4259,0.0019,0.0019,22.0588
2026-06-18 14:00:00,Qwen,1,644,518,126,0.001,100.0,0.0,0.0,0.0,1584.0,1584.0,1584.0,426.0,78.0,1,1,1,0.0,0.0,0.0,0.0,0,644.0,0.2432,0.001,0.001,0.0
2026-06-18 15:00:00,DeepSeek,112,71861,49147,22714,0.0862,94.6429,5.3571,1.7857,1.7857,6263.0,8663.5,9380.74,8207.65,171.9,10,29,34,1.7857,5.3571,19.6429,0.0,3661,641.6161,0.4622,0.0008,0.0008,16.1178
2026-06-18 15:00:00,MiniMax,3,2100,1453,647,0.005,100.0,0.0,0.0,0.0,1359.0,1440.0,1447.2,674.8,93.0,2,2,3,0.0,0.0,33.3333,0.0,72,700.0,0.4453,0.0017,0.0017,11.1283
2026-06-18 15:00:00,Qwen,3,2210,1750,460,0.0035,100.0,0.0,0.0,0.0,1426.0,1815.7,1850.34,805.1,83.8,2,3,3,0.0,33.3333,33.3333,0.0,0,736.6667,0.2629,0.0012,0.0012,0.0
2026-06-18 16:00:00,DeepSeek,84,57488,41332,16156,0.069,94.0476,5.9524,1.1905,2.381,6212.5,7494.35,9017.88,7403.75,156.95,10,27,28,2.381,2.381,10.7143,0.0,2374,684.381,0.3909,0.0008,0.0009,14.6942
2026-06-18 16:00:00,MiniMax,6,3231,2245,986,0.0078,100.0,0.0,0.0,0.0,1268.5,1578.75,1590.95,733.75,147.0,5,5,6,16.6667,0.0,0.0,0.0,161,538.5,0.4392,0.0013,0.0013,16.3286
2026-06-18 17:00:00,DeepSeek,98,68915,50361,18554,0.0827,96.9388,3.0612,0.0,3.0612,6251.5,8862.0,9623.39,8785.95,161.15,10,28,36,1.0204,5.102,13.2653,0.0,2682,703.2143,0.3684,0.0008,0.0009,14.4551
2026-06-18 17:00:00,MiniMax,2,823,509,314,0.002,100.0,0.0,0.0,0.0,1158.5,1223.75,1229.55,509.6,104.15,1,2,1,0.0,0.0,0.0,0.0,45,411.5,0.6169,0.001,0.001,14.3312
2026-06-18 17:00:00,Qwen,2,1137,798,339,0.0018,100.0,0.0,0.0,0.0,1726.5,1840.35,1850.47,588.65,145.7,2,2,2,0.0,0.0,0.0,0.0,0,568.5,0.4248,0.0009,0.0009,0.0
2026-06-18 18:00:00,DeepSeek,52,34964,25498,9466,0.042,98.0769,1.9231,0.0,0.0,6412.5,9350.4,9949.16,9320.4,108.2,10,24,26,0.0,1.9231,26.9231,0.0,1664,672.3846,0.3712,0.0008,0.0008,17.5787
2026-06-18 18:00:00,MiniMax,5,2601,1684,917,0.0062,80.0,20.0,0.0,0.0,1366.0,2106.6,2237.32,642.8,111.0,4,4,4,0.0,0.0,20.0,0.0,134,520.2,0.5445,0.0012,0.0016,14.6129
2026-06-18 19:00:00,DeepSeek,56,37047,25489,11558,0.0445,92.8571,7.1429,0.0,3.5714,6083.0,9100.5,10572.2,8981.75,177.75,10,25,29,0.0,8.9286,21.4286,0.0,1791,661.5536,0.4535,0.0008,0.0009,15.4958
2026-06-18 19:00:00,MiniMax,3,1591,875,716,0.0038,100.0,0.0,0.0,0.0,1570.0,2071.3,2115.86,728.8,186.7,2,3,3,0.0,0.0,33.3333,0.0,126,530.3333,0.8183,0.0013,0.0013,17.5978
2026-06-18 20:00:00,DeepSeek,63,44579,33060,11519,0.0535,93.6508,6.3492,1.5873,1.5873,6167.0,7401.6,8373.04,7112.2,127.7,9,20,24,0.0,3.1746,20.6349,0.0,1661,707.6032,0.3484,0.0008,0.0009,14.4197
2026-06-18 20:00:00,MiniMax,2,1389,831,558,0.0033,100.0,0.0,0.0,0.0,1811.0,1975.7,1990.34,523.1,94.15,2,2,2,0.0,0.0,0.0,0.0,46,694.5,0.6715,0.0017,0.0017,8.2437
2026-06-18 20:00:00,Qwen,2,1114,623,491,0.0018,100.0,0.0,0.0,0.0,2203.5,2293.05,2301.01,1286.8,20.75,2,2,2,0.0,50.0,0.0,0.0,0,557.0,0.7881,0.0009,0.0009,0.0
2026-06-18 21:00:00,DeepSeek,53,36963,24585,12378,0.0444,98.1132,1.8868,1.8868,0.0,6270.0,9497.6,10112.88,9249.6,156.4,9,23,25,0.0,3.7736,22.6415,0.0,1947,697.4151,0.5035,0.0008,0.0009,15.7295
2026-06-18 21:00:00,MiniMax,2,2009,1401,608,0.0048,100.0,0.0,0.0,0.0,1737.5,1955.75,1975.15,493.5,89.7,2,2,2,0.0,0.0,0.0,0.0,133,1004.5,0.434,0.0024,0.0024,21.875
2026-06-18 22:00:00,DeepSeek,31,20916,14636,6280,0.0251,100.0,0.0,0.0,0.0,6360.0,8071.0,8939.7,8041.0,100.0,9,16,21,3.2258,0.0,12.9032,0.0,1047,674.7097,0.4291,0.0008,0.0008,16.672
2026-06-18 22:00:00,MiniMax,3,1606,655,951,0.0039,100.0,0.0,0.0,0.0,1511.0,2168.0,2226.4,661.5,99.9,3,3,3,0.0,33.3333,33.3333,0.0,158,535.3333,1.4519,0.0013,0.0013,16.6141
2026-06-18 23:00:00,DeepSeek,32,21892,16015,5877,0.0263,96.875,3.125,0.0,3.125,6085.5,7557.35,7877.7,6814.45,167.35,10,18,19,0.0,6.25,37.5,3.125,1064,684.125,0.367,0.0008,0.0008,18.1045
2026-06-19 00:00:00,DeepSeek,13,9442,6299,3143,0.0113,92.3077,7.6923,7.6923,0.0,6533.0,7718.0,8097.2,7439.6,215.4,6,9,10,0.0,7.6923,15.3846,0.0,534,726.3077,0.499,0.0009,0.0009,16.9901
2026-06-19 00:00:00,MiniMax,1,401,288,113,0.001,100.0,0.0,0.0,0.0,767.0,767.0,767.0,366.0,24.0,1,1,1,0.0,0.0,0.0,0.0,19,401.0,0.3924,0.001,0.001,16.8142
2026-06-19 01:00:00,DeepSeek,22,13209,9242,3967,0.0159,100.0,0.0,0.0,0.0,5931.5,7650.55,7692.18,7481.65,129.9,9,15,18,0.0,0.0,9.0909,0.0,724,600.4091,0.4292,0.0007,0.0007,18.2506
2026-06-19 01:00:00,MiniMax,2,1838,1554,284,0.0044,100.0,0.0,0.0,0.0,1146.5,1404.35,1427.27,418.3,81.95,2,2,2,0.0,0.0,0.0,0.0,37,919.0,0.1828,0.0022,0.0022,13.0282
2026-06-19 02:00:00,DeepSeek,23,16164,11693,4471,0.0194,100.0,0.0,0.0,0.0,6250.0,9245.4,9432.14,9026.9,241.9,9,15,17,0.0,0.0,4.3478,0.0,772,702.7826,0.3824,0.0008,0.0008,17.2668
2026-06-19 02:00:00,MiniMax,1,1217,1045,172,0.0029,100.0,0.0,0.0,0.0,1587.0,1587.0,1587.0,331.0,11.0,1,1,1,0.0,0.0,0.0,0.0,12,1217.0,0.1646,0.0029,0.0029,6.9767
2026-06-19 02:00:00,Qwen,1,843,634,209,0.0013,100.0,0.0,0.0,0.0,1949.0,1949.0,1949.0,590.0,84.0,1,1,1,0.0,0.0,0.0,0.0,0,843.0,0.3297,0.0013,0.0013,0.0
2026-06-19 03:00:00,DeepSeek,25,18579,12165,6414,0.0223,100.0,0.0,0.0,0.0,6682.0,8322.8,8874.0,8272.6,124.8,9,16,18,4.0,8.0,36.0,0.0,1161,743.16,0.5273,0.0009,0.0009,18.101
2026-06-19 03:00:00,MiniMax,1,738,563,175,0.0018,100.0,0.0,0.0,0.0,1387.0,1387.0,1387.0,447.0,55.0,1,1,1,0.0,0.0,0.0,0.0,34,738.0,0.3108,0.0018,0.0018,19.4286
2026-06-19 03:00:00,Qwen,2,1691,1489,202,0.0027,100.0,0.0,0.0,0.0,989.0,1407.5,1444.7,797.65,44.65,2,2,2,0.0,0.0,0.0,0.0,0,845.5,0.1357,0.0014,0.0014,0.0
2026-06-19 04:00:00,DeepSeek,27,15651,11090,4561,0.0188,100.0,0.0,0.0,0.0,6035.0,7245.3,8684.34,7183.2,142.0,9,19,17,0.0,0.0,25.9259,0.0,727,579.6667,0.4113,0.0007,0.0007,15.9395
2026-06-19 05:00:00,DeepSeek,29,19736,13713,6023,0.0237,96.5517,3.4483,0.0,3.4483,6141.0,8013.8,9019.0,7331.2,151.2,7,17,18,0.0,0.0,20.6897,0.0,1176,680.5517,0.4392,0.0008,0.0008,19.5252
2026-06-19 05:00:00,MiniMax,1,485,309,176,0.0012,100.0,0.0,0.0,0.0,1114.0,1114.0,1114.0,389.0,4.0,1,1,1,0.0,0.0,0.0,0.0,10,485.0,0.5696,0.0012,0.0012,5.6818
2026-06-19 05:00:00,Qwen,2,732,477,255,0.0012,50.0,50.0,0.0,50.0,1427.5,1907.65,1950.33,647.85,82.5,1,2,2,0.0,0.0,100.0,0.0,0,366.0,0.5346,0.0006,0.0012,0.0
2026-06-19 06:00:00,DeepSeek,62,41711,27173,14538,0.0501,96.7742,3.2258,0.0,1.6129,6177.5,9244.3,9461.0,8468.7,171.95,10,24,28,0.0,3.2258,19.3548,0.0,2425,672.7581,0.535,0.0008,0.0008,16.6804
2026-06-19 06:00:00,MiniMax,4,2537,1946,591,0.0061,100.0,0.0,0.0,0.0,1510.0,1696.95,1712.19,637.05,233.85,4,4,4,0.0,0.0,25.0,0.0,57,634.25,0.3037,0.0015,0.0015,9.6447
2026-06-19 06:00:00,Qwen,1,744,644,100,0.0012,100.0,0.0,0.0,0.0,913.0,913.0,913.0,487.0,7.0,1,1,1,0.0,0.0,100.0,0.0,0,744.0,0.1553,0.0012,0.0012,0.0
2026-06-19 07:00:00,DeepSeek,72,47607,34148,13459,0.0571,95.8333,4.1667,0.0,1.3889,6269.0,8484.15,9116.24,7746.3,215.5,10,25,28,5.5556,1.3889,22.2222,0.0,1994,661.2083,0.3941,0.0008,0.0008,14.8154
2026-06-19 07:00:00,MiniMax,2,1176,756,420,0.0028,50.0,50.0,50.0,0.0,1247.5,1454.95,1473.39,751.8,143.95,2,2,2,0.0,50.0,0.0,0.0,66,588.0,0.5556,0.0014,0.0028,15.7143
2026-06-19 07:00:00,Qwen,1,366,274,92,0.0006,100.0,0.0,0.0,0.0,1198.0,1198.0,1198.0,387.0,10.0,1,1,1,0.0,0.0,0.0,0.0,0,366.0,0.3358,0.0006,0.0006,0.0
2026-06-19 08:00:00,DeepSeek,83,50595,33287,17308,0.0607,100.0,0.0,0.0,0.0,6193.0,8182.8,9628.96,7358.2,166.6,10,27,32,0.0,4.8193,9.6386,0.0,2862,609.5783,0.52,0.0007,0.0007,16.5357
2026-06-19 08:00:00,MiniMax,6,3597,2265,1332,0.0086,100.0,0.0,0.0,0.0,1396.5,2383.75,2426.35,919.25,106.25,3,5,6,0.0,0.0,16.6667,0.0,207,599.5,0.5881,0.0014,0.0014,15.5405
2026-06-19 08:00:00,Qwen,1,396,287,109,0.0006,100.0,0.0,0.0,0.0,1463.0,1463.0,1463.0,539.0,95.0,1,1,1,0.0,0.0,100.0,0.0,0,396.0,0.3798,0.0006,0.0006,0.0
2026-06-19 09:00:00,DeepSeek,116,82946,59546,23400,0.0995,97.4138,2.5862,0.0,1.7241,6100.0,7419.25,8523.95,7119.0,138.25,10,28,38,0.0,2.5862,13.7931,0.8621,3898,715.0517,0.393,0.0009,0.0009,16.6581
2026-06-19 09:00:00,MiniMax,6,6594,5188,1406,0.0158,100.0,0.0,0.0,0.0,1295.0,1750.75,1806.95,624.0,70.0,5,6,6,0.0,0.0,16.6667,0.0,192,1099.0,0.271,0.0026,0.0026,13.6558
2026-06-19 09:00:00,Qwen,4,3775,3173,602,0.006,100.0,0.0,0.0,0.0,1457.5,1885.55,1943.51,724.3,131.55,3,4,3,0.0,0.0,25.0,0.0,0,943.75,0.1897,0.0015,0.0015,0.0
2026-06-19 10:00:00,DeepSeek,137,87563,60793,26770,0.1051,97.0803,2.9197,0.7299,1.4599,6113.0,7994.4,8950.92,7452.6,157.8,10,25,38,0.7299,3.6496,22.6277,0.0,4168,639.146,0.4403,0.0008,0.0008,15.5697
2026-06-19 10:00:00,MiniMax,2,2506,2170,336,0.006,100.0,0.0,0.0,0.0,1353.5,1422.35,1428.47,470.9,47.95,2,2,2,0.0,0.0,0.0,0.0,50,1253.0,0.1548,0.003,0.003,14.881
2026-06-19 10:00:00,Qwen,1,738,485,253,0.0012,0.0,100.0,0.0,100.0,2176.0,2176.0,2176.0,643.0,99.0,1,1,1,0.0,100.0,0.0,0.0,0,738.0,0.5216,0.0012,,0.0
2026-06-19 11:00:00,DeepSeek,110,74130,52521,21609,0.089,94.5455,5.4545,3.6364,1.8182,6133.0,8080.15,9322.9,7329.55,155.0,10,30,37,1.8182,3.6364,13.6364,0.0,3350,673.9091,0.4114,0.0008,0.0009,15.5028
2026-06-19 11:00:00,MiniMax,7,3888,2359,1529,0.0093,85.7143,14.2857,14.2857,0.0,1334.0,1828.9,1847.38,555.0,117.5,4,6,5,0.0,0.0,0.0,0.0,272,555.4286,0.6482,0.0013,0.0016,17.7894
2026-06-19 11:00:00,Qwen,2,982,795,187,0.0016,100.0,0.0,0.0,0.0,1277.5,1288.75,1289.75,549.9,65.4,2,2,2,0.0,0.0,50.0,0.0,0,491.0,0.2352,0.0008,0.0008,0.0
2026-06-19 12:00:00,DeepSeek,123,94698,70340,24358,0.1136,98.374,1.626,0.813,0.813,6150.0,8442.5,9278.92,7748.0,155.9,10,28,34,0.813,6.5041,12.1951,0.0,4113,769.9024,0.3463,0.0009,0.0009,16.8856
2026-06-19 12:00:00,MiniMax,5,3062,1904,1158,0.0073,100.0,0.0,0.0,0.0,1185.0,1772.2,1786.44,517.2,97.4,4,5,5,0.0,0.0,20.0,0.0,234,612.4,0.6082,0.0015,0.0015,20.2073
2026-06-19 12:00:00,Qwen,5,2479,1494,985,0.004,80.0,20.0,20.0,0.0,1912.0,2796.2,2914.44,1607.0,157.2,4,5,5,0.0,20.0,20.0,0.0,0,495.8,0.6593,0.0008,0.001,0.0
2026-06-19 13:00:00,DeepSeek,144,94989,68816,26173,0.114,97.2222,2.7778,0.6944,1.3889,6137.5,8064.5,9997.8,7586.45,180.65,10,30,39,0.6944,2.7778,18.0556,0.6944,4048,659.6458,0.3803,0.0008,0.0008,15.4663
2026-06-19 13:00:00,MiniMax,5,2668,1953,715,0.0064,100.0,0.0,0.0,0.0,1216.0,1359.0,1376.6,544.2,100.8,3,5,5,0.0,20.0,0.0,0.0,118,533.6,0.3661,0.0013,0.0013,16.5035
2026-06-19 14:00:00,DeepSeek,130,90220,62808,27412,0.1083,92.3077,7.6923,0.0,3.0769,6097.5,9032.3,9907.09,8844.35,175.0,10,29,39,0.0,3.8462,22.3077,0.0,4793,694.0,0.4364,0.0008,0.0009,17.485
2026-06-19 14:00:00,MiniMax,2,1109,972,137,0.0027,100.0,0.0,0.0,0.0,633.5,679.85,683.97,474.3,58.55,2,2,2,0.0,0.0,50.0,0.0,17,554.5,0.1409,0.0013,0.0013,12.4088
2026-06-19 14:00:00,Qwen,4,3120,2086,1034,0.005,100.0,0.0,0.0,0.0,2220.5,2803.35,2823.87,1431.15,192.05,4,4,4,0.0,0.0,0.0,0.0,0,780.0,0.4957,0.0012,0.0012,0.0
2026-06-19 15:00:00,DeepSeek,144,97290,69627,27663,0.1168,97.2222,2.7778,0.6944,0.6944,6137.0,8884.95,9729.24,8644.8,140.85,10,29,39,0.6944,2.0833,14.5833,0.0,4672,675.625,0.3973,0.0008,0.0008,16.889
2026-06-19 15:00:00,MiniMax,5,2921,1808,1113,0.007,40.0,60.0,20.0,20.0,1283.0,1977.8,2103.56,598.0,99.4,3,5,5,0.0,20.0,0.0,0.0,145,584.2,0.6156,0.0014,0.0035,13.0279
2026-06-19 15:00:00,Qwen,2,1857,1009,848,0.003,100.0,0.0,0.0,0.0,2547.0,3657.6,3756.32,490.0,81.9,2,2,2,0.0,0.0,50.0,0.0,0,928.5,0.8404,0.0015,0.0015,0.0
2026-06-19 16:00:00,DeepSeek,121,84858,59474,25384,0.1018,97.5207,2.4793,0.8264,0.8264,6153.0,7802.0,8891.2,7309.0,197.0,10,30,42,0.8264,4.9587,23.1405,0.0,4360,701.3058,0.4268,0.0008,0.0009,17.1762
2026-06-19 16:00:00,MiniMax,8,5798,4388,1410,0.0139,100.0,0.0,0.0,0.0,1140.0,2263.55,2506.31,596.25,82.25,6,7,7,0.0,12.5,0.0,0.0,209,724.75,0.3213,0.0017,0.0017,14.8227
2026-06-19 16:00:00,Qwen,4,3357,2682,675,0.0054,100.0,0.0,0.0,0.0,1808.0,3051.85,3207.97,819.9,297.15,3,4,4,0.0,0.0,25.0,0.0,0,839.25,0.2517,0.0013,0.0013,0.0
2026-06-19 17:00:00,DeepSeek,124,89514,61595,27919,0.1074,98.3871,1.6129,0.0,0.0,6242.5,8835.75,9988.03,8467.6,144.7,10,30,35,1.6129,3.2258,16.9355,0.0,4268,721.8871,0.4533,0.0009,0.0009,15.2871
2026-06-19 17:00:00,MiniMax,6,4990,3464,1526,0.012,100.0,0.0,0.0,0.0,1506.0,1755.0,1810.2,888.75,98.5,6,6,6,0.0,0.0,0.0,0.0,249,831.6667,0.4405,0.002,0.002,16.3172
2026-06-19 17:00:00,Qwen,6,2920,1919,1001,0.0047,100.0,0.0,0.0,0.0,1611.5,1955.25,1994.25,861.25,153.75,4,6,5,0.0,0.0,16.6667,0.0,0,486.6667,0.5216,0.0008,0.0008,0.0
2026-06-19 18:00:00,DeepSeek,68,46917,32147,14770,0.0563,94.1176,5.8824,4.4118,1.4706,6206.5,8998.15,9345.76,8039.4,143.3,10,24,27,1.4706,5.8824,14.7059,0.0,2512,689.9559,0.4595,0.0008,0.0009,17.0074
2026-06-19 18:00:00,MiniMax,3,3210,2285,925,0.0077,100.0,0.0,0.0,0.0,1028.0,2198.0,2302.0,599.6,100.1,3,3,3,0.0,0.0,33.3333,0.0,153,1070.0,0.4048,0.0026,0.0026,16.5405
2026-06-19 18:00:00,Qwen,4,2671,1697,974,0.0043,75.0,25.0,0.0,25.0,1995.5,2187.85,2209.57,689.5,102.3,3,4,4,25.0,0.0,0.0,0.0,0,667.75,0.574,0.0011,0.0014,0.0
2026-06-19 19:00:00,DeepSeek,81,53971,38559,15412,0.0648,97.5309,2.4691,1.2346,1.2346,6083.0,9055.0,9350.0,8507.0,166.0,10,28,33,0.0,2.4691,16.0494,0.0,2404,666.3086,0.3997,0.0008,0.0008,15.5982
2026-06-19 19:00:00,MiniMax,4,3807,3272,535,0.0091,100.0,0.0,0.0,0.0,1074.0,1351.75,1372.75,534.4,107.7,3,4,4,0.0,0.0,25.0,0.0,82,951.75,0.1635,0.0023,0.0023,15.3271
2026-06-19 19:00:00,Qwen,3,1536,1222,314,0.0025,66.6667,33.3333,33.3333,0.0,1338.0,1433.4,1441.88,669.5,134.9,3,3,3,0.0,0.0,0.0,0.0,0,512.0,0.257,0.0008,0.0012,0.0
2026-06-19 20:00:00,DeepSeek,84,59163,42656,16507,0.071,94.0476,5.9524,1.1905,0.0,6143.5,8744.2,9562.21,8646.3,154.35,10,27,37,0.0,3.5714,15.4762,0.0,2517,704.3214,0.387,0.0008,0.0009,15.2481
2026-06-19 20:00:00,MiniMax,9,6270,4284,1986,0.015,100.0,0.0,0.0,0.0,1195.0,2024.6,2103.32,665.0,103.8,5,7,7,0.0,0.0,22.2222,0.0,343,696.6667,0.4636,0.0017,0.0017,17.2709
2026-06-19 20:00:00,Qwen,3,1808,1292,516,0.0029,100.0,0.0,0.0,0.0,2021.0,2243.3,2263.06,527.5,117.1,2,3,2,0.0,0.0,33.3333,0.0,0,602.6667,0.3994,0.001,0.001,0.0
2026-06-19 21:00:00,DeepSeek,68,46799,33104,13695,0.0562,95.5882,4.4118,1.4706,1.4706,6156.5,9165.65,9689.01,8955.55,134.3,10,27,29,0.0,1.4706,20.5882,0.0,2340,688.2206,0.4137,0.0008,0.0009,17.0865
2026-06-19 21:00:00,MiniMax,2,2941,2527,414,0.0071,100.0,0.0,0.0,0.0,811.5,823.65,824.73,469.4,98.0,2,2,2,0.0,0.0,0.0,0.0,65,1470.5,0.1638,0.0035,0.0035,15.7005
2026-06-19 21:00:00,Qwen,1,560,497,63,0.0009,100.0,0.0,0.0,0.0,1292.0,1292.0,1292.0,575.0,50.0,1,1,1,0.0,0.0,0.0,0.0,0,560.0,0.1268,0.0009,0.0009,0.0
2026-06-19 22:00:00,DeepSeek,28,19068,12792,6276,0.0229,96.4286,3.5714,0.0,0.0,6131.5,8411.6,8949.68,7750.4,160.6,9,18,18,0.0,3.5714,17.8571,0.0,1182,681.0,0.4906,0.0008,0.0008,18.8337
2026-06-19 22:00:00,Qwen,1,511,438,73,0.0008,0.0,100.0,0.0,100.0,1100.0,1100.0,1100.0,662.0,71.0,1,1,1,0.0,0.0,0.0,0.0,0,511.0,0.1667,0.0008,,0.0
2026-06-19 23:00:00,DeepSeek,41,25229,17477,7752,0.0303,92.6829,7.3171,0.0,4.878,6118.0,7954.0,8263.4,7350.0,126.0,10,25,24,0.0,0.0,24.3902,0.0,1276,615.3415,0.4436,0.0007,0.0008,16.4603
2026-06-19 23:00:00,MiniMax,1,673,294,379,0.0016,100.0,0.0,0.0,0.0,2209.0,2209.0,2209.0,487.0,20.0,1,1,1,0.0,0.0,0.0,0.0,80,673.0,1.2891,0.0016,0.0016,21.1082
2026-06-20 00:00:00,DeepSeek,22,13427,8444,4983,0.0161,95.4545,4.5455,4.5455,0.0,5982.0,7096.35,7614.81,5846.05,156.7,10,17,16,4.5455,9.0909,22.7273,0.0,792,610.3182,0.5901,0.0007,0.0008,15.894
2026-06-20 00:00:00,MiniMax,1,720,375,345,0.0017,100.0,0.0,0.0,0.0,2254.0,2254.0,2254.0,355.0,70.0,1,1,1,0.0,0.0,100.0,0.0,69,720.0,0.92,0.0017,0.0017,20.0
2026-06-20 00:00:00,Qwen,1,986,905,81,0.0016,100.0,0.0,0.0,0.0,1460.0,1460.0,1460.0,504.0,75.0,1,1,1,0.0,0.0,0.0,0.0,0,986.0,0.0895,0.0016,0.0016,0.0
2026-06-20 01:00:00,DeepSeek,19,14272,9076,5196,0.0171,94.7368,5.2632,0.0,0.0,6218.0,9053.9,10435.58,8311.9,133.8,6,13,12,0.0,0.0,10.5263,0.0,793,751.1579,0.5725,0.0009,0.001,15.2617
2026-06-20 02:00:00,DeepSeek,17,10443,7572,2871,0.0125,100.0,0.0,0.0,0.0,6086.0,7314.4,8733.28,7281.0,144.4,7,11,13,5.8824,0.0,29.4118,0.0,548,614.2941,0.3792,0.0007,0.0007,19.0874
2026-06-20 02:00:00,MiniMax,1,551,333,218,0.0013,100.0,0.0,0.0,0.0,1479.0,1479.0,1479.0,513.0,13.0,1,1,1,0.0,0.0,0.0,100.0,13,551.0,0.6547,0.0013,0.0013,5.9633
2026-06-20 03:00:00,DeepSeek,20,11618,9005,2613,0.0139,95.0,5.0,0.0,5.0,5881.5,6656.6,6772.12,6187.65,116.95,8,14,11,0.0,5.0,35.0,0.0,453,580.9,0.2902,0.0007,0.0007,17.3364
2026-06-20 03:00:00,Qwen,1,323,116,207,0.0005,100.0,0.0,0.0,0.0,2723.0,2723.0,2723.0,1657.0,24.0,1,1,1,0.0,100.0,0.0,0.0,0,323.0,1.7845,0.0005,0.0005,0.0
2026-06-20 04:00:00,DeepSeek,8,5062,3447,1615,0.0061,100.0,0.0,0.0,0.0,5989.5,6780.15,6917.63,6510.05,99.65,5,6,6,0.0,0.0,37.5,0.0,261,632.75,0.4685,0.0008,0.0008,16.161
2026-06-20 04:00:00,MiniMax,1,478,298,180,0.0011,100.0,0.0,0.0,0.0,880.0,880.0,880.0,387.0,26.0,1,1,1,0.0,0.0,0.0,0.0,22,478.0,0.604,0.0011,0.0011,12.2222
2026-06-20 05:00:00,DeepSeek,17,12011,8073,3938,0.0144,100.0,0.0,0.0,0.0,6552.0,7486.6,7514.12,7088.6,107.8,7,11,11,0.0,5.8824,0.0,0.0,662,706.5294,0.4878,0.0008,0.0008,16.8106
2026-06-20 05:00:00,MiniMax,2,1670,980,690,0.004,100.0,0.0,0.0,0.0,1958.5,3156.85,3263.37,498.5,35.55,2,2,2,0.0,50.0,0.0,0.0,92,835.0,0.7041,0.002,0.002,13.3333
2026-06-20 05:00:00,Qwen,1,683,528,155,0.0011,0.0,100.0,0.0,100.0,1264.0,1264.0,1264.0,576.0,50.0,1,1,1,0.0,0.0,0.0,0.0,0,683.0,0.2936,0.0011,,0.0
2026-06-20 06:00:00,DeepSeek,51,34318,24672,9646,0.0412,98.0392,1.9608,1.9608,0.0,5978.0,7458.0,8302.0,6871.5,139.0,10,22,26,0.0,1.9608,19.6078,0.0,1557,672.902,0.391,0.0008,0.0008,16.1414
2026-06-20 06:00:00,MiniMax,3,1428,777,651,0.0034,100.0,0.0,0.0,0.0,1182.0,2516.7,2635.34,828.8,193.8,3,3,3,0.0,0.0,33.3333,0.0,102,476.0,0.8378,0.0011,0.0011,15.6682
2026-06-20 06:00:00,Qwen,2,1418,1010,408,0.0023,100.0,0.0,0.0,0.0,1743.0,1995.9,2018.38,589.75,59.45,2,2,2,0.0,0.0,50.0,0.0,0,709.0,0.404,0.0011,0.0011,0.0
2026-06-20 07:00:00,DeepSeek,41,28635,20817,7818,0.0344,95.122,4.878,0.0,4.878,6144.0,8667.0,9025.6,8577.0,165.0,8,17,20,0.0,2.439,24.3902,0.0,1330,698.4146,0.3756,0.0008,0.0009,17.012
2026-06-20 07:00:00,Qwen,2,1247,826,421,0.002,100.0,0.0,0.0,0.0,1697.5,1906.75,1925.35,658.3,69.8,2,2,2,0.0,0.0,0.0,0.0,0,623.5,0.5097,0.001,0.001,0.0
2026-06-20 08:00:00,DeepSeek,52,36092,25896,10196,0.0433,92.3077,7.6923,3.8462,3.8462,6066.5,7866.0,8708.89,7553.75,124.05,9,19,22,1.9231,5.7692,15.3846,0.0,1541,694.0769,0.3937,0.0008,0.0009,15.1138
2026-06-20 08:00:00,Qwen,2,1234,836,398,0.002,100.0,0.0,0.0,0.0,2004.5,2216.45,2235.29,644.0,91.95,2,2,2,0.0,0.0,0.0,0.0,0,617.0,0.4761,0.001,0.001,0.0
2026-06-20 09:00:00,DeepSeek,69,49055,33817,15238,0.0589,95.6522,4.3478,1.4493,2.8986,6151.0,9279.8,9873.0,8980.2,153.6,10,25,32,0.0,2.8986,13.0435,0.0,2399,710.942,0.4506,0.0009,0.0009,15.7435
2026-06-20 09:00:00,MiniMax,1,454,286,168,0.0011,100.0,0.0,0.0,0.0,901.0,901.0,901.0,361.0,69.0,1,1,1,0.0,0.0,0.0,0.0,11,454.0,0.5874,0.0011,0.0011,6.5476
2026-06-20 09:00:00,Qwen,3,1490,1013,477,0.0024,100.0,0.0,0.0,0.0,1947.0,1956.0,1956.8,786.9,148.2,3,3,3,0.0,0.0,33.3333,0.0,0,496.6667,0.4709,0.0008,0.0008,0.0
2026-06-20 10:00:00,DeepSeek,82,52784,36635,16149,0.0633,98.7805,1.2195,0.0,1.2195,6065.5,7714.8,9453.01,7215.15,115.9,10,28,34,0.0,3.6585,20.7317,0.0,2829,643.7073,0.4408,0.0008,0.0008,17.5181
2026-06-20 10:00:00,MiniMax,5,3041,1676,1365,0.0073,100.0,0.0,0.0,0.0,1217.0,2062.2,2170.84,461.6,58.2,3,5,4,0.0,20.0,0.0,0.0,233,608.2,0.8144,0.0015,0.0015,17.0696
2026-06-20 10:00:00,Qwen,1,355,165,190,0.0006,100.0,0.0,0.0,0.0,1662.0,1662.0,1662.0,912.0,92.0,1,1,1,0.0,0.0,100.0,0.0,0,355.0,1.1515,0.0006,0.0006,0.0
2026-06-20 11:00:00,DeepSeek,64,41073,29018,12055,0.0493,96.875,3.125,0.0,1.5625,6056.0,7561.55,8949.56,7384.1,165.05,10,25,31,3.125,3.125,17.1875,0.0,1997,641.7656,0.4154,0.0008,0.0008,16.5657
2026-06-20 11:00:00,MiniMax,1,444,181,263,0.0011,100.0,0.0,0.0,0.0,1905.0,1905.0,1905.0,495.0,98.0,1,1,1,0.0,0.0,0.0,0.0,60,444.0,1.453,0.0011,0.0011,22.8137
2026-06-20 11:00:00,Qwen,1,436,122,314,0.0007,100.0,0.0,0.0,0.0,1604.0,1604.0,1604.0,494.0,126.0,1,1,1,0.0,0.0,0.0,0.0,0,436.0,2.5738,0.0007,0.0007,0.0
2026-06-20 12:00:00,DeepSeek,71,44690,30051,14639,0.0536,98.5915,1.4085,0.0,1.4085,6140.0,9351.5,9791.9,8788.0,179.5,9,23,29,4.2254,1.4085,15.493,0.0,2223,629.4366,0.4871,0.0008,0.0008,15.1855
2026-06-20 12:00:00,MiniMax,5,3366,2789,577,0.0081,100.0,0.0,0.0,0.0,940.0,1312.4,1364.88,488.0,59.4,5,5,5,0.0,0.0,0.0,0.0,95,673.2,0.2069,0.0016,0.0016,16.4645
2026-06-20 12:00:00,Qwen,2,1426,997,429,0.0023,100.0,0.0,0.0,0.0,1753.0,1933.9,1949.98,709.5,77.35,2,2,2,0.0,50.0,0.0,0.0,0,713.0,0.4303,0.0011,0.0011,0.0
2026-06-20 13:00:00,DeepSeek,85,59778,42894,16884,0.0717,97.6471,2.3529,1.1765,0.0,6132.0,8927.0,9368.96,8848.4,150.2,10,28,36,1.1765,2.3529,20.0,0.0,2674,703.2706,0.3936,0.0008,0.0009,15.8375
2026-06-20 13:00:00,MiniMax,7,5083,3705,1378,0.0122,100.0,0.0,0.0,0.0,1247.0,1989.0,2087.4,576.0,183.9,5,5,6,0.0,0.0,0.0,0.0,185,726.1429,0.3719,0.0017,0.0017,13.4253
2026-06-20 13:00:00,Qwen,2,1357,876,481,0.0022,100.0,0.0,0.0,0.0,1591.0,1797.1,1815.42,724.25,107.8,2,2,2,0.0,0.0,50.0,0.0,0,678.5,0.5491,0.0011,0.0011,0.0
2026-06-20 14:00:00,DeepSeek,86,53301,36486,16815,0.064,96.5116,3.4884,2.3256,1.1628,6049.5,8724.75,9651.85,7678.25,151.75,10,26,32,1.1628,5.814,16.2791,0.0,2775,619.7791,0.4609,0.0007,0.0008,16.5031
2026-06-20 14:00:00,MiniMax,2,949,742,207,0.0023,100.0,0.0,0.0,0.0,1121.0,1271.3,1284.66,465.5,55.7,2,2,2,0.0,0.0,50.0,0.0,14,474.5,0.279,0.0011,0.0011,6.7633
2026-06-20 14:00:00,Qwen,4,2873,1872,1001,0.0046,100.0,0.0,0.0,0.0,1542.0,1940.35,1972.87,624.35,129.15,3,4,4,0.0,0.0,0.0,0.0,0,718.25,0.5347,0.0011,0.0011,0.0
2026-06-20 15:00:00,DeepSeek,110,77690,53288,24402,0.0932,97.2727,2.7273,0.0,2.7273,6283.0,8772.1,9730.25,8667.45,173.1,10,27,37,0.9091,2.7273,15.4545,0.0,3948,706.2727,0.4579,0.0008,0.0009,16.179
2026-06-20 15:00:00,MiniMax,1,1198,943,255,0.0029,100.0,0.0,0.0,0.0,1627.0,1627.0,1627.0,538.0,107.0,1,1,1,0.0,0.0,100.0,0.0,28,1198.0,0.2704,0.0029,0.0029,10.9804
2026-06-20 15:00:00,Qwen,3,2171,1524,647,0.0035,100.0,0.0,0.0,0.0,1810.0,2367.1,2416.62,833.9,133.6,2,3,2,0.0,0.0,66.6667,0.0,0,723.6667,0.4245,0.0012,0.0012,0.0
2026-06-20 16:00:00,DeepSeek,79,51987,35388,16599,0.0624,94.9367,5.0633,2.5316,0.0,6082.0,8053.6,8648.06,7574.3,172.4,10,29,37,1.2658,5.0633,17.7215,0.0,2820,658.0633,0.4691,0.0008,0.0008,16.989
2026-06-20 16:00:00,MiniMax,3,1831,1349,482,0.0044,100.0,0.0,0.0,0.0,1078.0,1429.0,1460.2,576.3,38.7,3,3,3,0.0,0.0,0.0,0.0,67,610.3333,0.3573,0.0015,0.0015,13.9004
2026-06-20 16:00:00,Qwen,1,1191,1102,89,0.0019,100.0,0.0,0.0,0.0,1611.0,1611.0,1611.0,803.0,231.0,1,1,1,0.0,0.0,0.0,0.0,0,1191.0,0.0808,0.0019,0.0019,0.0
2026-06-20 17:00:00,DeepSeek,92,64724,45281,19443,0.0777,96.7391,3.2609,0.0,2.1739,6133.0,7546.35,8831.41,7042.4,152.5,10,28,37,1.087,2.1739,20.6522,0.0,3459,703.5217,0.4294,0.0008,0.0009,17.7905
2026-06-20 17:00:00,MiniMax,2,780,494,286,0.0019,100.0,0.0,0.0,0.0,1236.0,1479.9,1501.58,671.75,60.6,2,2,2,0.0,0.0,50.0,0.0,48,390.0,0.5789,0.0009,0.0009,16.7832
2026-06-20 17:00:00,Qwen,3,2190,1730,460,0.0035,100.0,0.0,0.0,0.0,1815.0,2411.7,2464.74,1362.7,157.3,3,3,3,0.0,0.0,33.3333,0.0,0,730.0,0.2659,0.0012,0.0012,0.0
2026-06-20 18:00:00,DeepSeek,43,26152,17809,8343,0.0314,95.3488,4.6512,0.0,2.3256,6401.0,8818.2,10331.26,8620.3,167.0,10,21,21,0.0,2.3256,13.9535,0.0,1396,608.186,0.4685,0.0007,0.0008,16.7326
2026-06-20 18:00:00,MiniMax,3,3128,2456,672,0.0075,100.0,0.0,0.0,0.0,1583.0,2098.7,2144.54,726.3,266.1,3,3,3,0.0,0.0,0.0,0.0,82,1042.6667,0.2736,0.0025,0.0025,12.2024
2026-06-20 18:00:00,Qwen,1,1203,865,338,0.0019,100.0,0.0,0.0,0.0,2379.0,2379.0,2379.0,581.0,34.0,1,1,1,0.0,0.0,0.0,0.0,0,1203.0,0.3908,0.0019,0.0019,0.0
2026-06-20 19:00:00,DeepSeek,55,36955,25597,11358,0.0443,94.5455,5.4545,1.8182,0.0,6121.0,8287.6,9584.92,8257.6,160.3,10,25,26,0.0,1.8182,32.7273,0.0,1938,671.9091,0.4437,0.0008,0.0009,17.0629
2026-06-20 19:00:00,MiniMax,3,1312,823,489,0.0031,100.0,0.0,0.0,0.0,1169.0,1390.4,1410.08,632.7,169.9,2,3,2,0.0,0.0,33.3333,0.0,109,437.3333,0.5942,0.001,0.001,22.2904
2026-06-20 20:00:00,DeepSeek,53,33417,21402,12015,0.0401,98.1132,1.8868,0.0,1.8868,6213.0,8550.2,9163.8,7043.4,153.0,10,24,27,0.0,1.8868,24.5283,0.0,1932,630.5094,0.5614,0.0008,0.0008,16.0799
2026-06-20 20:00:00,MiniMax,2,2020,1635,385,0.0048,100.0,0.0,0.0,0.0,1151.0,1583.0,1621.4,497.8,90.8,1,2,2,0.0,50.0,0.0,0.0,24,1010.0,0.2355,0.0024,0.0024,6.2338
2026-06-20 20:00:00,Qwen,2,1109,828,281,0.0018,50.0,50.0,0.0,50.0,1747.0,2488.6,2554.52,1500.9,71.15,2,2,2,0.0,0.0,0.0,50.0,0,554.5,0.3394,0.0009,0.0018,0.0
2026-06-20 21:00:00,DeepSeek,39,26177,19293,6884,0.0314,94.8718,5.1282,0.0,2.5641,6043.0,8017.0,9093.78,7918.0,207.8,10,22,28,0.0,0.0,12.8205,0.0,1341,671.2051,0.3568,0.0008,0.0008,19.48
2026-06-20 21:00:00,MiniMax,2,991,638,353,0.0024,100.0,0.0,0.0,0.0,1194.5,1219.25,1221.45,539.95,48.75,1,2,2,0.0,0.0,100.0,0.0,60,495.5,0.5533,0.0012,0.0012,16.9972
2026-06-20 22:00:00,DeepSeek,26,18406,12196,6210,0.0221,100.0,0.0,0.0,0.0,6175.5,8318.75,9705.75,7084.25,112.75,9,16,17,0.0,0.0,15.3846,0.0,1135,707.9231,0.5092,0.0008,0.0008,18.277
2026-06-20 22:00:00,MiniMax,1,573,393,180,0.0014,100.0,0.0,0.0,0.0,1118.0,1118.0,1118.0,438.0,39.0,1,1,1,0.0,0.0,0.0,0.0,16,573.0,0.458,0.0014,0.0014,8.8889
2026-06-20 23:00:00,DeepSeek,23,15075,10346,4729,0.0181,100.0,0.0,0.0,0.0,6447.0,7327.8,8217.74,7152.0,131.9,10,17,15,4.3478,0.0,17.3913,0.0,824,655.4348,0.4571,0.0008,0.0008,17.4244
2026-06-21 00:00:00,DeepSeek,16,10894,8242,2652,0.0131,100.0,0.0,0.0,0.0,6088.0,6994.5,7110.9,6960.75,91.75,8,13,13,0.0,0.0,6.25,0.0,402,680.875,0.3218,0.0008,0.0008,15.1584
2026-06-21 00:00:00,MiniMax,1,491,257,234,0.0012,100.0,0.0,0.0,0.0,1348.0,1348.0,1348.0,471.0,43.0,1,1,1,0.0,100.0,0.0,0.0,57,491.0,0.9105,0.0012,0.0012,24.359
2026-06-21 01:00:00,DeepSeek,14,9821,7696,2125,0.0118,92.8571,7.1429,0.0,0.0,6117.0,7634.7,8238.94,7123.05,241.05,6,9,13,0.0,0.0,21.4286,0.0,327,701.5,0.2761,0.0008,0.0009,15.3882
2026-06-21 02:00:00,DeepSeek,14,8751,6019,2732,0.0105,100.0,0.0,0.0,0.0,6124.5,7460.85,7934.57,6872.15,137.3,7,11,8,0.0,14.2857,0.0,0.0,563,625.0714,0.4539,0.0007,0.0007,20.6076
2026-06-21 02:00:00,MiniMax,1,525,285,240,0.0013,100.0,0.0,0.0,0.0,1511.0,1511.0,1511.0,385.0,20.0,1,1,1,0.0,0.0,0.0,0.0,44,525.0,0.8421,0.0013,0.0013,18.3333
2026-06-21 03:00:00,DeepSeek,16,15022,11495,3527,0.018,93.75,6.25,0.0,0.0,5895.5,7065.25,7605.85,6088.25,103.75,8,14,14,6.25,0.0,18.75,0.0,564,938.875,0.3068,0.0011,0.0012,15.9909
2026-06-21 04:00:00,DeepSeek,18,14288,10474,3814,0.0171,100.0,0.0,0.0,0.0,6135.0,8835.65,8883.93,8805.65,130.2,9,11,14,0.0,11.1111,22.2222,0.0,595,793.7778,0.3641,0.001,0.001,15.6004
2026-06-21 04:00:00,MiniMax,1,536,320,216,0.0013,100.0,0.0,0.0,0.0,1371.0,1371.0,1371.0,540.0,107.0,1,1,1,0.0,0.0,0.0,0.0,34,536.0,0.675,0.0013,0.0013,15.7407
2026-06-21 05:00:00,DeepSeek,12,8102,5754,2348,0.0097,100.0,0.0,0.0,0.0,5947.5,7717.15,7940.23,7629.95,120.3,7,9,9,0.0,0.0,16.6667,0.0,396,675.1667,0.4081,0.0008,0.0008,16.8654
2026-06-21 05:00:00,Qwen,1,620,362,258,0.001,100.0,0.0,0.0,0.0,2539.0,2539.0,2539.0,489.0,60.0,1,1,1,0.0,100.0,0.0,0.0,0,620.0,0.7127,0.001,0.001,0.0
2026-06-21 06:00:00,DeepSeek,57,42129,29825,12304,0.0506,98.2456,1.7544,0.0,1.7544,6267.0,7924.6,9997.84,7255.6,144.8,9,22,26,0.0,3.5088,10.5263,1.7544,1742,739.1053,0.4125,0.0009,0.0009,14.158
2026-06-21 06:00:00,MiniMax,3,3198,2777,421,0.0077,100.0,0.0,0.0,0.0,671.0,1146.2,1188.44,528.6,75.5,3,3,3,0.0,0.0,66.6667,0.0,90,1066.0,0.1516,0.0026,0.0026,21.3777
2026-06-21 06:00:00,Qwen,1,453,375,78,0.0007,100.0,0.0,0.0,0.0,1098.0,1098.0,1098.0,440.0,42.0,1,1,1,100.0,0.0,0.0,0.0,0,453.0,0.208,0.0007,0.0007,0.0
2026-06-21 07:00:00,DeepSeek,41,31686,22571,9115,0.038,97.561,2.439,0.0,2.439,6103.0,8317.0,8785.8,7321.0,146.0,10,20,25,4.878,0.0,19.5122,0.0,1588,772.8293,0.4038,0.0009,0.001,17.4218
2026-06-21 07:00:00,MiniMax,3,2943,2028,915,0.0071,100.0,0.0,0.0,0.0,1349.0,2512.7,2616.14,568.6,111.6,3,3,3,0.0,0.0,0.0,0.0,134,981.0,0.4512,0.0024,0.0024,14.6448
2026-06-21 07:00:00,Qwen,1,303,153,150,0.0005,100.0,0.0,0.0,0.0,1706.0,1706.0,1706.0,483.0,26.0,1,1,1,0.0,0.0,100.0,0.0,0,303.0,0.9804,0.0005,0.0005,0.0
2026-06-21 08:00:00,DeepSeek,37,26687,19156,7531,0.032,100.0,0.0,0.0,0.0,6259.0,7298.0,8383.44,7045.2,137.0,10,21,22,0.0,2.7027,16.2162,0.0,1192,721.2703,0.3931,0.0009,0.0009,15.8279
2026-06-21 08:00:00,MiniMax,2,2027,1569,458,0.0049,100.0,0.0,0.0,0.0,1501.0,1870.0,1902.8,704.05,42.4,2,2,2,0.0,0.0,50.0,0.0,47,1013.5,0.2919,0.0024,0.0024,10.262
2026-06-21 08:00:00,Qwen,2,1392,740,652,0.0022,100.0,0.0,0.0,0.0,1537.5,2224.65,2285.73,529.35,90.2,2,2,2,0.0,0.0,0.0,0.0,0,696.0,0.8811,0.0011,0.0011,0.0
2026-06-21 09:00:00,DeepSeek,74,49841,33922,15919,0.0598,97.2973,2.7027,1.3514,1.3514,6109.0,8707.25,10511.31,8404.25,145.05,10,26,30,0.0,4.0541,16.2162,0.0,2699,673.527,0.4693,0.0008,0.0008,16.9546
2026-06-21 09:00:00,MiniMax,3,2659,2031,628,0.0064,66.6667,33.3333,0.0,0.0,1425.0,1530.3,1539.66,574.2,117.5,3,3,3,0.0,33.3333,0.0,0.0,78,886.3333,0.3092,0.0021,0.0032,12.4204
2026-06-21 09:00:00,Qwen,4,2902,1875,1027,0.0046,75.0,25.0,0.0,25.0,1466.5,3107.1,3283.02,696.95,153.2,3,4,3,0.0,0.0,25.0,0.0,0,725.5,0.5477,0.0012,0.0015,0.0
2026-06-21 10:00:00,DeepSeek,82,61305,41787,19518,0.0736,98.7805,1.2195,0.0,0.0,6243.5,8706.55,9257.82,8634.25,191.9,10,26,30,2.439,1.2195,14.6341,0.0,3261,747.622,0.4671,0.0009,0.0009,16.7077
2026-06-21 10:00:00,MiniMax,1,652,378,274,0.0016,100.0,0.0,0.0,0.0,1320.0,1320.0,1320.0,603.0,79.0,1,1,1,0.0,0.0,0.0,0.0,39,652.0,0.7249,0.0016,0.0016,14.2336
2026-06-21 10:00:00,Qwen,2,1111,763,348,0.0018,100.0,0.0,0.0,0.0,2076.0,2331.6,2354.32,1452.1,61.35,2,2,2,0.0,0.0,50.0,0.0,0,555.5,0.4561,0.0009,0.0009,0.0
2026-06-21 11:00:00,DeepSeek,72,53643,36037,17606,0.0644,94.4444,5.5556,2.7778,1.3889,6116.0,8238.5,9456.41,7925.8,159.35,9,25,28,1.3889,5.5556,19.4444,0.0,3122,745.0417,0.4886,0.0009,0.0009,17.7326
2026-06-21 11:00:00,MiniMax,1,785,364,421,0.0019,100.0,0.0,0.0,0.0,1844.0,1844.0,1844.0,464.0,48.0,1,1,1,0.0,0.0,0.0,0.0,73,785.0,1.1566,0.0019,0.0019,17.3397
2026-06-21 12:00:00,DeepSeek,74,46370,32161,14209,0.0556,98.6486,1.3514,1.3514,0.0,6027.5,8932.2,9282.63,8855.65,185.15,10,24,31,1.3514,0.0,17.5676,0.0,2222,626.6216,0.4418,0.0008,0.0008,15.638
2026-06-21 12:00:00,MiniMax,6,3044,1835,1209,0.0073,100.0,0.0,0.0,0.0,1207.5,2577.0,2864.2,693.25,157.25,5,5,5,0.0,0.0,0.0,0.0,245,507.3333,0.6589,0.0012,0.0012,20.2647
2026-06-21 12:00:00,Qwen,5,4491,3457,1034,0.0072,100.0,0.0,0.0,0.0,2180.0,2951.2,3039.04,1296.6,159.2,5,5,5,0.0,0.0,20.0,0.0,0,898.2,0.2991,0.0014,0.0014,0.0
2026-06-21 13:00:00,DeepSeek,99,68627,48811,19816,0.0824,94.9495,5.0505,1.0101,4.0404,6137.0,8569.7,9495.04,7723.9,167.4,10,29,33,0.0,4.0404,18.1818,0.0,3723,693.202,0.406,0.0008,0.0009,18.7878
2026-06-21 13:00:00,MiniMax,3,1384,756,628,0.0033,100.0,0.0,0.0,0.0,1434.0,1931.7,1975.94,493.8,86.1,3,3,3,0.0,0.0,33.3333,0.0,68,461.3333,0.8307,0.0011,0.0011,10.828
2026-06-21 13:00:00,Qwen,3,2350,1600,750,0.0038,100.0,0.0,0.0,0.0,2144.0,2540.0,2575.2,724.0,136.0,3,3,3,0.0,0.0,66.6667,0.0,0,783.3333,0.4688,0.0013,0.0013,0.0
2026-06-21 14:00:00,DeepSeek,87,53766,35602,18164,0.0645,97.7011,2.2989,0.0,1.1494,6079.0,8541.9,9578.86,8443.3,182.8,10,26,33,0.0,8.046,20.6897,0.0,3073,618.0,0.5102,0.0007,0.0008,16.9181
2026-06-21 14:00:00,MiniMax,5,3471,2537,934,0.0083,100.0,0.0,0.0,0.0,1091.0,1238.6,1259.72,592.8,92.0,3,3,5,0.0,0.0,20.0,20.0,130,694.2,0.3682,0.0017,0.0017,13.9186
2026-06-21 15:00:00,DeepSeek,72,47884,34970,12914,0.0575,100.0,0.0,0.0,0.0,5964.0,8559.55,9426.37,7351.05,189.5,10,26,32,0.0,1.3889,22.2222,0.0,2217,665.0556,0.3693,0.0008,0.0008,17.1674
2026-06-21 15:00:00,MiniMax,1,396,194,202,0.001,100.0,0.0,0.0,0.0,1326.0,1326.0,1326.0,415.0,130.0,1,1,1,0.0,0.0,0.0,0.0,37,396.0,1.0412,0.001,0.001,18.3168
2026-06-21 15:00:00,Qwen,2,942,491,451,0.0015,100.0,0.0,0.0,0.0,1846.5,2464.35,2519.27,494.45,104.6,2,2,2,0.0,0.0,0.0,0.0,0,471.0,0.9185,0.0008,0.0008,0.0
2026-06-21 16:00:00,DeepSeek,82,56225,39418,16807,0.0675,96.3415,3.6585,0.0,2.439,6101.0,7371.15,8201.31,6820.2,157.8,10,26,32,1.2195,7.3171,20.7317,0.0,2502,685.6707,0.4264,0.0008,0.0009,14.8867
2026-06-21 16:00:00,MiniMax,3,2763,2257,506,0.0066,100.0,0.0,0.0,0.0,895.0,938.2,942.04,533.9,28.3,3,3,3,0.0,0.0,33.3333,0.0,84,921.0,0.2242,0.0022,0.0022,16.6008
2026-06-21 16:00:00,Qwen,1,418,220,198,0.0007,100.0,0.0,0.0,0.0,1571.0,1571.0,1571.0,440.0,8.0,1,1,1,0.0,0.0,0.0,0.0,0,418.0,0.9,0.0007,0.0007,0.0
2026-06-21 17:00:00,DeepSeek,77,57026,40323,16703,0.0684,100.0,0.0,0.0,0.0,6185.0,7745.4,9476.2,7069.8,142.0,10,29,34,0.0,2.5974,12.987,0.0,2509,740.5974,0.4142,0.0009,0.0009,15.0213
2026-06-21 17:00:00,MiniMax,4,3146,2219,927,0.0076,100.0,0.0,0.0,0.0,1341.0,1500.4,1503.28,511.0,132.8,4,4,4,0.0,0.0,50.0,0.0,159,786.5,0.4178,0.0019,0.0019,17.1521
2026-06-21 17:00:00,Qwen,2,2297,992,1305,0.0037,100.0,0.0,0.0,0.0,3500.0,4019.3,4065.46,709.65,74.95,2,2,2,0.0,0.0,0.0,0.0,0,1148.5,1.3155,0.0018,0.0018,0.0
2026-06-21 18:00:00,DeepSeek,45,30579,22671,7908,0.0367,97.7778,2.2222,2.2222,0.0,5970.0,7289.6,8903.8,6973.6,190.2,10,22,22,2.2222,8.8889,28.8889,0.0,1226,679.5333,0.3488,0.0008,0.0008,15.5033
2026-06-21 18:00:00,MiniMax,3,3746,2794,952,0.009,100.0,0.0,0.0,0.0,1144.0,2457.1,2573.82,601.1,104.7,3,3,3,0.0,0.0,0.0,0.0,228,1248.6667,0.3407,0.003,0.003,23.9496
2026-06-21 18:00:00,Qwen,2,1571,659,912,0.0025,100.0,0.0,0.0,0.0,2684.0,2902.7,2922.14,612.9,119.45,2,2,2,0.0,0.0,50.0,0.0,0,785.5,1.3839,0.0013,0.0013,0.0
2026-06-21 19:00:00,DeepSeek,32,20920,13843,7077,0.0251,96.875,3.125,0.0,3.125,5938.0,8987.85,9902.53,8474.65,158.35,10,20,20,0.0,0.0,6.25,0.0,1256,653.75,0.5112,0.0008,0.0008,17.7476
2026-06-21 19:00:00,MiniMax,4,1945,1466,479,0.0047,100.0,0.0,0.0,0.0,1049.5,1361.25,1395.45,470.75,66.95,3,3,4,0.0,0.0,75.0,25.0,71,486.25,0.3267,0.0012,0.0012,14.8225
2026-06-21 19:00:00,Qwen,1,740,627,113,0.0012,100.0,0.0,0.0,0.0,1268.0,1268.0,1268.0,427.0,46.0,1,1,1,0.0,0.0,100.0,0.0,0,740.0,0.1802,0.0012,0.0012,0.0
2026-06-21 20:00:00,DeepSeek,49,29942,21580,8362,0.0359,95.9184,4.0816,0.0,4.0816,5853.0,7395.8,7908.16,7061.0,187.4,10,22,22,2.0408,6.1224,22.449,0.0,1548,611.0612,0.3875,0.0007,0.0008,18.5123
2026-06-21 20:00:00,MiniMax,1,490,249,241,0.0012,100.0,0.0,0.0,0.0,1481.0,1481.0,1481.0,484.0,95.0,1,1,1,0.0,0.0,100.0,0.0,53,490.0,0.9679,0.0012,0.0012,21.9917
2026-06-21 20:00:00,Qwen,2,763,307,456,0.0012,50.0,50.0,0.0,50.0,1591.5,1654.05,1659.61,516.1,60.0,2,2,2,0.0,0.0,0.0,0.0,0,381.5,1.4853,0.0006,0.0012,0.0
2026-06-21 21:00:00,DeepSeek,55,34900,23667,11233,0.0419,96.3636,3.6364,1.8182,1.8182,6288.0,8857.0,9344.5,8827.0,164.6,10,24,28,1.8182,1.8182,21.8182,0.0,1795,634.5455,0.4746,0.0008,0.0008,15.9797
2026-06-21 21:00:00,MiniMax,4,1732,1263,469,0.0042,100.0,0.0,0.0,0.0,1016.0,1392.25,1443.25,495.3,114.0,3,4,4,25.0,0.0,25.0,0.0,84,433.0,0.3713,0.001,0.001,17.9104
2026-06-21 21:00:00,Qwen,2,962,626,336,0.0015,100.0,0.0,0.0,0.0,1456.5,1520.85,1526.57,485.5,108.65,2,2,2,0.0,0.0,50.0,0.0,0,481.0,0.5367,0.0008,0.0008,0.0
2026-06-21 22:00:00,DeepSeek,32,21249,15943,5306,0.0255,90.625,9.375,0.0,3.125,5915.0,7442.4,7950.56,7028.1,145.7,8,17,17,0.0,6.25,21.875,0.0,884,664.0312,0.3328,0.0008,0.0009,16.6604
2026-06-21 22:00:00,MiniMax,1,516,417,99,0.0012,100.0,0.0,0.0,0.0,943.0,943.0,943.0,364.0,20.0,1,1,1,0.0,0.0,0.0,0.0,25,516.0,0.2374,0.0012,0.0012,25.2525
2026-06-21 22:00:00,Qwen,1,458,201,257,0.0007,100.0,0.0,0.0,0.0,2291.0,2291.0,2291.0,630.0,188.0,1,1,1,0.0,0.0,0.0,0.0,0,458.0,1.2786,0.0007,0.0007,0.0
2026-06-21 23:00:00,DeepSeek,29,19289,13671,5618,0.0231,93.1034,6.8966,0.0,0.0,6078.0,8588.0,9007.6,8433.2,162.6,9,15,19,0.0,6.8966,10.3448,0.0,883,665.1379,0.4109,0.0008,0.0009,15.7173
2026-06-22 00:00:00,DeepSeek,17,11310,7628,3682,0.0136,100.0,0.0,0.0,0.0,5978.0,7653.6,8877.92,6977.2,131.2,7,14,12,0.0,0.0,23.5294,0.0,560,665.2941,0.4827,0.0008,0.0008,15.2091
2026-06-22 00:00:00,MiniMax,1,1037,881,156,0.0025,100.0,0.0,0.0,0.0,1000.0,1000.0,1000.0,385.0,80.0,1,1,1,0.0,0.0,100.0,0.0,35,1037.0,0.1771,0.0025,0.0025,22.4359
2026-06-22 01:00:00,DeepSeek,18,11371,7720,3651,0.0136,100.0,0.0,0.0,0.0,6233.5,8718.4,8974.08,8231.1,156.75,9,15,14,0.0,5.5556,27.7778,0.0,578,631.7222,0.4729,0.0008,0.0008,15.8313
2026-06-22 01:00:00,Qwen,1,638,559,79,0.001,100.0,0.0,0.0,0.0,853.0,853.0,853.0,436.0,10.0,1,1,1,0.0,0.0,0.0,0.0,0,638.0,0.1413,0.001,0.001,0.0
2026-06-22 02:00:00,DeepSeek,29,15910,11114,4796,0.0191,93.1034,6.8966,0.0,3.4483,6090.0,8118.8,9432.4,8088.8,153.6,10,16,17,0.0,3.4483,3.4483,0.0,883,548.6207,0.4315,0.0007,0.0007,18.4112
2026-06-22 02:00:00,MiniMax,1,473,382,91,0.0011,0.0,100.0,100.0,0.0,940.0,940.0,940.0,368.0,23.0,1,1,1,0.0,0.0,0.0,0.0,8,473.0,0.2382,0.0011,,8.7912
2026-06-22 02:00:00,Qwen,1,839,722,117,0.0013,100.0,0.0,0.0,0.0,1207.0,1207.0,1207.0,435.0,28.0,1,1,1,0.0,0.0,0.0,0.0,0,839.0,0.162,0.0013,0.0013,0.0
2026-06-22 03:00:00,DeepSeek,17,8959,6242,2717,0.0108,88.2353,11.7647,5.8824,5.8824,5819.0,8501.4,8941.08,8369.0,108.2,7,12,13,0.0,0.0,11.7647,0.0,477,527.0,0.4353,0.0006,0.0007,17.5561
2026-06-22 03:00:00,MiniMax,1,569,446,123,0.0014,100.0,0.0,0.0,0.0,861.0,861.0,861.0,543.0,149.0,1,1,1,0.0,0.0,0.0,0.0,10,569.0,0.2758,0.0014,0.0014,8.1301
2026-06-22 04:00:00,DeepSeek,30,22618,15871,6747,0.0271,93.3333,6.6667,6.6667,0.0,6080.5,8347.55,8916.53,8187.5,161.9,9,18,20,3.3333,6.6667,13.3333,0.0,932,753.9333,0.4251,0.0009,0.001,13.8135
2026-06-22 04:00:00,MiniMax,1,656,544,112,0.0016,100.0,0.0,0.0,0.0,1088.0,1088.0,1088.0,625.0,122.0,1,1,1,0.0,0.0,0.0,0.0,8,656.0,0.2059,0.0016,0.0016,7.1429
2026-06-22 04:00:00,Qwen,1,655,299,356,0.001,100.0,0.0,0.0,0.0,2266.0,2266.0,2266.0,477.0,55.0,1,1,1,0.0,0.0,0.0,0.0,0,655.0,1.1906,0.001,0.001,0.0
2026-06-22 05:00:00,DeepSeek,18,11015,7515,3500,0.0132,100.0,0.0,0.0,0.0,6003.5,8486.25,8564.45,6825.1,155.65,9,14,16,0.0,0.0,0.0,0.0,504,611.9444,0.4657,0.0007,0.0007,14.4
2026-06-22 05:00:00,MiniMax,1,443,308,135,0.0011,100.0,0.0,0.0,0.0,820.0,820.0,820.0,542.0,80.0,1,1,1,0.0,0.0,100.0,0.0,26,443.0,0.4383,0.0011,0.0011,19.2593
2026-06-22 06:00:00,DeepSeek,57,45591,35070,10521,0.0547,96.4912,3.5088,0.0,1.7544,5969.0,7090.4,9027.2,7060.4,153.6,10,24,25,3.5088,5.2632,22.807,0.0,1719,799.8421,0.3,0.001,0.001,16.3388
2026-06-22 06:00:00,MiniMax,2,1615,1321,294,0.0039,100.0,0.0,0.0,0.0,1217.0,1379.9,1394.38,513.85,114.0,2,2,2,0.0,0.0,0.0,0.0,55,807.5,0.2226,0.0019,0.0019,18.7075
2026-06-22 06:00:00,Qwen,1,466,154,312,0.0007,100.0,0.0,0.0,0.0,2055.0,2055.0,2055.0,486.0,79.0,1,1,1,100.0,0.0,0.0,0.0,0,466.0,2.026,0.0007,0.0007,0.0
2026-06-22 07:00:00,DeepSeek,66,43395,30831,12564,0.0521,92.4242,7.5758,3.0303,3.0303,6072.5,8759.25,9818.7,8596.75,194.75,10,23,28,0.0,6.0606,27.2727,0.0,2049,657.5,0.4075,0.0008,0.0009,16.3085
2026-06-22 07:00:00,MiniMax,4,1889,1130,759,0.0045,100.0,0.0,0.0,0.0,1208.5,1881.85,1968.37,574.25,119.8,3,4,4,0.0,0.0,25.0,0.0,152,472.25,0.6717,0.0011,0.0011,20.0264
2026-06-22 07:00:00,Qwen,2,1145,780,365,0.0018,100.0,0.0,0.0,0.0,1346.0,1500.8,1514.56,628.55,20.65,2,2,2,0.0,0.0,0.0,0.0,0,572.5,0.4679,0.0009,0.0009,0.0
2026-06-22 08:00:00,DeepSeek,62,46016,36076,9940,0.0552,98.3871,1.6129,0.0,0.0,5954.0,7212.15,9361.86,6883.95,160.9,10,26,31,1.6129,3.2258,16.129,0.0,1529,742.1935,0.2755,0.0009,0.0009,15.3823
2026-06-22 08:00:00,MiniMax,3,1370,967,403,0.0033,100.0,0.0,0.0,0.0,1006.0,1686.4,1746.88,552.8,83.6,3,3,3,0.0,0.0,0.0,0.0,87,456.6667,0.4168,0.0011,0.0011,21.5881
2026-06-22 09:00:00,DeepSeek,108,77888,55170,22718,0.0935,94.4444,5.5556,0.0,2.7778,6058.0,8387.55,9751.82,8046.05,172.2,10,28,35,0.9259,3.7037,17.5926,0.0,3832,721.1852,0.4118,0.0009,0.0009,16.8677
2026-06-22 09:00:00,MiniMax,9,5899,3828,2071,0.0142,100.0,0.0,0.0,0.0,1240.0,1799.4,1837.48,560.6,172.2,6,9,8,0.0,22.2222,11.1111,0.0,221,655.4444,0.541,0.0016,0.0016,10.6712
2026-06-22 09:00:00,Qwen,1,596,520,76,0.001,100.0,0.0,0.0,0.0,1000.0,1000.0,1000.0,380.0,16.0,1,1,1,0.0,0.0,0.0,0.0,0,596.0,0.1462,0.001,0.001,0.0
2026-06-22 10:00:00,DeepSeek,114,78955,54262,24693,0.0948,98.2456,1.7544,0.8772,0.8772,6070.5,7945.65,10717.85,6948.45,154.4,10,29,36,2.6316,3.5088,18.4211,0.0,3816,692.5877,0.4551,0.0008,0.0008,15.4538
2026-06-22 10:00:00,MiniMax,6,4110,3130,980,0.0099,100.0,0.0,0.0,0.0,1279.0,1341.75,1343.55,490.5,56.0,5,5,6,0.0,0.0,50.0,0.0,214,685.0,0.3131,0.0016,0.0016,21.8367
2026-06-22 10:00:00,Qwen,4,2498,1733,765,0.004,75.0,25.0,0.0,0.0,1238.0,2186.6,2313.32,651.1,130.05,4,4,4,0.0,0.0,0.0,0.0,0,624.5,0.4414,0.001,0.0013,0.0
2026-06-22 11:00:00,DeepSeek,110,80484,54684,25800,0.0966,95.4545,4.5455,0.0,1.8182,6091.0,8687.55,9240.24,8560.7,165.35,10,29,36,0.9091,5.4545,20.9091,0.0,4129,731.6727,0.4718,0.0009,0.0009,16.0039
2026-06-22 11:00:00,MiniMax,6,5001,3445,1556,0.012,100.0,0.0,0.0,0.0,1215.0,2558.75,2767.75,664.0,151.75,5,6,5,0.0,16.6667,16.6667,0.0,344,833.5,0.4517,0.002,0.002,22.108
2026-06-22 12:00:00,DeepSeek,119,92311,65009,27302,0.1108,94.1176,5.8824,2.521,1.6807,6169.0,8549.8,9479.4,7792.6,177.5,10,29,36,0.8403,8.4034,24.3697,0.0,4736,775.7227,0.42,0.0009,0.001,17.3467
2026-06-22 12:00:00,MiniMax,9,7662,6041,1621,0.0184,100.0,0.0,0.0,0.0,1033.0,2158.6,2512.52,688.6,181.2,6,8,7,0.0,0.0,11.1111,0.0,207,851.3333,0.2683,0.002,0.002,12.7699
2026-06-22 12:00:00,Qwen,4,2427,1516,911,0.0039,100.0,0.0,0.0,0.0,1684.0,2077.85,2097.17,1217.8,58.85,3,3,4,0.0,25.0,0.0,0.0,0,606.75,0.6009,0.001,0.001,0.0
2026-06-22 13:00:00,DeepSeek,122,86865,62131,24734,0.1042,97.541,2.459,0.8197,0.0,6128.0,8699.95,9905.18,8669.95,146.15,10,29,40,1.6393,2.459,18.8525,0.0,4077,712.0082,0.3981,0.0009,0.0009,16.4834
2026-06-22 13:00:00,MiniMax,4,2892,2002,890,0.0069,100.0,0.0,0.0,0.0,1217.0,2459.6,2622.32,771.2,275.8,4,4,4,0.0,0.0,50.0,0.0,204,723.0,0.4446,0.0017,0.0017,22.9213
2026-06-22 13:00:00,Qwen,5,2461,1596,865,0.0039,100.0,0.0,0.0,0.0,1761.0,1804.2,1808.84,623.2,65.2,2,4,5,0.0,0.0,20.0,0.0,0,492.2,0.542,0.0008,0.0008,0.0
2026-06-22 14:00:00,DeepSeek,111,85145,60903,24242,0.1022,94.5946,5.4054,1.8018,1.8018,6194.0,8511.5,8845.0,8298.0,146.5,10,30,39,0.0,3.6036,16.2162,0.0,3987,767.0721,0.398,0.0009,0.001,16.4467
2026-06-22 14:00:00,MiniMax,2,771,403,368,0.0018,100.0,0.0,0.0,0.0,1152.0,1353.6,1371.52,518.15,110.1,2,2,2,0.0,0.0,100.0,0.0,65,385.5,0.9132,0.0009,0.0009,17.663
2026-06-22 14:00:00,Qwen,2,984,645,339,0.0016,100.0,0.0,0.0,0.0,1553.5,1593.55,1597.11,580.85,100.1,2,2,2,0.0,0.0,0.0,0.0,0,492.0,0.5256,0.0008,0.0008,0.0
2026-06-22 15:00:00,DeepSeek,125,86609,60756,25853,0.1039,95.2,4.8,0.0,1.6,6091.0,7418.4,9350.84,7063.2,171.0,10,30,31,0.8,1.6,21.6,0.0,4294,692.872,0.4255,0.0008,0.0009,16.6093
2026-06-22 15:00:00,MiniMax,3,2485,1929,556,0.006,100.0,0.0,0.0,0.0,1055.0,1210.7,1224.54,737.6,83.1,3,3,3,0.0,33.3333,66.6667,0.0,98,828.3333,0.2882,0.002,0.002,17.6259
2026-06-22 16:00:00,DeepSeek,112,73489,51373,22116,0.0882,96.4286,3.5714,0.8929,2.6786,6040.0,7249.6,8575.9,6935.0,178.0,10,29,38,0.0,0.8929,26.7857,0.0,3729,656.1518,0.4305,0.0008,0.0008,16.8611
2026-06-22 16:00:00,MiniMax,8,4588,3200,1388,0.011,100.0,0.0,0.0,0.0,1031.5,1856.95,1952.99,602.05,116.5,6,8,8,0.0,0.0,12.5,0.0,265,573.5,0.4338,0.0014,0.0014,19.0922
2026-06-22 16:00:00,Qwen,3,1845,1198,647,0.003,100.0,0.0,0.0,0.0,1781.0,2100.5,2128.9,1275.5,29.9,3,3,3,0.0,0.0,0.0,0.0,0,615.0,0.5401,0.001,0.001,0.0
2026-06-22 17:00:00,DeepSeek,107,69992,45156,24836,0.084,97.1963,2.8037,1.8692,0.9346,6072.0,7630.1,8190.72,6853.2,144.5,10,26,35,0.9346,6.5421,10.2804,0.9346,4125,654.1308,0.55,0.0008,0.0008,16.609
2026-06-22 17:00:00,MiniMax,7,5127,3323,1804,0.0123,85.7143,14.2857,0.0,14.2857,1148.0,2341.3,2537.86,583.8,87.9,6,7,6,0.0,0.0,0.0,0.0,279,732.4286,0.5429,0.0018,0.0021,15.4656
2026-06-22 17:00:00,Qwen,1,1292,710,582,0.0021,100.0,0.0,0.0,0.0,3731.0,3731.0,3731.0,892.0,129.0,1,1,1,0.0,0.0,100.0,0.0,0,1292.0,0.8197,0.0021,0.0021,0.0
2026-06-22 18:00:00,DeepSeek,75,58268,40672,17596,0.0699,92.0,8.0,0.0,4.0,6228.0,8636.9,9557.7,8385.0,146.1,10,25,28,1.3333,6.6667,21.3333,0.0,3007,776.9067,0.4326,0.0009,0.001,17.0891
2026-06-22 18:00:00,MiniMax,1,422,275,147,0.001,100.0,0.0,0.0,0.0,1217.0,1217.0,1217.0,665.0,96.0,1,1,1,0.0,0.0,0.0,0.0,33,422.0,0.5345,0.001,0.001,22.449
2026-06-22 18:00:00,Qwen,2,1242,903,339,0.002,50.0,50.0,0.0,50.0,1275.5,1379.45,1388.69,529.4,21.25,2,2,2,0.0,0.0,0.0,0.0,0,621.0,0.3754,0.001,0.002,0.0
2026-06-22 19:00:00,DeepSeek,71,45488,32110,13378,0.0546,100.0,0.0,0.0,0.0,5922.0,7176.5,8978.6,6722.5,183.0,10,24,29,1.4085,0.0,18.3099,1.4085,2121,640.6761,0.4166,0.0008,0.0008,15.8544
2026-06-22 19:00:00,MiniMax,1,514,388,126,0.0012,100.0,0.0,0.0,0.0,763.0,763.0,763.0,447.0,17.0,1,1,1,0.0,0.0,0.0,0.0,27,514.0,0.3247,0.0012,0.0012,21.4286
2026-06-22 20:00:00,DeepSeek,69,49004,33379,15625,0.0588,97.1014,2.8986,1.4493,1.4493,6200.0,8558.6,9635.88,8044.4,153.2,10,27,29,1.4493,2.8986,11.5942,0.0,2694,710.2029,0.4681,0.0009,0.0009,17.2416
2026-06-22 20:00:00,MiniMax,4,3880,3358,522,0.0093,100.0,0.0,0.0,0.0,1108.0,1274.35,1282.87,712.55,92.75,3,3,3,0.0,0.0,0.0,0.0,66,970.0,0.1554,0.0023,0.0023,12.6437
2026-06-22 20:00:00,Qwen,2,1316,709,607,0.0021,100.0,0.0,0.0,0.0,1533.0,1560.0,1562.4,456.45,52.45,2,2,2,0.0,0.0,0.0,0.0,0,658.0,0.8561,0.0011,0.0011,0.0
2026-06-22 21:00:00,DeepSeek,62,40530,29021,11509,0.0486,96.7742,3.2258,0.0,1.6129,6044.0,7510.1,8645.91,7194.15,130.95,10,22,27,1.6129,6.4516,11.2903,0.0,1982,653.7097,0.3966,0.0008,0.0008,17.2213
2026-06-22 21:00:00,MiniMax,3,1522,1044,478,0.0037,100.0,0.0,0.0,0.0,1373.0,1631.3,1654.26,588.0,89.4,2,3,3,0.0,0.0,0.0,0.0,116,507.3333,0.4579,0.0012,0.0012,24.2678
2026-06-22 22:00:00,DeepSeek,25,16467,10102,6365,0.0198,92.0,8.0,0.0,4.0,6215.0,8144.6,8843.24,7213.2,166.8,8,16,20,0.0,0.0,12.0,0.0,970,658.68,0.6301,0.0008,0.0009,15.2396
2026-06-22 22:00:00,MiniMax,2,1608,901,707,0.0039,100.0,0.0,0.0,0.0,1440.5,1452.65,1453.73,538.95,150.4,1,2,2,0.0,0.0,0.0,0.0,58,804.0,0.7847,0.0019,0.0019,8.2037
2026-06-22 22:00:00,Qwen,1,434,266,168,0.0007,100.0,0.0,0.0,0.0,1248.0,1248.0,1248.0,460.0,69.0,1,1,1,0.0,0.0,0.0,0.0,0,434.0,0.6316,0.0007,0.0007,0.0
2026-06-22 23:00:00,DeepSeek,26,16377,11102,5275,0.0197,96.1538,3.8462,0.0,0.0,6078.0,7462.75,8423.0,6749.75,136.25,10,19,20,0.0,0.0,7.6923,0.0,811,629.8846,0.4751,0.0008,0.0008,15.3744
2026-06-22 23:00:00,MiniMax,1,584,432,152,0.0014,100.0,0.0,0.0,0.0,958.0,958.0,958.0,450.0,63.0,1,1,1,0.0,0.0,0.0,0.0,15,584.0,0.3519,0.0014,0.0014,9.8684
2026-06-22 23:00:00,Qwen,1,637,409,228,0.001,100.0,0.0,0.0,0.0,1710.0,1710.0,1710.0,463.0,63.0,1,1,1,0.0,0.0,0.0,0.0,0,637.0,0.5575,0.001,0.001,0.0
2026-06-23 00:00:00,DeepSeek,17,10209,7441,2768,0.0123,100.0,0.0,0.0,0.0,5864.0,6316.4,6394.48,5928.0,205.6,7,13,12,0.0,5.8824,5.8824,0.0,470,600.5294,0.372,0.0007,0.0007,16.9798
2026-06-23 00:00:00,MiniMax,1,907,626,281,0.0022,100.0,0.0,0.0,0.0,1728.0,1728.0,1728.0,368.0,64.0,1,1,1,0.0,0.0,0.0,0.0,41,907.0,0.4489,0.0022,0.0022,14.5907
2026-06-23 01:00:00,DeepSeek,16,11982,8274,3708,0.0144,87.5,12.5,0.0,6.25,5913.0,8551.0,9081.4,8171.5,171.5,7,14,11,0.0,6.25,12.5,0.0,590,748.875,0.4482,0.0009,0.001,15.9115
2026-06-23 01:00:00,MiniMax,1,767,500,267,0.0018,100.0,0.0,0.0,0.0,1493.0,1493.0,1493.0,587.0,65.0,1,1,1,0.0,0.0,0.0,0.0,57,767.0,0.534,0.0018,0.0018,21.3483
2026-06-23 01:00:00,Qwen,1,535,336,199,0.0009,100.0,0.0,0.0,0.0,1091.0,1091.0,1091.0,470.0,42.0,1,1,1,0.0,0.0,100.0,0.0,0,535.0,0.5923,0.0009,0.0009,0.0
2026-06-23 02:00:00,DeepSeek,27,20778,14522,6256,0.0249,92.5926,7.4074,0.0,7.4074,5897.0,8663.2,9052.24,8633.2,165.5,9,14,18,0.0,11.1111,14.8148,0.0,1056,769.5556,0.4308,0.0009,0.001,16.8798
2026-06-23 02:00:00,MiniMax,1,517,259,258,0.0012,100.0,0.0,0.0,0.0,1439.0,1439.0,1439.0,482.0,65.0,1,1,1,0.0,0.0,0.0,0.0,61,517.0,0.9961,0.0012,0.0012,23.6434
2026-06-23 03:00:00,DeepSeek,22,13700,9065,4635,0.0164,100.0,0.0,0.0,0.0,6247.5,8507.55,9665.4,8471.15,154.3,9,13,15,0.0,4.5455,13.6364,0.0,785,622.7273,0.5113,0.0007,0.0007,16.9364
2026-06-23 04:00:00,DeepSeek,27,16481,10590,5891,0.0198,96.2963,3.7037,0.0,3.7037,6096.0,7843.9,8375.36,7637.1,136.5,9,15,17,0.0,0.0,22.2222,0.0,887,610.4074,0.5563,0.0007,0.0008,15.0569
2026-06-23 04:00:00,MiniMax,1,413,307,106,0.001,100.0,0.0,0.0,0.0,963.0,963.0,963.0,538.0,162.0,1,1,1,0.0,0.0,100.0,0.0,16,413.0,0.3453,0.001,0.001,15.0943
2026-06-23 05:00:00,DeepSeek,20,13031,8839,4192,0.0156,100.0,0.0,0.0,0.0,6132.5,9192.55,9976.11,8855.75,211.25,9,16,16,0.0,0.0,15.0,0.0,785,651.55,0.4743,0.0008,0.0008,18.7261
2026-06-23 05:00:00,Qwen,1,486,373,113,0.0008,100.0,0.0,0.0,0.0,1071.0,1071.0,1071.0,408.0,34.0,1,1,1,0.0,0.0,0.0,0.0,0,486.0,0.3029,0.0008,0.0008,0.0
2026-06-23 06:00:00,DeepSeek,62,45608,33113,12495,0.0547,95.1613,4.8387,0.0,1.6129,6051.5,8358.55,9244.2,8318.3,184.4,10,24,28,0.0,1.6129,27.4194,0.0,1903,735.6129,0.3773,0.0009,0.0009,15.2301
2026-06-23 06:00:00,MiniMax,4,2452,1787,665,0.0059,100.0,0.0,0.0,0.0,1042.5,1525.7,1585.94,644.6,127.15,3,3,3,0.0,25.0,25.0,0.0,117,613.0,0.3721,0.0015,0.0015,17.594
2026-06-23 07:00:00,DeepSeek,64,41147,29372,11775,0.0494,93.75,6.25,0.0,4.6875,6021.0,8380.5,9502.29,8350.5,154.8,10,25,29,0.0,3.125,28.125,0.0,1886,642.9219,0.4009,0.0008,0.0008,16.017
2026-06-23 07:00:00,MiniMax,3,2375,1899,476,0.0057,100.0,0.0,0.0,0.0,1144.0,1475.2,1504.64,610.6,109.8,3,3,3,0.0,0.0,33.3333,0.0,63,791.6667,0.2507,0.0019,0.0019,13.2353
2026-06-23 07:00:00,Qwen,2,755,527,228,0.0012,50.0,50.0,50.0,0.0,1145.0,1467.2,1495.84,516.35,73.75,2,2,2,0.0,0.0,0.0,0.0,0,377.5,0.4326,0.0006,0.0012,0.0
2026-06-23 08:00:00,DeepSeek,53,35873,24992,10881,0.043,98.1132,1.8868,0.0,1.8868,6079.0,8753.4,9341.24,8723.4,160.0,9,24,23,0.0,1.8868,11.3208,0.0,1781,676.8491,0.4354,0.0008,0.0008,16.368
2026-06-23 08:00:00,MiniMax,2,775,584,191,0.0019,100.0,0.0,0.0,0.0,1044.0,1133.1,1141.02,456.8,63.65,2,2,2,0.0,0.0,0.0,0.0,31,387.5,0.3271,0.0009,0.0009,16.2304
2026-06-23 08:00:00,Qwen,1,630,220,410,0.001,100.0,0.0,0.0,0.0,2448.0,2448.0,2448.0,561.0,59.0,1,1,1,0.0,0.0,0.0,0.0,0,630.0,1.8636,0.001,0.001,0.0
2026-06-23 09:00:00,DeepSeek,95,64221,43877,20344,0.0771,97.8947,2.1053,0.0,1.0526,6009.0,8072.1,9083.3,7757.4,149.7,10,27,36,2.1053,5.2632,17.8947,0.0,3380,676.0105,0.4637,0.0008,0.0008,16.6142
2026-06-23 09:00:00,MiniMax,3,1978,1437,541,0.0047,100.0,0.0,0.0,0.0,1099.0,1577.8,1620.36,489.7,35.5,3,3,3,0.0,0.0,0.0,0.0,110,659.3333,0.3765,0.0016,0.0016,20.3327
2026-06-23 09:00:00,Qwen,3,2207,1489,718,0.0035,66.6667,33.3333,0.0,0.0,1571.0,2357.6,2427.52,720.6,79.3,2,3,3,0.0,33.3333,0.0,33.3333,0,735.6667,0.4822,0.0012,0.0018,0.0
2026-06-23 10:00:00,DeepSeek,119,83324,59152,24172,0.1,94.958,5.042,0.0,3.3613,6029.0,7757.9,8886.74,7675.5,133.3,10,29,32,1.6807,6.7227,17.6471,0.0,3904,700.2017,0.4086,0.0008,0.0009,16.1509
2026-06-23 10:00:00,MiniMax,6,3598,2307,1291,0.0086,100.0,0.0,0.0,0.0,1352.0,1637.75,1692.35,466.75,122.75,5,6,6,0.0,0.0,33.3333,0.0,270,599.6667,0.5596,0.0014,0.0014,20.914
2026-06-23 10:00:00,Qwen,1,520,306,214,0.0008,0.0,100.0,0.0,0.0,1324.0,1324.0,1324.0,377.0,18.0,1,1,1,0.0,0.0,0.0,0.0,0,520.0,0.6993,0.0008,,0.0
2026-06-23 11:00:00,DeepSeek,115,78311,56219,22092,0.094,97.3913,2.6087,0.8696,0.0,6030.0,8260.7,9367.94,8230.7,146.3,10,27,38,1.7391,4.3478,18.2609,0.0,3505,680.9652,0.393,0.0008,0.0008,15.8655
2026-06-23 11:00:00,MiniMax,3,1738,1192,546,0.0042,100.0,0.0,0.0,0.0,1165.0,1792.3,1848.06,542.6,58.0,3,3,3,0.0,0.0,33.3333,0.0,94,579.3333,0.4581,0.0014,0.0014,17.2161
2026-06-23 11:00:00,Qwen,2,2051,892,1159,0.0033,100.0,0.0,0.0,0.0,3252.0,4863.0,5006.2,914.9,98.05,2,2,2,0.0,0.0,0.0,0.0,0,1025.5,1.2993,0.0016,0.0016,0.0
2026-06-23 12:00:00,DeepSeek,108,77529,52734,24795,0.093,98.1481,1.8519,1.8519,0.0,6132.5,8206.65,9187.14,8129.75,138.95,10,29,38,2.7778,5.5556,21.2963,0.0,4258,717.8611,0.4702,0.0009,0.0009,17.1728
2026-06-23 12:00:00,MiniMax,7,3866,2890,976,0.0093,100.0,0.0,0.0,0.0,1153.0,1270.7,1287.74,629.8,145.6,5,6,6,0.0,0.0,57.1429,0.0,190,552.2857,0.3377,0.0013,0.0013,19.4672
2026-06-23 12:00:00,Qwen,2,1512,904,608,0.0024,50.0,50.0,0.0,50.0,1905.0,2420.7,2466.54,585.3,150.75,2,2,2,0.0,0.0,0.0,0.0,0,756.0,0.6726,0.0012,0.0024,0.0
2026-06-23 13:00:00,DeepSeek,94,64685,45119,19566,0.0776,95.7447,4.2553,0.0,2.1277,5995.5,7290.65,8797.24,6967.75,145.75,10,29,36,3.1915,2.1277,13.8298,0.0,3065,688.1383,0.4337,0.0008,0.0009,15.6649
2026-06-23 13:00:00,MiniMax,3,2504,1982,522,0.006,100.0,0.0,0.0,0.0,1227.0,1743.6,1789.52,478.2,101.4,3,3,3,0.0,0.0,33.3333,0.0,72,834.6667,0.2634,0.002,0.002,13.7931
2026-06-23 13:00:00,Qwen,2,1436,705,731,0.0023,100.0,0.0,0.0,0.0,2394.0,3544.2,3646.44,1239.4,44.7,2,2,2,0.0,0.0,50.0,0.0,0,718.0,1.0369,0.0011,0.0011,0.0
2026-06-23 14:00:00,DeepSeek,116,81051,56317,24734,0.0973,98.2759,1.7241,0.0,0.8621,6020.5,7722.5,9459.75,7273.0,153.0,10,28,37,1.7241,4.3103,15.5172,0.0,3861,698.7155,0.4392,0.0008,0.0009,15.6101
2026-06-23 14:00:00,MiniMax,1,440,300,140,0.0011,100.0,0.0,0.0,0.0,753.0,753.0,753.0,434.0,25.0,1,1,1,0.0,0.0,0.0,0.0,31,440.0,0.4667,0.0011,0.0011,22.1429
2026-06-23 14:00:00,Qwen,2,1372,652,720,0.0022,100.0,0.0,0.0,0.0,2204.5,2825.05,2880.21,602.7,100.6,2,2,2,50.0,0.0,50.0,50.0,0,686.0,1.1043,0.0011,0.0011,0.0
2026-06-23 15:00:00,DeepSeek,98,65182,45216,19966,0.0782,96.9388,3.0612,1.0204,2.0408,6125.5,7950.0,9201.81,7586.75,148.65,10,27,32,0.0,4.0816,21.4286,0.0,3274,665.1224,0.4416,0.0008,0.0008,16.3979
2026-06-23 15:00:00,MiniMax,4,2564,1700,864,0.0062,100.0,0.0,0.0,0.0,1425.5,1922.0,1950.8,593.6,118.1,4,4,4,0.0,0.0,25.0,0.0,157,641.0,0.5082,0.0015,0.0015,18.1713
2026-06-23 15:00:00,Qwen,6,3874,2572,1302,0.0062,100.0,0.0,0.0,0.0,1779.5,2267.0,2271.8,582.5,121.0,4,5,6,0.0,16.6667,0.0,0.0,0,645.6667,0.5062,0.001,0.001,0.0
2026-06-23 16:00:00,DeepSeek,110,76330,52861,23469,0.0916,98.1818,1.8182,0.9091,0.0,5988.5,8919.3,9347.46,8467.95,157.95,10,25,33,2.7273,2.7273,28.1818,0.0,3908,693.9091,0.444,0.0008,0.0008,16.6518
2026-06-23 16:00:00,MiniMax,7,5828,3990,1838,0.014,100.0,0.0,0.0,0.0,1409.0,1932.3,2052.06,906.1,188.5,6,7,6,0.0,0.0,0.0,0.0,308,832.5714,0.4607,0.002,0.002,16.7573
2026-06-23 16:00:00,Qwen,1,452,166,286,0.0007,100.0,0.0,0.0,0.0,2314.0,2314.0,2314.0,525.0,117.0,1,1,1,0.0,0.0,100.0,0.0,0,452.0,1.7229,0.0007,0.0007,0.0
2026-06-23 17:00:00,DeepSeek,109,75956,54453,21503,0.0911,99.0826,0.9174,0.9174,0.0,5975.0,7300.8,8504.96,6873.2,138.8,10,27,34,0.0,6.422,15.5963,0.0,3453,696.844,0.3949,0.0008,0.0008,16.0582
2026-06-23 17:00:00,MiniMax,4,2914,2232,682,0.007,100.0,0.0,0.0,0.0,1067.5,1601.4,1657.08,586.6,98.05,3,3,4,0.0,25.0,0.0,0.0,119,728.5,0.3056,0.0017,0.0017,17.4487
2026-06-23 17:00:00,Qwen,1,650,530,120,0.001,100.0,0.0,0.0,0.0,2166.0,2166.0,2166.0,1588.0,121.0,1,1,1,0.0,0.0,100.0,0.0,0,650.0,0.2264,0.001,0.001,0.0
2026-06-23 18:00:00,DeepSeek,76,50942,34709,16233,0.0611,97.3684,2.6316,0.0,0.0,5987.0,8605.75,9272.0,8416.75,167.25,10,29,35,1.3158,5.2632,11.8421,0.0,2775,670.2895,0.4677,0.0008,0.0008,17.0948
2026-06-23 18:00:00,MiniMax,5,2805,1839,966,0.0067,100.0,0.0,0.0,0.0,1142.0,1512.6,1561.72,469.0,92.6,4,5,5,20.0,0.0,40.0,0.0,187,561.0,0.5253,0.0013,0.0013,19.3582
2026-06-23 18:00:00,Qwen,1,1153,1033,120,0.0018,100.0,0.0,0.0,0.0,1549.0,1549.0,1549.0,806.0,216.0,1,1,1,0.0,0.0,100.0,0.0,0,1153.0,0.1162,0.0018,0.0018,0.0
2026-06-23 19:00:00,DeepSeek,56,42428,28722,13706,0.0509,98.2143,1.7857,1.7857,0.0,6105.0,8509.25,9070.25,8040.25,183.0,9,22,23,1.7857,3.5714,17.8571,0.0,2477,757.6429,0.4772,0.0009,0.0009,18.0724
2026-06-23 19:00:00,MiniMax,1,653,490,163,0.0016,100.0,0.0,0.0,0.0,1077.0,1077.0,1077.0,474.0,95.0,1,1,1,0.0,0.0,0.0,0.0,13,653.0,0.3327,0.0016,0.0016,7.9755
2026-06-23 19:00:00,Qwen,4,2414,1292,1122,0.0039,100.0,0.0,0.0,0.0,1968.5,2549.45,2577.89,1282.85,134.0,3,3,4,0.0,0.0,25.0,0.0,0,603.5,0.8684,0.001,0.001,0.0
2026-06-23 20:00:00,DeepSeek,61,38667,27429,11238,0.0464,91.8033,8.1967,0.0,4.918,5949.0,8649.0,9320.2,8619.0,134.0,9,23,24,0.0,3.2787,21.3115,0.0,1855,633.8852,0.4097,0.0008,0.0008,16.5065
2026-06-23 20:00:00,MiniMax,2,1644,1187,457,0.0039,100.0,0.0,0.0,0.0,1433.5,1526.65,1534.93,525.95,188.3,1,1,2,0.0,50.0,50.0,0.0,88,822.0,0.385,0.002,0.002,19.256
2026-06-23 21:00:00,DeepSeek,68,46625,32329,14296,0.056,95.5882,4.4118,1.4706,2.9412,6090.0,8109.2,8951.48,7396.0,153.05,10,25,30,1.4706,4.4118,11.7647,0.0,2230,685.6618,0.4422,0.0008,0.0009,15.5988
2026-06-23 21:00:00,MiniMax,4,2931,1905,1026,0.007,100.0,0.0,0.0,0.0,1298.0,1605.05,1642.61,567.95,147.3,4,4,4,0.0,0.0,0.0,25.0,170,732.75,0.5386,0.0018,0.0018,16.5692
2026-06-23 21:00:00,Qwen,3,2186,1588,598,0.0035,100.0,0.0,0.0,0.0,1735.0,2628.7,2708.14,1407.2,82.9,2,3,3,0.0,0.0,33.3333,0.0,0,728.6667,0.3766,0.0012,0.0012,0.0
2026-06-23 22:00:00,DeepSeek,29,22496,15287,7209,0.027,96.5517,3.4483,3.4483,0.0,6151.0,8812.2,9183.24,8766.6,171.6,9,16,20,0.0,6.8966,17.2414,0.0,1006,775.7241,0.4716,0.0009,0.001,13.9548
2026-06-23 22:00:00,Qwen,1,594,352,242,0.001,100.0,0.0,0.0,0.0,1303.0,1303.0,1303.0,440.0,36.0,1,1,1,0.0,0.0,0.0,0.0,0,594.0,0.6875,0.001,0.001,0.0
2026-06-23 23:00:00,DeepSeek,30,20683,14803,5880,0.0248,100.0,0.0,0.0,0.0,5992.5,6753.45,7126.79,6358.8,158.35,10,20,22,6.6667,0.0,13.3333,0.0,1035,689.4333,0.3972,0.0008,0.0008,17.602
2026-06-23 23:00:00,MiniMax,1,908,765,143,0.0022,0.0,100.0,100.0,0.0,761.0,761.0,761.0,354.0,13.0,1,1,1,0.0,100.0,0.0,0.0,15,908.0,0.1869,0.0022,,10.4895
2026-06-23 23:00:00,Qwen,2,1445,1248,197,0.0023,100.0,0.0,0.0,0.0,1206.5,1346.45,1358.89,538.7,45.6,2,2,2,0.0,0.0,0.0,0.0,0,722.5,0.1579,0.0012,0.0012,0.0
2026-06-24 00:00:00,DeepSeek,23,19591,15030,4561,0.0235,95.6522,4.3478,4.3478,0.0,5891.0,7974.5,8428.48,7927.4,189.5,9,15,16,0.0,0.0,26.087,0.0,705,851.7826,0.3035,0.001,0.0011,15.4571
2026-06-24 01:00:00,DeepSeek,34,27301,19760,7541,0.0328,91.1765,8.8235,0.0,2.9412,5546.5,7588.35,8246.06,7475.15,129.45,10,22,18,0.0,0.0,38.2353,0.0,1114,802.9706,0.3816,0.001,0.0011,14.7726
2026-06-24 01:00:00,MiniMax,5,4087,3063,1024,0.0098,100.0,0.0,0.0,0.0,1179.0,1429.2,1463.44,632.6,107.2,4,5,5,0.0,0.0,0.0,0.0,159,817.4,0.3343,0.002,0.002,15.5273
2026-06-24 02:00:00,DeepSeek,36,24543,17278,7265,0.0295,94.4444,5.5556,0.0,2.7778,5677.5,7081.5,8109.2,7051.5,110.25,9,20,20,2.7778,2.7778,11.1111,0.0,1274,681.75,0.4205,0.0008,0.0009,17.5361
2026-06-24 02:00:00,Qwen,2,2021,1802,219,0.0032,100.0,0.0,0.0,0.0,1460.5,1752.55,1778.51,898.35,96.2,2,2,2,0.0,0.0,0.0,0.0,0,1010.5,0.1215,0.0016,0.0016,0.0
2026-06-24 03:00:00,DeepSeek,44,32070,24725,7345,0.0385,93.1818,6.8182,0.0,2.2727,5374.5,7368.8,7869.5,7140.75,151.15,10,23,24,2.2727,2.2727,18.1818,0.0,1222,728.8636,0.2971,0.0009,0.0009,16.6372
2026-06-24 03:00:00,MiniMax,2,1194,945,249,0.0029,100.0,0.0,0.0,0.0,1163.5,1371.85,1390.37,665.3,176.25,2,2,2,0.0,0.0,0.0,0.0,24,597.0,0.2635,0.0014,0.0014,9.6386
2026-06-24 03:00:00,Qwen,2,1151,764,387,0.0018,100.0,0.0,0.0,0.0,1410.5,1509.05,1517.81,592.5,173.3,2,2,2,0.0,0.0,0.0,0.0,0,575.5,0.5065,0.0009,0.0009,0.0
2026-06-24 04:00:00,DeepSeek,29,20383,13909,6474,0.0245,93.1034,6.8966,0.0,6.8966,5573.0,6935.0,7587.24,6616.6,178.6,9,18,18,0.0,6.8966,27.5862,0.0,962,702.8621,0.4655,0.0008,0.0009,14.8594
2026-06-24 04:00:00,MiniMax,1,290,167,123,0.0007,100.0,0.0,0.0,0.0,971.0,971.0,971.0,451.0,13.0,1,1,1,0.0,0.0,100.0,0.0,17,290.0,0.7365,0.0007,0.0007,13.8211
2026-06-24 04:00:00,Qwen,1,669,556,113,0.0011,100.0,0.0,0.0,0.0,1244.0,1244.0,1244.0,656.0,91.0,1,1,1,0.0,0.0,0.0,0.0,0,669.0,0.2032,0.0011,0.0011,0.0
2026-06-24 05:00:00,DeepSeek,27,17573,11573,6000,0.0211,88.8889,11.1111,3.7037,0.0,5618.0,8082.6,8205.16,8052.6,127.7,9,17,19,0.0,14.8148,18.5185,0.0,946,650.8519,0.5184,0.0008,0.0009,15.7667
2026-06-24 05:00:00,MiniMax,1,599,383,216,0.0014,100.0,0.0,0.0,0.0,1317.0,1317.0,1317.0,425.0,16.0,1,1,1,0.0,0.0,0.0,0.0,33,599.0,0.564,0.0014,0.0014,15.2778
2026-06-24 05:00:00,Qwen,2,1666,1283,383,0.0027,100.0,0.0,0.0,0.0,1692.5,1705.55,1706.71,534.9,72.8,2,2,2,0.0,0.0,0.0,0.0,0,833.0,0.2985,0.0013,0.0013,0.0
2026-06-24 06:00:00,DeepSeek,90,59655,39190,20465,0.0716,92.2222,7.7778,0.0,4.4444,5630.0,7066.95,8412.51,6730.65,138.65,10,26,26,0.0,4.4444,23.3333,0.0,3343,662.8333,0.5222,0.0008,0.0009,16.3352
2026-06-24 06:00:00,MiniMax,5,3993,2655,1338,0.0096,100.0,0.0,0.0,0.0,1479.0,2204.4,2252.08,644.4,178.4,4,5,5,0.0,0.0,0.0,0.0,252,798.6,0.504,0.0019,0.0019,18.8341
2026-06-24 06:00:00,Qwen,3,1880,1518,362,0.003,100.0,0.0,0.0,0.0,1028.0,1619.3,1671.86,561.9,56.0,3,3,3,0.0,0.0,33.3333,0.0,0,626.6667,0.2385,0.001,0.001,0.0
2026-06-24 07:00:00,DeepSeek,96,62445,44370,18075,0.0749,89.5833,10.4167,2.0833,5.2083,5462.5,8020.75,8899.1,7733.75,176.75,10,26,39,1.0417,6.25,18.75,0.0,3103,650.4688,0.4074,0.0008,0.0009,17.1674
2026-06-24 07:00:00,MiniMax,3,1929,1437,492,0.0046,100.0,0.0,0.0,0.0,1077.0,1142.7,1148.54,656.2,64.0,3,3,3,0.0,0.0,0.0,0.0,102,643.0,0.3424,0.0015,0.0015,20.7317
2026-06-24 07:00:00,Qwen,3,1260,855,405,0.002,100.0,0.0,0.0,0.0,1298.0,1651.7,1683.14,1278.8,82.8,3,3,3,33.3333,0.0,0.0,0.0,0,420.0,0.4737,0.0007,0.0007,0.0
2026-06-24 08:00:00,DeepSeek,86,56626,39615,17011,0.0679,88.3721,11.6279,3.4884,2.3256,5632.0,8131.25,8829.1,8101.25,171.5,10,28,31,0.0,8.1395,12.7907,0.0,2685,658.4419,0.4294,0.0008,0.0009,15.7839
2026-06-24 08:00:00,MiniMax,4,2551,1905,646,0.0061,100.0,0.0,0.0,0.0,979.0,1503.55,1575.91,598.85,149.4,3,4,4,0.0,0.0,0.0,0.0,131,637.75,0.3391,0.0015,0.0015,20.2786
2026-06-24 09:00:00,DeepSeek,157,115564,83675,31889,0.1387,89.172,10.828,1.9108,3.1847,5588.0,7029.2,8287.6,6626.4,191.4,10,28,41,0.0,7.0064,16.5605,0.0,4863,736.0764,0.3811,0.0009,0.001,15.2498
2026-06-24 09:00:00,MiniMax,4,1840,937,903,0.0044,100.0,0.0,0.0,0.0,1479.0,1723.0,1751.8,537.95,156.0,4,4,4,0.0,0.0,25.0,0.0,99,460.0,0.9637,0.0011,0.0011,10.9635
2026-06-24 09:00:00,Qwen,4,3003,2211,792,0.0048,100.0,0.0,0.0,0.0,1890.0,2544.55,2631.31,1391.9,182.1,3,3,4,0.0,0.0,0.0,0.0,0,750.75,0.3582,0.0012,0.0012,0.0
2026-06-24 10:00:00,DeepSeek,172,120111,84563,35548,0.1441,92.4419,7.5581,1.1628,4.0698,5637.0,7735.95,8327.49,7691.1,160.35,10,30,42,0.0,4.6512,27.907,0.0,5416,698.3198,0.4204,0.0008,0.0009,15.2357
2026-06-24 10:00:00,MiniMax,6,4003,2606,1397,0.0096,83.3333,16.6667,0.0,0.0,1307.0,2582.75,2887.75,533.5,80.5,5,6,6,0.0,0.0,16.6667,0.0,155,667.1667,0.5361,0.0016,0.0019,11.0952
2026-06-24 10:00:00,Qwen,5,5266,3947,1319,0.0084,100.0,0.0,0.0,0.0,1872.0,2953.4,3123.48,1462.0,117.2,5,5,5,0.0,0.0,0.0,0.0,0,1053.2,0.3342,0.0017,0.0017,0.0
2026-06-24 11:00:00,DeepSeek,154,105772,74518,31254,0.1269,88.961,11.039,3.8961,1.9481,5592.0,7237.25,8192.94,7149.8,155.05,10,30,40,0.6494,5.1948,22.7273,0.0,4682,686.8312,0.4194,0.0008,0.0009,14.9805
2026-06-24 11:00:00,MiniMax,9,6561,4329,2232,0.0157,100.0,0.0,0.0,0.0,1426.0,2414.0,2438.0,541.2,203.2,6,9,6,0.0,0.0,22.2222,0.0,282,729.0,0.5156,0.0017,0.0017,12.6344
2026-06-24 11:00:00,Qwen,3,1399,693,706,0.0022,100.0,0.0,0.0,0.0,1672.0,2331.7,2390.34,614.9,53.3,2,3,3,0.0,0.0,0.0,0.0,0,466.3333,1.0188,0.0007,0.0007,0.0
2026-06-24 12:00:00,DeepSeek,170,121684,84368,37316,0.146,86.4706,13.5294,2.9412,6.4706,5604.0,6792.5,8513.79,6641.65,148.75,10,29,43,1.7647,5.2941,18.2353,0.0,6002,715.7882,0.4423,0.0009,0.001,16.0843
2026-06-24 12:00:00,MiniMax,6,5836,4571,1265,0.014,100.0,0.0,0.0,0.0,1186.0,1553.25,1633.05,448.75,127.0,5,6,5,0.0,16.6667,33.3333,0.0,212,972.6667,0.2767,0.0023,0.0023,16.7589
2026-06-24 12:00:00,Qwen,9,5021,3161,1860,0.008,88.8889,11.1111,0.0,11.1111,1412.0,2847.4,3336.68,753.2,87.2,5,6,9,0.0,0.0,11.1111,0.0,0,557.8889,0.5884,0.0009,0.001,0.0
2026-06-24 13:00:00,DeepSeek,162,109918,78660,31258,0.1319,93.2099,6.7901,2.4691,1.8519,5549.5,8044.6,8523.06,8014.6,176.95,10,30,41,0.0,3.0864,19.1358,0.6173,5296,678.5062,0.3974,0.0008,0.0009,16.9429
2026-06-24 13:00:00,MiniMax,3,4304,3629,675,0.0103,66.6667,33.3333,0.0,0.0,1364.0,1900.4,1948.08,471.8,74.6,1,2,2,0.0,0.0,33.3333,0.0,53,1434.6667,0.186,0.0034,0.0052,7.8519
2026-06-24 13:00:00,Qwen,3,2233,1222,1011,0.0036,100.0,0.0,0.0,0.0,2408.0,2915.6,2960.72,794.6,89.8,2,3,2,0.0,0.0,0.0,0.0,0,744.3333,0.8273,0.0012,0.0012,0.0
2026-06-24 14:00:00,DeepSeek,156,105885,74603,31282,0.1271,94.8718,5.1282,1.9231,1.9231,5590.0,8527.25,8699.95,8345.75,166.25,10,30,44,1.9231,5.1282,18.5897,0.641,4823,678.75,0.4193,0.0008,0.0009,15.4178
2026-06-24 14:00:00,MiniMax,7,5430,3822,1608,0.013,100.0,0.0,0.0,0.0,1296.0,2811.5,3220.7,609.0,69.8,6,7,7,0.0,0.0,14.2857,0.0,279,775.7143,0.4207,0.0019,0.0019,17.3507
2026-06-24 14:00:00,Qwen,3,1957,1572,385,0.0031,100.0,0.0,0.0,0.0,1323.0,1795.5,1837.5,585.6,140.1,3,3,3,0.0,0.0,33.3333,0.0,0,652.3333,0.2449,0.001,0.001,0.0
2026-06-24 15:00:00,DeepSeek,167,111556,75244,36312,0.1339,94.012,5.988,0.5988,2.994,5611.0,7589.3,8304.22,7247.1,171.1,10,29,40,1.7964,4.1916,21.5569,0.0,5561,668.0,0.4826,0.0008,0.0009,15.3145
2026-06-24 15:00:00,MiniMax,8,6899,5875,1024,0.0166,100.0,0.0,0.0,0.0,1178.5,1405.2,1407.44,779.5,106.2,4,7,6,0.0,25.0,37.5,0.0,132,862.375,0.1743,0.0021,0.0021,12.8906
2026-06-24 15:00:00,Qwen,7,3610,2675,935,0.0058,100.0,0.0,0.0,0.0,1492.0,1620.3,1646.46,607.3,121.9,4,6,6,0.0,14.2857,0.0,0.0,0,515.7143,0.3495,0.0008,0.0008,0.0
2026-06-24 16:00:00,DeepSeek,152,105218,75409,29809,0.1263,96.0526,3.9474,0.0,3.9474,5532.5,8015.35,8726.73,7910.55,164.45,10,29,38,0.6579,2.6316,19.0789,0.0,4815,692.2237,0.3953,0.0008,0.0009,16.1528
2026-06-24 16:00:00,MiniMax,4,3352,2540,812,0.008,100.0,0.0,0.0,0.0,1085.0,1534.2,1571.64,486.75,60.75,4,4,4,0.0,25.0,25.0,0.0,155,838.0,0.3197,0.002,0.002,19.0887
2026-06-24 16:00:00,Qwen,6,3902,2864,1038,0.0062,100.0,0.0,0.0,0.0,1364.0,2333.5,2476.3,1310.75,125.25,5,5,6,0.0,0.0,33.3333,0.0,0,650.3333,0.3624,0.001,0.001,0.0
2026-06-24 17:00:00,DeepSeek,145,96718,66919,29799,0.1161,94.4828,5.5172,1.3793,2.7586,5589.0,6945.8,9026.2,6904.8,159.8,10,27,41,0.0,4.8276,21.3793,0.6897,4838,667.0207,0.4453,0.0008,0.0008,16.2354
2026-06-24 17:00:00,MiniMax,12,7023,4846,2177,0.0169,100.0,0.0,0.0,0.0,1105.5,1731.45,1916.69,597.0,161.55,8,9,12,0.0,8.3333,25.0,0.0,393,585.25,0.4492,0.0014,0.0014,18.0524
2026-06-24 17:00:00,Qwen,2,793,480,313,0.0013,100.0,0.0,0.0,0.0,1550.0,1801.1,1823.42,812.0,113.3,2,2,2,0.0,0.0,50.0,0.0,0,396.5,0.6521,0.0006,0.0006,0.0
2026-06-24 18:00:00,DeepSeek,109,73655,53326,20329,0.0884,93.578,6.422,2.7523,0.0,5592.0,8245.8,9004.36,8215.8,174.0,10,29,38,0.9174,4.5872,25.6881,0.0,3337,675.7339,0.3812,0.0008,0.0009,16.415
2026-06-24 18:00:00,MiniMax,7,3878,2820,1058,0.0093,100.0,0.0,0.0,0.0,856.0,1958.4,2122.08,663.0,146.9,6,7,7,0.0,0.0,14.2857,0.0,173,554.0,0.3752,0.0013,0.0013,16.3516
2026-06-24 19:00:00,DeepSeek,85,57077,41046,16031,0.0685,88.2353,11.7647,1.1765,3.5294,5528.0,7873.2,8440.68,7843.2,178.6,10,26,33,3.5294,4.7059,21.1765,0.0,2333,671.4941,0.3906,0.0008,0.0009,14.5531
2026-06-24 19:00:00,MiniMax,1,498,303,195,0.0012,100.0,0.0,0.0,0.0,1289.0,1289.0,1289.0,445.0,55.0,1,1,1,0.0,0.0,0.0,0.0,45,498.0,0.6436,0.0012,0.0012,23.0769
2026-06-24 19:00:00,Qwen,3,1853,1337,516,0.003,100.0,0.0,0.0,0.0,1438.0,1499.2,1504.64,497.5,73.7,2,3,2,0.0,0.0,33.3333,33.3333,0,617.6667,0.3859,0.001,0.001,0.0
2026-06-24 20:00:00,DeepSeek,92,64791,48229,16562,0.0778,89.1304,10.8696,3.2609,4.3478,5528.5,6413.85,7606.36,6346.65,170.9,10,28,34,0.0,8.6957,16.3043,0.0,2771,704.25,0.3434,0.0008,0.0009,16.7311
2026-06-24 20:00:00,MiniMax,5,3557,2369,1188,0.0085,100.0,0.0,0.0,0.0,1104.0,1429.0,1475.4,476.8,112.2,4,5,5,0.0,0.0,0.0,0.0,125,711.4,0.5015,0.0017,0.0017,10.5219
2026-06-24 20:00:00,Qwen,1,736,458,278,0.0012,100.0,0.0,0.0,0.0,2177.0,2177.0,2177.0,698.0,95.0,1,1,1,0.0,0.0,0.0,0.0,0,736.0,0.607,0.0012,0.0012,0.0
2026-06-24 21:00:00,DeepSeek,92,63379,43478,19901,0.0761,92.3913,7.6087,1.087,3.2609,5642.5,8010.4,9008.13,7906.5,142.35,10,28,39,3.2609,3.2609,23.913,0.0,2994,688.9022,0.4577,0.0008,0.0009,15.0445
2026-06-24 21:00:00,MiniMax,3,3016,1935,1081,0.0072,100.0,0.0,0.0,0.0,1130.0,2806.7,2955.74,566.0,128.0,2,2,2,0.0,0.0,0.0,0.0,98,1005.3333,0.5587,0.0024,0.0024,9.0657
2026-06-24 21:00:00,Qwen,2,1082,793,289,0.0017,100.0,0.0,0.0,0.0,1148.0,1247.9,1256.78,590.45,75.3,1,2,2,0.0,0.0,50.0,0.0,0,541.0,0.3644,0.0009,0.0009,0.0
2026-06-24 22:00:00,DeepSeek,42,27645,19024,8621,0.0332,95.2381,4.7619,0.0,2.381,5576.5,7956.3,8222.08,7898.35,132.25,10,21,30,0.0,4.7619,16.6667,0.0,1424,658.2143,0.4532,0.0008,0.0008,16.5178
2026-06-24 23:00:00,DeepSeek,44,28311,18798,9513,0.034,86.3636,13.6364,0.0,13.6364,5602.0,6712.85,8248.11,6065.3,124.4,9,20,24,2.2727,2.2727,20.4545,0.0,1463,643.4318,0.5061,0.0008,0.0009,15.379
2026-06-24 23:00:00,MiniMax,4,1544,1006,538,0.0037,100.0,0.0,0.0,0.0,971.5,1239.4,1273.48,529.85,156.5,4,4,4,0.0,0.0,0.0,0.0,91,386.0,0.5348,0.0009,0.0009,16.9145
2026-06-25 00:00:00,DeepSeek,18,11694,8440,3254,0.014,88.8889,11.1111,0.0,5.5556,5433.0,6343.55,6654.31,6313.55,142.9,10,13,15,5.5556,5.5556,33.3333,0.0,533,649.6667,0.3855,0.0008,0.0009,16.3798
2026-06-25 00:00:00,MiniMax,1,568,458,110,0.0014,100.0,0.0,0.0,0.0,1112.0,1112.0,1112.0,438.0,44.0,1,1,1,0.0,0.0,0.0,0.0,29,568.0,0.2402,0.0014,0.0014,26.3636
2026-06-25 00:00:00,Qwen,1,713,583,130,0.0011,100.0,0.0,0.0,0.0,1328.0,1328.0,1328.0,480.0,91.0,1,1,1,0.0,0.0,0.0,0.0,0,713.0,0.223,0.0011,0.0011,0.0
2026-06-25 01:00:00,DeepSeek,18,13157,8546,4611,0.0158,94.4444,5.5556,0.0,0.0,5703.0,6525.15,7056.23,5964.05,122.75,7,13,13,0.0,5.5556,5.5556,0.0,819,730.9444,0.5396,0.0009,0.0009,17.7619
2026-06-25 01:00:00,Qwen,1,272,101,171,0.0004,100.0,0.0,0.0,0.0,1624.0,1624.0,1624.0,456.0,36.0,1,1,1,0.0,0.0,0.0,0.0,0,272.0,1.6931,0.0004,0.0004,0.0
2026-06-25 02:00:00,DeepSeek,20,13724,10061,3663,0.0165,95.0,5.0,0.0,5.0,5678.5,7644.85,8600.17,7614.85,140.4,9,14,14,0.0,0.0,15.0,0.0,638,686.2,0.3641,0.0008,0.0009,17.4174
2026-06-25 02:00:00,MiniMax,1,386,153,233,0.0009,100.0,0.0,0.0,0.0,1151.0,1151.0,1151.0,454.0,93.0,1,1,1,0.0,0.0,0.0,0.0,16,386.0,1.5229,0.0009,0.0009,6.867
2026-06-25 02:00:00,Qwen,2,1358,849,509,0.0022,100.0,0.0,0.0,0.0,1854.5,1985.45,1997.09,566.85,141.95,2,2,2,0.0,0.0,0.0,0.0,0,679.0,0.5995,0.0011,0.0011,0.0
2026-06-25 03:00:00,DeepSeek,20,10823,7052,3771,0.013,85.0,15.0,0.0,15.0,5604.0,6531.7,6663.94,5771.25,120.95,8,15,13,0.0,10.0,15.0,0.0,654,541.15,0.5347,0.0006,0.0008,17.3429
2026-06-25 03:00:00,MiniMax,3,1787,1361,426,0.0043,100.0,0.0,0.0,0.0,895.0,1241.5,1272.3,400.0,62.0,3,3,3,0.0,33.3333,33.3333,0.0,94,595.6667,0.313,0.0014,0.0014,22.0657
2026-06-25 04:00:00,DeepSeek,20,13753,9959,3794,0.0165,80.0,20.0,10.0,5.0,5612.5,6837.85,8674.77,6807.85,223.5,7,15,16,0.0,0.0,10.0,0.0,593,687.65,0.381,0.0008,0.001,15.6299
2026-06-25 04:00:00,MiniMax,1,406,290,116,0.001,100.0,0.0,0.0,0.0,458.0,458.0,458.0,272.0,25.0,1,1,1,0.0,0.0,0.0,0.0,30,406.0,0.4,0.001,0.001,25.8621
2026-06-25 04:00:00,Qwen,1,1095,963,132,0.0018,100.0,0.0,0.0,0.0,1841.0,1841.0,1841.0,644.0,100.0,1,1,1,0.0,0.0,100.0,0.0,0,1095.0,0.1371,0.0018,0.0018,0.0
2026-06-25 05:00:00,DeepSeek,22,17443,13454,3989,0.0209,90.9091,9.0909,4.5455,0.0,5557.0,6404.9,6803.79,6297.75,197.85,9,17,16,4.5455,0.0,22.7273,0.0,783,792.8636,0.2965,0.001,0.001,19.629
2026-06-25 05:00:00,MiniMax,2,1015,743,272,0.0024,100.0,0.0,0.0,0.0,648.0,666.0,667.6,407.0,61.35,2,2,2,0.0,0.0,0.0,0.0,47,507.5,0.3661,0.0012,0.0012,17.2794
2026-06-25 05:00:00,Qwen,1,429,290,139,0.0007,100.0,0.0,0.0,0.0,1110.0,1110.0,1110.0,560.0,17.0,1,1,1,0.0,0.0,0.0,0.0,0,429.0,0.4793,0.0007,0.0007,0.0
2026-06-25 06:00:00,DeepSeek,98,65203,46658,18545,0.0782,90.8163,9.1837,4.0816,3.0612,5532.5,7083.65,8903.3,6783.35,187.35,10,28,33,0.0,4.0816,13.2653,0.0,3139,665.3367,0.3975,0.0008,0.0009,16.9264
2026-06-25 06:00:00,MiniMax,4,1873,1177,696,0.0045,100.0,0.0,0.0,0.0,824.5,1265.25,1289.85,602.8,92.15,4,4,4,0.0,0.0,25.0,0.0,97,468.25,0.5913,0.0011,0.0011,13.9368
2026-06-25 06:00:00,Qwen,1,378,228,150,0.0006,100.0,0.0,0.0,0.0,1656.0,1656.0,1656.0,570.0,112.0,1,1,1,0.0,0.0,0.0,0.0,0,378.0,0.6579,0.0006,0.0006,0.0
2026-06-25 07:00:00,DeepSeek,121,84931,59767,25164,0.1019,92.562,7.438,0.8264,3.3058,5619.0,7126.0,8408.2,6900.0,150.0,10,29,40,1.6529,4.9587,7.438,0.0,4223,701.9091,0.421,0.0008,0.0009,16.7819
2026-06-25 07:00:00,MiniMax,3,2459,1941,518,0.0059,100.0,0.0,0.0,0.0,1264.0,1322.5,1327.7,546.8,126.0,2,2,3,0.0,0.0,0.0,0.0,66,819.6667,0.2669,0.002,0.002,12.7413
2026-06-25 07:00:00,Qwen,2,898,470,428,0.0014,100.0,0.0,0.0,0.0,1616.5,1852.75,1873.75,664.6,100.7,2,2,2,0.0,0.0,0.0,0.0,0,449.0,0.9106,0.0007,0.0007,0.0
2026-06-25 08:00:00,DeepSeek,105,69103,47690,21413,0.0829,93.3333,6.6667,1.9048,3.8095,5658.0,7529.2,8318.88,7198.8,156.0,10,27,38,2.8571,4.7619,15.2381,0.0,3595,658.1238,0.449,0.0008,0.0008,16.7889
2026-06-25 08:00:00,MiniMax,2,1459,859,600,0.0035,100.0,0.0,0.0,0.0,1403.5,1473.25,1479.45,528.85,139.15,2,2,2,0.0,0.0,100.0,0.0,42,729.5,0.6985,0.0018,0.0018,7.0
2026-06-25 08:00:00,Qwen,3,1931,1223,708,0.0031,100.0,0.0,0.0,0.0,2109.0,2720.1,2774.42,1465.7,129.3,2,3,2,0.0,0.0,0.0,0.0,0,643.6667,0.5789,0.001,0.001,0.0
2026-06-25 09:00:00,DeepSeek,141,93238,65904,27334,0.1119,90.7801,9.2199,2.1277,3.5461,5553.0,7347.0,8402.8,7051.0,172.0,10,30,38,0.7092,4.9645,14.8936,0.7092,4302,661.2624,0.4148,0.0008,0.0009,15.7386
2026-06-25 09:00:00,MiniMax,3,3857,3094,763,0.0093,100.0,0.0,0.0,0.0,1024.0,1731.4,1794.28,707.1,89.8,3,3,3,0.0,0.0,33.3333,0.0,135,1285.6667,0.2466,0.0031,0.0031,17.6933
2026-06-25 09:00:00,Qwen,2,887,454,433,0.0014,100.0,0.0,0.0,0.0,1412.0,1443.5,1446.3,609.45,45.0,2,2,2,0.0,0.0,50.0,0.0,0,443.5,0.9537,0.0007,0.0007,0.0
2026-06-25 10:00:00,DeepSeek,111,85074,61071,24003,0.1021,92.7928,7.2072,0.9009,4.5045,5544.0,6817.0,7906.7,6657.5,161.0,10,28,32,1.8018,7.2072,16.2162,0.0,4085,766.4324,0.393,0.0009,0.001,17.0187
2026-06-25 10:00:00,MiniMax,6,3625,2611,1014,0.0087,100.0,0.0,0.0,0.0,1010.5,1876.75,2093.75,459.5,95.5,4,4,5,0.0,0.0,50.0,0.0,154,604.1667,0.3884,0.0014,0.0014,15.1874
2026-06-25 10:00:00,Qwen,2,955,763,192,0.0015,100.0,0.0,0.0,0.0,1371.0,1429.5,1434.7,560.7,52.7,1,2,1,0.0,0.0,0.0,0.0,0,477.5,0.2516,0.0008,0.0008,0.0
2026-06-25 11:00:00,DeepSeek,116,74148,51372,22776,0.089,96.5517,3.4483,0.0,1.7241,5579.5,7784.5,8528.05,7754.5,190.5,10,25,32,0.8621,4.3103,13.7931,0.8621,3647,639.2069,0.4434,0.0008,0.0008,16.0125
2026-06-25 11:00:00,MiniMax,4,2249,1425,824,0.0054,100.0,0.0,0.0,0.0,1150.0,1551.45,1570.29,584.4,78.7,4,4,4,0.0,0.0,25.0,0.0,205,562.25,0.5782,0.0013,0.0013,24.8786
2026-06-25 11:00:00,Qwen,3,1983,1355,628,0.0032,100.0,0.0,0.0,0.0,1645.0,1816.9,1832.18,778.6,59.8,3,3,3,0.0,0.0,0.0,0.0,0,661.0,0.4635,0.0011,0.0011,0.0
2026-06-25 12:00:00,DeepSeek,129,93061,65692,27369,0.1117,86.8217,13.1783,0.7752,6.2016,5548.0,7007.2,8030.4,6566.6,165.0,10,29,39,0.7752,6.9767,17.8295,0.0,4268,721.4031,0.4166,0.0009,0.001,15.5943
2026-06-25 12:00:00,MiniMax,7,3849,2506,1343,0.0092,100.0,0.0,0.0,0.0,1066.0,1543.8,1559.16,543.1,141.1,4,6,6,0.0,14.2857,14.2857,0.0,194,549.8571,0.5359,0.0013,0.0013,14.4453
2026-06-25 12:00:00,Qwen,3,2197,1725,472,0.0035,100.0,0.0,0.0,0.0,1328.0,1400.9,1407.38,627.8,92.3,2,2,3,0.0,0.0,66.6667,0.0,0,732.3333,0.2736,0.0012,0.0012,0.0
2026-06-25 13:00:00,DeepSeek,115,79113,54013,25100,0.0949,89.5652,10.4348,3.4783,4.3478,5576.0,6822.0,7686.12,6447.3,179.3,10,29,34,1.7391,6.087,13.913,0.0,4196,687.9391,0.4647,0.0008,0.0009,16.7171
2026-06-25 13:00:00,MiniMax,4,3230,1866,1364,0.0078,100.0,0.0,0.0,0.0,1835.5,2199.2,2234.24,507.15,112.7,4,4,4,25.0,0.0,0.0,0.0,242,807.5,0.731,0.0019,0.0019,17.7419
2026-06-25 13:00:00,Qwen,2,1528,1264,264,0.0024,100.0,0.0,0.0,0.0,1904.5,2155.15,2177.43,1380.6,134.0,2,2,2,0.0,0.0,0.0,0.0,0,764.0,0.2089,0.0012,0.0012,0.0
2026-06-25 14:00:00,DeepSeek,127,87322,58709,28613,0.1048,91.3386,8.6614,2.3622,2.3622,5587.0,8000.4,8612.84,7968.9,191.2,10,30,34,0.7874,5.5118,11.0236,0.0,4321,687.5748,0.4874,0.0008,0.0009,15.1015
2026-06-25 14:00:00,MiniMax,5,2366,1260,1106,0.0057,100.0,0.0,0.0,0.0,1033.0,2360.0,2539.2,669.8,115.4,4,5,4,0.0,0.0,40.0,0.0,229,473.2,0.8778,0.0011,0.0011,20.7052
2026-06-25 14:00:00,Qwen,2,1988,1655,333,0.0032,50.0,50.0,0.0,0.0,1314.5,1573.25,1596.25,694.15,103.8,2,2,2,0.0,50.0,100.0,0.0,0,994.0,0.2012,0.0016,0.0032,0.0
2026-06-25 15:00:00,DeepSeek,89,60731,41824,18907,0.0729,91.0112,8.9888,0.0,5.618,5514.0,7243.2,8117.92,6515.8,168.8,10,30,34,2.2472,2.2472,17.9775,0.0,3046,682.3708,0.4521,0.0008,0.0009,16.1104
2026-06-25 15:00:00,MiniMax,2,1511,1171,340,0.0036,100.0,0.0,0.0,0.0,1067.5,1204.75,1216.95,562.05,78.55,2,2,2,0.0,0.0,0.0,0.0,67,755.5,0.2904,0.0018,0.0018,19.7059
2026-06-25 15:00:00,Qwen,2,1646,1055,591,0.0026,100.0,0.0,0.0,0.0,1924.0,2266.9,2297.38,893.9,62.65,2,2,2,0.0,0.0,50.0,0.0,0,823.0,0.5602,0.0013,0.0013,0.0
2026-06-25 16:00:00,DeepSeek,123,84458,60302,24156,0.1014,88.6179,11.3821,2.439,5.6911,5521.0,7919.3,8613.12,7889.3,170.8,10,28,38,0.813,6.5041,19.5122,0.0,3822,686.6504,0.4006,0.0008,0.0009,15.8222
2026-06-25 16:00:00,MiniMax,4,2989,2196,793,0.0072,100.0,0.0,0.0,0.0,1091.0,1549.0,1601.8,601.35,145.1,4,4,4,0.0,0.0,0.0,0.0,126,747.25,0.3611,0.0018,0.0018,15.889
2026-06-25 16:00:00,Qwen,6,5032,3966,1066,0.008,100.0,0.0,0.0,0.0,1927.5,2544.0,2640.0,1317.75,164.25,5,6,5,16.6667,0.0,16.6667,0.0,0,838.6667,0.2688,0.0013,0.0013,0.0
2026-06-25 17:00:00,DeepSeek,106,74374,51922,22452,0.0892,94.3396,5.6604,2.8302,1.8868,5534.0,6601.5,7788.6,6429.25,135.25,10,27,31,0.0,3.7736,17.9245,0.0,3276,701.6415,0.4324,0.0008,0.0009,14.5911
2026-06-25 17:00:00,MiniMax,3,1491,829,662,0.0036,100.0,0.0,0.0,0.0,1447.0,1484.8,1488.16,424.0,54.4,2,3,3,0.0,0.0,0.0,0.0,57,497.0,0.7986,0.0012,0.0012,8.6103
2026-06-25 17:00:00,Qwen,1,749,191,558,0.0012,100.0,0.0,0.0,0.0,2799.0,2799.0,2799.0,488.0,72.0,1,1,1,0.0,0.0,0.0,0.0,0,749.0,2.9215,0.0012,0.0012,0.0
2026-06-25 18:00:00,DeepSeek,60,40897,29970,10927,0.0491,93.3333,6.6667,0.0,0.0,5615.0,8450.75,8848.17,8420.75,135.65,10,24,32,0.0,5.0,11.6667,0.0,1761,681.6167,0.3646,0.0008,0.0009,16.116
2026-06-25 18:00:00,MiniMax,4,3926,3246,680,0.0094,100.0,0.0,0.0,0.0,1005.5,1383.9,1435.98,579.4,149.5,4,4,4,0.0,0.0,0.0,0.0,128,981.5,0.2095,0.0024,0.0024,18.8235
2026-06-25 19:00:00,DeepSeek,68,49474,34718,14756,0.0594,94.1176,5.8824,1.4706,2.9412,5547.0,6669.6,7574.91,6372.3,140.4,10,27,30,1.4706,2.9412,17.6471,0.0,2333,727.5588,0.425,0.0009,0.0009,15.8105
2026-06-25 19:00:00,MiniMax,4,2402,1439,963,0.0058,100.0,0.0,0.0,0.0,1169.5,1520.2,1569.64,536.95,95.5,4,4,4,0.0,25.0,0.0,0.0,177,600.5,0.6692,0.0014,0.0014,18.3801
2026-06-25 19:00:00,Qwen,2,1935,1258,677,0.0031,100.0,0.0,0.0,0.0,2235.0,2702.1,2743.62,611.3,125.8,2,2,2,0.0,0.0,0.0,0.0,0,967.5,0.5382,0.0015,0.0015,0.0
2026-06-25 20:00:00,DeepSeek,68,43346,31109,12237,0.052,91.1765,8.8235,2.9412,4.4118,5417.0,8083.95,8897.28,8053.95,113.95,10,24,30,0.0,7.3529,17.6471,0.0,2022,637.4412,0.3934,0.0008,0.0008,16.5237
2026-06-25 20:00:00,MiniMax,2,1422,1217,205,0.0034,100.0,0.0,0.0,0.0,1037.0,1040.6,1040.92,509.2,131.6,2,2,2,0.0,0.0,0.0,0.0,29,711.0,0.1684,0.0017,0.0017,14.1463
2026-06-25 20:00:00,Qwen,2,967,719,248,0.0015,100.0,0.0,0.0,0.0,1207.5,1332.15,1343.23,457.25,59.35,2,2,2,0.0,0.0,0.0,0.0,0,483.5,0.3449,0.0008,0.0008,0.0
2026-06-25 21:00:00,DeepSeek,61,41383,29026,12357,0.0497,91.8033,8.1967,0.0,4.918,5485.0,6690.0,7591.0,6349.0,159.0,10,25,31,1.6393,4.918,22.9508,1.6393,1946,678.4098,0.4257,0.0008,0.0009,15.7482
2026-06-25 21:00:00,MiniMax,2,1081,665,416,0.0026,100.0,0.0,0.0,0.0,1257.5,1285.85,1288.37,583.1,159.85,2,2,2,0.0,0.0,0.0,0.0,39,540.5,0.6256,0.0013,0.0013,9.375
2026-06-25 21:00:00,Qwen,1,1040,893,147,0.0017,100.0,0.0,0.0,0.0,1215.0,1215.0,1215.0,592.0,53.0,1,1,1,0.0,0.0,0.0,0.0,0,1040.0,0.1646,0.0017,0.0017,0.0
2026-06-25 22:00:00,DeepSeek,35,23009,16671,6338,0.0276,94.2857,5.7143,2.8571,2.8571,5697.0,7106.0,8095.26,7076.0,146.4,9,18,18,0.0,8.5714,20.0,0.0,980,657.4,0.3802,0.0008,0.0008,15.4623
2026-06-25 22:00:00,MiniMax,5,3717,2374,1343,0.0089,100.0,0.0,0.0,0.0,1427.0,1783.6,1803.92,505.2,67.6,3,4,5,0.0,0.0,40.0,20.0,232,743.4,0.5657,0.0018,0.0018,17.2748
2026-06-25 22:00:00,Qwen,1,513,249,264,0.0008,100.0,0.0,0.0,0.0,1974.0,1974.0,1974.0,628.0,105.0,1,1,1,0.0,0.0,0.0,0.0,0,513.0,1.0602,0.0008,0.0008,0.0
2026-06-25 23:00:00,DeepSeek,27,18623,13152,5471,0.0223,85.1852,14.8148,3.7037,7.4074,5602.0,7604.3,8297.4,7148.3,142.3,10,20,22,3.7037,7.4074,11.1111,0.0,885,689.7407,0.416,0.0008,0.001,16.1762
2026-06-25 23:00:00,MiniMax,1,274,169,105,0.0007,100.0,0.0,0.0,0.0,744.0,744.0,744.0,377.0,26.0,1,1,1,0.0,0.0,0.0,0.0,22,274.0,0.6213,0.0007,0.0007,20.9524
2026-06-26 00:00:00,DeepSeek,26,18654,12420,6234,0.0224,96.1538,3.8462,0.0,0.0,6150.5,8330.0,9002.25,8245.0,152.0,8,14,18,0.0,3.8462,34.6154,0.0,1210,717.4615,0.5019,0.0009,0.0009,19.4097
2026-06-26 00:00:00,Qwen,1,826,699,127,0.0013,100.0,0.0,0.0,0.0,1523.0,1523.0,1523.0,566.0,37.0,1,1,1,0.0,0.0,0.0,0.0,0,826.0,0.1817,0.0013,0.0013,0.0
2026-06-26 01:00:00,DeepSeek,24,16083,10977,5106,0.0193,95.8333,4.1667,0.0,0.0,5804.5,6869.15,8604.47,6659.3,155.85,8,16,17,0.0,12.5,8.3333,0.0,850,670.125,0.4652,0.0008,0.0008,16.6471
2026-06-26 01:00:00,MiniMax,1,225,86,139,0.0005,100.0,0.0,0.0,0.0,1010.0,1010.0,1010.0,465.0,24.0,1,1,1,0.0,0.0,0.0,0.0,31,225.0,1.6163,0.0005,0.0005,22.3022
2026-06-26 01:00:00,Qwen,2,1055,767,288,0.0017,100.0,0.0,0.0,0.0,1296.0,1849.5,1898.7,604.3,90.1,2,2,2,0.0,0.0,50.0,50.0,0,527.5,0.3755,0.0008,0.0008,0.0
2026-06-26 02:00:00,DeepSeek,28,19157,13265,5892,0.023,85.7143,14.2857,3.5714,10.7143,6159.5,7005.65,7175.92,6430.3,142.65,8,17,17,0.0,3.5714,17.8571,0.0,999,684.1786,0.4442,0.0008,0.001,16.9552
2026-06-26 02:00:00,Qwen,2,801,642,159,0.0013,100.0,0.0,0.0,0.0,878.5,935.65,940.73,526.15,95.0,2,2,2,0.0,0.0,0.0,0.0,0,400.5,0.2477,0.0006,0.0006,0.0
2026-06-26 03:00:00,DeepSeek,25,17497,11531,5966,0.021,96.0,4.0,4.0,0.0,6246.0,7105.4,7340.52,6338.0,188.4,8,17,17,0.0,4.0,4.0,0.0,944,699.88,0.5174,0.0008,0.0009,15.823
2026-06-26 03:00:00,MiniMax,3,3310,2322,988,0.0079,100.0,0.0,0.0,0.0,1488.0,3381.6,3549.92,750.5,202.6,3,3,3,0.0,0.0,0.0,0.0,143,1103.3333,0.4255,0.0026,0.0026,14.4737
2026-06-26 03:00:00,Qwen,1,832,733,99,0.0013,100.0,0.0,0.0,0.0,1377.0,1377.0,1377.0,483.0,34.0,1,1,1,0.0,0.0,0.0,0.0,0,832.0,0.1351,0.0013,0.0013,0.0
2026-06-26 04:00:00,DeepSeek,14,9946,6632,3314,0.0119,100.0,0.0,0.0,0.0,6115.0,7040.85,7067.37,6719.0,142.75,7,10,12,7.1429,0.0,14.2857,0.0,514,710.4286,0.4997,0.0009,0.0009,15.51
2026-06-26 04:00:00,MiniMax,1,783,565,218,0.0019,0.0,100.0,0.0,0.0,1190.0,1190.0,1190.0,590.0,21.0,1,1,1,0.0,100.0,100.0,0.0,48,783.0,0.3858,0.0019,,22.0183
2026-06-26 05:00:00,DeepSeek,22,13183,9184,3999,0.0158,86.3636,13.6364,0.0,4.5455,5838.0,7897.65,8079.49,7793.55,159.35,7,15,16,0.0,4.5455,27.2727,0.0,502,599.2273,0.4354,0.0007,0.0008,12.5531
2026-06-26 05:00:00,Qwen,1,756,578,178,0.0012,100.0,0.0,0.0,0.0,2081.0,2081.0,2081.0,756.0,87.0,1,1,1,0.0,0.0,0.0,0.0,0,756.0,0.308,0.0012,0.0012,0.0
2026-06-26 06:00:00,DeepSeek,64,41970,29628,12342,0.0504,93.75,6.25,1.5625,3.125,5968.0,8304.1,8721.18,8081.6,169.55,10,25,28,0.0,4.6875,23.4375,0.0,1893,655.7812,0.4166,0.0008,0.0008,15.3379
2026-06-26 06:00:00,MiniMax,5,4661,2394,2267,0.0112,100.0,0.0,0.0,0.0,2108.0,3094.0,3246.8,544.0,113.8,4,5,5,0.0,0.0,40.0,20.0,404,932.2,0.947,0.0022,0.0022,17.8209
2026-06-26 06:00:00,Qwen,1,483,320,163,0.0008,100.0,0.0,0.0,0.0,1228.0,1228.0,1228.0,528.0,86.0,1,1,1,0.0,0.0,0.0,0.0,0,483.0,0.5094,0.0008,0.0008,0.0
2026-06-26 07:00:00,DeepSeek,63,49711,37437,12274,0.0596,93.6508,6.3492,0.0,3.1746,5947.0,7278.6,8922.14,6886.6,149.4,10,28,30,0.0,6.3492,14.2857,0.0,2176,789.0635,0.3279,0.0009,0.001,17.7285
2026-06-26 07:00:00,MiniMax,4,1504,997,507,0.0036,75.0,25.0,0.0,0.0,1294.0,1403.5,1414.3,660.85,114.1,4,4,4,0.0,0.0,0.0,0.0,74,376.0,0.5085,0.0009,0.0012,14.5957
2026-06-26 07:00:00,Qwen,3,3073,2746,327,0.0049,100.0,0.0,0.0,0.0,1211.0,1262.3,1266.86,813.6,76.1,3,3,3,0.0,0.0,33.3333,0.0,0,1024.3333,0.1191,0.0016,0.0016,0.0
2026-06-26 08:00:00,DeepSeek,75,52415,35657,16758,0.0629,92.0,8.0,4.0,1.3333,6087.0,7701.2,9676.2,7537.1,130.9,10,24,29,2.6667,6.6667,20.0,0.0,2915,698.8667,0.47,0.0008,0.0009,17.3947
2026-06-26 08:00:00,MiniMax,3,1534,1051,483,0.0037,100.0,0.0,0.0,0.0,1205.0,1294.1,1302.02,466.6,78.5,2,3,2,0.0,0.0,0.0,0.0,93,511.3333,0.4596,0.0012,0.0012,19.2547
2026-06-26 08:00:00,Qwen,1,306,233,73,0.0005,100.0,0.0,0.0,0.0,868.0,868.0,868.0,691.0,95.0,1,1,1,0.0,0.0,0.0,0.0,0,306.0,0.3133,0.0005,0.0005,0.0
2026-06-26 09:00:00,DeepSeek,110,80694,56795,23899,0.0968,98.1818,1.8182,0.0,1.8182,5941.0,7660.55,8704.91,6912.25,178.05,10,28,35,0.0,3.6364,19.0909,0.0,4092,733.5818,0.4208,0.0009,0.0009,17.1221
2026-06-26 09:00:00,MiniMax,6,5057,3927,1130,0.0121,83.3333,16.6667,0.0,0.0,1452.0,2635.0,2876.6,1014.5,108.75,5,5,6,0.0,33.3333,16.6667,0.0,241,842.8333,0.2878,0.002,0.0024,21.3274
2026-06-26 10:00:00,DeepSeek,125,85996,61026,24970,0.1032,100.0,0.0,0.0,0.0,6078.0,7976.4,9209.24,7798.8,152.4,10,28,35,0.0,1.6,20.8,0.0,4033,687.968,0.4092,0.0008,0.0008,16.1514
2026-06-26 10:00:00,MiniMax,5,4755,3957,798,0.0114,100.0,0.0,0.0,0.0,1319.0,1539.8,1548.76,548.2,113.6,3,4,4,0.0,0.0,20.0,0.0,147,951.0,0.2017,0.0023,0.0023,18.4211
2026-06-26 10:00:00,Qwen,2,1516,1138,378,0.0024,100.0,0.0,0.0,0.0,1269.5,1485.95,1505.19,419.2,28.5,2,2,2,0.0,0.0,50.0,0.0,0,758.0,0.3322,0.0012,0.0012,0.0
2026-06-26 11:00:00,DeepSeek,121,79961,55947,24014,0.096,95.0413,4.9587,0.0,3.3058,5872.0,7644.0,8814.6,6730.0,179.0,10,28,39,0.8264,5.7851,19.8347,0.0,3848,660.8347,0.4292,0.0008,0.0008,16.024
2026-06-26 11:00:00,MiniMax,2,1547,1092,455,0.0037,100.0,0.0,0.0,0.0,1496.0,1847.9,1879.18,558.55,39.9,2,2,2,0.0,0.0,50.0,0.0,76,773.5,0.4167,0.0019,0.0019,16.7033
2026-06-26 11:00:00,Qwen,2,1864,1530,334,0.003,100.0,0.0,0.0,0.0,1504.0,1883.8,1917.56,633.8,24.9,2,2,2,0.0,0.0,0.0,0.0,0,932.0,0.2183,0.0015,0.0015,0.0
2026-06-26 12:00:00,DeepSeek,114,74615,50663,23952,0.0895,95.614,4.386,0.0,2.6316,5939.5,7764.35,9141.02,7610.3,142.8,10,30,36,2.6316,6.1404,15.7895,0.0,3600,654.5175,0.4728,0.0008,0.0008,15.0301
2026-06-26 12:00:00,MiniMax,5,3025,2409,616,0.0073,100.0,0.0,0.0,0.0,1294.0,1411.6,1431.12,778.2,208.6,3,4,4,0.0,20.0,20.0,0.0,75,605.0,0.2557,0.0015,0.0015,12.1753
2026-06-26 12:00:00,Qwen,2,1937,1438,499,0.0031,100.0,0.0,0.0,0.0,1822.5,2096.55,2120.91,588.45,59.65,2,2,2,0.0,0.0,0.0,0.0,0,968.5,0.347,0.0015,0.0015,0.0
2026-06-26 13:00:00,DeepSeek,98,64015,46141,17874,0.0768,96.9388,3.0612,1.0204,1.0204,5965.5,8099.15,9248.97,7441.05,139.6,10,27,35,0.0,4.0816,24.4898,0.0,2688,653.2143,0.3874,0.0008,0.0008,15.0386
2026-06-26 13:00:00,MiniMax,5,3349,2748,601,0.008,100.0,0.0,0.0,0.0,1080.0,1392.4,1431.28,528.0,87.8,4,5,5,0.0,0.0,0.0,0.0,125,669.8,0.2187,0.0016,0.0016,20.7987
2026-06-26 13:00:00,Qwen,2,1105,826,279,0.0018,100.0,0.0,0.0,0.0,1454.0,1483.7,1486.34,472.95,24.05,1,2,2,0.0,0.0,0.0,0.0,0,552.5,0.3378,0.0009,0.0009,0.0
2026-06-26 14:00:00,DeepSeek,119,75189,53390,21799,0.0902,94.958,5.042,1.6807,0.8403,5926.0,7719.0,8659.7,7259.4,162.7,10,30,37,0.0,1.6807,11.7647,0.0,3759,631.8403,0.4083,0.0008,0.0008,17.2439
2026-06-26 14:00:00,MiniMax,6,4364,2986,1378,0.0105,83.3333,16.6667,0.0,16.6667,1335.0,2773.0,3100.2,645.5,200.0,5,5,5,0.0,50.0,16.6667,0.0,218,727.3333,0.4615,0.0017,0.0021,15.82
2026-06-26 14:00:00,Qwen,4,2329,1698,631,0.0037,100.0,0.0,0.0,0.0,1505.5,2475.3,2607.06,771.55,199.3,3,4,4,0.0,0.0,0.0,0.0,0,582.25,0.3716,0.0009,0.0009,0.0
2026-06-26 15:00:00,DeepSeek,105,73630,52338,21292,0.0884,99.0476,0.9524,0.0,0.0,5953.0,9129.0,9577.96,9066.0,156.2,10,28,39,2.8571,2.8571,21.9048,0.0,3822,701.2381,0.4068,0.0008,0.0008,17.9504
2026-06-26 15:00:00,MiniMax,8,6463,4446,2017,0.0155,100.0,0.0,0.0,0.0,1349.5,3508.8,4156.16,742.9,207.9,5,6,6,0.0,0.0,12.5,0.0,310,807.875,0.4537,0.0019,0.0019,15.3694
2026-06-26 15:00:00,Qwen,4,2551,1646,905,0.0041,100.0,0.0,0.0,0.0,1384.0,3179.6,3431.12,1434.65,93.4,4,4,4,0.0,0.0,75.0,0.0,0,637.75,0.5498,0.001,0.001,0.0
2026-06-26 16:00:00,DeepSeek,123,79331,55706,23625,0.0952,98.374,1.626,0.0,1.626,5961.0,8606.9,9311.54,8554.6,174.8,10,29,37,0.0,4.065,17.0732,0.0,3872,644.9675,0.4241,0.0008,0.0008,16.3894
2026-06-26 16:00:00,MiniMax,5,2561,2037,524,0.0061,80.0,20.0,0.0,20.0,1130.0,1262.4,1272.48,501.0,95.0,3,3,5,0.0,0.0,20.0,0.0,104,512.2,0.2572,0.0012,0.0015,19.8473
2026-06-26 16:00:00,Qwen,3,1902,1100,802,0.003,100.0,0.0,0.0,0.0,2378.0,2695.7,2723.94,1518.1,146.7,2,3,3,0.0,0.0,66.6667,0.0,0,634.0,0.7291,0.001,0.001,0.0
2026-06-26 17:00:00,DeepSeek,112,81719,55931,25788,0.0981,96.4286,3.5714,1.7857,0.8929,6025.5,7825.6,8674.34,6959.3,172.25,10,28,34,2.6786,5.3571,20.5357,0.0,4466,729.6339,0.4611,0.0009,0.0009,17.3181
2026-06-26 17:00:00,MiniMax,7,4899,3544,1355,0.0118,85.7143,14.2857,0.0,14.2857,1115.0,1960.1,2030.42,608.5,104.5,6,7,7,0.0,14.2857,0.0,0.0,141,699.8571,0.3823,0.0017,0.002,10.4059
2026-06-26 17:00:00,Qwen,3,1998,1570,428,0.0032,100.0,0.0,0.0,0.0,1260.0,1654.2,1689.24,828.7,102.2,2,2,3,0.0,0.0,0.0,0.0,0,666.0,0.2726,0.0011,0.0011,0.0
2026-06-26 18:00:00,DeepSeek,86,61329,44224,17105,0.0736,96.5116,3.4884,1.1628,2.3256,6015.0,7327.25,8530.25,7165.75,172.75,10,28,35,0.0,5.814,22.093,0.0,2857,713.1279,0.3868,0.0009,0.0009,16.7027
2026-06-26 18:00:00,MiniMax,3,2004,1499,505,0.0048,66.6667,33.3333,33.3333,0.0,1259.0,1267.1,1267.82,635.7,112.0,3,3,3,0.0,0.0,66.6667,0.0,92,668.0,0.3369,0.0016,0.0024,18.2178
2026-06-26 18:00:00,Qwen,1,586,309,277,0.0009,100.0,0.0,0.0,0.0,1960.0,1960.0,1960.0,363.0,6.0,1,1,1,0.0,100.0,100.0,0.0,0,586.0,0.8964,0.0009,0.0009,0.0
2026-06-26 19:00:00,DeepSeek,54,35257,24118,11139,0.0423,96.2963,3.7037,0.0,3.7037,5893.5,7702.2,8977.69,7649.45,193.7,10,26,31,1.8519,5.5556,5.5556,0.0,1926,652.9074,0.4619,0.0008,0.0008,17.2906
2026-06-26 19:00:00,MiniMax,3,2107,1040,1067,0.0051,100.0,0.0,0.0,0.0,1731.0,2846.1,2945.22,651.5,276.9,3,3,3,0.0,33.3333,33.3333,0.0,139,702.3333,1.026,0.0017,0.0017,13.0272
2026-06-26 19:00:00,Qwen,2,628,455,173,0.001,50.0,50.0,0.0,0.0,1002.5,1083.95,1091.19,626.4,99.3,1,2,2,0.0,0.0,50.0,0.0,0,314.0,0.3802,0.0005,0.001,0.0
2026-06-26 20:00:00,DeepSeek,71,50844,37389,13455,0.061,100.0,0.0,0.0,0.0,5968.0,7567.5,8310.4,7198.5,133.0,10,26,28,1.4085,1.4085,15.493,0.0,2110,716.1127,0.3599,0.0009,0.0009,15.6819
2026-06-26 20:00:00,MiniMax,3,2707,1899,808,0.0065,100.0,0.0,0.0,0.0,1325.0,1721.9,1757.18,517.5,33.4,3,3,3,0.0,0.0,0.0,0.0,173,902.3333,0.4255,0.0022,0.0022,21.4109
2026-06-26 20:00:00,Qwen,1,957,818,139,0.0015,100.0,0.0,0.0,0.0,1619.0,1619.0,1619.0,650.0,58.0,1,1,1,0.0,0.0,0.0,0.0,0,957.0,0.1699,0.0015,0.0015,0.0
2026-06-26 21:00:00,DeepSeek,68,43223,30229,12994,0.0519,97.0588,2.9412,0.0,2.9412,6033.5,8597.9,9191.38,8567.9,179.75,10,24,33,1.4706,2.9412,10.2941,0.0,2226,635.6324,0.4299,0.0008,0.0008,17.131
2026-06-26 21:00:00,MiniMax,3,2634,2235,399,0.0063,33.3333,66.6667,66.6667,0.0,1326.0,1404.3,1411.26,417.5,97.9,3,3,3,0.0,0.0,66.6667,0.0,60,878.0,0.1785,0.0021,0.0063,15.0376
2026-06-26 21:00:00,Qwen,1,360,241,119,0.0006,0.0,100.0,0.0,0.0,1022.0,1022.0,1022.0,489.0,94.0,1,1,1,0.0,0.0,0.0,0.0,0,360.0,0.4938,0.0006,,0.0
2026-06-26 22:00:00,DeepSeek,35,18164,11966,6198,0.0218,97.1429,2.8571,0.0,0.0,5986.0,8280.8,8730.7,7724.4,138.3,8,17,21,5.7143,2.8571,8.5714,0.0,974,518.9714,0.518,0.0006,0.0006,15.7147
2026-06-26 22:00:00,Qwen,1,706,390,316,0.0011,100.0,0.0,0.0,0.0,1863.0,1863.0,1863.0,509.0,13.0,1,1,1,0.0,0.0,0.0,0.0,0,706.0,0.8103,0.0011,0.0011,0.0
2026-06-26 23:00:00,DeepSeek,28,20777,15234,5543,0.0249,92.8571,7.1429,0.0,7.1429,6001.0,7247.6,8320.57,6894.5,130.55,10,17,16,0.0,7.1429,17.8571,0.0,899,742.0357,0.3639,0.0009,0.001,16.2187
2026-06-27 00:00:00,DeepSeek,11,5053,3274,1779,0.0061,100.0,0.0,0.0,0.0,9711.0,14166.5,14337.3,10407.0,172.0,6,8,9,0.0,0.0,9.0909,0.0,293,459.3636,0.5434,0.0006,0.0006,16.4699
2026-06-27 00:00:00,MiniMax,1,410,228,182,0.001,100.0,0.0,0.0,0.0,1399.0,1399.0,1399.0,443.0,102.0,1,1,1,0.0,0.0,0.0,0.0,14,410.0,0.7982,0.001,0.001,7.6923
2026-06-27 00:00:00,Qwen,1,502,405,97,0.0008,100.0,0.0,0.0,0.0,1600.0,1600.0,1600.0,535.0,108.0,1,1,1,0.0,0.0,0.0,0.0,0,502.0,0.2395,0.0008,0.0008,0.0
2026-06-27 01:00:00,DeepSeek,15,8441,6670,1771,0.0101,100.0,0.0,0.0,0.0,8381.0,13007.8,13800.76,9472.2,124.3,8,10,12,0.0,0.0,6.6667,0.0,315,562.7333,0.2655,0.0007,0.0007,17.7866
2026-06-27 02:00:00,DeepSeek,13,8240,5133,3107,0.0099,84.6154,15.3846,0.0,15.3846,9829.0,15155.2,16515.04,10572.8,272.0,5,8,10,0.0,7.6923,15.3846,0.0,600,633.8462,0.6053,0.0008,0.0009,19.3112
2026-06-27 02:00:00,MiniMax,2,3725,3215,510,0.0089,100.0,0.0,0.0,0.0,1251.0,1338.3,1346.06,664.3,172.5,2,2,2,0.0,50.0,0.0,0.0,106,1862.5,0.1586,0.0045,0.0045,20.7843
2026-06-27 02:00:00,Qwen,1,321,152,169,0.0005,100.0,0.0,0.0,0.0,2211.0,2211.0,2211.0,830.0,67.0,1,1,1,0.0,100.0,100.0,0.0,0,321.0,1.1118,0.0005,0.0005,0.0
2026-06-27 03:00:00,DeepSeek,19,16814,13403,3411,0.0202,89.4737,10.5263,5.2632,5.2632,8290.0,12065.3,12888.26,9046.4,93.2,10,16,16,5.2632,15.7895,26.3158,0.0,563,884.9474,0.2545,0.0011,0.0012,16.5054
2026-06-27 03:00:00,MiniMax,1,545,387,158,0.0013,100.0,0.0,0.0,0.0,975.0,975.0,975.0,383.0,37.0,1,1,1,0.0,0.0,0.0,0.0,17,545.0,0.4083,0.0013,0.0013,10.7595
2026-06-27 03:00:00,Qwen,2,1504,1185,319,0.0024,100.0,0.0,0.0,0.0,1546.5,1904.25,1936.05,524.3,40.3,2,2,2,0.0,0.0,0.0,0.0,0,752.0,0.2692,0.0012,0.0012,0.0
2026-06-27 04:00:00,DeepSeek,7,6022,3959,2063,0.0072,85.7143,14.2857,0.0,0.0,8078.0,14284.2,14595.24,9151.6,94.0,5,7,6,0.0,0.0,14.2857,0.0,268,860.2857,0.5211,0.001,0.0012,12.9908
2026-06-27 04:00:00,MiniMax,2,1854,1526,328,0.0044,100.0,0.0,0.0,0.0,1174.5,1241.55,1247.51,431.5,102.6,2,2,2,0.0,0.0,0.0,0.0,55,927.0,0.2149,0.0022,0.0022,16.7683
2026-06-27 05:00:00,DeepSeek,16,9929,7567,2362,0.0119,100.0,0.0,0.0,0.0,9668.0,12639.5,13175.9,9178.5,130.75,8,15,13,0.0,0.0,18.75,0.0,420,620.5625,0.3121,0.0007,0.0007,17.7815
2026-06-27 05:00:00,MiniMax,1,385,241,144,0.0009,100.0,0.0,0.0,0.0,913.0,913.0,913.0,439.0,6.0,1,1,1,0.0,0.0,100.0,0.0,36,385.0,0.5975,0.0009,0.0009,25.0
2026-06-27 05:00:00,Qwen,1,309,151,158,0.0005,100.0,0.0,0.0,0.0,1623.0,1623.0,1623.0,460.0,18.0,1,1,1,0.0,0.0,0.0,0.0,0,309.0,1.0464,0.0005,0.0005,0.0
2026-06-27 06:00:00,DeepSeek,43,27048,19645,7403,0.0325,90.6977,9.3023,2.3256,4.6512,9108.0,15375.4,16720.54,11258.9,183.7,8,21,20,0.0,4.6512,20.9302,0.0,1282,629.0233,0.3768,0.0008,0.0008,17.3173
2026-06-27 06:00:00,MiniMax,1,905,594,311,0.0022,100.0,0.0,0.0,0.0,1470.0,1470.0,1470.0,524.0,156.0,1,1,1,0.0,0.0,100.0,0.0,21,905.0,0.5236,0.0022,0.0022,6.7524
2026-06-27 06:00:00,Qwen,1,403,60,343,0.0006,100.0,0.0,0.0,0.0,1980.0,1980.0,1980.0,481.0,53.0,1,1,1,0.0,0.0,100.0,0.0,0,403.0,5.7167,0.0006,0.0006,0.0
2026-06-27 07:00:00,DeepSeek,56,37451,25662,11789,0.0449,94.6429,5.3571,1.7857,1.7857,8882.5,14810.25,17736.4,10679.25,123.75,10,25,25,0.0,7.1429,26.7857,0.0,2132,668.7679,0.4594,0.0008,0.0008,18.0847
2026-06-27 07:00:00,MiniMax,1,384,249,135,0.0009,100.0,0.0,0.0,0.0,1123.0,1123.0,1123.0,500.0,107.0,1,1,1,0.0,0.0,0.0,0.0,7,384.0,0.5422,0.0009,0.0009,5.1852
2026-06-27 07:00:00,Qwen,2,1753,1535,218,0.0028,100.0,0.0,0.0,0.0,1643.0,1785.2,1797.84,757.8,328.05,2,2,2,0.0,0.0,0.0,0.0,0,876.5,0.142,0.0014,0.0014,0.0
2026-06-27 08:00:00,DeepSeek,43,26941,19316,7625,0.0323,95.3488,4.6512,0.0,2.3256,8865.0,12216.8,13076.52,8879.2,163.5,10,20,21,0.0,6.9767,18.6047,0.0,1155,626.5349,0.3948,0.0008,0.0008,15.1475
2026-06-27 08:00:00,MiniMax,2,1450,1001,449,0.0035,100.0,0.0,0.0,0.0,1531.0,1764.1,1784.82,422.65,70.6,2,2,2,0.0,0.0,50.0,0.0,36,725.0,0.4486,0.0017,0.0017,8.0178
2026-06-27 09:00:00,DeepSeek,70,45644,27766,17878,0.0548,98.5714,1.4286,0.0,0.0,9336.5,15370.05,17425.18,10575.6,177.8,10,27,27,2.8571,1.4286,17.1429,0.0,2850,652.0571,0.6439,0.0008,0.0008,15.9414
2026-06-27 09:00:00,MiniMax,3,2232,1666,566,0.0054,100.0,0.0,0.0,0.0,987.0,1585.5,1638.7,495.9,73.5,3,3,3,0.0,0.0,0.0,0.0,57,744.0,0.3397,0.0018,0.0018,10.0707
2026-06-27 09:00:00,Qwen,3,3006,1967,1039,0.0048,100.0,0.0,0.0,0.0,2302.0,2344.3,2348.06,548.1,103.9,3,3,3,0.0,0.0,0.0,0.0,0,1002.0,0.5282,0.0016,0.0016,0.0
2026-06-27 10:00:00,DeepSeek,79,60561,43671,16890,0.0727,88.6076,11.3924,2.5316,5.0633,9350.0,16354.8,18269.12,12255.1,176.1,10,25,33,0.0,7.5949,20.2532,0.0,2817,766.5949,0.3868,0.0009,0.001,16.6785
2026-06-27 10:00:00,MiniMax,4,2369,1193,1176,0.0057,100.0,0.0,0.0,0.0,1484.5,1859.55,1879.11,489.25,75.85,4,4,4,0.0,0.0,0.0,0.0,196,592.25,0.9858,0.0014,0.0014,16.6667
2026-06-27 10:00:00,Qwen,3,1938,1196,742,0.0031,66.6667,33.3333,0.0,33.3333,2106.0,2154.6,2158.92,768.1,107.8,2,2,2,0.0,0.0,0.0,0.0,0,646.0,0.6204,0.001,0.0016,0.0
2026-06-27 11:00:00,DeepSeek,89,61906,42487,19419,0.0743,93.2584,6.7416,2.2472,4.4944,9631.0,14244.0,17287.6,10687.2,153.4,10,28,35,2.2472,1.1236,19.1011,0.0,3080,695.573,0.4571,0.0008,0.0009,15.8608
2026-06-27 11:00:00,Qwen,2,994,614,380,0.0016,100.0,0.0,0.0,0.0,1639.5,1850.55,1869.31,512.95,44.55,2,2,2,0.0,0.0,0.0,0.0,0,497.0,0.6189,0.0008,0.0008,0.0
2026-06-27 12:00:00,DeepSeek,93,68322,49783,18539,0.082,92.4731,7.5269,2.1505,3.2258,9040.0,14856.8,15816.4,10853.8,190.4,10,28,32,0.0,4.3011,15.0538,0.0,2951,734.6452,0.3724,0.0009,0.001,15.9178
2026-06-27 12:00:00,MiniMax,2,1989,1650,339,0.0048,100.0,0.0,0.0,0.0,1094.5,1251.55,1265.51,501.85,108.05,2,2,2,0.0,0.0,0.0,0.0,68,994.5,0.2055,0.0024,0.0024,20.059
2026-06-27 12:00:00,Qwen,1,869,692,177,0.0014,100.0,0.0,0.0,0.0,1373.0,1373.0,1373.0,611.0,20.0,1,1,1,0.0,0.0,100.0,0.0,0,869.0,0.2558,0.0014,0.0014,0.0
2026-06-27 13:00:00,DeepSeek,80,57642,41896,15746,0.0692,92.5,7.5,1.25,2.5,8634.0,14651.25,18274.17,10793.2,166.35,10,29,29,0.0,11.25,18.75,0.0,2575,720.525,0.3758,0.0009,0.0009,16.3534
2026-06-27 13:00:00,MiniMax,2,7721,7433,288,0.0185,100.0,0.0,0.0,0.0,1311.5,1629.65,1657.93,416.9,100.05,2,2,2,0.0,0.0,50.0,0.0,49,3860.5,0.0387,0.0093,0.0093,17.0139
2026-06-27 13:00:00,Qwen,2,1803,1266,537,0.0029,100.0,0.0,0.0,0.0,2239.0,2802.4,2852.48,597.95,70.4,2,2,2,0.0,0.0,0.0,0.0,0,901.5,0.4242,0.0014,0.0014,0.0
2026-06-27 14:00:00,DeepSeek,85,57032,39909,17123,0.0684,91.7647,8.2353,4.7059,1.1765,9578.0,13772.4,16327.44,9744.4,129.8,10,26,33,1.1765,8.2353,16.4706,0.0,2765,670.9647,0.4291,0.0008,0.0009,16.1479
2026-06-27 14:00:00,MiniMax,7,5150,3852,1298,0.0124,100.0,0.0,0.0,0.0,1054.0,1518.3,1635.66,676.9,159.5,5,6,6,0.0,0.0,28.5714,0.0,153,735.7143,0.337,0.0018,0.0018,11.7874
2026-06-27 14:00:00,Qwen,2,1350,933,417,0.0022,100.0,0.0,0.0,0.0,1737.0,1748.7,1749.74,565.15,116.15,2,2,2,0.0,0.0,50.0,50.0,0,675.0,0.4469,0.0011,0.0011,0.0
2026-06-27 15:00:00,DeepSeek,77,55139,38948,16191,0.0662,89.6104,10.3896,3.8961,2.5974,9214.0,12944.2,14847.28,9447.8,182.0,10,25,28,2.5974,7.7922,25.974,0.0,2929,716.0909,0.4157,0.0009,0.001,18.0903
2026-06-27 15:00:00,MiniMax,6,5645,3966,1679,0.0135,83.3333,16.6667,0.0,16.6667,1146.0,2305.75,2385.95,600.5,119.25,4,4,5,16.6667,0.0,0.0,0.0,242,940.8333,0.4233,0.0023,0.0027,14.4133
2026-06-27 15:00:00,Qwen,2,1510,933,577,0.0024,100.0,0.0,0.0,0.0,2031.5,2910.35,2988.47,596.9,86.05,1,2,2,0.0,0.0,100.0,0.0,0,755.0,0.6184,0.0012,0.0012,0.0
2026-06-27 16:00:00,DeepSeek,81,56447,41151,15296,0.0677,88.8889,11.1111,3.7037,3.7037,9258.0,14481.0,16812.8,10736.0,158.0,10,27,32,1.2346,7.4074,19.7531,0.0,2556,696.8765,0.3717,0.0008,0.0009,16.7103
2026-06-27 16:00:00,MiniMax,4,3418,2716,702,0.0082,75.0,25.0,0.0,25.0,1329.0,1512.95,1516.19,428.95,73.1,3,3,4,0.0,25.0,0.0,0.0,75,854.5,0.2585,0.0021,0.0027,10.6838
2026-06-27 16:00:00,Qwen,1,633,423,210,0.001,100.0,0.0,0.0,0.0,1888.0,1888.0,1888.0,433.0,70.0,1,1,1,0.0,0.0,0.0,0.0,0,633.0,0.4965,0.001,0.001,0.0
2026-06-27 17:00:00,DeepSeek,94,65275,42824,22451,0.0783,85.1064,14.8936,3.1915,7.4468,9943.0,14632.95,16148.72,10765.1,197.75,10,28,36,2.1277,8.5106,20.2128,0.0,3778,694.4149,0.5243,0.0008,0.001,16.8278
2026-06-27 17:00:00,MiniMax,5,3557,2127,1430,0.0085,100.0,0.0,0.0,0.0,1443.0,2185.0,2280.2,514.2,107.8,4,5,4,0.0,0.0,0.0,0.0,198,711.4,0.6723,0.0017,0.0017,13.8462
2026-06-27 18:00:00,DeepSeek,37,23370,16663,6707,0.028,94.5946,5.4054,5.4054,0.0,9611.0,13514.4,15248.32,9801.2,157.6,9,21,23,2.7027,8.1081,8.1081,0.0,982,631.6216,0.4025,0.0008,0.0008,14.6414
2026-06-27 18:00:00,MiniMax,1,762,640,122,0.0018,100.0,0.0,0.0,0.0,1118.0,1118.0,1118.0,536.0,64.0,1,1,1,0.0,0.0,0.0,0.0,32,762.0,0.1906,0.0018,0.0018,26.2295
2026-06-27 19:00:00,DeepSeek,50,33310,22712,10598,0.04,94.0,6.0,0.0,4.0,9301.0,13454.0,15819.73,9766.75,238.25,10,23,28,0.0,4.0,22.0,0.0,1786,666.2,0.4666,0.0008,0.0009,16.8522
2026-06-27 20:00:00,DeepSeek,33,22415,15837,6578,0.0269,100.0,0.0,0.0,0.0,9223.0,14060.6,16855.32,10272.4,140.8,10,19,21,0.0,9.0909,12.1212,0.0,1117,679.2424,0.4154,0.0008,0.0008,16.9808
2026-06-27 20:00:00,MiniMax,1,601,377,224,0.0014,100.0,0.0,0.0,0.0,838.0,838.0,838.0,488.0,50.0,1,1,1,0.0,0.0,0.0,0.0,15,601.0,0.5942,0.0014,0.0014,6.6964
2026-06-27 20:00:00,Qwen,1,756,405,351,0.0012,100.0,0.0,0.0,0.0,1784.0,1784.0,1784.0,505.0,52.0,1,1,1,0.0,0.0,0.0,0.0,0,756.0,0.8667,0.0012,0.0012,0.0
2026-06-27 21:00:00,DeepSeek,50,31370,21312,10058,0.0376,94.0,6.0,2.0,4.0,9203.0,15320.6,16781.92,11250.85,118.75,10,21,28,0.0,0.0,20.0,0.0,1636,627.4,0.4719,0.0008,0.0008,16.2657
2026-06-27 21:00:00,MiniMax,2,1041,664,377,0.0025,100.0,0.0,0.0,0.0,1218.0,1323.3,1332.66,422.95,46.4,2,2,2,0.0,0.0,50.0,0.0,75,520.5,0.5678,0.0012,0.0012,19.8939
2026-06-27 21:00:00,Qwen,1,766,366,400,0.0012,100.0,0.0,0.0,0.0,2249.0,2249.0,2249.0,662.0,57.0,1,1,1,0.0,0.0,0.0,0.0,0,766.0,1.0929,0.0012,0.0012,0.0
2026-06-27 22:00:00,DeepSeek,22,14916,10898,4018,0.0179,100.0,0.0,0.0,0.0,8467.5,16511.05,18076.51,12240.4,158.0,8,16,15,0.0,9.0909,31.8182,0.0,749,678.0,0.3687,0.0008,0.0008,18.6411
2026-06-27 22:00:00,MiniMax,2,1230,922,308,0.003,100.0,0.0,0.0,0.0,763.0,965.5,983.5,445.65,81.35,2,2,2,0.0,0.0,0.0,0.0,29,615.0,0.3341,0.0015,0.0015,9.4156
2026-06-27 23:00:00,DeepSeek,19,14907,11228,3679,0.0179,89.4737,10.5263,0.0,5.2632,9033.0,13113.1,15554.62,9609.7,173.5,8,14,15,5.2632,15.7895,10.5263,0.0,559,784.5789,0.3277,0.0009,0.0011,15.1943
2026-06-28 00:00:00,DeepSeek,8,5253,3874,1379,0.0063,100.0,0.0,0.0,0.0,6024.5,8757.3,9872.26,8637.0,148.05,4,7,5,0.0,0.0,12.5,0.0,176,656.625,0.356,0.0008,0.0008,12.7629
2026-06-28 00:00:00,Qwen,1,599,411,188,0.001,0.0,100.0,100.0,0.0,2677.0,2677.0,2677.0,1409.0,33.0,1,1,1,0.0,0.0,100.0,0.0,0,599.0,0.4574,0.001,,0.0
2026-06-28 01:00:00,DeepSeek,23,16942,12236,4706,0.0203,86.9565,13.0435,0.0,8.6957,6017.0,7039.5,7140.62,6468.1,119.8,9,15,17,0.0,4.3478,30.4348,0.0,777,736.6087,0.3846,0.0009,0.001,16.5108
2026-06-28 01:00:00,Qwen,1,409,341,68,0.0007,0.0,100.0,0.0,100.0,1367.0,1367.0,1367.0,493.0,48.0,1,1,1,0.0,100.0,0.0,0.0,0,409.0,0.1994,0.0007,,0.0
2026-06-28 02:00:00,DeepSeek,9,4928,3185,1743,0.0059,100.0,0.0,0.0,0.0,6122.0,6691.8,6892.76,6539.8,108.4,7,8,8,0.0,22.2222,33.3333,0.0,207,547.5556,0.5473,0.0007,0.0007,11.8761
2026-06-28 02:00:00,MiniMax,1,678,458,220,0.0016,100.0,0.0,0.0,0.0,1428.0,1428.0,1428.0,386.0,11.0,1,1,1,0.0,0.0,100.0,0.0,50,678.0,0.4803,0.0016,0.0016,22.7273
2026-06-28 02:00:00,Qwen,1,504,324,180,0.0008,100.0,0.0,0.0,0.0,1674.0,1674.0,1674.0,664.0,54.0,1,1,1,0.0,0.0,0.0,0.0,0,504.0,0.5556,0.0008,0.0008,0.0
2026-06-28 03:00:00,DeepSeek,18,12204,8663,3541,0.0146,94.4444,5.5556,0.0,0.0,5946.5,7028.05,8569.61,6998.05,159.0,8,13,14,0.0,5.5556,16.6667,0.0,674,678.0,0.4087,0.0008,0.0009,19.0342
2026-06-28 03:00:00,Qwen,2,1409,1068,341,0.0023,100.0,0.0,0.0,0.0,1907.5,2401.15,2445.03,643.2,88.65,2,2,2,0.0,0.0,50.0,0.0,0,704.5,0.3193,0.0011,0.0011,0.0
2026-06-28 04:00:00,DeepSeek,18,12134,8231,3903,0.0146,100.0,0.0,0.0,0.0,6237.0,9157.8,9492.36,8769.8,130.55,7,10,14,0.0,5.5556,11.1111,0.0,623,674.1111,0.4742,0.0008,0.0008,15.9621
2026-06-28 04:00:00,MiniMax,1,467,388,79,0.0011,100.0,0.0,0.0,0.0,1035.0,1035.0,1035.0,416.0,81.0,1,1,1,0.0,0.0,0.0,0.0,4,467.0,0.2036,0.0011,0.0011,5.0633
2026-06-28 05:00:00,DeepSeek,18,13681,9915,3766,0.0164,100.0,0.0,0.0,0.0,6047.0,7314.35,8462.87,7284.35,114.25,8,12,14,0.0,0.0,44.4444,0.0,510,760.0556,0.3798,0.0009,0.0009,13.5422
2026-06-28 05:00:00,MiniMax,1,533,330,203,0.0013,100.0,0.0,0.0,0.0,913.0,913.0,913.0,371.0,15.0,1,1,1,0.0,0.0,100.0,0.0,44,533.0,0.6152,0.0013,0.0013,21.6749
2026-06-28 06:00:00,DeepSeek,57,43845,33627,10218,0.0526,100.0,0.0,0.0,0.0,5870.0,8381.4,8867.16,7392.6,184.6,10,28,26,5.2632,3.5088,24.5614,0.0,1537,769.2105,0.3039,0.0009,0.0009,15.0421
2026-06-28 06:00:00,MiniMax,4,2778,2225,553,0.0067,100.0,0.0,0.0,0.0,1104.0,1418.75,1437.35,543.6,135.75,3,4,3,0.0,0.0,25.0,0.0,86,694.5,0.2485,0.0017,0.0017,15.5515
2026-06-28 06:00:00,Qwen,2,1399,1073,326,0.0022,100.0,0.0,0.0,0.0,1476.0,1486.8,1487.76,538.1,123.4,2,2,2,0.0,0.0,0.0,0.0,0,699.5,0.3038,0.0011,0.0011,0.0
2026-06-28 07:00:00,DeepSeek,45,29388,21180,8208,0.0353,97.7778,2.2222,0.0,0.0,6007.0,7380.6,9435.32,7220.2,149.2,9,19,24,2.2222,0.0,11.1111,0.0,1279,653.0667,0.3875,0.0008,0.0008,15.5824
2026-06-28 07:00:00,MiniMax,1,993,846,147,0.0024,100.0,0.0,0.0,0.0,749.0,749.0,749.0,361.0,46.0,1,1,1,0.0,0.0,0.0,0.0,29,993.0,0.1738,0.0024,0.0024,19.7279
2026-06-28 07:00:00,Qwen,1,801,420,381,0.0013,100.0,0.0,0.0,0.0,2458.0,2458.0,2458.0,706.0,92.0,1,1,1,0.0,0.0,0.0,0.0,0,801.0,0.9071,0.0013,0.0013,0.0
2026-06-28 08:00:00,DeepSeek,39,24696,16369,8327,0.0296,94.8718,5.1282,2.5641,0.0,6000.0,6547.5,6782.34,6348.1,163.2,8,19,20,0.0,2.5641,17.9487,0.0,1366,633.2308,0.5087,0.0008,0.0008,16.4045
2026-06-28 09:00:00,DeepSeek,81,54625,38499,16126,0.0655,98.7654,1.2346,1.2346,0.0,5851.0,7333.0,9790.6,6613.0,143.0,10,27,34,0.0,3.7037,22.2222,0.0,2591,674.3827,0.4189,0.0008,0.0008,16.0672
2026-06-28 09:00:00,MiniMax,3,2101,1450,651,0.005,100.0,0.0,0.0,0.0,1487.0,1703.9,1723.18,560.0,164.6,3,3,3,0.0,0.0,33.3333,0.0,115,700.3333,0.449,0.0017,0.0017,17.6651
2026-06-28 09:00:00,Qwen,2,1261,617,644,0.002,100.0,0.0,0.0,0.0,2612.0,3726.2,3825.24,683.25,119.2,2,2,2,0.0,0.0,0.0,0.0,0,630.5,1.0438,0.001,0.001,0.0
2026-06-28 10:00:00,DeepSeek,69,44740,31539,13201,0.0537,98.5507,1.4493,1.4493,0.0,5949.0,8317.8,9128.2,7773.6,166.6,10,27,32,0.0,5.7971,18.8406,0.0,2027,648.4058,0.4186,0.0008,0.0008,15.3549
2026-06-28 10:00:00,MiniMax,3,2308,1791,517,0.0055,100.0,0.0,0.0,0.0,610.0,1567.6,1652.72,396.9,68.3,3,3,3,0.0,0.0,0.0,0.0,118,769.3333,0.2887,0.0018,0.0018,22.824
2026-06-28 10:00:00,Qwen,2,977,737,240,0.0016,100.0,0.0,0.0,0.0,953.0,1246.4,1272.48,593.2,93.15,2,2,2,0.0,0.0,0.0,0.0,0,488.5,0.3256,0.0008,0.0008,0.0
2026-06-28 11:00:00,DeepSeek,88,56493,36811,19682,0.0678,97.7273,2.2727,0.0,2.2727,6077.5,8607.5,9169.17,7799.9,167.0,10,24,34,4.5455,3.4091,11.3636,0.0,2770,641.9659,0.5347,0.0008,0.0008,14.0738
2026-06-28 11:00:00,MiniMax,3,1661,1237,424,0.004,100.0,0.0,0.0,0.0,982.0,1444.6,1485.72,798.7,236.1,3,3,3,0.0,0.0,0.0,0.0,81,553.6667,0.3428,0.0013,0.0013,19.1038
2026-06-28 11:00:00,Qwen,1,809,686,123,0.0013,100.0,0.0,0.0,0.0,865.0,865.0,865.0,532.0,35.0,1,1,1,0.0,0.0,0.0,0.0,0,809.0,0.1793,0.0013,0.0013,0.0
2026-06-28 12:00:00,DeepSeek,89,60418,40529,19889,0.0725,96.6292,3.3708,0.0,1.1236,5977.0,7451.0,9214.88,6818.0,144.8,10,26,37,1.1236,5.618,21.3483,0.0,3142,678.8539,0.4907,0.0008,0.0008,15.7977
2026-06-28 12:00:00,MiniMax,2,1384,1045,339,0.0033,100.0,0.0,0.0,0.0,1123.0,1339.9,1359.18,766.6,70.05,2,2,2,0.0,0.0,100.0,0.0,75,692.0,0.3244,0.0017,0.0017,22.1239
2026-06-28 12:00:00,Qwen,3,1403,999,404,0.0022,100.0,0.0,0.0,0.0,1489.0,1627.6,1639.92,721.9,132.5,2,3,3,0.0,0.0,0.0,33.3333,0,467.6667,0.4044,0.0007,0.0007,0.0
2026-06-28 13:00:00,DeepSeek,74,47118,31176,15942,0.0565,93.2432,6.7568,1.3514,4.0541,6008.0,8648.95,9221.81,8496.95,138.65,10,26,26,1.3514,5.4054,16.2162,0.0,2519,636.7297,0.5114,0.0008,0.0008,15.801
2026-06-28 13:00:00,MiniMax,5,2389,1681,708,0.0057,100.0,0.0,0.0,0.0,1022.0,1380.0,1448.0,563.0,158.4,5,5,5,0.0,0.0,0.0,0.0,105,477.8,0.4212,0.0011,0.0011,14.8305
2026-06-28 13:00:00,Qwen,1,701,395,306,0.0011,100.0,0.0,0.0,0.0,2385.0,2385.0,2385.0,410.0,5.0,1,1,1,0.0,0.0,0.0,0.0,0,701.0,0.7747,0.0011,0.0011,0.0
2026-06-28 14:00:00,DeepSeek,75,53740,39230,14510,0.0645,94.6667,5.3333,0.0,2.6667,5945.0,7045.2,8351.84,6829.1,126.2,10,26,28,0.0,1.3333,21.3333,0.0,2464,716.5333,0.3699,0.0009,0.0009,16.9814
2026-06-28 14:00:00,MiniMax,6,4713,3029,1684,0.0113,100.0,0.0,0.0,0.0,1183.0,2934.75,3345.35,522.75,191.5,5,5,6,0.0,0.0,50.0,0.0,263,785.5,0.556,0.0019,0.0019,15.6176
2026-06-28 14:00:00,Qwen,3,2871,2322,549,0.0046,100.0,0.0,0.0,0.0,1433.0,1545.5,1555.5,625.8,145.4,2,3,3,0.0,0.0,0.0,0.0,0,957.0,0.2364,0.0015,0.0015,0.0
2026-06-28 15:00:00,DeepSeek,85,60136,43535,16601,0.0722,100.0,0.0,0.0,0.0,5960.0,8339.0,9193.52,8309.0,153.4,10,26,30,1.1765,0.0,20.0,0.0,2584,707.4824,0.3813,0.0008,0.0008,15.5653
2026-06-28 15:00:00,MiniMax,2,1973,1597,376,0.0047,100.0,0.0,0.0,0.0,1029.5,1200.05,1215.21,456.0,71.9,2,2,2,0.0,0.0,0.0,0.0,62,986.5,0.2354,0.0024,0.0024,16.4894
2026-06-28 15:00:00,Qwen,2,1990,961,1029,0.0032,100.0,0.0,0.0,0.0,2643.5,2664.65,2666.53,577.45,91.15,2,2,2,0.0,50.0,50.0,0.0,0,995.0,1.0708,0.0016,0.0016,0.0
2026-06-28 16:00:00,DeepSeek,79,51714,35845,15869,0.0621,96.2025,3.7975,0.0,2.5316,6025.0,7196.6,9373.32,6739.1,154.1,9,23,30,0.0,5.0633,11.3924,0.0,2462,654.6076,0.4427,0.0008,0.0008,15.5145
2026-06-28 16:00:00,MiniMax,6,4879,3535,1344,0.0117,100.0,0.0,0.0,0.0,1039.0,2423.75,2658.35,510.25,122.75,5,6,5,0.0,0.0,66.6667,0.0,300,813.1667,0.3802,0.002,0.002,22.3214
2026-06-28 16:00:00,Qwen,3,1752,1081,671,0.0028,100.0,0.0,0.0,0.0,1328.0,1483.7,1497.54,675.1,99.6,2,2,3,0.0,0.0,0.0,0.0,0,584.0,0.6207,0.0009,0.0009,0.0
2026-06-28 17:00:00,DeepSeek,72,47533,34052,13481,0.057,95.8333,4.1667,0.0,1.3889,5943.5,8826.4,9106.15,8591.15,146.7,10,26,33,2.7778,4.1667,18.0556,1.3889,2228,660.1806,0.3959,0.0008,0.0008,16.527
2026-06-28 17:00:00,MiniMax,5,3133,2039,1094,0.0075,100.0,0.0,0.0,0.0,1372.0,1458.0,1474.8,622.4,88.6,4,5,5,0.0,0.0,0.0,20.0,188,626.6,0.5365,0.0015,0.0015,17.1846
2026-06-28 17:00:00,Qwen,3,2469,1509,960,0.004,100.0,0.0,0.0,0.0,1412.0,4043.6,4277.52,661.9,103.1,3,3,3,0.0,0.0,0.0,0.0,0,823.0,0.6362,0.0013,0.0013,0.0
2026-06-28 18:00:00,DeepSeek,46,40702,28451,12251,0.0488,95.6522,4.3478,2.1739,0.0,6189.0,9194.75,9546.05,8853.5,168.0,9,20,23,0.0,0.0,15.2174,0.0,1980,884.8261,0.4306,0.0011,0.0011,16.1619
2026-06-28 18:00:00,MiniMax,1,764,581,183,0.0018,100.0,0.0,0.0,0.0,1202.0,1202.0,1202.0,449.0,161.0,1,1,1,0.0,0.0,0.0,0.0,32,764.0,0.315,0.0018,0.0018,17.4863
2026-06-28 18:00:00,Qwen,1,545,398,147,0.0009,0.0,100.0,0.0,100.0,2086.0,2086.0,2086.0,510.0,69.0,1,1,1,0.0,0.0,0.0,0.0,0,545.0,0.3693,0.0009,,0.0
2026-06-28 19:00:00,DeepSeek,40,27542,20600,6942,0.033,100.0,0.0,0.0,0.0,5803.5,8857.35,9291.0,8827.35,151.95,9,22,22,0.0,2.5,10.0,0.0,1264,688.55,0.337,0.0008,0.0008,18.208
2026-06-28 19:00:00,MiniMax,1,701,516,185,0.0017,100.0,0.0,0.0,0.0,1419.0,1419.0,1419.0,296.0,16.0,1,1,1,0.0,0.0,0.0,0.0,14,701.0,0.3585,0.0017,0.0017,7.5676
2026-06-28 20:00:00,DeepSeek,55,34309,23366,10943,0.0412,96.3636,3.6364,0.0,3.6364,6021.0,7292.3,8587.04,7061.7,175.8,10,24,25,0.0,3.6364,20.0,0.0,1787,623.8,0.4683,0.0007,0.0008,16.3301
2026-06-28 20:00:00,MiniMax,2,1250,992,258,0.003,100.0,0.0,0.0,0.0,1014.5,1130.15,1140.43,379.9,72.8,2,2,2,0.0,0.0,0.0,0.0,55,625.0,0.2601,0.0015,0.0015,21.3178
2026-06-28 20:00:00,Qwen,1,1383,542,841,0.0022,0.0,100.0,0.0,100.0,2884.0,2884.0,2884.0,688.0,160.0,1,1,1,0.0,100.0,0.0,0.0,0,1383.0,1.5517,0.0022,,0.0
2026-06-28 21:00:00,DeepSeek,46,28207,18824,9383,0.0338,97.8261,2.1739,0.0,0.0,6019.0,7057.0,8762.4,6527.0,215.0,10,21,27,0.0,6.5217,21.7391,0.0,1571,613.1957,0.4985,0.0007,0.0008,16.743
2026-06-28 21:00:00,MiniMax,1,999,831,168,0.0024,100.0,0.0,0.0,0.0,1298.0,1298.0,1298.0,721.0,98.0,1,1,1,0.0,0.0,0.0,0.0,13,999.0,0.2022,0.0024,0.0024,7.7381
2026-06-28 21:00:00,Qwen,1,550,450,100,0.0009,100.0,0.0,0.0,0.0,1242.0,1242.0,1242.0,674.0,136.0,1,1,1,0.0,0.0,0.0,0.0,0,550.0,0.2222,0.0009,0.0009,0.0
2026-06-28 22:00:00,DeepSeek,17,14497,10245,4252,0.0174,100.0,0.0,0.0,0.0,6091.0,6977.0,7559.4,6289.4,148.6,7,13,12,0.0,17.6471,23.5294,0.0,742,852.7647,0.415,0.001,0.001,17.4506
2026-06-28 23:00:00,DeepSeek,22,17780,12384,5396,0.0213,95.4545,4.5455,0.0,0.0,6209.5,7344.1,9006.05,6686.65,146.3,8,14,13,0.0,4.5455,22.7273,0.0,902,808.1818,0.4357,0.001,0.001,16.7161
2026-06-29 00:00:00,DeepSeek,21,13214,9165,4049,0.0159,90.4762,9.5238,0.0,0.0,5925.0,7237.0,8150.6,6734.0,162.0,8,15,15,0.0,9.5238,14.2857,0.0,572,629.2381,0.4418,0.0008,0.0008,14.1269
2026-06-29 00:00:00,Qwen,1,815,558,257,0.0013,100.0,0.0,0.0,0.0,1519.0,1519.0,1519.0,526.0,60.0,1,1,1,0.0,0.0,0.0,0.0,0,815.0,0.4606,0.0013,0.0013,0.0
2026-06-29 01:00:00,DeepSeek,14,12244,9341,2903,0.0147,100.0,0.0,0.0,0.0,6166.0,7214.3,7358.86,6900.45,101.9,8,9,10,0.0,7.1429,21.4286,0.0,379,874.5714,0.3108,0.001,0.001,13.0555
2026-06-29 01:00:00,MiniMax,4,3073,1985,1088,0.0074,75.0,25.0,25.0,0.0,1249.0,1659.35,1667.87,588.5,97.45,4,4,4,0.0,25.0,25.0,25.0,216,768.25,0.5481,0.0018,0.0025,19.8529
2026-06-29 01:00:00,Qwen,1,658,565,93,0.0011,100.0,0.0,0.0,0.0,1479.0,1479.0,1479.0,843.0,57.0,1,1,1,0.0,0.0,0.0,0.0,0,658.0,0.1646,0.0011,0.0011,0.0
2026-06-29 02:00:00,DeepSeek,22,17993,13508,4485,0.0216,90.9091,9.0909,4.5455,4.5455,5962.0,8399.55,8877.16,8340.3,95.95,9,15,14,0.0,0.0,13.6364,0.0,646,817.8636,0.332,0.001,0.0011,14.4036
2026-06-29 02:00:00,Qwen,1,379,147,232,0.0006,100.0,0.0,0.0,0.0,1599.0,1599.0,1599.0,506.0,48.0,1,1,1,0.0,0.0,0.0,0.0,0,379.0,1.5782,0.0006,0.0006,0.0
2026-06-29 03:00:00,DeepSeek,19,13145,8805,4340,0.0158,84.2105,15.7895,0.0,5.2632,5945.0,7468.7,8654.54,7223.6,125.6,9,13,13,0.0,21.0526,5.2632,0.0,711,691.8421,0.4929,0.0008,0.001,16.3825
2026-06-29 03:00:00,MiniMax,2,1044,548,496,0.0025,100.0,0.0,0.0,0.0,1484.0,1907.0,1944.6,438.25,80.85,2,2,2,0.0,0.0,0.0,0.0,63,522.0,0.9051,0.0013,0.0013,12.7016
2026-06-29 04:00:00,DeepSeek,20,11670,7772,3898,0.014,100.0,0.0,0.0,0.0,5913.5,7031.3,8373.46,7001.3,165.45,8,13,13,0.0,0.0,40.0,0.0,712,583.5,0.5015,0.0007,0.0007,18.2658
2026-06-29 05:00:00,DeepSeek,20,12546,9064,3482,0.0151,100.0,0.0,0.0,0.0,6002.5,7336.95,8506.59,7073.25,120.45,7,13,15,0.0,15.0,20.0,0.0,528,627.3,0.3842,0.0008,0.0008,15.1637
2026-06-29 05:00:00,MiniMax,2,1891,1363,528,0.0045,100.0,0.0,0.0,0.0,1183.5,1301.85,1312.37,462.95,75.2,2,2,2,0.0,0.0,0.0,0.0,129,945.5,0.3874,0.0023,0.0023,24.4318
2026-06-29 06:00:00,DeepSeek,60,36982,25029,11953,0.0444,98.3333,1.6667,0.0,1.6667,5903.0,7539.4,8519.79,7301.35,154.1,10,23,22,1.6667,5.0,26.6667,0.0,2039,616.3667,0.4776,0.0007,0.0008,17.0585
2026-06-29 06:00:00,MiniMax,5,3685,2909,776,0.0088,100.0,0.0,0.0,0.0,936.0,1511.0,1596.6,593.0,154.4,5,5,5,0.0,20.0,20.0,0.0,138,737.0,0.2668,0.0018,0.0018,17.7835
2026-06-29 07:00:00,DeepSeek,54,35909,25982,9927,0.0431,100.0,0.0,0.0,0.0,6091.5,9100.75,9780.94,9070.75,191.45,9,23,23,0.0,1.8519,22.2222,0.0,1452,664.9815,0.3821,0.0008,0.0008,14.6268
2026-06-29 07:00:00,MiniMax,4,3177,2594,583,0.0076,100.0,0.0,0.0,0.0,998.0,1332.9,1368.18,594.7,136.8,3,4,4,0.0,0.0,50.0,0.0,114,794.25,0.2247,0.0019,0.0019,19.554
2026-06-29 08:00:00,DeepSeek,60,39021,28029,10992,0.0468,98.3333,1.6667,0.0,0.0,5969.5,7097.35,8844.9,6911.2,156.25,10,25,29,0.0,3.3333,16.6667,0.0,1742,650.35,0.3922,0.0008,0.0008,15.8479
2026-06-29 08:00:00,MiniMax,2,1059,582,477,0.0025,100.0,0.0,0.0,0.0,1402.0,1671.1,1695.02,505.25,21.75,2,2,2,0.0,0.0,0.0,0.0,50,529.5,0.8196,0.0013,0.0013,10.4822
2026-06-29 08:00:00,Qwen,1,444,266,178,0.0007,100.0,0.0,0.0,0.0,1219.0,1219.0,1219.0,581.0,29.0,1,1,1,0.0,0.0,0.0,0.0,0,444.0,0.6692,0.0007,0.0007,0.0
2026-06-29 09:00:00,DeepSeek,113,79228,53709,25519,0.0951,95.5752,4.4248,1.7699,0.0,5968.0,8691.4,9267.44,8163.4,159.2,10,27,33,1.7699,3.5398,18.5841,0.0,4204,701.1327,0.4751,0.0008,0.0009,16.474
2026-06-29 09:00:00,MiniMax,3,2542,1828,714,0.0061,100.0,0.0,0.0,0.0,1152.0,1494.0,1524.4,551.5,90.3,3,3,3,0.0,0.0,33.3333,0.0,131,847.3333,0.3906,0.002,0.002,18.3473
2026-06-29 09:00:00,Qwen,4,2093,1163,930,0.0033,100.0,0.0,0.0,0.0,1901.5,2406.05,2431.61,794.95,196.05,3,3,4,0.0,0.0,25.0,0.0,0,523.25,0.7997,0.0008,0.0008,0.0
2026-06-29 10:00:00,DeepSeek,114,76629,53626,23003,0.092,98.2456,1.7544,0.0,0.8772,5971.5,8523.4,9011.15,8445.85,157.2,10,29,36,0.8772,1.7544,16.6667,0.0,3916,672.1842,0.429,0.0008,0.0008,17.0239
2026-06-29 10:00:00,MiniMax,4,2010,1247,763,0.0048,100.0,0.0,0.0,0.0,1324.0,1656.95,1688.99,691.95,71.85,2,3,4,0.0,0.0,25.0,0.0,169,502.5,0.6119,0.0012,0.0012,22.1494
2026-06-29 10:00:00,Qwen,1,1170,1002,168,0.0019,100.0,0.0,0.0,0.0,1432.0,1432.0,1432.0,674.0,13.0,1,1,1,0.0,0.0,0.0,0.0,0,1170.0,0.1677,0.0019,0.0019,0.0
2026-06-29 11:00:00,DeepSeek,107,73388,51620,21768,0.0881,97.1963,2.8037,0.9346,1.8692,6025.0,7922.9,9692.3,7417.0,149.7,10,26,37,1.8692,3.7383,24.2991,0.0,3345,685.8692,0.4217,0.0008,0.0008,15.3666
2026-06-29 11:00:00,MiniMax,4,2287,1565,722,0.0055,100.0,0.0,0.0,0.0,939.5,1432.15,1501.63,552.1,168.8,3,4,4,0.0,0.0,0.0,0.0,148,571.75,0.4613,0.0014,0.0014,20.4986
2026-06-29 11:00:00,Qwen,2,1056,791,265,0.0017,100.0,0.0,0.0,0.0,1372.5,1747.35,1780.67,614.95,115.4,2,2,2,0.0,0.0,50.0,0.0,0,528.0,0.335,0.0008,0.0008,0.0
2026-06-29 12:00:00,DeepSeek,124,87145,60825,26320,0.1046,96.7742,3.2258,0.8065,1.6129,6051.0,8334.25,8995.19,8164.55,180.3,10,25,35,2.4194,5.6452,24.1935,0.0,4461,702.7823,0.4327,0.0008,0.0009,16.9491
2026-06-29 12:00:00,MiniMax,2,899,521,378,0.0022,100.0,0.0,0.0,0.0,1353.0,1664.4,1692.08,439.5,94.7,2,2,2,0.0,0.0,50.0,0.0,47,449.5,0.7255,0.0011,0.0011,12.4339
2026-06-29 12:00:00,Qwen,1,910,749,161,0.0015,100.0,0.0,0.0,0.0,1164.0,1164.0,1164.0,505.0,19.0,1,1,1,0.0,0.0,0.0,0.0,0,910.0,0.215,0.0015,0.0015,0.0
2026-06-29 13:00:00,DeepSeek,117,87620,63458,24162,0.1051,96.5812,3.4188,0.0,0.8547,6002.0,8711.4,9789.76,8548.0,151.4,10,26,38,0.0,2.5641,12.8205,0.0,3611,748.8889,0.3808,0.0009,0.0009,14.945
2026-06-29 13:00:00,MiniMax,7,5386,3979,1407,0.0129,100.0,0.0,0.0,0.0,1433.0,1816.6,1840.12,501.1,123.3,4,5,7,0.0,0.0,14.2857,0.0,195,769.4286,0.3536,0.0018,0.0018,13.8593
2026-06-29 13:00:00,Qwen,2,1011,534,477,0.0016,50.0,50.0,0.0,50.0,1827.0,2152.8,2181.76,716.3,85.8,2,2,2,0.0,50.0,0.0,0.0,0,505.5,0.8933,0.0008,0.0016,0.0
2026-06-29 14:00:00,DeepSeek,129,86921,62983,23938,0.1043,95.3488,4.6512,1.5504,1.5504,5906.0,8205.0,8841.56,7680.2,151.8,10,29,38,0.7752,6.9767,20.9302,0.0,3852,673.8062,0.3801,0.0008,0.0008,16.0916
2026-06-29 14:00:00,MiniMax,3,2172,1878,294,0.0052,66.6667,33.3333,0.0,33.3333,952.0,1114.9,1129.38,521.4,123.8,3,3,3,0.0,0.0,100.0,0.0,61,724.0,0.1565,0.0017,0.0026,20.7483
2026-06-29 14:00:00,Qwen,4,2222,1474,748,0.0036,100.0,0.0,0.0,0.0,2228.5,2839.35,2879.07,1517.4,273.9,4,4,4,0.0,0.0,0.0,0.0,0,555.5,0.5075,0.0009,0.0009,0.0
2026-06-29 15:00:00,DeepSeek,115,69252,47988,21264,0.0831,98.2609,1.7391,0.0,1.7391,5977.0,8042.0,9077.44,8012.0,172.9,10,30,37,0.8696,6.9565,13.913,0.0,3354,602.1913,0.4431,0.0007,0.0007,15.7731
2026-06-29 15:00:00,MiniMax,4,1547,1165,382,0.0037,100.0,0.0,0.0,0.0,902.0,1097.4,1121.88,552.2,39.25,4,4,4,0.0,0.0,0.0,0.0,71,386.75,0.3279,0.0009,0.0009,18.5864
2026-06-29 15:00:00,Qwen,7,3122,1960,1162,0.005,100.0,0.0,0.0,0.0,2245.0,2536.8,2547.36,1461.7,138.7,4,6,4,0.0,14.2857,0.0,0.0,0,446.0,0.5929,0.0007,0.0007,0.0
2026-06-29 16:00:00,DeepSeek,101,69837,50911,18926,0.0838,98.0198,1.9802,0.0,0.0,5916.0,7440.0,8637.0,7404.0,144.0,10,29,38,0.0,3.9604,22.7723,0.0,2908,691.4554,0.3717,0.0008,0.0008,15.3651
2026-06-29 16:00:00,MiniMax,6,4590,3622,968,0.011,100.0,0.0,0.0,0.0,884.5,1209.25,1243.45,635.75,85.25,5,6,5,0.0,16.6667,16.6667,0.0,177,765.0,0.2673,0.0018,0.0018,18.2851
2026-06-29 16:00:00,Qwen,1,699,524,175,0.0011,100.0,0.0,0.0,0.0,1702.0,1702.0,1702.0,621.0,63.0,1,1,1,0.0,0.0,0.0,0.0,0,699.0,0.334,0.0011,0.0011,0.0
2026-06-29 17:00:00,DeepSeek,118,77613,54630,22983,0.0931,94.0678,5.9322,1.6949,3.3898,6009.0,7562.4,8173.84,6962.85,147.05,10,29,40,1.6949,4.2373,18.6441,0.0,3626,657.7373,0.4207,0.0008,0.0008,15.7769
2026-06-29 17:00:00,MiniMax,7,3895,2814,1081,0.0093,100.0,0.0,0.0,0.0,866.0,1487.0,1496.6,692.8,154.3,3,4,4,0.0,0.0,14.2857,0.0,228,556.4286,0.3842,0.0013,0.0013,21.0916
2026-06-29 17:00:00,Qwen,3,1455,925,530,0.0023,100.0,0.0,0.0,0.0,1263.0,1438.5,1454.1,535.7,122.2,2,3,2,0.0,0.0,33.3333,0.0,0,485.0,0.573,0.0008,0.0008,0.0
2026-06-29 18:00:00,DeepSeek,64,42716,30633,12083,0.0513,100.0,0.0,0.0,0.0,5944.0,8952.15,9278.75,8922.15,144.85,10,24,30,0.0,1.5625,23.4375,1.5625,1977,667.4375,0.3944,0.0008,0.0008,16.3618
2026-06-29 18:00:00,MiniMax,2,2293,1226,1067,0.0055,100.0,0.0,0.0,0.0,2364.5,3436.85,3532.17,475.7,63.8,2,2,2,0.0,0.0,0.0,0.0,122,1146.5,0.8703,0.0028,0.0028,11.4339
2026-06-29 18:00:00,Qwen,2,1646,1201,445,0.0026,100.0,0.0,0.0,0.0,1982.5,2414.95,2453.39,611.2,100.5,2,2,2,0.0,0.0,0.0,0.0,0,823.0,0.3705,0.0013,0.0013,0.0
2026-06-29 19:00:00,DeepSeek,70,40298,28227,12071,0.0484,98.5714,1.4286,0.0,0.0,5841.0,7194.95,8490.46,6449.95,136.75,10,27,30,1.4286,2.8571,20.0,0.0,1947,575.6857,0.4276,0.0007,0.0007,16.1296
2026-06-29 19:00:00,MiniMax,2,2122,1769,353,0.0051,100.0,0.0,0.0,0.0,1201.0,1454.8,1477.36,461.65,100.8,2,2,2,0.0,0.0,0.0,0.0,28,1061.0,0.1995,0.0025,0.0025,7.932
2026-06-29 19:00:00,Qwen,1,334,125,209,0.0005,0.0,100.0,0.0,0.0,1391.0,1391.0,1391.0,426.0,45.0,1,1,1,0.0,100.0,100.0,0.0,0,334.0,1.672,0.0005,,0.0
2026-06-29 20:00:00,DeepSeek,68,47138,33942,13196,0.0566,97.0588,2.9412,0.0,1.4706,5883.5,7828.3,8568.67,6884.8,163.8,10,25,29,0.0,0.0,10.2941,0.0,2181,693.2059,0.3888,0.0008,0.0009,16.5277
2026-06-29 20:00:00,MiniMax,3,2444,837,1607,0.0059,100.0,0.0,0.0,0.0,2372.0,2453.0,2460.2,463.9,165.4,2,2,3,0.0,0.0,0.0,0.0,274,814.6667,1.92,0.002,0.002,17.0504
2026-06-29 20:00:00,Qwen,1,1266,1164,102,0.002,100.0,0.0,0.0,0.0,1474.0,1474.0,1474.0,507.0,79.0,1,1,1,0.0,0.0,0.0,0.0,0,1266.0,0.0876,0.002,0.002,0.0
2026-06-29 21:00:00,DeepSeek,89,52109,35984,16125,0.0625,97.7528,2.2472,1.1236,1.1236,5948.0,7415.6,9013.6,7385.6,179.4,10,25,28,0.0,2.2472,20.2247,0.0,2650,585.4944,0.4481,0.0007,0.0007,16.4341
2026-06-29 21:00:00,MiniMax,3,1679,1235,444,0.004,100.0,0.0,0.0,0.0,1047.0,1256.7,1275.34,707.9,192.2,2,3,3,0.0,0.0,0.0,0.0,88,559.6667,0.3595,0.0013,0.0013,19.8198
2026-06-29 21:00:00,Qwen,3,2406,1710,696,0.0038,100.0,0.0,0.0,0.0,1681.0,1714.3,1717.26,818.8,83.6,2,3,2,0.0,0.0,33.3333,0.0,0,802.0,0.407,0.0013,0.0013,0.0
2026-06-29 22:00:00,DeepSeek,33,22580,16440,6140,0.0271,100.0,0.0,0.0,0.0,5885.0,7382.6,8449.24,6776.2,173.4,9,18,20,3.0303,6.0606,21.2121,0.0,1086,684.2424,0.3735,0.0008,0.0008,17.6873
2026-06-29 22:00:00,Qwen,1,280,121,159,0.0004,100.0,0.0,0.0,0.0,1655.0,1655.0,1655.0,419.0,43.0,1,1,1,0.0,0.0,0.0,0.0,0,280.0,1.314,0.0004,0.0004,0.0
2026-06-29 23:00:00,DeepSeek,25,14925,10605,4320,0.0179,96.0,4.0,0.0,4.0,5942.0,7206.6,7365.68,6980.6,182.0,10,16,21,4.0,0.0,20.0,0.0,784,597.0,0.4074,0.0007,0.0007,18.1481
2026-06-29 23:00:00,MiniMax,1,438,227,211,0.0011,100.0,0.0,0.0,0.0,1477.0,1477.0,1477.0,487.0,103.0,1,1,1,0.0,0.0,0.0,0.0,17,438.0,0.9295,0.0011,0.0011,8.0569
2026-06-29 23:00:00,Qwen,3,1272,482,790,0.002,100.0,0.0,0.0,0.0,1807.0,1959.1,1972.62,710.4,72.4,3,3,3,0.0,0.0,0.0,0.0,0,424.0,1.639,0.0007,0.0007,0.0
2026-06-30 00:00:00,DeepSeek,26,17822,13292,4530,0.0214,96.1538,3.8462,0.0,0.0,6117.5,8700.25,9132.75,8670.25,168.5,9,15,19,0.0,0.0,26.9231,0.0,715,685.4615,0.3408,0.0008,0.0009,15.7837
2026-06-30 00:00:00,MiniMax,3,1706,1097,609,0.0041,100.0,0.0,0.0,0.0,1149.0,1292.1,1304.82,537.1,42.7,2,2,3,0.0,66.6667,0.0,0.0,145,568.6667,0.5552,0.0014,0.0014,23.8095
2026-06-30 00:00:00,Qwen,3,1604,960,644,0.0026,100.0,0.0,0.0,0.0,1639.0,1981.9,2012.38,520.0,75.5,2,3,3,0.0,0.0,33.3333,0.0,0,534.6667,0.6708,0.0009,0.0009,0.0
2026-06-30 01:00:00,DeepSeek,30,21641,14603,7038,0.026,93.3333,6.6667,3.3333,3.3333,6158.0,8018.5,8174.94,7687.9,136.95,9,17,19,0.0,3.3333,20.0,0.0,1244,721.3667,0.482,0.0009,0.0009,17.6755
2026-06-30 02:00:00,DeepSeek,34,21313,14781,6532,0.0256,100.0,0.0,0.0,0.0,5986.5,7361.8,8703.67,6721.6,246.25,10,22,17,0.0,2.9412,20.5882,0.0,1130,626.8529,0.4419,0.0008,0.0008,17.2994
2026-06-30 02:00:00,MiniMax,2,1512,1199,313,0.0036,100.0,0.0,0.0,0.0,1223.5,1544.35,1572.87,462.1,57.35,2,2,2,0.0,0.0,50.0,0.0,27,756.0,0.2611,0.0018,0.0018,8.6262
2026-06-30 02:00:00,Qwen,3,2604,1670,934,0.0042,100.0,0.0,0.0,0.0,2591.0,2698.1,2707.62,749.6,132.6,3,3,3,0.0,0.0,0.0,33.3333,0,868.0,0.5593,0.0014,0.0014,0.0
2026-06-30 03:00:00,DeepSeek,29,22046,15139,6907,0.0265,96.5517,3.4483,3.4483,0.0,6202.0,7853.4,7955.4,7418.6,141.4,9,18,20,0.0,6.8966,20.6897,0.0,1022,760.2069,0.4562,0.0009,0.0009,14.7966
2026-06-30 03:00:00,Qwen,2,1284,909,375,0.0021,100.0,0.0,0.0,0.0,1998.0,2441.7,2481.14,486.95,63.0,2,2,2,0.0,0.0,0.0,0.0,0,642.0,0.4125,0.001,0.001,0.0
2026-06-30 04:00:00,DeepSeek,23,18373,13526,4847,0.022,100.0,0.0,0.0,0.0,5926.0,6887.9,7151.12,6580.0,120.7,8,16,15,0.0,0.0,26.087,0.0,898,798.8261,0.3583,0.001,0.001,18.5269
2026-06-30 05:00:00,DeepSeek,32,24374,17088,7286,0.0292,96.875,3.125,0.0,3.125,5963.5,9018.2,9249.43,8988.2,127.45,9,22,20,0.0,9.375,28.125,0.0,1190,761.6875,0.4264,0.0009,0.0009,16.3327
2026-06-30 05:00:00,MiniMax,2,2009,1732,277,0.0048,100.0,0.0,0.0,0.0,1060.0,1198.6,1210.92,405.45,68.85,2,2,2,50.0,0.0,50.0,0.0,37,1004.5,0.1599,0.0024,0.0024,13.3574
2026-06-30 06:00:00,DeepSeek,71,50065,35253,14812,0.0601,100.0,0.0,0.0,0.0,6097.0,8481.5,9046.3,8178.0,127.5,10,26,33,4.2254,1.4085,21.1268,0.0,2159,705.1408,0.4202,0.0008,0.0008,14.576
2026-06-30 06:00:00,MiniMax,1,470,359,111,0.0011,100.0,0.0,0.0,0.0,1444.0,1444.0,1444.0,414.0,118.0,1,1,1,0.0,0.0,100.0,0.0,25,470.0,0.3092,0.0011,0.0011,22.5225
2026-06-30 07:00:00,DeepSeek,62,43419,31807,11612,0.0521,98.3871,1.6129,0.0,0.0,6005.0,7825.9,9715.03,7106.55,179.4,10,24,29,0.0,1.6129,17.7419,0.0,1855,700.3065,0.3651,0.0008,0.0009,15.9749
2026-06-30 07:00:00,MiniMax,8,4813,3156,1657,0.0116,87.5,12.5,0.0,12.5,1010.5,1892.1,2103.22,512.15,107.4,6,6,7,0.0,12.5,0.0,0.0,176,601.625,0.525,0.0014,0.0017,10.6216
2026-06-30 07:00:00,Qwen,2,845,614,231,0.0014,100.0,0.0,0.0,0.0,2366.0,3139.1,3207.82,1665.5,228.7,1,2,1,0.0,0.0,0.0,0.0,0,422.5,0.3762,0.0007,0.0007,0.0
2026-06-30 08:00:00,DeepSeek,66,39050,28205,10845,0.0469,96.9697,3.0303,0.0,3.0303,5972.5,7313.75,8760.55,7247.25,156.25,9,24,27,3.0303,0.0,21.2121,0.0,1767,591.6667,0.3845,0.0007,0.0007,16.2932
2026-06-30 08:00:00,MiniMax,3,1537,750,787,0.0037,100.0,0.0,0.0,0.0,1494.0,1528.2,1531.24,554.3,124.1,3,3,3,0.0,33.3333,66.6667,0.0,164,512.3333,1.0493,0.0012,0.0012,20.8386
2026-06-30 09:00:00,DeepSeek,125,86645,60886,25759,0.104,87.2,12.8,0.0,12.0,5931.0,7224.8,8553.04,6896.4,173.4,10,29,38,2.4,3.2,15.2,0.0,3832,693.16,0.4231,0.0008,0.001,14.8764
2026-06-30 09:00:00,MiniMax,8,4913,3528,1385,0.0118,100.0,0.0,0.0,0.0,1102.5,1654.85,1718.97,477.2,192.15,4,7,7,0.0,0.0,37.5,0.0,136,614.125,0.3926,0.0015,0.0015,9.8195
2026-06-30 09:00:00,Qwen,5,3934,2819,1115,0.0063,40.0,60.0,20.0,40.0,2252.0,3133.2,3298.64,1629.4,92.0,3,4,4,0.0,0.0,20.0,0.0,0,786.8,0.3955,0.0013,0.0031,0.0
2026-06-30 10:00:00,DeepSeek,99,66669,46781,19888,0.08,94.9495,5.0505,1.0101,0.0,5982.0,8758.6,9533.12,8636.1,154.7,10,30,37,1.0101,5.0505,14.1414,0.0,3047,673.4242,0.4251,0.0008,0.0009,15.3208
2026-06-30 10:00:00,MiniMax,10,7798,5703,2095,0.0187,100.0,0.0,0.0,0.0,1173.0,1933.2,2035.44,549.9,166.0,6,9,10,0.0,20.0,0.0,0.0,199,779.8,0.3674,0.0019,0.0019,9.4988
2026-06-30 10:00:00,Qwen,4,3377,2570,807,0.0054,100.0,0.0,0.0,0.0,1773.5,2746.55,2802.11,1611.75,149.3,3,3,3,0.0,0.0,25.0,0.0,0,844.25,0.314,0.0014,0.0014,0.0
2026-06-30 11:00:00,DeepSeek,132,86932,60880,26052,0.1043,96.9697,3.0303,0.7576,0.7576,5919.0,7730.85,8873.14,7350.95,162.45,10,29,38,1.5152,2.2727,16.6667,0.0,4061,658.5758,0.4279,0.0008,0.0008,15.5881
2026-06-30 11:00:00,MiniMax,5,2589,1654,935,0.0062,100.0,0.0,0.0,0.0,847.0,1295.6,1312.72,519.4,114.2,4,5,5,0.0,0.0,0.0,0.0,140,517.8,0.5653,0.0012,0.0012,14.9733
2026-06-30 12:00:00,DeepSeek,136,87174,58646,28528,0.1046,97.0588,2.9412,0.7353,2.2059,6050.5,8281.5,9404.25,7314.25,172.25,10,28,38,2.2059,5.8824,19.8529,0.0,4772,640.9853,0.4864,0.0008,0.0008,16.7274
2026-06-30 12:00:00,MiniMax,3,1780,1200,580,0.0043,100.0,0.0,0.0,0.0,1258.0,1395.7,1407.94,491.4,117.6,2,3,2,0.0,0.0,0.0,0.0,142,593.3333,0.4833,0.0014,0.0014,24.4828
2026-06-30 12:00:00,Qwen,3,1821,760,1061,0.0029,100.0,0.0,0.0,0.0,2345.0,3459.2,3558.24,607.4,55.9,3,3,3,0.0,0.0,33.3333,33.3333,0,607.0,1.3961,0.001,0.001,0.0
2026-06-30 13:00:00,DeepSeek,106,73611,52309,21302,0.0883,98.1132,1.8868,0.9434,0.9434,6009.5,8638.5,8965.4,8500.75,158.0,10,28,35,1.8868,1.8868,16.9811,0.0,3399,694.4434,0.4072,0.0008,0.0008,15.9562
2026-06-30 13:00:00,MiniMax,2,3255,1835,1420,0.0078,100.0,0.0,0.0,0.0,3489.0,4771.5,4885.5,588.45,104.4,2,2,2,0.0,0.0,50.0,0.0,333,1627.5,0.7738,0.0039,0.0039,23.4507
2026-06-30 13:00:00,Qwen,4,1736,1080,656,0.0028,100.0,0.0,0.0,0.0,1765.0,1802.05,1806.01,680.4,226.4,4,4,4,0.0,0.0,0.0,0.0,0,434.0,0.6074,0.0007,0.0007,0.0
2026-06-30 14:00:00,DeepSeek,135,86860,60209,26651,0.1042,96.2963,3.7037,0.7407,2.2222,6001.0,7421.1,8736.66,7073.9,166.0,10,29,40,1.4815,4.4444,20.7407,0.0,4401,643.4074,0.4426,0.0008,0.0008,16.5135
2026-06-30 14:00:00,MiniMax,9,5916,3724,2192,0.0142,100.0,0.0,0.0,0.0,1137.0,2183.0,2421.4,584.4,156.2,7,9,8,0.0,11.1111,11.1111,0.0,330,657.3333,0.5886,0.0016,0.0016,15.0547
2026-06-30 14:00:00,Qwen,2,648,337,311,0.001,100.0,0.0,0.0,0.0,1398.0,1432.2,1435.24,703.25,95.9,2,2,2,0.0,0.0,0.0,0.0,0,324.0,0.9228,0.0005,0.0005,0.0
2026-06-30 15:00:00,DeepSeek,104,72494,50032,22462,0.087,95.1923,4.8077,1.9231,1.9231,6033.5,8332.5,9000.08,7884.35,157.95,10,28,36,0.9615,3.8462,14.4231,0.0,3628,697.0577,0.449,0.0008,0.0009,16.1517
2026-06-30 15:00:00,MiniMax,2,1020,561,459,0.0024,100.0,0.0,0.0,0.0,1386.5,1470.65,1478.13,498.35,80.95,2,2,2,0.0,0.0,0.0,0.0,50,510.0,0.8182,0.0012,0.0012,10.8932
2026-06-30 15:00:00,Qwen,3,3286,3014,272,0.0053,66.6667,33.3333,0.0,0.0,1434.0,1580.7,1593.74,599.4,68.4,3,3,3,0.0,33.3333,0.0,0.0,0,1095.3333,0.0902,0.0018,0.0026,0.0
2026-06-30 16:00:00,DeepSeek,98,67813,46197,21616,0.0814,92.8571,7.1429,1.0204,5.102,5988.0,7998.15,9443.35,7911.45,173.9,10,30,41,1.0204,5.102,18.3673,0.0,3434,691.9694,0.4679,0.0008,0.0009,15.8864
2026-06-30 16:00:00,MiniMax,4,3557,2779,778,0.0085,100.0,0.0,0.0,0.0,1143.0,1781.55,1858.71,383.55,60.1,2,3,3,0.0,0.0,25.0,0.0,165,889.25,0.28,0.0021,0.0021,21.2082
2026-06-30 16:00:00,Qwen,1,516,265,251,0.0008,0.0,100.0,0.0,0.0,2146.0,2146.0,2146.0,727.0,75.0,1,1,1,0.0,0.0,0.0,0.0,0,516.0,0.9472,0.0008,,0.0
2026-06-30 17:00:00,DeepSeek,118,80218,57490,22728,0.0963,95.7627,4.2373,0.0,2.5424,5935.0,8380.55,9472.56,8338.55,181.05,10,30,37,0.8475,5.9322,19.4915,0.0,3970,679.8136,0.3953,0.0008,0.0009,17.4674
2026-06-30 17:00:00,MiniMax,7,6266,4749,1517,0.015,100.0,0.0,0.0,0.0,1118.0,1463.9,1542.38,780.8,103.5,6,6,7,0.0,0.0,0.0,0.0,211,895.1429,0.3194,0.0021,0.0021,13.909
2026-06-30 17:00:00,Qwen,1,529,416,113,0.0008,100.0,0.0,0.0,0.0,1195.0,1195.0,1195.0,508.0,55.0,1,1,1,0.0,0.0,0.0,0.0,0,529.0,0.2716,0.0008,0.0008,0.0
2026-06-30 18:00:00,DeepSeek,53,33307,21325,11982,0.04,98.1132,1.8868,0.0,0.0,6165.0,8152.4,8553.12,7402.0,128.4,10,23,23,1.8868,1.8868,13.2075,0.0,1933,628.434,0.5619,0.0008,0.0008,16.1325
2026-06-30 18:00:00,MiniMax,3,2152,1606,546,0.0052,100.0,0.0,0.0,0.0,1038.0,1656.3,1711.26,894.3,159.8,3,3,3,0.0,0.0,0.0,0.0,66,717.3333,0.34,0.0017,0.0017,12.0879
2026-06-30 18:00:00,Qwen,1,715,658,57,0.0011,100.0,0.0,0.0,0.0,1439.0,1439.0,1439.0,703.0,57.0,1,1,1,100.0,0.0,0.0,0.0,0,715.0,0.0866,0.0011,0.0011,0.0
2026-06-30 19:00:00,DeepSeek,84,55562,38365,17197,0.0667,97.619,2.381,0.0,1.1905,6020.0,8577.6,9085.34,8347.5,164.55,9,25,30,0.0,5.9524,21.4286,0.0,2822,661.4524,0.4482,0.0008,0.0008,16.4098
2026-06-30 19:00:00,MiniMax,2,1185,911,274,0.0028,100.0,0.0,0.0,0.0,1091.0,1141.4,1145.88,481.05,152.7,2,2,2,0.0,0.0,0.0,0.0,51,592.5,0.3008,0.0014,0.0014,18.6131
2026-06-30 19:00:00,Qwen,2,1357,515,842,0.0022,50.0,50.0,50.0,0.0,2928.0,3535.5,3589.5,852.7,215.8,1,1,2,0.0,50.0,0.0,0.0,0,678.5,1.635,0.0011,0.0022,0.0
2026-06-30 20:00:00,DeepSeek,74,50432,35033,15399,0.0605,94.5946,5.4054,4.0541,0.0,5965.5,7631.65,9165.51,7107.7,138.6,10,27,28,0.0,0.0,24.3243,0.0,2488,681.5135,0.4396,0.0008,0.0009,16.1569
2026-06-30 20:00:00,MiniMax,4,1679,1035,644,0.004,100.0,0.0,0.0,0.0,1164.0,1461.9,1475.58,592.5,86.95,4,4,4,0.0,0.0,0.0,0.0,138,419.75,0.6222,0.001,0.001,21.4286
2026-06-30 20:00:00,Qwen,2,1796,1299,497,0.0029,100.0,0.0,0.0,0.0,1936.0,2531.8,2584.76,610.1,127.0,2,2,2,0.0,0.0,0.0,0.0,0,898.0,0.3826,0.0014,0.0014,0.0
2026-06-30 21:00:00,DeepSeek,59,39687,27550,12137,0.0476,91.5254,8.4746,0.0,6.7797,6004.0,7799.2,9178.96,6630.7,132.4,10,23,28,1.6949,6.7797,22.0339,0.0,1875,672.661,0.4405,0.0008,0.0009,15.4486
2026-06-30 21:00:00,MiniMax,6,3755,2364,1391,0.009,100.0,0.0,0.0,0.0,1141.0,2019.0,2125.4,675.5,70.75,5,5,6,0.0,0.0,16.6667,0.0,274,625.8333,0.5884,0.0015,0.0015,19.6981
2026-06-30 21:00:00,Qwen,1,826,671,155,0.0013,100.0,0.0,0.0,0.0,1358.0,1358.0,1358.0,463.0,9.0,1,1,1,0.0,0.0,0.0,0.0,0,826.0,0.231,0.0013,0.0013,0.0
2026-06-30 22:00:00,DeepSeek,33,21891,15151,6740,0.0263,96.9697,3.0303,0.0,0.0,5920.0,7425.6,8341.88,6700.6,158.0,10,18,19,0.0,6.0606,27.2727,0.0,907,663.3636,0.4449,0.0008,0.0008,13.457
2026-06-30 22:00:00,MiniMax,3,2288,1348,940,0.0055,100.0,0.0,0.0,0.0,892.0,2306.8,2432.56,527.9,63.7,2,3,3,0.0,0.0,0.0,0.0,144,762.6667,0.6973,0.0018,0.0018,15.3191
2026-06-30 22:00:00,Qwen,1,722,105,617,0.0012,100.0,0.0,0.0,0.0,3373.0,3373.0,3373.0,582.0,110.0,1,1,1,0.0,0.0,0.0,0.0,0,722.0,5.8762,0.0012,0.0012,0.0
2026-06-30 23:00:00,DeepSeek,31,21483,14978,6505,0.0258,100.0,0.0,0.0,0.0,6099.0,7305.0,7479.0,7060.0,167.0,10,20,20,0.0,3.2258,19.3548,0.0,999,693.0,0.4343,0.0008,0.0008,15.3574
2026-06-30 23:00:00,MiniMax,2,689,386,303,0.0017,100.0,0.0,0.0,0.0,864.5,983.75,994.35,575.1,155.8,2,2,2,0.0,0.0,50.0,0.0,47,344.5,0.785,0.0008,0.0008,15.5116
2026-06-30 23:00:00,Qwen,1,518,310,208,0.0008,100.0,0.0,0.0,0.0,2003.0,2003.0,2003.0,630.0,43.0,1,1,1,0.0,0.0,0.0,0.0,0,518.0,0.671,0.0008,0.0008,0.0
2026-07-01 00:00:00,DeepSeek,20,13183,9461,3722,0.0158,100.0,0.0,0.0,0.0,5805.0,7055.0,7131.0,6019.6,133.5,8,14,15,0.0,0.0,15.0,0.0,679,659.15,0.3934,0.0008,0.0008,18.2429
2026-07-01 00:00:00,MiniMax,1,654,88,566,0.0016,100.0,0.0,0.0,0.0,1880.0,1880.0,1880.0,438.0,65.0,1,1,1,0.0,100.0,0.0,0.0,33,654.0,6.4318,0.0016,0.0016,5.8304
2026-07-01 01:00:00,DeepSeek,29,16524,10355,6169,0.0198,93.1034,6.8966,3.4483,0.0,6097.0,7470.6,7869.96,6944.6,135.6,8,16,18,0.0,0.0,6.8966,0.0,910,569.7931,0.5958,0.0007,0.0007,14.7512
2026-07-01 02:00:00,DeepSeek,19,13624,9378,4246,0.0163,94.7368,5.2632,0.0,0.0,5949.0,7826.4,8455.68,6507.6,170.3,7,11,11,0.0,0.0,10.5263,0.0,726,717.0526,0.4528,0.0009,0.0009,17.0984
2026-07-01 02:00:00,MiniMax,1,333,206,127,0.0008,100.0,0.0,0.0,0.0,1203.0,1203.0,1203.0,553.0,187.0,1,1,1,0.0,0.0,0.0,0.0,16,333.0,0.6165,0.0008,0.0008,12.5984
2026-07-01 03:00:00,DeepSeek,20,11655,6932,4723,0.014,100.0,0.0,0.0,0.0,6309.5,8405.7,8841.94,7881.75,135.15,7,11,11,0.0,0.0,15.0,0.0,785,582.75,0.6813,0.0007,0.0007,16.6208
2026-07-01 03:00:00,Qwen,1,496,387,109,0.0008,100.0,0.0,0.0,0.0,766.0,766.0,766.0,526.0,88.0,1,1,1,0.0,0.0,0.0,0.0,0,496.0,0.2817,0.0008,0.0008,0.0
2026-07-01 04:00:00,DeepSeek,14,9045,5817,3228,0.0109,100.0,0.0,0.0,0.0,6022.5,7496.3,7994.46,5937.4,120.4,7,9,11,0.0,21.4286,14.2857,0.0,491,646.0714,0.5549,0.0008,0.0008,15.2107
2026-07-01 04:00:00,MiniMax,1,557,417,140,0.0013,100.0,0.0,0.0,0.0,1157.0,1157.0,1157.0,309.0,34.0,1,1,1,0.0,0.0,0.0,0.0,30,557.0,0.3357,0.0013,0.0013,21.4286
2026-07-01 05:00:00,DeepSeek,36,24055,16568,7487,0.0289,97.2222,2.7778,0.0,0.0,5887.0,8299.5,8603.1,7562.25,159.0,10,21,23,0.0,2.7778,22.2222,0.0,1282,668.1944,0.4519,0.0008,0.0008,17.123
2026-07-01 05:00:00,MiniMax,1,759,308,451,0.0018,100.0,0.0,0.0,0.0,1805.0,1805.0,1805.0,440.0,22.0,1,1,1,0.0,0.0,0.0,0.0,99,759.0,1.4643,0.0018,0.0018,21.9512
2026-07-01 06:00:00,DeepSeek,67,48198,32046,16152,0.0578,92.5373,7.4627,0.0,2.9851,6062.0,8491.5,9383.24,8461.5,158.2,10,22,25,1.4925,11.9403,14.9254,0.0,2626,719.3731,0.504,0.0009,0.0009,16.258
2026-07-01 06:00:00,MiniMax,3,1812,1206,606,0.0043,100.0,0.0,0.0,0.0,1088.0,1458.8,1491.76,406.8,47.4,3,3,3,0.0,33.3333,0.0,0.0,112,604.0,0.5025,0.0014,0.0014,18.4818
2026-07-01 07:00:00,DeepSeek,57,38350,26043,12307,0.046,94.7368,5.2632,3.5088,1.7544,5992.0,7580.0,8772.32,6818.4,180.6,9,21,27,3.5088,8.7719,24.5614,1.7544,2148,672.807,0.4726,0.0008,0.0009,17.4535
2026-07-01 07:00:00,MiniMax,2,1636,1125,511,0.0039,100.0,0.0,0.0,0.0,1243.0,1450.9,1469.38,767.4,180.15,2,2,2,50.0,0.0,50.0,0.0,87,818.0,0.4542,0.002,0.002,17.0254
2026-07-01 07:00:00,Qwen,3,1293,810,483,0.0021,100.0,0.0,0.0,0.0,1399.0,1481.8,1489.16,481.3,79.6,3,3,3,0.0,0.0,0.0,0.0,0,431.0,0.5963,0.0007,0.0007,0.0
2026-07-01 08:00:00,DeepSeek,67,45812,33462,12350,0.055,98.5075,1.4925,0.0,0.0,5913.0,7621.6,9014.78,6975.9,154.4,10,24,30,0.0,5.9701,13.4328,0.0,2180,683.7612,0.3691,0.0008,0.0008,17.6518
2026-07-01 08:00:00,MiniMax,3,2243,1537,706,0.0054,100.0,0.0,0.0,0.0,1155.0,1958.7,2030.14,580.5,230.7,2,3,3,0.0,0.0,0.0,0.0,57,747.6667,0.4593,0.0018,0.0018,8.0737
2026-07-01 08:00:00,Qwen,1,812,635,177,0.0013,0.0,100.0,100.0,0.0,1413.0,1413.0,1413.0,558.0,67.0,1,1,1,0.0,0.0,0.0,0.0,0,812.0,0.2787,0.0013,,0.0
2026-07-01 09:00:00,DeepSeek,97,68430,48793,19637,0.0821,97.9381,2.0619,0.0,1.0309,6110.0,8527.6,9123.2,8171.0,176.2,10,28,34,0.0,1.0309,27.8351,0.0,3263,705.4639,0.4025,0.0008,0.0009,16.6166
2026-07-01 09:00:00,MiniMax,9,5717,3953,1764,0.0137,100.0,0.0,0.0,0.0,1176.0,1571.4,1598.28,551.0,161.6,8,9,9,0.0,0.0,11.1111,11.1111,212,635.2222,0.4462,0.0015,0.0015,12.0181
2026-07-01 09:00:00,Qwen,4,1988,1019,969,0.0032,75.0,25.0,0.0,25.0,1791.5,2497.85,2581.97,837.9,82.4,3,4,4,0.0,0.0,25.0,0.0,0,497.0,0.9509,0.0008,0.0011,0.0
2026-07-01 10:00:00,DeepSeek,118,77640,54559,23081,0.0932,99.1525,0.8475,0.8475,0.0,6044.0,7257.7,8207.45,7044.65,153.2,10,27,34,0.8475,2.5424,12.7119,0.0,3803,657.9661,0.423,0.0008,0.0008,16.4768
2026-07-01 10:00:00,MiniMax,6,4529,2627,1902,0.0109,100.0,0.0,0.0,0.0,1660.0,2371.25,2519.85,545.5,201.0,5,5,6,0.0,0.0,16.6667,0.0,180,754.8333,0.724,0.0018,0.0018,9.4637
2026-07-01 10:00:00,Qwen,1,1198,1002,196,0.0019,100.0,0.0,0.0,0.0,1318.0,1318.0,1318.0,488.0,29.0,1,1,1,0.0,0.0,0.0,0.0,0,1198.0,0.1956,0.0019,0.0019,0.0
2026-07-01 11:00:00,DeepSeek,121,84939,60723,24216,0.1019,96.6942,3.3058,0.8264,1.6529,5993.0,8212.0,9193.8,7222.0,177.0,10,28,36,0.0,1.6529,15.7025,0.0,4004,701.9752,0.3988,0.0008,0.0009,16.5345
2026-07-01 11:00:00,MiniMax,5,2781,2427,354,0.0067,100.0,0.0,0.0,0.0,796.0,1183.2,1201.44,661.4,214.2,4,4,4,0.0,0.0,20.0,0.0,49,556.2,0.1459,0.0013,0.0013,13.8418
2026-07-01 11:00:00,Qwen,3,2486,1829,657,0.004,100.0,0.0,0.0,0.0,1769.0,3247.7,3379.14,1314.1,72.6,3,3,3,0.0,0.0,0.0,0.0,0,828.6667,0.3592,0.0013,0.0013,0.0
2026-07-01 12:00:00,DeepSeek,114,75506,52688,22818,0.0906,97.3684,2.6316,0.0,1.7544,5960.0,7536.2,8790.93,7469.15,146.75,10,28,34,1.7544,2.6316,23.6842,0.0,3531,662.3333,0.4331,0.0008,0.0008,15.4746
2026-07-01 12:00:00,MiniMax,7,4808,3417,1391,0.0115,100.0,0.0,0.0,0.0,1017.0,2166.7,2279.74,605.2,72.7,6,6,7,0.0,0.0,42.8571,0.0,195,686.8571,0.4071,0.0016,0.0016,14.0187
2026-07-01 12:00:00,Qwen,1,963,824,139,0.0015,100.0,0.0,0.0,0.0,1704.0,1704.0,1704.0,512.0,75.0,1,1,1,0.0,0.0,0.0,0.0,0,963.0,0.1687,0.0015,0.0015,0.0
2026-07-01 13:00:00,DeepSeek,111,77817,54941,22876,0.0934,97.2973,2.7027,0.0,1.8018,5953.0,8395.0,9266.5,8327.5,132.0,10,28,37,1.8018,4.5045,14.4144,0.0,3595,701.0541,0.4164,0.0008,0.0009,15.7152
2026-07-01 13:00:00,MiniMax,4,2306,1464,842,0.0055,100.0,0.0,0.0,0.0,1285.0,1955.9,2022.38,701.5,57.4,2,3,4,0.0,0.0,0.0,0.0,119,576.5,0.5751,0.0014,0.0014,14.133
2026-07-01 13:00:00,Qwen,3,1658,1014,644,0.0027,100.0,0.0,0.0,0.0,975.0,2024.4,2117.68,565.6,109.1,3,3,3,0.0,0.0,33.3333,0.0,0,552.6667,0.6351,0.0009,0.0009,0.0
2026-07-01 14:00:00,DeepSeek,114,76870,53915,22955,0.0922,96.4912,3.5088,0.8772,0.0,6007.0,8291.2,9235.71,8129.25,169.7,10,27,35,0.8772,6.1404,21.0526,0.0,3932,674.2982,0.4258,0.0008,0.0008,17.1292
2026-07-01 14:00:00,MiniMax,1,448,191,257,0.0011,100.0,0.0,0.0,0.0,1819.0,1819.0,1819.0,453.0,38.0,1,1,1,0.0,0.0,0.0,0.0,18,448.0,1.3455,0.0011,0.0011,7.0039
2026-07-01 14:00:00,Qwen,3,1921,1197,724,0.0031,100.0,0.0,0.0,0.0,1980.0,2465.1,2508.22,578.4,101.3,3,3,3,0.0,0.0,33.3333,0.0,0,640.3333,0.6048,0.001,0.001,0.0
2026-07-01 15:00:00,DeepSeek,99,62165,42088,20077,0.0746,95.9596,4.0404,1.0101,3.0303,6050.0,7659.7,8408.22,7449.7,160.1,10,27,34,1.0101,6.0606,16.1616,0.0,3183,627.9293,0.477,0.0008,0.0008,15.854
2026-07-01 15:00:00,MiniMax,2,2762,2512,250,0.0066,0.0,100.0,50.0,50.0,809.5,945.85,957.97,396.0,61.45,2,2,2,0.0,50.0,50.0,0.0,25,1381.0,0.0995,0.0033,,10.0
2026-07-01 15:00:00,Qwen,5,3662,2103,1559,0.0059,100.0,0.0,0.0,0.0,1380.0,2808.4,2884.88,695.6,91.0,4,4,5,0.0,0.0,0.0,0.0,0,732.4,0.7413,0.0012,0.0012,0.0
2026-07-01 16:00:00,DeepSeek,115,80230,58107,22123,0.0963,97.3913,2.6087,0.8696,0.8696,6024.0,7793.6,9254.68,7655.3,147.3,10,29,38,0.8696,6.087,21.7391,0.0,3693,697.6522,0.3807,0.0008,0.0009,16.693
2026-07-01 16:00:00,MiniMax,4,1806,1204,602,0.0043,100.0,0.0,0.0,0.0,840.5,1286.7,1327.74,461.55,105.05,3,3,4,0.0,0.0,0.0,0.0,106,451.5,0.5,0.0011,0.0011,17.608
2026-07-01 16:00:00,Qwen,1,860,467,393,0.0014,100.0,0.0,0.0,0.0,1932.0,1932.0,1932.0,597.0,20.0,1,1,1,0.0,0.0,0.0,0.0,0,860.0,0.8415,0.0014,0.0014,0.0
2026-07-01 17:00:00,DeepSeek,123,84619,59943,24676,0.1015,96.748,3.252,0.813,1.626,5997.0,7971.1,8684.54,7936.3,154.7,10,30,37,1.626,5.6911,15.4472,0.0,3624,687.9593,0.4117,0.0008,0.0009,14.6863
2026-07-01 17:00:00,MiniMax,6,4423,3352,1071,0.0106,100.0,0.0,0.0,0.0,1155.0,1847.75,1951.15,550.25,137.0,5,5,6,0.0,0.0,16.6667,0.0,130,737.1667,0.3195,0.0018,0.0018,12.1382
2026-07-01 17:00:00,Qwen,5,4514,3269,1245,0.0072,100.0,0.0,0.0,0.0,1722.0,3817.2,4176.24,1473.2,75.4,4,5,5,0.0,20.0,0.0,0.0,0,902.8,0.3809,0.0014,0.0014,0.0
2026-07-01 18:00:00,DeepSeek,66,46721,32605,14116,0.0561,98.4848,1.5152,0.0,1.5152,6116.5,8346.5,9108.7,8296.0,167.0,10,24,31,1.5152,4.5455,21.2121,0.0,2455,707.8939,0.4329,0.0008,0.0009,17.3916
2026-07-01 18:00:00,MiniMax,5,3846,2985,861,0.0092,100.0,0.0,0.0,0.0,886.0,1466.8,1521.36,491.6,170.0,4,5,4,0.0,0.0,0.0,0.0,162,769.2,0.2884,0.0018,0.0018,18.8153
2026-07-01 18:00:00,Qwen,1,731,675,56,0.0012,100.0,0.0,0.0,0.0,1032.0,1032.0,1032.0,530.0,56.0,1,1,1,0.0,0.0,100.0,0.0,0,731.0,0.083,0.0012,0.0012,0.0
2026-07-01 19:00:00,DeepSeek,73,53798,39755,14043,0.0646,97.2603,2.7397,1.3699,0.0,6031.0,7097.2,8080.96,6814.4,203.6,10,25,27,0.0,1.3699,17.8082,0.0,2368,736.9589,0.3532,0.0009,0.0009,16.8625
2026-07-01 19:00:00,MiniMax,1,416,342,74,0.001,100.0,0.0,0.0,0.0,617.0,617.0,617.0,288.0,18.0,1,1,1,0.0,0.0,0.0,0.0,4,416.0,0.2164,0.001,0.001,5.4054
2026-07-01 19:00:00,Qwen,1,989,680,309,0.0016,100.0,0.0,0.0,0.0,2649.0,2649.0,2649.0,500.0,38.0,1,1,1,0.0,100.0,0.0,0.0,0,989.0,0.4544,0.0016,0.0016,0.0
2026-07-01 20:00:00,DeepSeek,52,34068,23426,10642,0.0409,96.1538,3.8462,1.9231,1.9231,5975.5,7354.6,8090.59,7244.85,186.8,10,24,30,0.0,7.6923,19.2308,0.0,1889,655.1538,0.4543,0.0008,0.0008,17.7504
2026-07-01 20:00:00,MiniMax,3,2491,1412,1079,0.006,100.0,0.0,0.0,0.0,1217.0,1721.9,1766.78,480.3,48.4,3,3,3,0.0,0.0,33.3333,0.0,247,830.3333,0.7642,0.002,0.002,22.8916
2026-07-01 20:00:00,Qwen,3,2643,1231,1412,0.0042,100.0,0.0,0.0,0.0,1998.0,3724.2,3877.64,700.9,194.5,2,3,3,0.0,0.0,33.3333,0.0,0,881.0,1.147,0.0014,0.0014,0.0
2026-07-01 21:00:00,DeepSeek,68,47029,33305,13724,0.0564,97.0588,2.9412,0.0,1.4706,6012.0,8208.9,9319.15,8178.9,134.0,10,25,32,0.0,2.9412,19.1176,0.0,2360,691.6029,0.4121,0.0008,0.0009,17.1962
2026-07-01 21:00:00,MiniMax,2,1893,1406,487,0.0045,100.0,0.0,0.0,0.0,1233.0,1298.7,1304.54,391.25,45.7,2,2,2,0.0,0.0,0.0,0.0,67,946.5,0.3464,0.0023,0.0023,13.7577
2026-07-01 22:00:00,DeepSeek,33,22806,16083,6723,0.0274,96.9697,3.0303,0.0,0.0,5933.0,7667.8,8461.24,7361.2,127.6,10,19,22,0.0,3.0303,18.1818,0.0,1139,691.0909,0.418,0.0008,0.0009,16.9418
2026-07-01 22:00:00,MiniMax,1,538,383,155,0.0013,100.0,0.0,0.0,0.0,1039.0,1039.0,1039.0,453.0,43.0,1,1,1,0.0,0.0,0.0,0.0,28,538.0,0.4047,0.0013,0.0013,18.0645
2026-07-01 22:00:00,Qwen,1,338,183,155,0.0005,100.0,0.0,0.0,0.0,1784.0,1784.0,1784.0,546.0,96.0,1,1,1,0.0,0.0,0.0,0.0,0,338.0,0.847,0.0005,0.0005,0.0
2026-07-01 23:00:00,DeepSeek,34,23209,14978,8231,0.0278,97.0588,2.9412,0.0,0.0,6178.5,7900.6,8799.56,7080.85,180.0,8,19,21,0.0,0.0,17.6471,0.0,1369,682.6176,0.5495,0.0008,0.0008,16.6322
2026-07-01 23:00:00,MiniMax,2,2487,2204,283,0.006,100.0,0.0,0.0,0.0,1233.0,1721.7,1765.14,549.6,155.8,1,2,1,0.0,0.0,50.0,0.0,24,1243.5,0.1284,0.003,0.003,8.4806
2026-07-01 23:00:00,Qwen,1,1124,844,280,0.0018,100.0,0.0,0.0,0.0,1960.0,1960.0,1960.0,631.0,54.0,1,1,1,0.0,0.0,0.0,0.0,0,1124.0,0.3318,0.0018,0.0018,0.0
2026-07-02 00:00:00,DeepSeek,31,21049,15407,5642,0.0253,93.5484,6.4516,3.2258,0.0,6028.0,9011.5,9215.9,8981.5,175.0,8,18,19,3.2258,6.4516,32.2581,0.0,897,679.0,0.3662,0.0008,0.0009,15.8986
2026-07-02 00:00:00,MiniMax,3,1497,1211,286,0.0036,100.0,0.0,0.0,0.0,767.0,1126.1,1158.02,600.7,113.5,3,3,3,0.0,0.0,0.0,0.0,45,499.0,0.2362,0.0012,0.0012,15.7343
2026-07-02 01:00:00,DeepSeek,26,17361,12705,4656,0.0208,96.1538,3.8462,0.0,0.0,5968.5,8700.75,9582.0,8595.5,177.75,8,18,17,0.0,7.6923,15.3846,0.0,704,667.7308,0.3665,0.0008,0.0008,15.1203
2026-07-02 01:00:00,MiniMax,1,595,491,104,0.0014,100.0,0.0,0.0,0.0,803.0,803.0,803.0,437.0,62.0,1,1,1,0.0,0.0,0.0,0.0,28,595.0,0.2118,0.0014,0.0014,26.9231
2026-07-02 02:00:00,DeepSeek,22,13728,10348,3380,0.0165,95.4545,4.5455,0.0,4.5455,5830.5,7070.65,8266.58,7034.5,70.8,8,15,19,9.0909,0.0,18.1818,0.0,517,624.0,0.3266,0.0007,0.0008,15.2959
2026-07-02 02:00:00,MiniMax,1,671,440,231,0.0016,100.0,0.0,0.0,0.0,1496.0,1496.0,1496.0,467.0,19.0,1,1,1,0.0,0.0,0.0,0.0,19,671.0,0.525,0.0016,0.0016,8.2251
2026-07-02 03:00:00,DeepSeek,18,15804,11190,4614,0.019,100.0,0.0,0.0,0.0,6496.0,7885.8,7948.36,7417.8,155.5,8,14,13,0.0,0.0,5.5556,0.0,669,878.0,0.4123,0.0011,0.0011,14.4993
2026-07-02 03:00:00,MiniMax,4,1740,737,1003,0.0042,100.0,0.0,0.0,0.0,1237.5,1460.15,1484.03,468.05,118.0,4,4,4,0.0,0.0,25.0,0.0,145,435.0,1.3609,0.001,0.001,14.4566
2026-07-02 04:00:00,DeepSeek,21,13998,10069,3929,0.0168,95.2381,4.7619,4.7619,0.0,6054.0,8483.0,9070.2,8453.0,258.0,8,12,15,0.0,4.7619,28.5714,0.0,555,666.5714,0.3902,0.0008,0.0008,14.1257
2026-07-02 05:00:00,DeepSeek,31,19393,13533,5860,0.0233,100.0,0.0,0.0,0.0,5934.0,6850.0,9067.5,6175.5,130.0,10,21,24,6.4516,3.2258,12.9032,0.0,908,625.5806,0.433,0.0008,0.0008,15.4949
2026-07-02 06:00:00,DeepSeek,73,50771,35107,15664,0.0609,97.2603,2.7397,0.0,2.7397,5964.0,8019.6,10607.8,7050.8,147.4,9,25,30,0.0,1.3699,9.589,0.0,2744,695.4932,0.4462,0.0008,0.0009,17.5179
2026-07-02 06:00:00,MiniMax,3,1761,1018,743,0.0042,100.0,0.0,0.0,0.0,1422.0,1647.0,1667.0,535.3,169.8,3,3,3,0.0,0.0,0.0,0.0,81,587.0,0.7299,0.0014,0.0014,10.9017
2026-07-02 06:00:00,Qwen,4,4195,3386,809,0.0067,100.0,0.0,0.0,0.0,1329.5,1574.05,1597.21,635.65,99.4,3,3,4,0.0,0.0,0.0,0.0,0,1048.75,0.2389,0.0017,0.0017,0.0
2026-07-02 07:00:00,DeepSeek,54,42986,32351,10635,0.0516,90.7407,9.2593,0.0,5.5556,6058.5,7203.6,8549.3,6755.45,152.05,10,27,29,0.0,12.963,22.2222,0.0,1578,796.037,0.3287,0.001,0.0011,14.8378
2026-07-02 07:00:00,MiniMax,3,2353,1582,771,0.0056,100.0,0.0,0.0,0.0,1365.0,1893.3,1940.26,426.1,57.3,2,3,3,0.0,0.0,0.0,0.0,88,784.3333,0.4874,0.0019,0.0019,11.4137
2026-07-02 08:00:00,DeepSeek,62,47472,32405,15067,0.057,100.0,0.0,0.0,0.0,6053.5,8104.2,9533.67,7106.95,156.9,10,24,31,0.0,4.8387,17.7419,0.0,2479,765.6774,0.465,0.0009,0.0009,16.4532
2026-07-02 08:00:00,MiniMax,2,1012,673,339,0.0024,100.0,0.0,0.0,0.0,993.5,1034.45,1038.09,477.7,95.4,2,2,2,0.0,0.0,0.0,0.0,59,506.0,0.5037,0.0012,0.0012,17.4041
2026-07-02 08:00:00,Qwen,1,620,516,104,0.001,100.0,0.0,0.0,0.0,1005.0,1005.0,1005.0,366.0,27.0,1,1,1,0.0,0.0,0.0,0.0,0,620.0,0.2016,0.001,0.001,0.0
2026-07-02 09:00:00,DeepSeek,105,67511,46494,21017,0.081,97.1429,2.8571,0.9524,0.9524,6007.0,7596.6,8800.92,6995.0,165.6,10,27,37,1.9048,4.7619,14.2857,0.0,3656,642.9619,0.452,0.0008,0.0008,17.3954
2026-07-02 09:00:00,MiniMax,2,808,479,329,0.0019,50.0,50.0,0.0,50.0,1057.5,1097.55,1101.11,469.4,81.9,2,2,2,0.0,0.0,50.0,0.0,42,404.0,0.6868,0.001,0.0019,12.766
2026-07-02 09:00:00,Qwen,2,2722,2132,590,0.0044,100.0,0.0,0.0,0.0,1292.0,1364.0,1370.4,487.15,94.8,1,1,2,0.0,0.0,50.0,0.0,0,1361.0,0.2767,0.0022,0.0022,0.0
2026-07-02 10:00:00,DeepSeek,124,86542,59529,27013,0.1039,91.9355,8.0645,0.8065,4.8387,6062.5,8499.65,9537.34,8104.55,160.1,10,29,36,0.8065,5.6452,16.9355,0.0,4808,697.9194,0.4538,0.0008,0.0009,17.7988
2026-07-02 10:00:00,MiniMax,3,1266,895,371,0.003,100.0,0.0,0.0,0.0,949.0,1139.8,1156.76,605.2,198.1,3,3,3,0.0,0.0,33.3333,0.0,38,422.0,0.4145,0.001,0.001,10.2426
2026-07-02 10:00:00,Qwen,4,2252,1724,528,0.0036,100.0,0.0,0.0,0.0,1133.5,1311.4,1331.08,484.15,111.65,4,4,4,0.0,0.0,25.0,0.0,0,563.0,0.3063,0.0009,0.0009,0.0
2026-07-02 11:00:00,DeepSeek,104,72167,51270,20897,0.0866,98.0769,1.9231,0.0,0.9615,6076.5,8043.15,8952.2,7954.2,200.6,10,29,33,1.9231,4.8077,25.0,0.0,3244,693.9135,0.4076,0.0008,0.0008,15.5238
2026-07-02 11:00:00,MiniMax,3,2609,1863,746,0.0063,100.0,0.0,0.0,0.0,1199.0,1329.5,1341.1,459.0,163.6,3,3,3,0.0,0.0,0.0,0.0,170,869.6667,0.4004,0.0021,0.0021,22.7882
2026-07-02 11:00:00,Qwen,1,550,411,139,0.0009,100.0,0.0,0.0,0.0,1148.0,1148.0,1148.0,412.0,17.0,1,1,1,0.0,0.0,0.0,0.0,0,550.0,0.3382,0.0009,0.0009,0.0
2026-07-02 12:00:00,DeepSeek,114,78497,55288,23209,0.0942,93.8596,6.1404,0.8772,3.5088,6049.5,8590.5,9495.14,8352.2,144.35,10,29,37,1.7544,4.386,25.4386,0.0,3534,688.5702,0.4198,0.0008,0.0009,15.2269
2026-07-02 12:00:00,MiniMax,7,3974,2789,1185,0.0095,100.0,0.0,0.0,0.0,1020.0,1158.8,1164.56,420.7,128.2,5,6,7,0.0,0.0,14.2857,0.0,202,567.7143,0.4249,0.0014,0.0014,17.0464
2026-07-02 12:00:00,Qwen,3,2770,1789,981,0.0044,100.0,0.0,0.0,0.0,1249.0,2043.7,2114.34,475.5,96.5,2,3,2,0.0,0.0,0.0,0.0,0,923.3333,0.5484,0.0015,0.0015,0.0
2026-07-02 13:00:00,DeepSeek,112,83372,60717,22655,0.1,95.5357,4.4643,0.8929,2.6786,6013.0,8411.6,9299.7,8033.45,145.45,10,27,36,2.6786,4.4643,24.1071,0.0,3993,744.3929,0.3731,0.0009,0.0009,17.6252
2026-07-02 13:00:00,MiniMax,1,763,407,356,0.0018,100.0,0.0,0.0,0.0,1349.0,1349.0,1349.0,437.0,25.0,1,1,1,0.0,0.0,0.0,0.0,56,763.0,0.8747,0.0018,0.0018,15.7303
2026-07-02 13:00:00,Qwen,1,1196,872,324,0.0019,100.0,0.0,0.0,0.0,1795.0,1795.0,1795.0,310.0,37.0,1,1,1,0.0,0.0,0.0,0.0,0,1196.0,0.3716,0.0019,0.0019,0.0
2026-07-02 14:00:00,DeepSeek,105,71061,50729,20332,0.0853,97.1429,2.8571,0.0,1.9048,6113.0,8997.2,10184.16,8967.2,156.8,10,29,34,0.9524,1.9048,14.2857,0.0,3566,676.7714,0.4008,0.0008,0.0008,17.5389
2026-07-02 14:00:00,MiniMax,4,2752,1774,978,0.0066,100.0,0.0,0.0,0.0,1193.5,1511.85,1535.97,563.35,85.8,3,4,4,0.0,0.0,0.0,0.0,154,688.0,0.5513,0.0017,0.0017,15.7464
2026-07-02 14:00:00,Qwen,3,1615,1122,493,0.0026,66.6667,33.3333,0.0,33.3333,1043.0,1151.9,1161.58,633.7,140.2,3,3,3,0.0,33.3333,0.0,0.0,0,538.3333,0.4394,0.0009,0.0013,0.0
2026-07-02 15:00:00,DeepSeek,132,86782,61215,25567,0.1041,98.4848,1.5152,0.7576,0.7576,5962.5,7142.7,8709.45,6824.7,173.5,10,28,39,1.5152,3.0303,21.2121,0.0,4007,657.4394,0.4177,0.0008,0.0008,15.6725
2026-07-02 15:00:00,MiniMax,7,3463,2342,1121,0.0083,100.0,0.0,0.0,0.0,1015.0,1630.9,1802.98,580.8,109.0,4,6,6,0.0,0.0,0.0,14.2857,153,494.7143,0.4787,0.0012,0.0012,13.6485
2026-07-02 15:00:00,Qwen,3,1871,1375,496,0.003,100.0,0.0,0.0,0.0,978.0,1428.9,1468.98,497.3,83.9,3,3,3,0.0,0.0,0.0,0.0,0,623.6667,0.3607,0.001,0.001,0.0
2026-07-02 16:00:00,DeepSeek,125,86308,62793,23515,0.1036,96.0,4.0,1.6,1.6,6011.0,8192.4,9016.2,7781.6,178.2,10,27,40,0.8,4.8,19.2,0.0,3921,690.464,0.3745,0.0008,0.0009,16.6745
2026-07-02 16:00:00,MiniMax,8,6069,3989,2080,0.0146,100.0,0.0,0.0,0.0,1047.0,2295.9,2314.38,625.35,161.5,7,8,7,0.0,12.5,0.0,0.0,325,758.625,0.5214,0.0018,0.0018,15.625
2026-07-02 16:00:00,Qwen,1,1308,974,334,0.0021,100.0,0.0,0.0,0.0,1361.0,1361.0,1361.0,494.0,120.0,1,1,1,0.0,0.0,0.0,0.0,0,1308.0,0.3429,0.0021,0.0021,0.0
2026-07-02 17:00:00,DeepSeek,114,84638,60669,23969,0.1016,96.4912,3.5088,0.8772,1.7544,6019.5,8900.9,9536.85,8718.45,177.8,10,28,35,0.0,4.386,18.4211,0.0,4108,742.4386,0.3951,0.0009,0.0009,17.1388
2026-07-02 17:00:00,MiniMax,7,7049,5228,1821,0.0169,85.7143,14.2857,14.2857,0.0,1168.0,2020.3,2173.66,526.2,186.8,6,6,6,0.0,14.2857,28.5714,0.0,257,1007.0,0.3483,0.0024,0.0028,14.1131
2026-07-02 17:00:00,Qwen,2,1351,911,440,0.0022,50.0,50.0,0.0,50.0,1138.0,1391.8,1414.36,630.6,93.55,2,2,2,0.0,0.0,0.0,0.0,0,675.5,0.483,0.0011,0.0022,0.0
2026-07-02 18:00:00,DeepSeek,79,51836,36247,15589,0.0622,93.6709,6.3291,1.2658,2.5316,5984.0,7546.4,8189.22,6838.6,168.0,10,25,26,3.7975,3.7975,21.519,0.0,2351,656.1519,0.4301,0.0008,0.0008,15.0811
2026-07-02 18:00:00,MiniMax,3,2158,1654,504,0.0052,66.6667,33.3333,0.0,33.3333,1226.0,1278.2,1282.84,521.8,144.8,3,3,3,0.0,0.0,66.6667,0.0,105,719.3333,0.3047,0.0017,0.0026,20.8333
2026-07-02 18:00:00,Qwen,4,1965,1080,885,0.0031,100.0,0.0,0.0,0.0,1214.5,1333.4,1338.68,421.9,95.3,3,3,3,0.0,0.0,25.0,0.0,0,491.25,0.8194,0.0008,0.0008,0.0
2026-07-02 19:00:00,DeepSeek,58,41536,29691,11845,0.0498,91.3793,8.6207,1.7241,1.7241,6068.5,7452.8,8045.82,7356.4,178.15,10,26,27,0.0,6.8966,13.7931,0.0,2051,716.1379,0.3989,0.0009,0.0009,17.3153
2026-07-02 19:00:00,MiniMax,6,3442,2509,933,0.0083,83.3333,16.6667,0.0,0.0,1068.0,1591.75,1665.55,776.0,92.0,4,4,6,0.0,0.0,33.3333,16.6667,112,573.6667,0.3719,0.0014,0.0017,12.0043
2026-07-02 19:00:00,Qwen,3,3530,3030,500,0.0056,66.6667,33.3333,0.0,33.3333,997.0,1114.0,1124.4,606.2,84.5,3,3,3,0.0,0.0,0.0,0.0,0,1176.6667,0.165,0.0019,0.0028,0.0
2026-07-02 20:00:00,DeepSeek,71,49777,35396,14381,0.0597,97.1831,2.8169,0.0,1.4085,5982.0,7764.5,9358.6,6999.5,169.5,10,26,29,0.0,1.4085,23.9437,0.0,2299,701.0845,0.4063,0.0008,0.0009,15.9864
2026-07-02 20:00:00,MiniMax,3,1806,1311,495,0.0043,100.0,0.0,0.0,0.0,885.0,1077.6,1094.72,466.7,131.7,3,3,3,0.0,0.0,33.3333,0.0,97,602.0,0.3776,0.0014,0.0014,19.596
2026-07-02 20:00:00,Qwen,4,3099,2103,996,0.005,100.0,0.0,0.0,0.0,1350.5,1829.5,1883.5,466.25,72.45,4,4,4,0.0,0.0,25.0,0.0,0,774.75,0.4736,0.0012,0.0012,0.0
2026-07-02 21:00:00,DeepSeek,74,48828,34026,14802,0.0586,94.5946,5.4054,0.0,4.0541,6015.5,8431.2,9867.97,7934.7,152.4,10,29,32,0.0,6.7568,17.5676,0.0,2554,659.8378,0.435,0.0008,0.0008,17.2544
2026-07-02 21:00:00,MiniMax,4,2073,1200,873,0.005,100.0,0.0,0.0,0.0,1184.0,1618.4,1650.08,740.25,70.95,3,4,3,0.0,0.0,0.0,25.0,125,518.25,0.7275,0.0012,0.0012,14.3184
2026-07-02 22:00:00,DeepSeek,41,27530,19035,8495,0.033,92.6829,7.3171,0.0,7.3171,6205.0,8169.0,8887.2,8139.0,171.0,10,22,26,0.0,9.7561,17.0732,0.0,1389,671.4634,0.4463,0.0008,0.0009,16.3508
2026-07-02 22:00:00,Qwen,2,1146,645,501,0.0018,100.0,0.0,0.0,0.0,1416.0,1551.0,1563.0,532.55,110.7,2,2,2,0.0,0.0,0.0,0.0,0,573.0,0.7767,0.0009,0.0009,0.0
2026-07-02 23:00:00,DeepSeek,34,20696,13839,6857,0.0248,91.1765,8.8235,0.0,5.8824,6142.0,7184.0,8716.06,7154.0,233.95,8,19,20,0.0,2.9412,23.5294,0.0,1129,608.7059,0.4955,0.0007,0.0008,16.4649
2026-07-02 23:00:00,MiniMax,1,415,207,208,0.001,100.0,0.0,0.0,0.0,1062.0,1062.0,1062.0,389.0,30.0,1,1,1,0.0,0.0,100.0,0.0,49,415.0,1.0048,0.001,0.001,23.5577
2026-07-02 23:00:00,Qwen,1,825,423,402,0.0013,100.0,0.0,0.0,0.0,1896.0,1896.0,1896.0,423.0,71.0,1,1,1,0.0,0.0,0.0,0.0,0,825.0,0.9504,0.0013,0.0013,0.0
2026-07-03 00:00:00,DeepSeek,28,18540,12172,6368,0.0222,92.8571,7.1429,3.5714,0.0,5890.5,7163.95,7326.59,5823.3,125.85,9,17,19,0.0,7.1429,21.4286,0.0,999,662.1429,0.5232,0.0008,0.0009,15.6878
2026-07-03 00:00:00,MiniMax,1,564,474,90,0.0014,100.0,0.0,0.0,0.0,927.0,927.0,927.0,412.0,16.0,1,1,1,0.0,0.0,0.0,0.0,20,564.0,0.1899,0.0014,0.0014,22.2222
2026-07-03 00:00:00,Qwen,1,498,348,150,0.0008,100.0,0.0,0.0,0.0,1125.0,1125.0,1125.0,412.0,77.0,1,1,1,0.0,0.0,100.0,0.0,0,498.0,0.431,0.0008,0.0008,0.0
2026-07-03 01:00:00,DeepSeek,28,19678,13726,5952,0.0236,92.8571,7.1429,0.0,3.5714,6072.5,7400.55,7496.23,6833.3,121.65,7,15,18,0.0,17.8571,25.0,0.0,985,702.7857,0.4336,0.0008,0.0009,16.5491
2026-07-03 01:00:00,MiniMax,3,2396,1714,682,0.0058,100.0,0.0,0.0,0.0,1298.0,1690.4,1725.28,518.8,202.5,3,3,3,0.0,0.0,0.0,0.0,74,798.6667,0.3979,0.0019,0.0019,10.8504
2026-07-03 01:00:00,Qwen,2,1982,1354,628,0.0032,100.0,0.0,0.0,0.0,1513.5,1954.95,1994.19,304.35,20.5,2,2,2,0.0,0.0,50.0,0.0,0,991.0,0.4638,0.0016,0.0016,0.0
2026-07-03 02:00:00,DeepSeek,29,23263,17339,5924,0.0279,93.1034,6.8966,0.0,6.8966,6148.0,9017.2,9840.16,8824.0,160.8,10,21,17,0.0,3.4483,44.8276,0.0,894,802.1724,0.3417,0.001,0.001,15.0912
2026-07-03 02:00:00,MiniMax,1,1022,558,464,0.0025,100.0,0.0,0.0,0.0,2488.0,2488.0,2488.0,321.0,16.0,1,1,1,0.0,0.0,0.0,0.0,70,1022.0,0.8315,0.0025,0.0025,15.0862
2026-07-03 03:00:00,DeepSeek,21,15972,10924,5048,0.0192,100.0,0.0,0.0,0.0,5912.0,6853.0,8416.2,5687.0,190.0,8,13,17,0.0,4.7619,23.8095,0.0,916,760.5714,0.4621,0.0009,0.0009,18.1458
2026-07-03 04:00:00,DeepSeek,27,18202,14216,3986,0.0218,100.0,0.0,0.0,0.0,6086.0,9234.3,9386.44,9204.3,158.7,8,16,15,0.0,0.0,25.9259,0.0,602,674.1481,0.2804,0.0008,0.0008,15.1029
2026-07-03 04:00:00,MiniMax,1,702,588,114,0.0017,100.0,0.0,0.0,0.0,1089.0,1089.0,1089.0,535.0,205.0,1,1,1,0.0,0.0,0.0,0.0,28,702.0,0.1939,0.0017,0.0017,24.5614
2026-07-03 05:00:00,DeepSeek,33,20786,14683,6103,0.0249,96.9697,3.0303,0.0,0.0,6096.0,9267.6,10079.92,8934.2,183.0,10,20,24,3.0303,0.0,27.2727,0.0,977,629.8788,0.4157,0.0008,0.0008,16.0085
2026-07-03 05:00:00,MiniMax,3,1710,1074,636,0.0041,100.0,0.0,0.0,0.0,1082.0,1464.5,1498.5,563.7,186.7,3,3,3,0.0,0.0,33.3333,0.0,123,570.0,0.5922,0.0014,0.0014,19.3396
2026-07-03 06:00:00,DeepSeek,89,63253,44933,18320,0.0759,97.7528,2.2472,0.0,2.2472,6175.0,8414.6,9589.84,8299.4,144.0,10,28,33,1.1236,4.4944,22.4719,0.0,2898,710.7079,0.4077,0.0009,0.0009,15.8188
2026-07-03 06:00:00,MiniMax,9,6143,4433,1710,0.0147,100.0,0.0,0.0,0.0,1324.0,1829.8,2069.16,810.0,126.6,6,8,8,0.0,0.0,11.1111,0.0,283,682.5556,0.3857,0.0016,0.0016,16.5497
2026-07-03 06:00:00,Qwen,2,1436,1014,422,0.0023,100.0,0.0,0.0,0.0,1512.0,1795.5,1820.7,875.1,39.5,2,2,2,0.0,0.0,0.0,0.0,0,718.0,0.4162,0.0011,0.0011,0.0
2026-07-03 07:00:00,DeepSeek,99,65712,47755,17957,0.0789,98.9899,1.0101,1.0101,0.0,6033.0,8475.6,9265.08,8318.7,164.2,10,29,35,2.0202,1.0101,15.1515,0.0,2764,663.7576,0.376,0.0008,0.0008,15.3923
2026-07-03 07:00:00,MiniMax,4,2761,2266,495,0.0066,100.0,0.0,0.0,0.0,1051.5,1378.35,1410.87,574.9,118.4,4,4,4,0.0,0.0,25.0,0.0,62,690.25,0.2184,0.0017,0.0017,12.5253
2026-07-03 07:00:00,Qwen,3,1788,1347,441,0.0029,100.0,0.0,0.0,0.0,1173.0,1177.5,1177.9,507.8,48.0,3,3,3,0.0,0.0,33.3333,0.0,0,596.0,0.3274,0.001,0.001,0.0
2026-07-03 08:00:00,DeepSeek,96,64142,44827,19315,0.077,94.7917,5.2083,2.0833,1.0417,6047.5,7793.0,8761.25,7251.25,140.25,10,28,32,0.0,4.1667,28.125,0.0,3289,668.1458,0.4309,0.0008,0.0008,17.0282
2026-07-03 08:00:00,MiniMax,6,4170,2199,1971,0.01,100.0,0.0,0.0,0.0,1640.0,1988.25,1998.45,554.0,160.75,5,5,5,0.0,0.0,16.6667,0.0,309,695.0,0.8963,0.0017,0.0017,15.6773
2026-07-03 08:00:00,Qwen,2,1296,923,373,0.0021,100.0,0.0,0.0,0.0,1020.0,1200.0,1216.0,409.75,15.85,1,2,1,0.0,0.0,0.0,0.0,0,648.0,0.4041,0.001,0.001,0.0
2026-07-03 09:00:00,DeepSeek,147,96637,66446,30191,0.116,96.5986,3.4014,2.0408,1.3605,6144.0,7798.8,9077.72,7443.6,156.9,10,29,38,0.0,0.6803,19.0476,0.0,5136,657.3946,0.4544,0.0008,0.0008,17.0117
2026-07-03 09:00:00,MiniMax,9,5806,4497,1309,0.0139,88.8889,11.1111,0.0,11.1111,1011.0,1514.8,1541.36,560.8,164.8,6,8,9,0.0,0.0,11.1111,0.0,206,645.1111,0.2911,0.0015,0.0017,15.7372
2026-07-03 09:00:00,Qwen,2,1041,776,265,0.0017,100.0,0.0,0.0,0.0,1178.0,1240.1,1245.62,513.85,154.2,2,2,2,0.0,0.0,50.0,0.0,0,520.5,0.3415,0.0008,0.0008,0.0
2026-07-03 10:00:00,DeepSeek,154,98621,68391,30230,0.1183,96.1039,3.8961,1.2987,1.9481,6060.5,7977.25,9518.73,7817.65,169.75,10,29,41,1.9481,1.2987,18.8312,0.0,4533,640.3961,0.442,0.0008,0.0008,14.995
2026-07-03 10:00:00,MiniMax,6,5305,3490,1815,0.0127,100.0,0.0,0.0,0.0,1378.0,2444.0,2512.8,585.0,149.75,5,6,6,0.0,0.0,33.3333,0.0,291,884.1667,0.5201,0.0021,0.0021,16.0331
2026-07-03 10:00:00,Qwen,1,624,528,96,0.001,100.0,0.0,0.0,0.0,1226.0,1226.0,1226.0,472.0,75.0,1,1,1,0.0,0.0,0.0,0.0,0,624.0,0.1818,0.001,0.001,0.0
2026-07-03 11:00:00,DeepSeek,154,116502,83146,33356,0.1398,96.7532,3.2468,0.6494,1.2987,6131.0,8679.75,9155.49,8493.8,161.8,10,29,36,1.9481,0.6494,18.1818,0.0,5330,756.5065,0.4012,0.0009,0.0009,15.9791
2026-07-03 11:00:00,MiniMax,9,7308,5141,2167,0.0175,88.8889,11.1111,0.0,11.1111,1212.0,2287.6,2627.12,942.6,164.0,6,7,7,11.1111,0.0,0.0,0.0,343,812.0,0.4215,0.0019,0.0022,15.8283
2026-07-03 11:00:00,Qwen,4,3313,2535,778,0.0053,100.0,0.0,0.0,0.0,1180.5,1679.35,1726.27,450.9,141.8,3,3,3,0.0,0.0,0.0,0.0,0,828.25,0.3069,0.0013,0.0013,0.0
2026-07-03 12:00:00,DeepSeek,158,106120,71099,35021,0.1273,94.9367,5.0633,1.2658,1.8987,6128.5,8195.0,9408.26,7911.7,180.2,10,27,39,0.6329,3.7975,13.2911,0.0,5807,671.6456,0.4926,0.0008,0.0008,16.5815
2026-07-03 12:00:00,MiniMax,8,5863,3563,2300,0.0141,100.0,0.0,0.0,0.0,1107.0,2599.55,2612.71,747.75,213.9,5,6,7,0.0,25.0,25.0,12.5,372,732.875,0.6455,0.0018,0.0018,16.1739
2026-07-03 12:00:00,Qwen,5,2823,2136,687,0.0045,100.0,0.0,0.0,0.0,759.0,1447.8,1463.96,495.2,93.2,4,4,5,0.0,0.0,20.0,0.0,0,564.6,0.3216,0.0009,0.0009,0.0
2026-07-03 13:00:00,DeepSeek,156,102341,69456,32885,0.1228,98.0769,1.9231,0.641,1.2821,6086.0,8954.5,9310.1,8587.5,173.25,10,28,40,0.0,3.8462,19.2308,0.0,5193,656.0321,0.4735,0.0008,0.0008,15.7914
2026-07-03 13:00:00,MiniMax,8,3820,2549,1271,0.0092,100.0,0.0,0.0,0.0,1046.0,1476.45,1502.49,506.5,137.2,5,5,7,0.0,12.5,37.5,0.0,248,477.5,0.4986,0.0011,0.0011,19.5122
2026-07-03 13:00:00,Qwen,2,1454,1051,403,0.0023,100.0,0.0,0.0,0.0,1260.0,1725.3,1766.66,439.4,91.6,2,2,2,0.0,0.0,0.0,0.0,0,727.0,0.3834,0.0012,0.0012,0.0
2026-07-03 14:00:00,DeepSeek,139,96840,69101,27739,0.1162,97.1223,2.8777,1.4388,0.7194,6076.0,7373.9,8819.72,7016.6,162.3,10,30,38,0.7194,5.7554,14.3885,0.0,4418,696.6906,0.4014,0.0008,0.0009,15.927
2026-07-03 14:00:00,MiniMax,4,2423,1703,720,0.0058,100.0,0.0,0.0,0.0,1036.5,1357.4,1384.28,662.1,56.25,4,4,4,0.0,25.0,25.0,0.0,125,605.75,0.4228,0.0015,0.0015,17.3611
2026-07-03 14:00:00,Qwen,5,4185,3353,832,0.0067,80.0,20.0,0.0,20.0,1212.0,1879.8,1974.36,556.2,143.6,3,4,4,0.0,20.0,20.0,0.0,0,837.0,0.2481,0.0013,0.0017,0.0
2026-07-03 15:00:00,DeepSeek,178,122679,90009,32670,0.1472,95.5056,4.4944,0.0,2.2472,6075.0,8580.45,9313.45,7720.8,156.15,10,29,38,2.809,3.9326,20.7865,0.0,5233,689.2079,0.363,0.0008,0.0009,16.0178
2026-07-03 15:00:00,MiniMax,5,2883,1856,1027,0.0069,100.0,0.0,0.0,0.0,1035.0,1381.8,1402.76,499.8,84.0,3,4,5,0.0,0.0,0.0,0.0,160,576.6,0.5533,0.0014,0.0014,15.5794
2026-07-03 15:00:00,Qwen,6,3305,2477,828,0.0053,83.3333,16.6667,0.0,16.6667,926.0,1251.75,1317.55,592.0,177.0,4,5,6,0.0,33.3333,0.0,0.0,0,550.8333,0.3343,0.0009,0.0011,0.0
2026-07-03 16:00:00,DeepSeek,141,102391,73163,29228,0.1229,97.8723,2.1277,0.0,0.7092,6099.0,8425.0,9190.6,7726.0,187.0,10,29,37,0.0,1.4184,23.4043,0.0,4920,726.1773,0.3995,0.0009,0.0009,16.8332
2026-07-03 16:00:00,MiniMax,8,4453,3552,901,0.0107,100.0,0.0,0.0,0.0,851.5,1252.4,1368.88,519.9,85.75,7,8,8,0.0,0.0,50.0,0.0,142,556.625,0.2537,0.0013,0.0013,15.7603
2026-07-03 16:00:00,Qwen,3,1740,1258,482,0.0028,66.6667,33.3333,0.0,33.3333,1167.0,1194.9,1197.38,534.1,125.1,2,3,3,0.0,0.0,33.3333,0.0,0,580.0,0.3831,0.0009,0.0014,0.0
2026-07-03 17:00:00,DeepSeek,171,113183,80885,32298,0.1358,94.152,5.848,0.0,2.3392,6073.0,7926.0,8972.0,7845.0,164.0,10,30,42,2.3392,5.2632,18.7135,0.0,5172,661.8889,0.3993,0.0008,0.0008,16.0134
2026-07-03 17:00:00,MiniMax,11,9383,6425,2958,0.0225,100.0,0.0,0.0,0.0,1382.0,1760.5,1890.5,476.5,119.0,7,10,11,0.0,0.0,9.0909,0.0,474,853.0,0.4604,0.002,0.002,16.0243
2026-07-03 17:00:00,Qwen,4,3407,2124,1283,0.0055,100.0,0.0,0.0,0.0,1269.0,2587.6,2769.52,489.85,88.8,4,4,4,0.0,0.0,25.0,0.0,0,851.75,0.604,0.0014,0.0014,0.0
2026-07-03 18:00:00,DeepSeek,101,73986,52573,21413,0.0888,98.0198,1.9802,0.9901,0.0,5964.0,7678.0,8896.0,7007.0,150.0,10,27,35,2.9703,3.9604,27.7228,0.0,3361,732.5347,0.4073,0.0009,0.0009,15.6961
2026-07-03 18:00:00,MiniMax,3,2642,1830,812,0.0063,100.0,0.0,0.0,0.0,1235.0,1739.9,1784.78,642.4,134.1,3,3,3,33.3333,0.0,33.3333,0.0,118,880.6667,0.4437,0.0021,0.0021,14.532
2026-07-03 18:00:00,Qwen,3,1835,1286,549,0.0029,100.0,0.0,0.0,0.0,1058.0,1617.8,1667.56,497.8,99.4,3,3,3,0.0,0.0,0.0,0.0,0,611.6667,0.4269,0.001,0.001,0.0
2026-07-03 19:00:00,DeepSeek,77,57162,38475,18687,0.0686,96.1039,3.8961,2.5974,0.0,6146.0,7848.8,9030.32,7002.6,120.4,10,26,32,2.5974,6.4935,16.8831,0.0,3149,742.3636,0.4857,0.0009,0.0009,16.8513
2026-07-03 19:00:00,MiniMax,4,2048,1235,813,0.0049,75.0,25.0,0.0,0.0,1071.5,1553.65,1614.73,639.75,158.25,3,4,4,0.0,0.0,0.0,0.0,78,512.0,0.6583,0.0012,0.0016,9.5941
2026-07-03 19:00:00,Qwen,2,2358,1317,1041,0.0038,100.0,0.0,0.0,0.0,2229.0,2247.9,2249.58,437.35,46.2,2,2,2,0.0,0.0,50.0,0.0,0,1179.0,0.7904,0.0019,0.0019,0.0
2026-07-03 20:00:00,DeepSeek,97,61146,41728,19418,0.0734,97.9381,2.0619,1.0309,0.0,6127.0,8352.0,9357.0,8100.4,155.2,10,27,33,1.0309,5.1546,14.433,0.0,3323,630.3711,0.4653,0.0008,0.0008,17.113
2026-07-03 20:00:00,MiniMax,5,2617,1515,1102,0.0063,100.0,0.0,0.0,0.0,1168.0,1479.6,1507.12,493.2,191.2,4,5,4,0.0,20.0,0.0,0.0,111,523.4,0.7274,0.0013,0.0013,10.0726
2026-07-03 20:00:00,Qwen,2,666,398,268,0.0011,100.0,0.0,0.0,0.0,1130.0,1460.3,1489.66,1111.1,62.2,2,2,2,0.0,0.0,50.0,0.0,0,333.0,0.6734,0.0005,0.0005,0.0
2026-07-03 21:00:00,DeepSeek,97,65364,45758,19606,0.0784,96.9072,3.0928,0.0,3.0928,6015.0,7581.2,9086.2,6994.0,166.2,10,26,36,0.0,4.1237,12.3711,0.0,2864,673.8557,0.4285,0.0008,0.0008,14.6078
2026-07-03 21:00:00,MiniMax,3,2088,1389,699,0.005,100.0,0.0,0.0,0.0,1090.0,1723.6,1779.92,597.8,180.5,3,3,3,0.0,0.0,0.0,0.0,98,696.0,0.5032,0.0017,0.0017,14.02
2026-07-03 22:00:00,DeepSeek,47,28367,20079,8288,0.034,97.8723,2.1277,0.0,2.1277,5982.0,8261.5,8973.86,8176.9,145.2,9,21,23,4.2553,6.383,21.2766,0.0,1343,603.5532,0.4128,0.0007,0.0007,16.2042
2026-07-03 22:00:00,MiniMax,4,4823,3289,1534,0.0116,100.0,0.0,0.0,0.0,1549.0,3023.0,3200.6,497.05,171.55,2,3,3,0.0,25.0,0.0,0.0,362,1205.75,0.4664,0.0029,0.0029,23.5984
2026-07-03 22:00:00,Qwen,1,361,317,44,0.0006,100.0,0.0,0.0,0.0,1206.0,1206.0,1206.0,515.0,218.0,1,1,1,0.0,0.0,0.0,0.0,0,361.0,0.1388,0.0006,0.0006,0.0
2026-07-03 23:00:00,DeepSeek,52,36792,26315,10477,0.0442,96.1538,3.8462,1.9231,1.9231,6042.5,8200.4,8830.79,7840.4,132.8,10,26,26,0.0,3.8462,13.4615,0.0,1581,707.5385,0.3981,0.0008,0.0009,15.0902
2026-07-03 23:00:00,MiniMax,2,944,689,255,0.0023,100.0,0.0,0.0,0.0,877.5,1237.05,1269.01,645.35,50.45,2,2,2,0.0,0.0,0.0,0.0,31,472.0,0.3701,0.0011,0.0011,12.1569
2026-07-03 23:00:00,Qwen,1,1484,1142,342,0.0024,100.0,0.0,0.0,0.0,1543.0,1543.0,1543.0,337.0,78.0,1,1,1,0.0,0.0,100.0,0.0,0,1484.0,0.2995,0.0024,0.0024,0.0
2026-07-04 00:00:00,DeepSeek,23,17015,11909,5106,0.0204,95.6522,4.3478,0.0,4.3478,6327.0,8296.2,9376.2,8262.3,138.7,10,17,17,0.0,4.3478,34.7826,0.0,910,739.7826,0.4288,0.0009,0.0009,17.8222
2026-07-04 00:00:00,MiniMax,1,2262,2055,207,0.0054,0.0,100.0,0.0,0.0,1259.0,1259.0,1259.0,387.0,11.0,1,1,1,0.0,0.0,0.0,0.0,49,2262.0,0.1007,0.0054,,23.6715
2026-07-04 00:00:00,Qwen,1,201,152,49,0.0003,100.0,0.0,0.0,0.0,956.0,956.0,956.0,427.0,75.0,1,1,1,0.0,0.0,0.0,0.0,0,201.0,0.3224,0.0003,0.0003,0.0
2026-07-04 01:00:00,DeepSeek,26,17695,12237,5458,0.0212,88.4615,11.5385,7.6923,3.8462,6182.0,7310.25,7417.75,6663.25,164.25,9,17,19,3.8462,3.8462,15.3846,0.0,751,680.5769,0.446,0.0008,0.0009,13.7596
2026-07-04 01:00:00,MiniMax,1,270,193,77,0.0006,100.0,0.0,0.0,0.0,828.0,828.0,828.0,426.0,72.0,1,1,1,0.0,0.0,100.0,0.0,21,270.0,0.399,0.0006,0.0006,27.2727
2026-07-04 02:00:00,DeepSeek,26,17070,11549,5521,0.0205,100.0,0.0,0.0,0.0,6188.0,7021.75,8442.5,6843.75,177.5,10,20,17,3.8462,3.8462,15.3846,0.0,942,656.5385,0.4781,0.0008,0.0008,17.0621
2026-07-04 02:00:00,MiniMax,1,853,718,135,0.002,100.0,0.0,0.0,0.0,1027.0,1027.0,1027.0,505.0,63.0,1,1,1,0.0,0.0,0.0,0.0,10,853.0,0.188,0.002,0.002,7.4074
2026-07-04 03:00:00,DeepSeek,27,19853,13838,6015,0.0238,100.0,0.0,0.0,0.0,6150.0,7362.1,8876.48,6646.9,163.5,8,18,16,0.0,0.0,14.8148,0.0,1114,735.2963,0.4347,0.0009,0.0009,18.5204
2026-07-04 03:00:00,MiniMax,2,3237,2601,636,0.0078,100.0,0.0,0.0,0.0,1726.0,2040.1,2068.02,385.2,112.85,2,2,2,0.0,0.0,100.0,0.0,94,1618.5,0.2445,0.0039,0.0039,14.7799
2026-07-04 04:00:00,DeepSeek,28,20366,15053,5313,0.0244,96.4286,3.5714,0.0,3.5714,6095.0,8954.65,9334.83,8630.85,200.2,9,21,20,0.0,7.1429,28.5714,0.0,878,727.3571,0.353,0.0009,0.0009,16.5255
2026-07-04 04:00:00,MiniMax,3,1889,1369,520,0.0045,100.0,0.0,0.0,0.0,1076.0,1357.7,1382.74,455.5,100.9,2,3,2,0.0,0.0,0.0,33.3333,91,629.6667,0.3798,0.0015,0.0015,17.5
2026-07-04 05:00:00,DeepSeek,23,18740,13503,5237,0.0225,100.0,0.0,0.0,0.0,6086.0,7162.7,7188.18,6797.0,139.6,8,14,15,0.0,4.3478,21.7391,0.0,992,814.7826,0.3878,0.001,0.001,18.9421
2026-07-04 05:00:00,MiniMax,2,1313,970,343,0.0032,50.0,50.0,0.0,0.0,1359.5,1371.65,1372.73,421.6,69.65,2,2,2,0.0,50.0,0.0,0.0,70,656.5,0.3536,0.0016,0.0032,20.4082
2026-07-04 06:00:00,DeepSeek,70,46586,29907,16679,0.0559,92.8571,7.1429,1.4286,2.8571,6270.0,8809.5,9549.83,8779.5,187.2,10,27,25,0.0,4.2857,10.0,0.0,2639,665.5143,0.5577,0.0008,0.0009,15.8223
2026-07-04 06:00:00,MiniMax,3,1534,1208,326,0.0037,100.0,0.0,0.0,0.0,884.0,1015.4,1027.08,446.9,130.3,2,3,3,0.0,0.0,33.3333,0.0,58,511.3333,0.2699,0.0012,0.0012,17.7914
2026-07-04 06:00:00,Qwen,2,1704,1199,505,0.0027,50.0,50.0,0.0,50.0,1145.0,1595.0,1635.0,394.7,42.8,2,2,2,0.0,0.0,0.0,0.0,0,852.0,0.4212,0.0014,0.0027,0.0
2026-07-04 07:00:00,DeepSeek,63,45802,33884,11918,0.055,93.6508,6.3492,3.1746,1.5873,6113.0,7806.8,9611.38,7474.2,169.6,10,28,30,0.0,1.5873,23.8095,0.0,1908,727.0159,0.3517,0.0009,0.0009,16.0094
2026-07-04 07:00:00,MiniMax,2,1188,656,532,0.0029,100.0,0.0,0.0,0.0,1295.0,1477.7,1493.94,471.4,66.05,2,2,2,0.0,0.0,0.0,50.0,125,594.0,0.811,0.0014,0.0014,23.4962
2026-07-04 07:00:00,Qwen,3,1861,1204,657,0.003,100.0,0.0,0.0,0.0,1237.0,1826.5,1878.9,1011.8,67.6,2,2,2,0.0,0.0,33.3333,0.0,0,620.3333,0.5457,0.001,0.001,0.0
2026-07-04 08:00:00,DeepSeek,83,55481,38914,16567,0.0666,97.5904,2.4096,1.2048,1.2048,6161.0,8701.7,9848.5,8591.7,134.3,10,28,31,1.2048,6.0241,15.6627,0.0,2867,668.4458,0.4257,0.0008,0.0008,17.3055
2026-07-04 08:00:00,MiniMax,2,1243,458,785,0.003,100.0,0.0,0.0,0.0,1619.0,1817.9,1835.58,451.65,116.85,2,2,2,0.0,50.0,0.0,0.0,167,621.5,1.714,0.0015,0.0015,21.2739
2026-07-04 08:00:00,Qwen,2,1552,1283,269,0.0025,50.0,50.0,0.0,50.0,999.0,1368.0,1400.8,456.3,82.25,1,2,2,0.0,0.0,0.0,0.0,0,776.0,0.2097,0.0012,0.0025,0.0
2026-07-04 09:00:00,DeepSeek,120,84724,58341,26383,0.1017,98.3333,1.6667,0.8333,0.8333,6018.0,8004.3,9652.67,7090.6,148.3,10,29,39,0.8333,1.6667,23.3333,0.8333,4437,706.0333,0.4522,0.0008,0.0009,16.8176
2026-07-04 09:00:00,MiniMax,6,4454,2847,1607,0.0107,100.0,0.0,0.0,0.0,1126.5,1954.0,2084.4,458.25,89.5,4,4,6,0.0,0.0,0.0,16.6667,286,742.3333,0.5645,0.0018,0.0018,17.7971
2026-07-04 09:00:00,Qwen,2,1027,613,414,0.0016,100.0,0.0,0.0,0.0,1466.5,1644.25,1660.05,455.2,82.2,2,2,2,0.0,0.0,50.0,0.0,0,513.5,0.6754,0.0008,0.0008,0.0
2026-07-04 10:00:00,DeepSeek,136,98862,70214,28648,0.1186,97.0588,2.9412,0.7353,0.7353,6154.0,8110.75,9636.05,7588.5,155.75,10,27,38,0.7353,0.7353,21.3235,0.0,4660,726.9265,0.408,0.0009,0.0009,16.2664
2026-07-04 10:00:00,MiniMax,6,5231,4106,1125,0.0126,100.0,0.0,0.0,0.0,1256.5,1627.25,1675.05,495.0,105.5,5,5,5,0.0,0.0,50.0,0.0,174,871.8333,0.274,0.0021,0.0021,15.4667
2026-07-04 10:00:00,Qwen,2,887,578,309,0.0014,100.0,0.0,0.0,0.0,888.0,913.2,915.44,510.55,133.0,2,2,2,0.0,0.0,0.0,0.0,0,443.5,0.5346,0.0007,0.0007,0.0
2026-07-04 11:00:00,DeepSeek,127,86530,60376,26154,0.1038,96.8504,3.1496,0.7874,1.5748,6077.0,7795.2,9635.6,7096.1,176.5,10,29,41,3.1496,7.874,18.8976,0.0,3752,681.3386,0.4332,0.0008,0.0008,14.3458
2026-07-04 11:00:00,MiniMax,6,2400,1505,895,0.0058,100.0,0.0,0.0,0.0,992.5,1160.75,1176.95,592.25,91.0,5,6,6,0.0,0.0,0.0,0.0,133,400.0,0.5947,0.001,0.001,14.8603
2026-07-04 11:00:00,Qwen,6,5571,3433,2138,0.0089,83.3333,16.6667,0.0,16.6667,1637.5,2516.5,2607.3,601.75,199.5,5,5,6,0.0,0.0,16.6667,0.0,0,928.5,0.6228,0.0015,0.0018,0.0
2026-07-04 12:00:00,DeepSeek,122,86598,60392,26206,0.1039,93.4426,6.5574,2.459,4.0984,6029.5,7711.8,9042.1,6907.6,190.9,10,29,39,0.8197,5.7377,14.7541,0.0,4446,709.8197,0.4339,0.0009,0.0009,16.9656
2026-07-04 12:00:00,MiniMax,5,2425,1640,785,0.0058,100.0,0.0,0.0,0.0,1148.0,1612.2,1691.24,557.2,96.2,4,4,5,0.0,0.0,0.0,0.0,147,485.0,0.4787,0.0012,0.0012,18.7261
2026-07-04 12:00:00,Qwen,5,2829,1983,846,0.0045,80.0,20.0,20.0,0.0,1198.0,1633.6,1667.52,473.2,158.2,4,4,5,0.0,0.0,0.0,0.0,0,565.8,0.4266,0.0009,0.0011,0.0
2026-07-04 13:00:00,DeepSeek,127,80756,56082,24674,0.0969,95.2756,4.7244,0.7874,3.1496,6048.0,8463.9,9605.4,8271.0,154.9,10,29,36,2.3622,3.1496,13.3858,0.0,3803,635.874,0.44,0.0008,0.0008,15.413
2026-07-04 13:00:00,MiniMax,6,3912,3001,911,0.0094,100.0,0.0,0.0,0.0,952.5,1355.5,1406.3,513.25,158.25,5,6,6,0.0,0.0,16.6667,0.0,106,652.0,0.3036,0.0016,0.0016,11.6356
2026-07-04 13:00:00,Qwen,2,1044,913,131,0.0017,100.0,0.0,0.0,0.0,1169.0,1274.3,1283.66,413.7,98.75,2,2,2,0.0,0.0,0.0,0.0,0,522.0,0.1435,0.0008,0.0008,0.0
2026-07-04 14:00:00,DeepSeek,113,84792,62145,22647,0.1018,96.4602,3.5398,0.0,3.5398,6159.0,7640.4,9304.88,7191.0,150.0,10,29,38,2.6549,5.3097,23.0088,0.0,3996,750.3717,0.3644,0.0009,0.0009,17.6447
2026-07-04 14:00:00,MiniMax,7,4307,2823,1484,0.0103,100.0,0.0,0.0,0.0,1195.0,1807.3,1879.06,421.2,101.6,4,6,5,0.0,0.0,28.5714,0.0,217,615.2857,0.5257,0.0015,0.0015,14.6226
2026-07-04 14:00:00,Qwen,3,2372,1829,543,0.0038,66.6667,33.3333,0.0,0.0,1091.0,1578.8,1622.16,467.0,98.3,3,3,3,0.0,0.0,0.0,0.0,0,790.6667,0.2969,0.0013,0.0019,0.0
2026-07-04 15:00:00,DeepSeek,111,80781,57369,23412,0.0969,96.3964,3.6036,1.8018,0.0,6084.0,8952.5,9656.6,8496.0,150.5,10,29,39,0.0,4.5045,20.7207,0.0,4059,727.7568,0.4081,0.0009,0.0009,17.3373
2026-07-04 15:00:00,MiniMax,6,4264,3208,1056,0.0102,100.0,0.0,0.0,0.0,1026.0,1683.5,1719.9,433.5,128.25,4,5,6,0.0,0.0,0.0,0.0,119,710.6667,0.3292,0.0017,0.0017,11.2689
2026-07-04 15:00:00,Qwen,1,830,490,340,0.0013,100.0,0.0,0.0,0.0,1427.0,1427.0,1427.0,372.0,47.0,1,1,1,0.0,0.0,0.0,0.0,0,830.0,0.6939,0.0013,0.0013,0.0
2026-07-04 16:00:00,DeepSeek,118,87246,62823,24423,0.1047,97.4576,2.5424,0.8475,0.8475,6083.5,7904.95,9535.11,7459.85,163.15,10,29,33,0.8475,2.5424,16.9492,0.0,4181,739.3729,0.3888,0.0009,0.0009,17.1191
2026-07-04 16:00:00,MiniMax,3,2819,2066,753,0.0068,100.0,0.0,0.0,0.0,1503.0,1690.2,1706.84,638.2,286.5,3,3,3,0.0,0.0,33.3333,0.0,172,939.6667,0.3645,0.0023,0.0023,22.842
2026-07-04 16:00:00,Qwen,2,1689,877,812,0.0027,100.0,0.0,0.0,0.0,1544.0,2082.2,2130.04,604.05,183.6,2,2,2,0.0,0.0,0.0,0.0,0,844.5,0.9259,0.0014,0.0014,0.0
2026-07-04 17:00:00,DeepSeek,112,74503,54082,20421,0.0894,95.5357,4.4643,0.8929,1.7857,6163.5,8688.55,9490.18,8658.55,156.35,10,29,36,1.7857,4.4643,19.6429,0.0,3264,665.2054,0.3776,0.0008,0.0008,15.9835
2026-07-04 17:00:00,MiniMax,5,2773,1345,1428,0.0067,100.0,0.0,0.0,0.0,925.0,2090.6,2301.32,625.2,132.0,2,4,4,0.0,0.0,0.0,0.0,167,554.6,1.0617,0.0013,0.0013,11.6947
2026-07-04 17:00:00,Qwen,2,1205,946,259,0.0019,100.0,0.0,0.0,0.0,1063.0,1087.3,1089.46,503.5,52.8,2,2,2,0.0,0.0,0.0,0.0,0,602.5,0.2738,0.001,0.001,0.0
2026-07-04 18:00:00,DeepSeek,70,49338,34842,14496,0.0592,97.1429,2.8571,0.0,2.8571,6099.5,9188.45,9548.12,9034.15,161.2,10,24,27,0.0,5.7143,17.1429,0.0,2416,704.8286,0.416,0.0008,0.0009,16.6667
2026-07-04 18:00:00,MiniMax,3,1716,1396,320,0.0041,100.0,0.0,0.0,0.0,1036.0,1106.2,1112.44,515.3,151.8,3,3,3,0.0,0.0,0.0,0.0,53,572.0,0.2292,0.0014,0.0014,16.5625
2026-07-04 18:00:00,Qwen,1,431,296,135,0.0007,100.0,0.0,0.0,0.0,970.0,970.0,970.0,504.0,144.0,1,1,1,0.0,0.0,100.0,0.0,0,431.0,0.4561,0.0007,0.0007,0.0
2026-07-04 19:00:00,DeepSeek,79,54116,39049,15067,0.0649,97.4684,2.5316,1.2658,1.2658,6039.0,8418.7,9420.84,7635.1,127.4,10,26,33,0.0,2.5316,18.9873,0.0,2429,685.0127,0.3858,0.0008,0.0008,16.1213
2026-07-04 19:00:00,MiniMax,5,3664,2393,1271,0.0088,100.0,0.0,0.0,0.0,1273.0,2783.8,3082.36,628.8,205.6,3,4,5,0.0,20.0,40.0,0.0,213,732.8,0.5311,0.0018,0.0018,16.7585
2026-07-04 19:00:00,Qwen,2,1794,1521,273,0.0029,100.0,0.0,0.0,0.0,1008.5,1216.85,1235.37,483.15,121.85,2,2,2,0.0,0.0,100.0,0.0,0,897.0,0.1795,0.0014,0.0014,0.0
2026-07-04 20:00:00,DeepSeek,68,42153,28051,14102,0.0506,98.5294,1.4706,0.0,0.0,6070.5,7894.1,9093.98,7577.8,132.3,10,28,31,1.4706,4.4118,22.0588,0.0,2035,619.8971,0.5027,0.0007,0.0008,14.4306
2026-07-04 20:00:00,MiniMax,5,3405,2670,735,0.0082,100.0,0.0,0.0,0.0,780.0,1233.0,1297.8,591.2,94.0,4,5,5,0.0,20.0,20.0,0.0,146,681.0,0.2753,0.0016,0.0016,19.8639
2026-07-04 20:00:00,Qwen,3,1926,1271,655,0.0031,100.0,0.0,0.0,0.0,1200.0,1542.9,1573.38,571.2,74.0,3,3,3,0.0,0.0,33.3333,0.0,0,642.0,0.5153,0.001,0.001,0.0
2026-07-04 21:00:00,DeepSeek,77,55886,39778,16108,0.0671,98.7013,1.2987,0.0,1.2987,6179.0,7458.8,9488.2,7092.2,131.0,10,28,29,0.0,2.5974,15.5844,0.0,2655,725.7922,0.4049,0.0009,0.0009,16.4825
2026-07-04 21:00:00,MiniMax,3,2022,1348,674,0.0049,66.6667,33.3333,0.0,33.3333,817.0,1791.7,1878.34,807.2,50.1,3,3,3,0.0,0.0,0.0,0.0,82,674.0,0.5,0.0016,0.0024,12.1662
2026-07-04 21:00:00,Qwen,5,2039,946,1093,0.0033,80.0,20.0,0.0,0.0,1408.0,2027.8,2047.16,568.8,101.0,5,5,5,0.0,0.0,20.0,0.0,0,407.8,1.1554,0.0007,0.0008,0.0
2026-07-04 22:00:00,DeepSeek,41,25346,17254,8092,0.0304,97.561,2.439,0.0,2.439,6003.0,7975.0,9183.4,7945.0,151.0,9,21,16,0.0,2.439,31.7073,0.0,1343,618.1951,0.469,0.0007,0.0008,16.5966
2026-07-04 22:00:00,MiniMax,2,1168,919,249,0.0028,100.0,0.0,0.0,0.0,677.5,842.65,857.33,437.35,110.1,2,2,2,0.0,0.0,0.0,0.0,41,584.0,0.2709,0.0014,0.0014,16.4659
2026-07-04 22:00:00,Qwen,4,1815,1322,493,0.0029,75.0,25.0,0.0,0.0,963.5,1122.6,1131.72,880.95,85.95,4,4,4,0.0,0.0,50.0,0.0,0,453.75,0.3729,0.0007,0.001,0.0
2026-07-04 23:00:00,DeepSeek,42,27154,19458,7696,0.0326,92.8571,7.1429,0.0,2.381,5941.5,6935.0,7905.61,6507.2,141.4,10,22,24,0.0,4.7619,4.7619,0.0,1162,646.5238,0.3955,0.0008,0.0008,15.0988
2026-07-04 23:00:00,Qwen,2,2351,1901,450,0.0038,100.0,0.0,0.0,0.0,1496.0,2054.0,2103.6,527.45,146.5,2,2,2,0.0,0.0,50.0,0.0,0,1175.5,0.2367,0.0019,0.0019,0.0
2026-07-05 00:00:00,DeepSeek,27,18873,13140,5733,0.0226,96.2963,3.7037,0.0,0.0,6357.0,7510.7,7581.86,7043.4,129.4,9,20,18,0.0,3.7037,29.6296,0.0,925,699.0,0.4363,0.0008,0.0009,16.1347
2026-07-05 00:00:00,MiniMax,3,1850,921,929,0.0044,100.0,0.0,0.0,0.0,2521.0,5003.2,5223.84,905.3,107.9,3,3,3,0.0,0.0,33.3333,0.0,126,616.6667,1.0087,0.0015,0.0015,13.563
2026-07-05 01:00:00,DeepSeek,25,19087,14522,4565,0.0229,100.0,0.0,0.0,0.0,6057.0,7567.4,8237.96,7537.4,152.2,9,16,20,0.0,4.0,24.0,0.0,710,763.48,0.3144,0.0009,0.0009,15.5531
2026-07-05 01:00:00,MiniMax,1,775,531,244,0.0019,100.0,0.0,0.0,0.0,2466.0,2466.0,2466.0,730.0,51.0,1,1,1,0.0,0.0,0.0,0.0,56,775.0,0.4595,0.0019,0.0019,22.9508
2026-07-05 01:00:00,Qwen,2,1606,1433,173,0.0026,100.0,0.0,0.0,0.0,1298.0,1411.4,1421.48,651.0,155.8,2,2,2,0.0,0.0,50.0,0.0,0,803.0,0.1207,0.0013,0.0013,0.0
2026-07-05 02:00:00,DeepSeek,28,23070,15286,7784,0.0277,96.4286,3.5714,0.0,0.0,6470.5,9248.55,9355.82,9195.4,133.95,10,18,18,0.0,7.1429,14.2857,0.0,1200,823.9286,0.5092,0.001,0.001,15.4162
2026-07-05 02:00:00,Qwen,1,557,211,346,0.0009,100.0,0.0,0.0,0.0,2359.0,2359.0,2359.0,668.0,170.0,1,1,1,0.0,0.0,100.0,0.0,0,557.0,1.6398,0.0009,0.0009,0.0
2026-07-05 03:00:00,DeepSeek,38,24613,17777,6836,0.0295,97.3684,2.6316,0.0,0.0,6037.0,7296.25,8277.89,6854.0,141.65,9,19,21,2.6316,0.0,21.0526,2.6316,1003,647.7105,0.3845,0.0008,0.0008,14.6723
2026-07-05 03:00:00,MiniMax,1,413,290,123,0.001,100.0,0.0,0.0,0.0,1510.0,1510.0,1510.0,732.0,16.0,1,1,1,0.0,0.0,100.0,0.0,7,413.0,0.4241,0.001,0.001,5.6911
2026-07-05 03:00:00,Qwen,1,446,333,113,0.0007,100.0,0.0,0.0,0.0,1261.0,1261.0,1261.0,661.0,48.0,1,1,1,0.0,0.0,0.0,0.0,0,446.0,0.3393,0.0007,0.0007,0.0
2026-07-05 04:00:00,DeepSeek,19,13773,10320,3453,0.0165,100.0,0.0,0.0,0.0,6212.0,8125.1,8795.42,7423.7,164.5,9,15,12,5.2632,5.2632,10.5263,0.0,497,724.8947,0.3346,0.0009,0.0009,14.3933
2026-07-05 04:00:00,MiniMax,1,1408,1195,213,0.0034,100.0,0.0,0.0,0.0,2399.0,2399.0,2399.0,715.0,168.0,1,1,1,0.0,0.0,0.0,0.0,39,1408.0,0.1782,0.0034,0.0034,18.3099
2026-07-05 05:00:00,DeepSeek,23,15938,11718,4220,0.0191,100.0,0.0,0.0,0.0,6219.0,7946.3,9208.1,7807.4,142.8,9,18,17,0.0,4.3478,13.0435,0.0,685,692.9565,0.3601,0.0008,0.0008,16.2322
2026-07-05 05:00:00,MiniMax,1,809,691,118,0.0019,100.0,0.0,0.0,0.0,1815.0,1815.0,1815.0,683.0,63.0,1,1,1,0.0,0.0,0.0,0.0,13,809.0,0.1708,0.0019,0.0019,11.0169
2026-07-05 06:00:00,DeepSeek,71,47774,32642,15132,0.0573,95.7746,4.2254,2.8169,0.0,6111.0,8096.5,9141.5,7593.0,147.0,10,27,34,1.4085,5.6338,19.7183,0.0,2579,672.8732,0.4636,0.0008,0.0008,17.0434
2026-07-05 06:00:00,MiniMax,2,1517,1187,330,0.0036,100.0,0.0,0.0,0.0,2334.5,2552.75,2572.15,726.1,67.9,1,2,2,0.0,50.0,50.0,0.0,36,758.5,0.278,0.0018,0.0018,10.9091
2026-07-05 06:00:00,Qwen,5,3581,2556,1025,0.0057,100.0,0.0,0.0,0.0,1572.0,2579.0,2697.4,718.0,162.0,3,4,4,0.0,20.0,0.0,0.0,0,716.2,0.401,0.0011,0.0011,0.0
2026-07-05 07:00:00,DeepSeek,64,44946,33069,11877,0.0539,96.875,3.125,0.0,1.5625,6024.5,7465.3,9458.7,7129.45,202.2,9,24,28,1.5625,1.5625,14.0625,0.0,1907,702.2812,0.3592,0.0008,0.0009,16.0562
2026-07-05 07:00:00,MiniMax,4,1374,814,560,0.0033,100.0,0.0,0.0,0.0,1695.0,1873.6,1894.72,661.15,75.6,3,4,3,0.0,0.0,0.0,0.0,76,343.5,0.688,0.0008,0.0008,13.5714
2026-07-05 07:00:00,Qwen,1,778,675,103,0.0012,100.0,0.0,0.0,0.0,1085.0,1085.0,1085.0,549.0,71.0,1,1,1,0.0,0.0,0.0,0.0,0,778.0,0.1526,0.0012,0.0012,0.0
2026-07-05 08:00:00,DeepSeek,75,48674,32676,15998,0.0584,98.6667,1.3333,0.0,1.3333,6169.0,8961.9,9283.58,8568.9,191.9,10,27,31,0.0,2.6667,20.0,0.0,2635,648.9867,0.4896,0.0008,0.0008,16.4708
2026-07-05 08:00:00,Qwen,2,916,739,177,0.0015,100.0,0.0,0.0,0.0,1360.5,1568.85,1587.37,679.15,143.4,2,2,2,0.0,0.0,50.0,0.0,0,458.0,0.2395,0.0007,0.0007,0.0
2026-07-05 09:00:00,DeepSeek,124,80768,55152,25616,0.0969,95.9677,4.0323,0.8065,2.4194,6102.0,8909.15,9371.09,8388.0,162.45,10,28,40,4.0323,4.8387,19.3548,0.0,4090,651.3548,0.4645,0.0008,0.0008,15.9666
2026-07-05 09:00:00,MiniMax,3,2025,1649,376,0.0049,100.0,0.0,0.0,0.0,1978.0,2176.9,2194.58,779.3,138.8,3,3,3,0.0,0.0,33.3333,0.0,60,675.0,0.228,0.0016,0.0016,15.9574
2026-07-05 09:00:00,Qwen,2,1813,1481,332,0.0029,100.0,0.0,0.0,0.0,1649.0,1888.4,1909.68,843.6,103.95,1,1,2,0.0,0.0,0.0,0.0,0,906.5,0.2242,0.0015,0.0015,0.0
2026-07-05 10:00:00,DeepSeek,117,85542,60688,24854,0.1026,96.5812,3.4188,1.7094,0.8547,6216.0,8754.2,9655.6,8290.4,163.4,10,27,36,0.8547,5.1282,18.8034,0.0,4117,731.1282,0.4095,0.0009,0.0009,16.5647
2026-07-05 10:00:00,MiniMax,3,1666,949,717,0.004,100.0,0.0,0.0,0.0,1715.0,2518.7,2590.14,860.0,69.4,3,3,3,0.0,0.0,33.3333,0.0,146,555.3333,0.7555,0.0013,0.0013,20.3626
2026-07-05 10:00:00,Qwen,5,3460,2548,912,0.0055,100.0,0.0,0.0,0.0,1919.0,2692.8,2818.56,737.4,213.6,5,5,5,0.0,0.0,20.0,0.0,0,692.0,0.3579,0.0011,0.0011,0.0
2026-07-05 11:00:00,DeepSeek,120,80099,56587,23512,0.0961,97.5,2.5,0.8333,0.8333,6089.0,8049.0,9645.22,7429.05,150.1,10,29,35,2.5,1.6667,15.0,0.0,3884,667.4917,0.4155,0.0008,0.0008,16.5192
2026-07-05 11:00:00,MiniMax,5,4024,2608,1416,0.0097,100.0,0.0,0.0,0.0,2076.0,4100.2,4395.24,857.4,75.4,3,4,5,0.0,0.0,0.0,0.0,225,804.8,0.5429,0.0019,0.0019,15.8898
2026-07-05 11:00:00,Qwen,3,1959,1367,592,0.0031,100.0,0.0,0.0,0.0,1345.0,2258.5,2339.7,565.8,88.1,3,3,3,0.0,0.0,0.0,0.0,0,653.0,0.4331,0.001,0.001,0.0
2026-07-05 12:00:00,DeepSeek,143,94644,63781,30863,0.1136,95.8042,4.1958,1.3986,2.0979,6205.0,8165.8,9816.52,8132.2,147.8,10,30,36,0.6993,1.3986,23.0769,0.0,5452,661.8462,0.4839,0.0008,0.0008,17.6652
2026-07-05 12:00:00,MiniMax,6,3869,2878,991,0.0093,100.0,0.0,0.0,0.0,2134.0,2647.5,2686.3,748.75,131.75,6,6,6,0.0,16.6667,16.6667,0.0,184,644.8333,0.3443,0.0015,0.0015,18.5671
2026-07-05 12:00:00,Qwen,3,2110,1332,778,0.0034,100.0,0.0,0.0,0.0,2380.0,2580.7,2598.54,629.0,127.8,3,3,3,0.0,0.0,0.0,0.0,0,703.3333,0.5841,0.0011,0.0011,0.0
2026-07-05 13:00:00,DeepSeek,125,84161,59244,24917,0.101,95.2,4.8,0.8,0.8,6184.0,8741.4,9872.0,8448.2,180.6,10,29,38,0.0,3.2,20.0,0.0,3835,673.288,0.4206,0.0008,0.0008,15.3911
2026-07-05 13:00:00,MiniMax,5,4229,3074,1155,0.0102,100.0,0.0,0.0,0.0,2287.0,2745.6,2752.32,982.2,120.0,5,5,5,0.0,0.0,20.0,0.0,134,845.8,0.3757,0.002,0.002,11.6017
2026-07-05 14:00:00,DeepSeek,124,84284,58188,26096,0.1011,96.7742,3.2258,0.0,2.4194,6254.5,8633.7,9572.16,8383.4,137.0,10,29,38,0.8065,4.0323,12.9032,0.0,4026,679.7097,0.4485,0.0008,0.0008,15.4277
2026-07-05 14:00:00,MiniMax,7,4671,3464,1207,0.0112,100.0,0.0,0.0,0.0,2091.0,2641.9,2693.98,827.1,130.6,5,6,7,0.0,0.0,14.2857,0.0,193,667.2857,0.3484,0.0016,0.0016,15.9901
2026-07-05 14:00:00,Qwen,5,3415,2307,1108,0.0055,100.0,0.0,0.0,0.0,1423.0,1799.8,1801.56,597.0,117.8,3,4,4,0.0,0.0,20.0,0.0,0,683.0,0.4803,0.0011,0.0011,0.0
2026-07-05 15:00:00,DeepSeek,111,72263,49685,22578,0.0867,98.1982,1.8018,0.0,0.9009,6117.0,7798.0,9288.2,6844.0,133.5,9,27,33,0.9009,2.7027,15.3153,0.0,3583,651.018,0.4544,0.0008,0.0008,15.8694
2026-07-05 15:00:00,MiniMax,5,3198,2281,917,0.0077,100.0,0.0,0.0,0.0,2205.0,3098.0,3266.8,926.8,108.4,4,4,5,0.0,0.0,20.0,0.0,203,639.6,0.402,0.0015,0.0015,22.1374
2026-07-05 15:00:00,Qwen,3,1778,1253,525,0.0028,100.0,0.0,0.0,0.0,1830.0,1892.1,1897.62,776.8,52.8,2,2,3,0.0,33.3333,33.3333,0.0,0,592.6667,0.419,0.0009,0.0009,0.0
2026-07-05 16:00:00,DeepSeek,132,96140,67496,28644,0.1154,93.9394,6.0606,2.2727,3.0303,6136.0,8869.0,9661.91,7709.85,178.25,10,30,32,0.0,6.8182,15.9091,0.0,4862,728.3333,0.4244,0.0009,0.0009,16.9739
2026-07-05 16:00:00,MiniMax,3,1301,805,496,0.0031,100.0,0.0,0.0,0.0,1836.0,2069.1,2089.82,823.9,103.9,3,3,3,0.0,0.0,0.0,0.0,33,433.6667,0.6161,0.001,0.001,6.6532
2026-07-05 16:00:00,Qwen,5,2934,1331,1603,0.0047,80.0,20.0,0.0,20.0,2331.0,3601.0,3810.6,787.8,99.4,4,5,4,0.0,0.0,40.0,0.0,0,586.8,1.2044,0.0009,0.0012,0.0
2026-07-05 17:00:00,DeepSeek,114,73878,51257,22621,0.0887,98.2456,1.7544,0.8772,0.8772,6033.0,8393.05,10043.37,8158.65,159.0,10,29,35,0.8772,2.6316,17.5439,0.0,3626,648.0526,0.4413,0.0008,0.0008,16.0294
2026-07-05 17:00:00,MiniMax,7,4349,3055,1294,0.0104,100.0,0.0,0.0,0.0,1985.0,2371.1,2383.82,992.9,156.0,3,4,5,0.0,0.0,42.8571,0.0,238,621.2857,0.4236,0.0015,0.0015,18.3926
2026-07-05 17:00:00,Qwen,1,543,291,252,0.0009,100.0,0.0,0.0,0.0,2397.0,2397.0,2397.0,542.0,102.0,1,1,1,0.0,0.0,0.0,0.0,0,543.0,0.866,0.0009,0.0009,0.0
2026-07-05 18:00:00,DeepSeek,81,54610,37804,16806,0.0655,100.0,0.0,0.0,0.0,6056.0,8460.0,9227.4,7379.0,134.0,10,27,31,0.0,2.4691,13.5802,0.0,2678,674.1975,0.4446,0.0008,0.0008,15.9348
2026-07-05 18:00:00,MiniMax,4,3066,2435,631,0.0074,100.0,0.0,0.0,0.0,1795.0,2002.25,2002.85,674.15,97.1,3,4,4,25.0,0.0,0.0,0.0,98,766.5,0.2591,0.0018,0.0018,15.5309
2026-07-05 19:00:00,DeepSeek,79,54669,38726,15943,0.0656,97.4684,2.5316,0.0,0.0,6224.0,8636.5,9046.16,7920.7,138.5,10,25,36,0.0,7.5949,15.1899,0.0,2717,692.0127,0.4117,0.0008,0.0009,17.042
2026-07-05 19:00:00,MiniMax,5,3456,2409,1047,0.0083,100.0,0.0,0.0,0.0,2188.0,3918.2,4222.04,927.8,107.4,4,4,4,0.0,20.0,0.0,0.0,134,691.2,0.4346,0.0017,0.0017,12.7985
2026-07-05 19:00:00,Qwen,2,1065,836,229,0.0017,100.0,0.0,0.0,0.0,1587.5,1720.25,1732.05,833.5,158.15,2,2,2,0.0,0.0,0.0,0.0,0,532.5,0.2739,0.0009,0.0009,0.0
2026-07-05 20:00:00,DeepSeek,79,53947,37099,16848,0.0647,98.7342,1.2658,0.0,1.2658,6189.0,9216.1,9703.86,9150.2,124.8,10,26,31,0.0,3.7975,15.1899,0.0,2730,682.8734,0.4541,0.0008,0.0008,16.2037
2026-07-05 20:00:00,MiniMax,3,1770,832,938,0.0042,100.0,0.0,0.0,0.0,1762.0,3234.4,3365.28,651.3,129.1,2,3,3,0.0,0.0,33.3333,0.0,177,590.0,1.1274,0.0014,0.0014,18.8699
2026-07-05 20:00:00,Qwen,4,1381,797,584,0.0022,75.0,25.0,0.0,25.0,1455.5,1972.95,2021.79,550.35,107.9,3,4,4,0.0,25.0,0.0,0.0,0,345.25,0.7327,0.0006,0.0007,0.0
2026-07-05 21:00:00,DeepSeek,83,58375,40567,17808,0.0701,93.9759,6.0241,2.4096,1.2048,6153.0,8955.6,9578.7,8180.5,170.3,10,28,30,0.0,7.2289,15.6627,0.0,3046,703.3133,0.439,0.0008,0.0009,17.1047
2026-07-05 21:00:00,MiniMax,6,6312,4548,1764,0.0151,100.0,0.0,0.0,0.0,2069.0,4720.25,5264.05,744.25,125.5,4,5,5,0.0,0.0,16.6667,0.0,352,1052.0,0.3879,0.0025,0.0025,19.9546
2026-07-05 21:00:00,Qwen,1,389,277,112,0.0006,100.0,0.0,0.0,0.0,1196.0,1196.0,1196.0,387.0,31.0,1,1,1,0.0,0.0,0.0,0.0,0,389.0,0.4043,0.0006,0.0006,0.0
2026-07-05 22:00:00,DeepSeek,32,22700,16070,6630,0.0272,93.75,6.25,3.125,3.125,6151.0,7906.95,8686.23,6634.6,205.15,10,21,24,3.125,9.375,12.5,0.0,926,709.375,0.4126,0.0009,0.0009,13.9668
2026-07-05 23:00:00,DeepSeek,44,31419,22615,8804,0.0377,90.9091,9.0909,2.2727,4.5455,6137.5,8163.25,9795.21,8096.7,140.7,10,24,18,2.2727,6.8182,9.0909,0.0,1448,714.0682,0.3893,0.0009,0.0009,16.4471
2026-07-05 23:00:00,MiniMax,2,1179,633,546,0.0028,100.0,0.0,0.0,0.0,3094.0,3121.9,3124.38,1288.7,64.2,2,2,2,50.0,0.0,0.0,0.0,61,589.5,0.8626,0.0014,0.0014,11.1722
2026-07-06 00:00:00,DeepSeek,34,22582,15149,7433,0.0271,100.0,0.0,0.0,0.0,6317.5,7707.3,7925.1,6957.8,150.3,10,20,24,0.0,2.9412,14.7059,0.0,1308,664.1765,0.4907,0.0008,0.0008,17.5972
2026-07-06 00:00:00,MiniMax,3,1771,956,815,0.0042,100.0,0.0,0.0,0.0,2336.0,3708.5,3830.5,886.4,121.4,3,3,3,0.0,0.0,66.6667,0.0,134,590.3333,0.8525,0.0014,0.0014,16.4417
2026-07-06 00:00:00,Qwen,1,773,381,392,0.0012,100.0,0.0,0.0,0.0,3282.0,3282.0,3282.0,460.0,64.0,1,1,1,0.0,0.0,0.0,0.0,0,773.0,1.0289,0.0012,0.0012,0.0
2026-07-06 01:00:00,DeepSeek,38,26680,18375,8305,0.032,94.7368,5.2632,2.6316,2.6316,6044.0,8290.45,8815.17,8135.45,151.15,10,21,23,2.6316,2.6316,15.7895,0.0,1328,702.1053,0.452,0.0008,0.0009,15.9904
2026-07-06 01:00:00,MiniMax,3,1936,1332,604,0.0046,100.0,0.0,0.0,0.0,1908.0,2407.5,2451.9,953.5,85.7,3,3,3,0.0,33.3333,0.0,0.0,68,645.3333,0.4535,0.0015,0.0015,11.2583
2026-07-06 01:00:00,Qwen,1,1647,1116,531,0.0026,100.0,0.0,0.0,0.0,3496.0,3496.0,3496.0,454.0,27.0,1,1,1,0.0,0.0,0.0,0.0,0,1647.0,0.4758,0.0026,0.0026,0.0
2026-07-06 02:00:00,DeepSeek,35,23810,17378,6432,0.0286,100.0,0.0,0.0,0.0,6160.0,7341.1,8938.1,7283.1,140.7,9,21,22,0.0,0.0,17.1429,0.0,1008,680.2857,0.3701,0.0008,0.0008,15.6716
2026-07-06 02:00:00,MiniMax,2,1300,965,335,0.0031,100.0,0.0,0.0,0.0,1672.0,1738.6,1744.52,584.75,33.65,2,2,2,0.0,0.0,0.0,0.0,66,650.0,0.3472,0.0016,0.0016,19.7015
2026-07-06 02:00:00,Qwen,2,1115,443,672,0.0018,100.0,0.0,0.0,0.0,2161.0,2602.9,2642.18,638.15,84.75,2,2,2,0.0,0.0,0.0,0.0,0,557.5,1.5169,0.0009,0.0009,0.0
2026-07-06 03:00:00,DeepSeek,24,14714,9603,5111,0.0177,95.8333,4.1667,0.0,4.1667,6402.0,8331.6,9075.97,6950.65,125.0,7,13,11,0.0,8.3333,12.5,0.0,874,613.0833,0.5322,0.0007,0.0008,17.1004
2026-07-06 03:00:00,MiniMax,1,963,751,212,0.0023,100.0,0.0,0.0,0.0,1905.0,1905.0,1905.0,788.0,35.0,1,1,1,0.0,0.0,0.0,0.0,16,963.0,0.2823,0.0023,0.0023,7.5472
2026-07-06 04:00:00,DeepSeek,40,26413,17458,8955,0.0317,92.5,7.5,2.5,2.5,6282.0,8563.1,9621.3,6736.55,141.3,10,21,22,0.0,7.5,17.5,0.0,1310,660.325,0.5129,0.0008,0.0009,14.6287
2026-07-06 05:00:00,DeepSeek,30,17243,12270,4973,0.0207,100.0,0.0,0.0,0.0,6110.0,6837.6,7166.38,6694.65,150.5,7,18,16,0.0,6.6667,20.0,0.0,702,574.7667,0.4053,0.0007,0.0007,14.1162
2026-07-06 05:00:00,MiniMax,2,1348,874,474,0.0032,100.0,0.0,0.0,0.0,2073.5,2314.25,2335.65,806.1,73.7,2,2,2,0.0,50.0,50.0,0.0,74,674.0,0.5423,0.0016,0.0016,15.6118
2026-07-06 05:00:00,Qwen,1,354,211,143,0.0006,100.0,0.0,0.0,0.0,1182.0,1182.0,1182.0,643.0,52.0,1,1,1,0.0,0.0,100.0,0.0,0,354.0,0.6777,0.0006,0.0006,0.0
2026-07-06 06:00:00,DeepSeek,101,67732,46031,21701,0.0813,99.0099,0.9901,0.9901,0.0,6159.0,8412.0,9043.0,8101.0,158.0,10,26,31,0.9901,2.9703,19.802,0.0,3519,670.6139,0.4714,0.0008,0.0008,16.2158
2026-07-06 06:00:00,MiniMax,5,4361,3383,978,0.0105,100.0,0.0,0.0,0.0,1889.0,2615.2,2674.24,750.4,88.0,5,5,5,0.0,0.0,20.0,0.0,166,872.2,0.2891,0.0021,0.0021,16.9734
2026-07-06 06:00:00,Qwen,3,1880,1288,592,0.003,66.6667,33.3333,0.0,0.0,1457.0,1829.6,1862.72,550.8,89.3,3,3,3,0.0,0.0,0.0,0.0,0,626.6667,0.4596,0.001,0.0015,0.0
2026-07-06 07:00:00,DeepSeek,110,75234,52905,22329,0.0903,97.2727,2.7273,0.9091,1.8182,6155.0,7695.75,8863.17,7021.55,156.1,10,28,32,3.6364,0.9091,15.4545,0.0,3812,683.9455,0.4221,0.0008,0.0008,17.072
2026-07-06 07:00:00,Qwen,2,1134,613,521,0.0018,50.0,50.0,0.0,50.0,2219.0,3055.1,3129.42,491.35,49.35,2,2,2,0.0,0.0,50.0,0.0,0,567.0,0.8499,0.0009,0.0018,0.0
2026-07-06 08:00:00,DeepSeek,111,80881,59080,21801,0.0971,95.4955,4.5045,0.0,3.6036,6138.0,9280.5,9873.1,7950.5,158.5,10,30,33,1.8018,2.7027,18.018,0.0,3555,728.6577,0.369,0.0009,0.0009,16.3066
2026-07-06 08:00:00,MiniMax,6,3448,2204,1244,0.0083,100.0,0.0,0.0,0.0,2054.0,2947.5,3073.5,858.25,179.0,5,6,6,0.0,0.0,0.0,0.0,229,574.6667,0.5644,0.0014,0.0014,18.4084
2026-07-06 08:00:00,Qwen,1,507,148,359,0.0008,100.0,0.0,0.0,0.0,1829.0,1829.0,1829.0,513.0,63.0,1,1,1,0.0,0.0,100.0,0.0,0,507.0,2.4257,0.0008,0.0008,0.0
2026-07-06 09:00:00,DeepSeek,149,104799,73173,31626,0.1258,96.6443,3.3557,0.0,1.3423,6278.0,8524.6,9217.16,8483.2,152.2,10,27,37,0.0,3.3557,22.1477,0.0,5460,703.349,0.4322,0.0008,0.0009,17.2643
2026-07-06 09:00:00,MiniMax,8,4330,2577,1753,0.0104,100.0,0.0,0.0,0.0,1948.5,4015.7,4143.94,776.9,143.85,6,8,8,0.0,0.0,25.0,0.0,258,541.25,0.6802,0.0013,0.0013,14.7176
2026-07-06 09:00:00,Qwen,4,4015,3182,833,0.0064,75.0,25.0,0.0,25.0,1445.5,3210.4,3455.68,632.75,147.95,2,4,3,25.0,25.0,0.0,0.0,0,1003.75,0.2618,0.0016,0.0021,0.0
2026-07-06 10:00:00,DeepSeek,185,132815,96367,36448,0.1594,96.7568,3.2432,1.0811,1.0811,6112.0,8094.8,9825.72,7258.2,134.2,10,29,42,1.6216,4.3243,22.7027,0.5405,5807,717.9189,0.3782,0.0009,0.0009,15.9323
2026-07-06 10:00:00,MiniMax,7,5465,3937,1528,0.0131,100.0,0.0,0.0,0.0,2075.0,2773.7,2905.94,1004.1,133.5,5,7,5,0.0,0.0,14.2857,0.0,218,780.7143,0.3881,0.0019,0.0019,14.267
2026-07-06 10:00:00,Qwen,6,4139,2756,1383,0.0066,66.6667,33.3333,16.6667,0.0,1546.5,3274.0,3546.8,1197.5,82.0,3,5,6,0.0,0.0,16.6667,0.0,0,689.8333,0.5018,0.0011,0.0017,0.0
2026-07-06 11:00:00,DeepSeek,185,124467,87345,37122,0.1494,96.2162,3.7838,0.0,2.1622,6140.0,8306.8,9920.72,7553.0,197.8,10,30,44,1.0811,2.7027,15.6757,0.0,6379,672.7946,0.425,0.0008,0.0008,17.1839
2026-07-06 11:00:00,MiniMax,7,4901,3249,1652,0.0118,100.0,0.0,0.0,0.0,1965.0,4071.0,4639.8,908.3,87.6,5,6,6,0.0,14.2857,14.2857,0.0,253,700.1429,0.5085,0.0017,0.0017,15.3148
2026-07-06 11:00:00,Qwen,2,1199,1004,195,0.0019,100.0,0.0,0.0,0.0,2260.5,3096.15,3170.43,1565.2,90.85,2,2,2,0.0,0.0,0.0,0.0,0,599.5,0.1942,0.001,0.001,0.0
2026-07-06 12:00:00,DeepSeek,146,101032,69329,31703,0.1212,96.5753,3.4247,1.3699,1.3699,6123.0,8643.75,9500.25,8341.75,141.75,10,29,40,0.6849,2.0548,19.1781,0.0,4977,692.0,0.4573,0.0008,0.0009,15.6988
2026-07-06 12:00:00,MiniMax,8,5109,3582,1527,0.0123,100.0,0.0,0.0,0.0,1947.0,3356.75,3696.95,842.35,131.2,6,8,7,12.5,0.0,25.0,0.0,207,638.625,0.4263,0.0015,0.0015,13.556
2026-07-06 12:00:00,Qwen,7,4212,2856,1356,0.0067,71.4286,28.5714,0.0,0.0,1639.0,3083.9,3433.58,916.5,148.8,5,6,5,0.0,14.2857,14.2857,0.0,0,601.7143,0.4748,0.001,0.0013,0.0
2026-07-06 13:00:00,DeepSeek,175,117707,82510,35197,0.1412,94.2857,5.7143,0.5714,3.4286,6230.0,9227.0,9982.98,9067.2,186.2,10,28,42,1.1429,2.2857,16.5714,0.0,5917,672.6114,0.4266,0.0008,0.0009,16.8111
2026-07-06 13:00:00,MiniMax,15,9447,6063,3384,0.0227,100.0,0.0,0.0,0.0,2368.0,3023.8,3183.96,1057.9,113.7,6,11,12,0.0,6.6667,13.3333,0.0,591,629.8,0.5581,0.0015,0.0015,17.4645
2026-07-06 13:00:00,Qwen,1,819,599,220,0.0013,100.0,0.0,0.0,0.0,3276.0,3276.0,3276.0,1567.0,70.0,1,1,1,0.0,0.0,100.0,0.0,0,819.0,0.3673,0.0013,0.0013,0.0
2026-07-06 14:00:00,DeepSeek,151,94173,63653,30520,0.113,96.0265,3.9735,1.3245,0.6623,6083.0,8888.5,9577.5,8364.5,152.0,10,30,44,0.6623,4.6358,14.5695,0.0,4778,623.6623,0.4795,0.0007,0.0008,15.6553
2026-07-06 14:00:00,MiniMax,5,3021,2039,982,0.0072,100.0,0.0,0.0,0.0,2130.0,2459.2,2494.24,811.2,168.2,5,5,5,20.0,0.0,0.0,0.0,232,604.2,0.4816,0.0014,0.0014,23.6253
2026-07-06 14:00:00,Qwen,4,4025,3164,861,0.0064,100.0,0.0,0.0,0.0,1884.0,2299.65,2315.13,700.1,124.25,2,4,3,0.0,25.0,0.0,0.0,0,1006.25,0.2721,0.0016,0.0016,0.0
2026-07-06 15:00:00,DeepSeek,174,129655,94236,35419,0.1556,95.4023,4.5977,1.1494,2.2989,6272.0,8153.6,9240.74,7900.8,170.05,10,30,42,1.1494,4.5977,20.6897,0.0,5975,745.1437,0.3759,0.0009,0.0009,16.8695
2026-07-06 15:00:00,MiniMax,13,8705,5735,2970,0.0209,100.0,0.0,0.0,0.0,2405.0,3799.6,4077.52,1022.6,152.8,5,8,12,0.0,0.0,23.0769,0.0,431,669.6154,0.5179,0.0016,0.0016,14.5118
2026-07-06 15:00:00,Qwen,6,3753,2789,964,0.006,100.0,0.0,0.0,0.0,1632.5,1960.5,2022.5,650.25,139.25,3,5,5,0.0,0.0,33.3333,0.0,0,625.5,0.3456,0.001,0.001,0.0
2026-07-06 16:00:00,DeepSeek,166,116773,83348,33425,0.1401,96.988,3.012,0.6024,1.2048,6223.5,8055.75,9153.45,7628.75,167.5,10,30,39,0.6024,0.6024,13.253,0.0,5343,703.4518,0.401,0.0008,0.0009,15.985
2026-07-06 16:00:00,MiniMax,10,10104,7584,2520,0.0242,100.0,0.0,0.0,0.0,2194.0,3252.1,3692.02,897.15,151.85,8,9,9,0.0,0.0,40.0,0.0,296,1010.4,0.3323,0.0024,0.0024,11.746
2026-07-06 16:00:00,Qwen,6,4182,2989,1193,0.0067,100.0,0.0,0.0,0.0,1927.5,2854.75,2959.75,1371.25,75.5,5,6,5,0.0,0.0,16.6667,0.0,0,697.0,0.3991,0.0011,0.0011,0.0
2026-07-06 17:00:00,DeepSeek,163,103986,72065,31921,0.1248,95.092,4.908,1.227,2.454,6234.0,8862.7,9877.48,8814.7,136.9,10,30,41,0.0,6.135,15.3374,0.0,5333,637.9509,0.4429,0.0008,0.0008,16.7069
2026-07-06 17:00:00,MiniMax,5,3832,3129,703,0.0092,100.0,0.0,0.0,0.0,1829.0,1974.8,1988.56,712.6,84.2,4,4,4,0.0,0.0,20.0,0.0,111,766.4,0.2247,0.0018,0.0018,15.7895
2026-07-06 17:00:00,Qwen,6,4714,2961,1753,0.0075,100.0,0.0,0.0,0.0,2738.0,3287.25,3295.85,1661.75,118.75,3,5,5,16.6667,0.0,33.3333,0.0,0,785.6667,0.592,0.0013,0.0013,0.0
2026-07-06 18:00:00,DeepSeek,87,61895,43631,18264,0.0743,95.4023,4.5977,2.2989,1.1494,6207.0,8333.2,9490.38,7880.5,151.4,10,27,31,1.1494,1.1494,17.2414,0.0,2962,711.4368,0.4186,0.0009,0.0009,16.2177
2026-07-06 18:00:00,MiniMax,4,4024,3155,869,0.0097,100.0,0.0,0.0,0.0,2616.0,2930.95,2931.79,1215.85,71.0,4,4,4,0.0,0.0,25.0,0.0,111,1006.0,0.2754,0.0024,0.0024,12.7733
2026-07-06 18:00:00,Qwen,4,2363,1465,898,0.0038,75.0,25.0,25.0,0.0,2624.0,3679.5,3740.7,1806.6,145.55,3,4,4,0.0,0.0,25.0,0.0,0,590.75,0.613,0.0009,0.0013,0.0
2026-07-06 19:00:00,DeepSeek,74,50231,37280,12951,0.0603,100.0,0.0,0.0,0.0,6070.5,8326.35,8942.61,7929.05,161.15,10,26,36,0.0,2.7027,21.6216,0.0,2149,678.7973,0.3474,0.0008,0.0008,16.5933
2026-07-06 19:00:00,MiniMax,8,6484,4849,1635,0.0156,87.5,12.5,0.0,12.5,1955.5,3714.4,4015.68,851.5,187.4,3,6,7,0.0,12.5,0.0,0.0,305,810.5,0.3372,0.0019,0.0022,18.6544
2026-07-06 19:00:00,Qwen,3,1761,1239,522,0.0028,66.6667,33.3333,33.3333,0.0,1848.0,2492.4,2549.68,1497.1,40.8,3,3,3,0.0,0.0,0.0,0.0,0,587.0,0.4213,0.0009,0.0014,0.0
2026-07-06 20:00:00,DeepSeek,105,67637,47598,20039,0.0812,94.2857,5.7143,2.8571,1.9048,6187.0,9354.8,9800.44,8855.0,169.4,10,25,34,1.9048,4.7619,19.0476,0.0,3341,644.1619,0.421,0.0008,0.0008,16.6725
2026-07-06 20:00:00,MiniMax,4,2699,1839,860,0.0065,100.0,0.0,0.0,0.0,2217.5,2719.6,2774.32,805.05,91.3,3,4,4,0.0,25.0,25.0,0.0,125,674.75,0.4676,0.0016,0.0016,14.5349
2026-07-06 20:00:00,Qwen,1,768,670,98,0.0012,0.0,100.0,100.0,0.0,2246.0,2246.0,2246.0,924.0,63.0,1,1,1,0.0,0.0,0.0,0.0,0,768.0,0.1463,0.0012,,0.0
2026-07-06 21:00:00,DeepSeek,122,87524,60151,27373,0.105,97.541,2.459,1.6393,0.8197,6301.5,9485.55,9775.12,9155.95,168.55,10,27,36,0.8197,5.7377,19.6721,0.0,4164,717.4098,0.4551,0.0009,0.0009,15.2121
2026-07-06 21:00:00,MiniMax,4,1872,1352,520,0.0045,100.0,0.0,0.0,0.0,1758.5,1862.45,1874.09,950.95,151.55,3,4,4,0.0,0.0,0.0,0.0,69,468.0,0.3846,0.0011,0.0011,13.2692
2026-07-06 21:00:00,Qwen,2,1055,788,267,0.0017,50.0,50.0,0.0,0.0,1474.5,1879.05,1915.01,600.8,124.1,2,2,2,0.0,50.0,0.0,0.0,0,527.5,0.3388,0.0008,0.0017,0.0
2026-07-06 22:00:00,DeepSeek,64,46085,31396,14689,0.0553,100.0,0.0,0.0,0.0,6236.0,8497.95,10244.47,8352.5,146.9,10,25,28,0.0,4.6875,18.75,0.0,2325,720.0781,0.4679,0.0009,0.0009,15.8282
2026-07-06 22:00:00,Qwen,1,533,426,107,0.0009,100.0,0.0,0.0,0.0,1512.0,1512.0,1512.0,534.0,90.0,1,1,1,0.0,0.0,0.0,0.0,0,533.0,0.2512,0.0009,0.0009,0.0
2026-07-06 23:00:00,DeepSeek,47,29805,20294,9511,0.0358,97.8723,2.1277,2.1277,0.0,6083.0,7123.6,7315.72,6835.3,133.7,9,21,24,2.1277,4.2553,17.0213,0.0,1539,634.1489,0.4687,0.0008,0.0008,16.1813
2026-07-06 23:00:00,MiniMax,1,697,464,233,0.0017,100.0,0.0,0.0,0.0,1704.0,1704.0,1704.0,629.0,109.0,1,1,1,0.0,0.0,0.0,0.0,22,697.0,0.5022,0.0017,0.0017,9.4421
2026-07-06 23:00:00,Qwen,2,2044,1325,719,0.0033,50.0,50.0,0.0,50.0,2263.0,2734.6,2776.52,660.35,137.9,2,2,2,0.0,0.0,50.0,0.0,0,1022.0,0.5426,0.0016,0.0033,0.0
2026-07-07 00:00:00,DeepSeek,36,24555,16706,7849,0.0295,97.2222,2.7778,0.0,0.0,6234.5,7069.5,7331.9,6052.75,147.25,8,17,20,0.0,2.7778,22.2222,0.0,1144,682.0833,0.4698,0.0008,0.0008,14.5751
2026-07-07 00:00:00,MiniMax,3,2103,1299,804,0.005,100.0,0.0,0.0,0.0,1600.0,1648.6,1652.92,482.1,191.2,3,3,3,0.0,0.0,0.0,0.0,61,701.0,0.6189,0.0017,0.0017,7.5871
2026-07-07 00:00:00,Qwen,2,1759,1307,452,0.0028,100.0,0.0,0.0,0.0,3156.0,3734.7,3786.14,1658.65,37.65,2,2,2,0.0,0.0,0.0,0.0,0,879.5,0.3458,0.0014,0.0014,0.0
2026-07-07 01:00:00,DeepSeek,30,17968,12395,5573,0.0216,100.0,0.0,0.0,0.0,6225.5,9032.8,9747.03,8893.35,156.8,9,19,21,0.0,0.0,16.6667,0.0,933,598.9333,0.4496,0.0007,0.0007,16.7414
2026-07-07 01:00:00,MiniMax,2,2498,1805,693,0.006,100.0,0.0,0.0,0.0,2292.0,2954.4,3013.28,540.6,204.25,2,2,2,0.0,0.0,0.0,0.0,65,1249.0,0.3839,0.003,0.003,9.3795
2026-07-07 01:00:00,Qwen,1,900,788,112,0.0014,100.0,0.0,0.0,0.0,1538.0,1538.0,1538.0,617.0,38.0,1,1,1,0.0,0.0,0.0,0.0,0,900.0,0.1421,0.0014,0.0014,0.0
2026-07-07 02:00:00,DeepSeek,28,17538,11696,5842,0.021,100.0,0.0,0.0,0.0,6316.5,8277.25,11135.58,7803.0,162.2,9,20,22,3.5714,7.1429,10.7143,0.0,953,626.3571,0.4995,0.0008,0.0008,16.3129
2026-07-07 02:00:00,Qwen,1,1897,1695,202,0.003,100.0,0.0,0.0,0.0,1311.0,1311.0,1311.0,417.0,41.0,1,1,1,0.0,0.0,0.0,0.0,0,1897.0,0.1192,0.003,0.003,0.0
2026-07-07 03:00:00,DeepSeek,37,23486,16635,6851,0.0282,94.5946,5.4054,2.7027,0.0,6180.0,7719.4,9076.36,7081.2,137.6,9,19,19,0.0,5.4054,16.2162,0.0,1287,634.7568,0.4118,0.0008,0.0008,18.7856
2026-07-07 03:00:00,MiniMax,1,477,367,110,0.0011,100.0,0.0,0.0,0.0,1185.0,1185.0,1185.0,482.0,121.0,1,1,1,0.0,0.0,0.0,0.0,25,477.0,0.2997,0.0011,0.0011,22.7273
2026-07-07 03:00:00,Qwen,2,812,562,250,0.0013,100.0,0.0,0.0,0.0,1768.0,2109.1,2139.42,696.15,52.5,2,2,2,0.0,0.0,0.0,0.0,0,406.0,0.4448,0.0006,0.0006,0.0
2026-07-07 04:00:00,DeepSeek,50,34019,22899,11120,0.0408,98.0,2.0,0.0,0.0,6228.0,7182.95,8872.72,6896.8,183.0,10,24,28,0.0,2.0,12.0,0.0,1784,680.38,0.4856,0.0008,0.0008,16.0432
2026-07-07 04:00:00,MiniMax,1,651,139,512,0.0016,100.0,0.0,0.0,0.0,1931.0,1931.0,1931.0,444.0,40.0,1,1,1,0.0,0.0,100.0,0.0,104,651.0,3.6835,0.0016,0.0016,20.3125
2026-07-07 04:00:00,Qwen,1,378,176,202,0.0006,100.0,0.0,0.0,0.0,1663.0,1663.0,1663.0,531.0,54.0,1,1,1,0.0,0.0,0.0,0.0,0,378.0,1.1477,0.0006,0.0006,0.0
2026-07-07 05:00:00,DeepSeek,38,25776,19064,6712,0.0309,97.3684,2.6316,0.0,2.6316,6076.0,7389.5,8211.54,6957.35,209.75,9,20,23,2.6316,2.6316,21.0526,0.0,1072,678.3158,0.3521,0.0008,0.0008,15.9714
2026-07-07 06:00:00,DeepSeek,117,87766,63289,24477,0.1053,95.7265,4.2735,0.0,2.5641,6169.0,9413.8,10645.8,9040.4,145.2,10,30,35,0.0,11.9658,20.5128,0.0,3905,750.1368,0.3867,0.0009,0.0009,15.9538
2026-07-07 06:00:00,MiniMax,5,2550,1854,696,0.0061,100.0,0.0,0.0,0.0,847.0,1633.8,1710.76,476.0,70.2,4,5,5,0.0,20.0,20.0,0.0,67,510.0,0.3754,0.0012,0.0012,9.6264
2026-07-07 06:00:00,Qwen,3,1253,802,451,0.002,100.0,0.0,0.0,0.0,1621.0,2443.6,2516.72,750.4,139.3,3,3,3,0.0,0.0,0.0,0.0,0,417.6667,0.5623,0.0007,0.0007,0.0
2026-07-07 07:00:00,DeepSeek,105,67380,46762,20618,0.0809,98.0952,1.9048,0.0,1.9048,6188.0,8964.6,9563.84,8745.0,170.4,10,29,33,0.9524,2.8571,19.0476,0.0,3010,641.7143,0.4409,0.0008,0.0008,14.5989
2026-07-07 07:00:00,MiniMax,3,1924,1477,447,0.0046,66.6667,33.3333,0.0,33.3333,1336.0,1385.5,1389.9,474.5,142.5,2,2,3,33.3333,33.3333,0.0,0.0,55,641.3333,0.3026,0.0015,0.0023,12.3043
2026-07-07 07:00:00,Qwen,1,581,265,316,0.0009,100.0,0.0,0.0,0.0,2665.0,2665.0,2665.0,554.0,19.0,1,1,1,0.0,0.0,0.0,0.0,0,581.0,1.1925,0.0009,0.0009,0.0
2026-07-07 08:00:00,DeepSeek,102,68424,49104,19320,0.0821,96.0784,3.9216,0.9804,0.0,6195.5,7575.55,9821.64,7256.7,145.0,10,30,38,1.9608,4.902,20.5882,0.0,3208,670.8235,0.3935,0.0008,0.0008,16.6046
2026-07-07 08:00:00,MiniMax,7,5697,4418,1279,0.0137,100.0,0.0,0.0,0.0,1224.0,1348.3,1372.06,765.7,102.7,4,7,5,0.0,0.0,0.0,0.0,220,813.8571,0.2895,0.002,0.002,17.2009
2026-07-07 08:00:00,Qwen,5,2347,1527,820,0.0038,100.0,0.0,0.0,0.0,1631.0,3464.0,3534.4,1649.6,179.8,3,5,4,0.0,0.0,40.0,0.0,0,469.4,0.537,0.0008,0.0008,0.0
2026-07-07 09:00:00,DeepSeek,198,131764,95930,35834,0.1581,97.4747,2.5253,0.0,1.5152,6195.5,8248.6,9228.04,7847.25,152.0,10,30,42,2.5253,2.0202,12.6263,0.0,5968,665.4747,0.3735,0.0008,0.0008,16.6546
2026-07-07 09:00:00,MiniMax,11,5806,3839,1967,0.0139,100.0,0.0,0.0,0.0,1037.0,1860.5,2023.3,579.5,137.5,7,10,11,0.0,0.0,36.3636,9.0909,286,527.8182,0.5124,0.0013,0.0013,14.5399
2026-07-07 09:00:00,Qwen,5,2360,1374,986,0.0038,80.0,20.0,0.0,20.0,1516.0,2820.0,3014.4,827.4,182.4,4,5,4,0.0,0.0,40.0,0.0,0,472.0,0.7176,0.0008,0.0009,0.0
2026-07-07 10:00:00,DeepSeek,180,124775,88232,36543,0.1497,96.6667,3.3333,0.5556,1.1111,6295.0,9118.3,9550.45,8946.65,148.2,10,29,43,1.6667,3.8889,20.5556,0.0,5967,693.1944,0.4142,0.0008,0.0009,16.3287
2026-07-07 10:00:00,MiniMax,10,6119,3821,2298,0.0147,100.0,0.0,0.0,0.0,1003.0,1753.65,1862.73,554.75,154.8,7,10,10,0.0,10.0,0.0,0.0,348,611.9,0.6014,0.0015,0.0015,15.1436
2026-07-07 10:00:00,Qwen,5,4877,4008,869,0.0078,100.0,0.0,0.0,0.0,1562.0,2418.0,2486.8,624.0,138.6,5,5,5,0.0,0.0,40.0,0.0,0,975.4,0.2168,0.0016,0.0016,0.0
2026-07-07 11:00:00,DeepSeek,195,134867,93698,41169,0.1618,95.3846,4.6154,0.5128,2.0513,6345.0,8913.5,9778.66,8621.6,157.9,10,30,41,1.5385,3.5897,21.0256,0.0,6559,691.6256,0.4394,0.0008,0.0009,15.9319
2026-07-07 11:00:00,MiniMax,9,4648,3401,1247,0.0112,100.0,0.0,0.0,0.0,911.0,1085.6,1092.32,607.4,156.8,5,8,6,0.0,0.0,11.1111,0.0,248,516.4444,0.3667,0.0012,0.0012,19.8877
2026-07-07 11:00:00,Qwen,6,3084,1945,1139,0.0049,66.6667,33.3333,0.0,16.6667,2226.5,3231.5,3235.1,1645.5,98.0,6,6,6,0.0,16.6667,16.6667,0.0,0,514.0,0.5856,0.0008,0.0012,0.0
2026-07-07 12:00:00,DeepSeek,164,118428,83883,34545,0.1421,95.122,4.878,1.8293,1.8293,6197.0,8832.15,9382.1,8497.1,158.8,10,30,39,1.2195,1.8293,15.2439,0.0,5898,722.122,0.4118,0.0009,0.0009,17.0734
2026-07-07 12:00:00,MiniMax,8,6218,4098,2120,0.0149,100.0,0.0,0.0,0.0,1167.0,2155.4,2355.88,581.0,101.0,7,8,7,0.0,0.0,25.0,0.0,290,777.25,0.5173,0.0019,0.0019,13.6792
2026-07-07 12:00:00,Qwen,2,2377,1451,926,0.0038,100.0,0.0,0.0,0.0,2625.0,3582.6,3667.72,518.0,34.7,1,2,2,0.0,0.0,0.0,0.0,0,1188.5,0.6382,0.0019,0.0019,0.0
2026-07-07 13:00:00,DeepSeek,165,109866,75512,34354,0.1318,98.7879,1.2121,0.6061,0.6061,6210.0,8764.0,9702.92,8239.0,169.8,10,29,44,1.2121,3.0303,16.3636,0.0,5456,665.8545,0.4549,0.0008,0.0008,15.8817
2026-07-07 13:00:00,MiniMax,4,2829,1981,848,0.0068,100.0,0.0,0.0,0.0,1261.5,1466.2,1494.04,604.4,133.2,4,4,4,0.0,0.0,25.0,0.0,160,707.25,0.4281,0.0017,0.0017,18.8679
2026-07-07 13:00:00,Qwen,3,1518,1150,368,0.0024,100.0,0.0,0.0,0.0,1366.0,2612.5,2723.3,1030.7,212.3,3,3,3,0.0,0.0,0.0,0.0,0,506.0,0.32,0.0008,0.0008,0.0
2026-07-07 14:00:00,DeepSeek,180,123160,85673,37487,0.1478,97.2222,2.7778,1.1111,0.0,6275.0,7725.45,9854.48,7253.15,174.15,10,29,40,0.5556,1.6667,14.4444,0.5556,5993,684.2222,0.4376,0.0008,0.0008,15.9869
2026-07-07 14:00:00,MiniMax,5,2986,1877,1109,0.0072,100.0,0.0,0.0,0.0,1164.0,1720.8,1814.56,564.0,76.6,4,5,5,0.0,0.0,0.0,0.0,247,597.2,0.5908,0.0014,0.0014,22.2723
2026-07-07 14:00:00,Qwen,3,2615,2035,580,0.0042,100.0,0.0,0.0,0.0,2046.0,2906.4,2982.88,971.3,167.8,2,3,3,0.0,0.0,33.3333,0.0,0,871.6667,0.285,0.0014,0.0014,0.0
2026-07-07 15:00:00,DeepSeek,200,153045,110632,42413,0.1837,97.5,2.5,0.0,1.5,6236.0,8221.1,9423.02,7738.1,172.25,10,30,44,1.0,4.0,15.0,0.0,6738,765.225,0.3834,0.0009,0.0009,15.8866
2026-07-07 15:00:00,MiniMax,13,10425,7460,2965,0.025,100.0,0.0,0.0,0.0,1267.0,1987.2,2077.44,535.2,102.4,8,11,12,0.0,0.0,15.3846,7.6923,542,801.9231,0.3975,0.0019,0.0019,18.2799
2026-07-07 15:00:00,Qwen,6,5592,4242,1350,0.0089,83.3333,16.6667,0.0,16.6667,2261.5,2795.25,2849.45,947.0,80.75,5,6,5,0.0,16.6667,16.6667,0.0,0,932.0,0.3182,0.0015,0.0018,0.0
2026-07-07 16:00:00,DeepSeek,164,113153,80513,32640,0.1358,96.3415,3.6585,0.0,0.6098,6157.5,7887.15,9979.12,7200.6,152.1,10,30,42,3.0488,5.4878,17.6829,0.0,5261,689.9573,0.4054,0.0008,0.0009,16.1183
2026-07-07 16:00:00,MiniMax,8,7360,5848,1512,0.0177,100.0,0.0,0.0,0.0,1059.0,1667.75,1856.75,504.5,95.9,6,6,8,0.0,0.0,12.5,0.0,168,920.0,0.2585,0.0022,0.0022,11.1111
2026-07-07 16:00:00,Qwen,8,5774,4556,1218,0.0092,87.5,12.5,0.0,0.0,2243.5,2938.75,3026.95,1711.25,204.1,5,7,7,0.0,0.0,12.5,0.0,0,721.75,0.2673,0.0012,0.0013,0.0
2026-07-07 17:00:00,DeepSeek,203,132379,93766,38613,0.1589,96.0591,3.9409,0.4926,2.4631,6135.0,7715.5,9520.8,7169.4,170.2,10,30,43,0.4926,7.8818,19.2118,0.0,6054,652.1133,0.4118,0.0008,0.0008,15.6787
2026-07-07 17:00:00,MiniMax,8,4577,2921,1656,0.011,100.0,0.0,0.0,0.0,914.5,1693.1,1736.22,584.65,260.25,6,7,7,12.5,0.0,25.0,12.5,294,572.125,0.5669,0.0014,0.0014,17.7536
2026-07-07 17:00:00,Qwen,3,2335,1636,699,0.0037,100.0,0.0,0.0,0.0,2450.0,2988.2,3036.04,869.4,82.8,3,3,3,0.0,0.0,100.0,0.0,0,778.3333,0.4273,0.0012,0.0012,0.0
2026-07-07 18:00:00,DeepSeek,116,79247,54961,24286,0.0951,96.5517,3.4483,0.8621,2.5862,6194.5,8416.5,9652.75,7996.25,174.5,10,27,39,0.8621,4.3103,25.0,0.0,4200,683.1638,0.4419,0.0008,0.0008,17.2939
2026-07-07 18:00:00,MiniMax,6,4842,3589,1253,0.0116,100.0,0.0,0.0,0.0,1072.0,1777.0,1867.4,604.0,203.0,5,5,6,16.6667,0.0,0.0,0.0,224,807.0,0.3491,0.0019,0.0019,17.8771
2026-07-07 18:00:00,Qwen,1,727,279,448,0.0012,100.0,0.0,0.0,0.0,2509.0,2509.0,2509.0,523.0,27.0,1,1,1,0.0,0.0,0.0,0.0,0,727.0,1.6057,0.0012,0.0012,0.0
2026-07-07 19:00:00,DeepSeek,114,80391,56830,23561,0.0965,97.3684,2.6316,0.0,0.8772,6182.0,8985.4,9589.18,8167.5,134.75,10,29,34,1.7544,4.386,19.2982,0.0,3780,705.1842,0.4146,0.0008,0.0009,16.0435
2026-07-07 19:00:00,MiniMax,4,1992,1282,710,0.0048,100.0,0.0,0.0,0.0,1128.5,1248.2,1259.24,405.0,70.65,3,4,3,25.0,0.0,25.0,0.0,146,498.0,0.5538,0.0012,0.0012,20.5634
2026-07-07 19:00:00,Qwen,4,1900,990,910,0.003,50.0,50.0,25.0,25.0,2242.5,3052.8,3161.76,1521.2,102.25,3,4,3,0.0,25.0,50.0,0.0,0,475.0,0.9192,0.0008,0.0015,0.0
2026-07-07 20:00:00,DeepSeek,150,99288,69701,29587,0.1191,93.3333,6.6667,1.3333,2.0,6228.0,8147.0,9378.55,7719.1,149.0,10,27,39,2.6667,5.3333,14.0,0.0,4747,661.92,0.4245,0.0008,0.0009,16.0442
2026-07-07 20:00:00,MiniMax,5,4078,3098,980,0.0098,100.0,0.0,0.0,0.0,982.0,1681.6,1797.92,505.4,148.2,5,5,5,0.0,0.0,20.0,0.0,177,815.6,0.3163,0.002,0.002,18.0612
2026-07-07 20:00:00,Qwen,2,796,586,210,0.0013,100.0,0.0,0.0,0.0,1434.5,1506.95,1513.39,644.2,149.4,2,2,2,0.0,0.0,50.0,0.0,0,398.0,0.3584,0.0006,0.0006,0.0
2026-07-07 21:00:00,DeepSeek,195,132963,92823,40140,0.1596,96.9231,3.0769,0.0,2.0513,6203.0,8943.7,9961.38,8623.9,140.9,10,29,44,1.0256,4.6154,12.8205,0.0,6271,681.8615,0.4324,0.0008,0.0008,15.6228
2026-07-07 21:00:00,MiniMax,3,1667,861,806,0.004,100.0,0.0,0.0,0.0,1223.0,1835.9,1890.38,416.0,95.3,2,2,3,0.0,0.0,0.0,0.0,169,555.6667,0.9361,0.0013,0.0013,20.9677
2026-07-07 21:00:00,Qwen,4,2577,1908,669,0.0041,100.0,0.0,0.0,0.0,1361.5,2365.8,2496.36,660.6,57.75,3,3,4,0.0,0.0,25.0,0.0,0,644.25,0.3506,0.001,0.001,0.0
2026-07-07 22:00:00,DeepSeek,48,34988,24821,10167,0.042,97.9167,2.0833,0.0,0.0,6254.0,8060.4,8836.74,7435.5,178.15,10,23,26,0.0,2.0833,22.9167,0.0,1594,728.9167,0.4096,0.0009,0.0009,15.6782
2026-07-07 22:00:00,MiniMax,2,1764,1101,663,0.0042,100.0,0.0,0.0,0.0,1691.0,2542.4,2618.08,407.45,78.85,2,2,2,0.0,0.0,50.0,0.0,168,882.0,0.6022,0.0021,0.0021,25.3394
2026-07-07 22:00:00,Qwen,1,312,187,125,0.0005,100.0,0.0,0.0,0.0,1223.0,1223.0,1223.0,684.0,32.0,1,1,1,0.0,0.0,0.0,0.0,0,312.0,0.6684,0.0005,0.0005,0.0
2026-07-07 23:00:00,DeepSeek,46,33276,24044,9232,0.0399,93.4783,6.5217,0.0,2.1739,6170.0,8840.0,9382.15,7906.75,161.25,9,17,22,0.0,2.1739,21.7391,0.0,1562,723.3913,0.384,0.0009,0.0009,16.9194
2026-07-07 23:00:00,MiniMax,3,1836,1190,646,0.0044,100.0,0.0,0.0,0.0,1289.0,1329.5,1333.1,483.9,89.9,3,3,3,0.0,0.0,0.0,0.0,143,612.0,0.5429,0.0015,0.0015,22.1362
2026-07-08 00:00:00,DeepSeek,34,19461,13079,6382,0.0234,97.0588,2.9412,2.9412,0.0,6237.0,7771.2,8103.57,6962.3,157.05,9,17,21,2.9412,0.0,20.5882,0.0,963,572.3824,0.488,0.0007,0.0007,15.0893
2026-07-08 01:00:00,DeepSeek,28,19846,13420,6426,0.0238,96.4286,3.5714,0.0,3.5714,6444.0,9092.85,10230.1,8864.85,137.3,10,17,23,0.0,7.1429,32.1429,0.0,1020,708.7857,0.4788,0.0009,0.0009,15.873
2026-07-08 01:00:00,MiniMax,1,365,254,111,0.0009,100.0,0.0,0.0,0.0,447.0,447.0,447.0,417.0,34.0,1,1,1,0.0,0.0,0.0,0.0,26,365.0,0.437,0.0009,0.0009,23.4234
2026-07-08 02:00:00,DeepSeek,28,19344,13219,6125,0.0232,100.0,0.0,0.0,0.0,6389.5,9361.2,10533.59,8719.4,186.8,10,19,17,0.0,10.7143,17.8571,0.0,1106,690.8571,0.4633,0.0008,0.0008,18.0571
2026-07-08 02:00:00,MiniMax,1,155,89,66,0.0004,100.0,0.0,0.0,0.0,894.0,894.0,894.0,470.0,102.0,1,1,1,0.0,0.0,0.0,0.0,12,155.0,0.7416,0.0004,0.0004,18.1818
2026-07-08 03:00:00,DeepSeek,32,18119,12433,5686,0.0217,100.0,0.0,0.0,0.0,6186.5,8251.45,9370.91,7832.05,156.35,10,18,21,0.0,0.0,18.75,0.0,962,566.2188,0.4573,0.0007,0.0007,16.9187
2026-07-08 03:00:00,MiniMax,2,3483,3209,274,0.0084,100.0,0.0,0.0,0.0,977.5,1350.55,1383.71,356.9,36.0,2,2,2,0.0,0.0,0.0,0.0,64,1741.5,0.0854,0.0042,0.0042,23.3577
2026-07-08 04:00:00,DeepSeek,48,33867,24096,9771,0.0406,93.75,6.25,2.0833,0.0,6359.5,8489.85,9013.68,8171.7,154.7,10,23,27,2.0833,2.0833,16.6667,0.0,1689,705.5625,0.4055,0.0008,0.0009,17.2858
2026-07-08 04:00:00,MiniMax,4,3047,2235,812,0.0073,100.0,0.0,0.0,0.0,1217.5,1984.55,2044.91,558.5,152.7,4,4,4,25.0,0.0,0.0,0.0,154,761.75,0.3633,0.0018,0.0018,18.9655
2026-07-08 05:00:00,DeepSeek,33,22827,16660,6167,0.0274,90.9091,9.0909,0.0,0.0,6495.0,8485.4,9153.84,8455.4,138.6,10,23,22,0.0,3.0303,9.0909,0.0,905,691.7273,0.3702,0.0008,0.0009,14.6749
2026-07-08 05:00:00,MiniMax,1,728,268,460,0.0017,100.0,0.0,0.0,0.0,1812.0,1812.0,1812.0,495.0,80.0,1,1,1,0.0,0.0,100.0,0.0,115,728.0,1.7164,0.0017,0.0017,25.0
2026-07-08 05:00:00,Qwen,2,1570,1320,250,0.0025,100.0,0.0,0.0,0.0,1639.0,1968.4,1997.68,486.7,73.85,2,2,2,0.0,0.0,0.0,0.0,0,785.0,0.1894,0.0013,0.0013,0.0
2026-07-08 06:00:00,DeepSeek,134,91310,63622,27688,0.1096,94.0299,5.9701,0.7463,2.2388,6359.5,8893.6,9427.14,8303.25,165.55,10,30,38,0.0,5.2239,18.6567,0.0,4229,681.4179,0.4352,0.0008,0.0009,15.2738
2026-07-08 06:00:00,MiniMax,7,4840,3963,877,0.0116,100.0,0.0,0.0,0.0,939.0,1363.6,1382.32,543.5,142.2,7,7,7,14.2857,28.5714,28.5714,0.0,137,691.4286,0.2213,0.0017,0.0017,15.6214
2026-07-08 06:00:00,Qwen,3,2501,2033,468,0.004,100.0,0.0,0.0,0.0,1635.0,1756.5,1767.3,634.8,25.9,2,3,3,0.0,0.0,0.0,0.0,0,833.6667,0.2302,0.0013,0.0013,0.0
2026-07-08 07:00:00,DeepSeek,100,69841,50559,19282,0.0838,98.0,2.0,0.0,0.0,6160.0,8809.05,9364.31,8761.9,151.2,10,29,35,0.0,5.0,30.0,0.0,3141,698.41,0.3814,0.0008,0.0009,16.2898
2026-07-08 07:00:00,MiniMax,7,3703,2671,1032,0.0089,100.0,0.0,0.0,0.0,1201.0,1597.3,1628.26,876.8,71.7,4,5,6,0.0,0.0,28.5714,0.0,144,529.0,0.3864,0.0013,0.0013,13.9535
2026-07-08 08:00:00,DeepSeek,115,84933,60816,24117,0.1019,97.3913,2.6087,0.0,0.0,6299.0,8272.2,9560.2,7248.0,146.2,10,29,43,1.7391,6.087,22.6087,0.0,4010,738.5478,0.3966,0.0009,0.0009,16.6273
2026-07-08 08:00:00,MiniMax,5,2887,2086,801,0.0069,100.0,0.0,0.0,0.0,1066.0,1388.2,1420.84,564.4,116.0,5,5,5,0.0,0.0,20.0,0.0,175,577.4,0.384,0.0014,0.0014,21.8477
2026-07-08 08:00:00,Qwen,4,4976,4056,920,0.008,100.0,0.0,0.0,0.0,2302.5,2654.5,2684.5,896.35,101.0,4,4,4,0.0,25.0,0.0,0.0,0,1244.0,0.2268,0.002,0.002,0.0
2026-07-08 09:00:00,DeepSeek,185,136710,95314,41396,0.1641,98.3784,1.6216,1.0811,0.0,6280.0,8873.6,9908.56,8274.2,173.0,10,30,41,1.6216,3.2432,21.0811,0.0,6301,738.973,0.4343,0.0009,0.0009,15.2213
2026-07-08 09:00:00,MiniMax,11,6531,5017,1514,0.0157,100.0,0.0,0.0,0.0,918.0,1191.0,1283.0,597.0,187.0,9,11,10,0.0,0.0,18.1818,0.0,294,593.7273,0.3018,0.0014,0.0014,19.4188
2026-07-08 09:00:00,Qwen,1,401,198,203,0.0006,100.0,0.0,0.0,0.0,2210.0,2210.0,2210.0,688.0,42.0,1,1,1,0.0,0.0,0.0,0.0,0,401.0,1.0253,0.0006,0.0006,0.0
2026-07-08 10:00:00,DeepSeek,179,124341,90041,34300,0.1492,95.5307,4.4693,1.676,2.7933,6216.0,8754.3,9869.88,8379.5,166.2,10,30,43,3.352,2.2346,15.0838,0.0,5445,694.6425,0.3809,0.0008,0.0009,15.8746
2026-07-08 10:00:00,MiniMax,7,4680,3267,1413,0.0112,100.0,0.0,0.0,0.0,1280.0,1364.9,1373.78,539.7,221.4,5,5,6,0.0,0.0,14.2857,0.0,253,668.5714,0.4325,0.0016,0.0016,17.9052
2026-07-08 10:00:00,Qwen,7,5152,3932,1220,0.0082,100.0,0.0,0.0,0.0,1978.0,2965.7,3208.34,1537.1,113.8,5,5,6,0.0,0.0,14.2857,14.2857,0,736.0,0.3103,0.0012,0.0012,0.0
2026-07-08 11:00:00,DeepSeek,184,136443,98914,37529,0.1637,95.1087,4.8913,0.5435,2.7174,6358.0,8796.05,10022.7,8646.0,165.85,10,30,40,1.087,3.8043,18.4783,0.0,5882,741.538,0.3794,0.0009,0.0009,15.6732
2026-07-08 11:00:00,MiniMax,6,3845,2777,1068,0.0092,100.0,0.0,0.0,0.0,889.0,2022.75,2266.15,580.75,190.75,3,4,3,0.0,0.0,33.3333,0.0,201,640.8333,0.3846,0.0015,0.0015,18.8202
2026-07-08 11:00:00,Qwen,5,2642,1579,1063,0.0042,80.0,20.0,0.0,20.0,1827.0,2893.2,3034.64,896.6,56.8,5,5,5,0.0,20.0,0.0,0.0,0,528.4,0.6732,0.0008,0.0011,0.0
2026-07-08 12:00:00,DeepSeek,168,116781,83593,33188,0.1401,97.619,2.381,1.1905,0.5952,6300.5,9209.8,10259.84,9091.95,147.25,10,29,38,2.381,2.9762,19.6429,0.0,5238,695.125,0.397,0.0008,0.0009,15.7828
2026-07-08 12:00:00,MiniMax,8,4236,3166,1070,0.0102,100.0,0.0,0.0,0.0,996.5,1359.0,1487.8,765.2,101.85,5,6,7,0.0,12.5,25.0,0.0,186,529.5,0.338,0.0013,0.0013,17.3832
2026-07-08 12:00:00,Qwen,2,1512,972,540,0.0024,100.0,0.0,0.0,0.0,2492.0,2790.8,2817.36,958.15,199.35,2,2,2,0.0,0.0,0.0,0.0,0,756.0,0.5556,0.0012,0.0012,0.0
2026-07-08 13:00:00,DeepSeek,203,133280,91090,42190,0.1599,97.5369,2.4631,0.4926,0.9852,6302.0,8850.3,9778.64,8812.8,153.8,10,30,41,1.9704,2.9557,12.8079,0.0,6735,656.5517,0.4632,0.0008,0.0008,15.9635
2026-07-08 13:00:00,MiniMax,8,5703,3767,1936,0.0137,100.0,0.0,0.0,0.0,1439.0,1894.2,1974.84,661.95,184.8,4,6,7,0.0,0.0,25.0,0.0,329,712.875,0.5139,0.0017,0.0017,16.9938
2026-07-08 13:00:00,Qwen,7,4274,3087,1187,0.0068,100.0,0.0,0.0,0.0,1818.0,2315.6,2372.72,726.8,119.1,5,7,7,0.0,0.0,28.5714,0.0,0,610.5714,0.3845,0.001,0.001,0.0
2026-07-08 14:00:00,DeepSeek,181,123814,82071,41743,0.1486,96.6851,3.3149,0.5525,1.105,6269.0,8584.0,9929.0,8224.0,167.0,10,30,42,0.0,6.0773,22.0994,0.0,6769,684.0552,0.5086,0.0008,0.0008,16.2159
2026-07-08 14:00:00,MiniMax,7,4747,3476,1271,0.0114,100.0,0.0,0.0,0.0,1177.0,1371.8,1394.36,479.0,136.2,5,6,5,0.0,0.0,28.5714,14.2857,206,678.1429,0.3657,0.0016,0.0016,16.2077
2026-07-08 14:00:00,Qwen,3,1776,1462,314,0.0028,100.0,0.0,0.0,0.0,1509.0,1563.9,1568.78,541.9,60.8,3,3,3,0.0,0.0,0.0,0.0,0,592.0,0.2148,0.0009,0.0009,0.0
2026-07-08 15:00:00,DeepSeek,180,133721,93729,39992,0.1605,97.2222,2.7778,0.5556,2.2222,6403.0,9526.4,9901.2,9064.6,177.35,10,30,39,0.0,2.2222,14.4444,0.0,6187,742.8944,0.4267,0.0009,0.0009,15.4706
2026-07-08 15:00:00,MiniMax,6,4714,3097,1617,0.0113,100.0,0.0,0.0,0.0,1140.5,1981.25,2117.85,505.25,70.25,4,5,5,0.0,0.0,16.6667,0.0,331,785.6667,0.5221,0.0019,0.0019,20.47
2026-07-08 15:00:00,Qwen,2,1232,882,350,0.002,100.0,0.0,0.0,0.0,1899.0,2039.4,2051.88,1048.2,152.3,2,2,2,0.0,0.0,0.0,0.0,0,616.0,0.3968,0.001,0.001,0.0
2026-07-08 16:00:00,DeepSeek,172,115964,81443,34521,0.1392,95.9302,4.0698,1.1628,2.3256,6318.5,8785.35,10006.31,8360.45,141.8,10,30,45,2.3256,3.4884,19.186,0.0,5813,674.2093,0.4239,0.0008,0.0008,16.839
2026-07-08 16:00:00,MiniMax,9,7316,4786,2530,0.0176,100.0,0.0,0.0,0.0,1242.0,2347.0,2351.8,635.2,155.0,8,8,8,0.0,11.1111,44.4444,0.0,340,812.8889,0.5286,0.002,0.002,13.4387
2026-07-08 16:00:00,Qwen,3,1950,876,1074,0.0031,100.0,0.0,0.0,0.0,2761.0,2972.5,2991.3,994.5,312.2,2,3,2,0.0,0.0,33.3333,0.0,0,650.0,1.226,0.001,0.001,0.0
2026-07-08 17:00:00,DeepSeek,187,127069,90727,36342,0.1525,91.9786,8.0214,3.7433,1.6043,6248.0,8055.5,10075.76,7767.7,158.4,10,30,43,1.6043,3.7433,19.2513,0.0,6125,679.5134,0.4006,0.0008,0.0009,16.8538
2026-07-08 17:00:00,MiniMax,9,4659,2726,1933,0.0112,100.0,0.0,0.0,0.0,1336.0,1724.2,1827.24,551.8,115.4,5,7,6,0.0,0.0,11.1111,0.0,255,517.6667,0.7091,0.0012,0.0012,13.1919
2026-07-08 17:00:00,Qwen,5,3490,2571,919,0.0056,100.0,0.0,0.0,0.0,1649.0,2698.0,2796.4,921.8,145.0,5,5,5,0.0,20.0,20.0,0.0,0,698.0,0.3574,0.0011,0.0011,0.0
2026-07-08 18:00:00,DeepSeek,101,69419,47281,22138,0.0833,90.099,9.901,2.9703,4.9505,6235.0,8367.0,9392.0,8201.0,188.0,10,27,37,0.9901,6.9307,13.8614,0.0,3606,687.3168,0.4682,0.0008,0.0009,16.2887
2026-07-08 18:00:00,MiniMax,4,3273,2649,624,0.0079,100.0,0.0,0.0,0.0,1058.0,1463.2,1486.24,812.25,64.55,4,4,4,0.0,0.0,25.0,0.0,75,818.25,0.2356,0.002,0.002,12.0192
2026-07-08 18:00:00,Qwen,3,2593,1512,1081,0.0041,100.0,0.0,0.0,0.0,2617.0,2955.4,2985.48,606.3,94.9,3,3,3,0.0,33.3333,0.0,0.0,0,864.3333,0.7149,0.0014,0.0014,0.0
2026-07-08 19:00:00,DeepSeek,103,62927,43427,19500,0.0755,96.1165,3.8835,1.9417,0.9709,6248.0,9371.8,9974.9,9133.5,167.0,10,29,36,0.9709,4.8544,12.6214,0.0,3235,610.9417,0.449,0.0007,0.0008,16.5897
2026-07-08 19:00:00,MiniMax,5,2967,2209,758,0.0071,100.0,0.0,0.0,0.0,1424.0,1540.2,1554.44,466.6,170.2,4,5,5,0.0,0.0,0.0,0.0,154,593.4,0.3431,0.0014,0.0014,20.3166
2026-07-08 19:00:00,Qwen,1,416,322,94,0.0007,100.0,0.0,0.0,0.0,1346.0,1346.0,1346.0,441.0,37.0,1,1,1,0.0,0.0,0.0,0.0,0,416.0,0.2919,0.0007,0.0007,0.0
2026-07-08 20:00:00,DeepSeek,119,80457,56523,23934,0.0966,96.6387,3.3613,0.8403,0.8403,6379.0,8781.4,10324.46,8741.3,161.0,10,30,36,0.0,5.042,16.8067,0.0,3988,676.1092,0.4234,0.0008,0.0008,16.6625
2026-07-08 20:00:00,MiniMax,5,3219,2311,908,0.0077,80.0,20.0,0.0,20.0,1267.0,1806.4,1896.48,505.8,107.0,5,5,5,0.0,0.0,0.0,0.0,169,643.8,0.3929,0.0015,0.0019,18.6123
2026-07-08 20:00:00,Qwen,4,2846,2243,603,0.0046,75.0,25.0,0.0,25.0,1520.0,1911.05,1963.01,638.65,73.0,3,4,4,0.0,25.0,25.0,0.0,0,711.5,0.2688,0.0011,0.0015,0.0
2026-07-08 21:00:00,DeepSeek,107,72776,54209,18567,0.0873,96.2617,3.7383,0.0,2.8037,6246.0,7996.2,8660.86,7540.4,151.4,10,30,39,0.9346,2.8037,22.4299,0.9346,3004,680.1495,0.3425,0.0008,0.0008,16.1792
2026-07-08 21:00:00,MiniMax,5,4439,2997,1442,0.0107,100.0,0.0,0.0,0.0,1253.0,2276.2,2446.44,542.8,93.8,4,5,5,20.0,0.0,0.0,0.0,276,887.8,0.4811,0.0021,0.0021,19.1401
2026-07-08 21:00:00,Qwen,3,1608,1025,583,0.0026,66.6667,33.3333,0.0,33.3333,2212.0,2235.4,2237.48,691.9,33.2,2,3,3,0.0,0.0,0.0,0.0,0,536.0,0.5688,0.0009,0.0013,0.0
2026-07-08 22:00:00,DeepSeek,51,31956,20821,11135,0.0383,94.1176,5.8824,0.0,1.9608,6419.0,8886.0,9628.0,8351.5,125.0,10,21,20,0.0,1.9608,19.6078,0.0,1824,626.5882,0.5348,0.0008,0.0008,16.3808
2026-07-08 22:00:00,MiniMax,2,1740,1462,278,0.0042,100.0,0.0,0.0,0.0,906.5,1106.75,1124.55,392.05,60.45,2,2,2,0.0,0.0,50.0,0.0,57,870.0,0.1902,0.0021,0.0021,20.5036
2026-07-08 23:00:00,DeepSeek,42,26321,19225,7096,0.0316,95.2381,4.7619,2.381,0.0,6158.5,8583.75,9590.18,8552.75,140.0,10,22,23,4.7619,4.7619,14.2857,0.0,1151,626.6905,0.3691,0.0008,0.0008,16.2204
2026-07-08 23:00:00,MiniMax,3,2296,1774,522,0.0055,100.0,0.0,0.0,0.0,1304.0,1462.4,1476.48,535.4,192.6,2,3,3,0.0,0.0,0.0,0.0,85,765.3333,0.2943,0.0018,0.0018,16.2835
2026-07-08 23:00:00,Qwen,3,1296,806,490,0.0021,100.0,0.0,0.0,0.0,1578.0,2065.8,2109.16,670.1,103.0,2,3,2,0.0,0.0,33.3333,0.0,0,432.0,0.6079,0.0007,0.0007,0.0
2026-07-09 00:00:00,DeepSeek,25,15389,10562,4827,0.0185,96.0,4.0,0.0,0.0,6178.0,8704.6,10536.0,8421.8,176.6,8,14,17,4.0,0.0,8.0,0.0,814,615.56,0.457,0.0007,0.0008,16.8635
2026-07-09 00:00:00,MiniMax,1,398,302,96,0.001,100.0,0.0,0.0,0.0,788.0,788.0,788.0,347.0,19.0,1,1,1,0.0,0.0,0.0,0.0,8,398.0,0.3179,0.001,0.001,8.3333
2026-07-09 01:00:00,DeepSeek,28,21963,15574,6389,0.0264,100.0,0.0,0.0,0.0,6517.0,9342.45,9477.72,9241.6,153.2,10,19,16,0.0,3.5714,14.2857,0.0,986,784.3929,0.4102,0.0009,0.0009,15.4328
2026-07-09 01:00:00,MiniMax,1,894,735,159,0.0021,100.0,0.0,0.0,0.0,723.0,723.0,723.0,437.0,3.0,1,1,1,0.0,0.0,0.0,0.0,18,894.0,0.2163,0.0021,0.0021,11.3208
2026-07-09 02:00:00,DeepSeek,21,14934,10296,4638,0.0179,95.2381,4.7619,0.0,4.7619,6183.0,8147.0,9321.4,7337.0,115.0,8,16,15,4.7619,4.7619,19.0476,0.0,797,711.1429,0.4505,0.0009,0.0009,17.1841
2026-07-09 02:00:00,Qwen,1,773,432,341,0.0012,100.0,0.0,0.0,0.0,2644.0,2644.0,2644.0,491.0,104.0,1,1,1,0.0,0.0,0.0,0.0,0,773.0,0.7894,0.0012,0.0012,0.0
2026-07-09 03:00:00,DeepSeek,26,16411,11725,4686,0.0197,92.3077,7.6923,0.0,3.8462,6283.0,7783.0,9483.5,7297.75,137.0,10,16,18,3.8462,0.0,19.2308,0.0,787,631.1923,0.3997,0.0008,0.0008,16.7947
2026-07-09 03:00:00,MiniMax,1,405,269,136,0.001,100.0,0.0,0.0,0.0,803.0,803.0,803.0,425.0,17.0,1,1,1,0.0,0.0,0.0,0.0,26,405.0,0.5056,0.001,0.001,19.1176
2026-07-09 03:00:00,Qwen,1,1242,1135,107,0.002,100.0,0.0,0.0,0.0,1147.0,1147.0,1147.0,531.0,42.0,1,1,1,0.0,0.0,0.0,0.0,0,1242.0,0.0943,0.002,0.002,0.0
2026-07-09 04:00:00,DeepSeek,22,13936,10559,3377,0.0167,95.4545,4.5455,0.0,4.5455,6237.5,8655.55,9075.64,8625.55,193.25,8,16,15,0.0,0.0,22.7273,0.0,468,633.4545,0.3198,0.0008,0.0008,13.8585
2026-07-09 04:00:00,Qwen,2,1126,635,491,0.0018,100.0,0.0,0.0,0.0,2526.5,3202.85,3262.97,841.05,230.75,2,2,2,0.0,50.0,0.0,0.0,0,563.0,0.7732,0.0009,0.0009,0.0
2026-07-09 05:00:00,DeepSeek,33,22066,15736,6330,0.0265,100.0,0.0,0.0,0.0,6386.0,7681.2,8793.2,6963.4,149.6,10,18,20,0.0,3.0303,21.2121,0.0,1137,668.6667,0.4023,0.0008,0.0008,17.9621
2026-07-09 05:00:00,MiniMax,1,590,527,63,0.0014,100.0,0.0,0.0,0.0,1057.0,1057.0,1057.0,546.0,122.0,1,1,1,0.0,0.0,0.0,0.0,8,590.0,0.1195,0.0014,0.0014,12.6984
2026-07-09 05:00:00,Qwen,2,2027,1626,401,0.0032,50.0,50.0,0.0,50.0,1227.5,1351.25,1362.25,495.3,37.9,2,2,2,0.0,100.0,50.0,0.0,0,1013.5,0.2466,0.0016,0.0032,0.0
2026-07-09 06:00:00,DeepSeek,65,44178,29938,14240,0.053,98.4615,1.5385,0.0,0.0,6342.0,7482.0,8888.0,7113.4,130.0,10,30,29,1.5385,1.5385,18.4615,0.0,2408,679.6615,0.4756,0.0008,0.0008,16.9101
2026-07-09 06:00:00,MiniMax,3,1524,833,691,0.0037,100.0,0.0,0.0,0.0,1057.0,1700.5,1757.7,472.2,96.2,2,3,3,0.0,0.0,0.0,0.0,97,508.0,0.8295,0.0012,0.0012,14.0376
2026-07-09 06:00:00,Qwen,2,623,395,228,0.001,100.0,0.0,0.0,0.0,1412.5,1610.05,1627.61,600.1,78.8,1,1,1,0.0,0.0,100.0,0.0,0,311.5,0.5772,0.0005,0.0005,0.0
2026-07-09 07:00:00,DeepSeek,66,45038,31376,13662,0.054,98.4848,1.5152,0.0,1.5152,6307.5,8339.25,9507.4,7867.75,196.0,9,24,23,0.0,9.0909,15.1515,0.0,2260,682.3939,0.4354,0.0008,0.0008,16.5422
2026-07-09 07:00:00,MiniMax,5,4748,3473,1275,0.0114,100.0,0.0,0.0,0.0,1252.0,1585.2,1630.64,488.4,129.4,3,3,4,0.0,0.0,0.0,0.0,215,949.6,0.3671,0.0023,0.0023,16.8627
2026-07-09 07:00:00,Qwen,2,2264,1811,453,0.0036,100.0,0.0,0.0,0.0,1693.5,2046.75,2078.15,548.3,107.95,2,2,2,0.0,0.0,0.0,0.0,0,1132.0,0.2501,0.0018,0.0018,0.0
2026-07-09 08:00:00,DeepSeek,58,34804,23885,10919,0.0418,94.8276,5.1724,1.7241,1.7241,6254.0,8020.3,8959.48,7407.75,186.7,9,25,25,1.7241,5.1724,20.6897,0.0,1770,600.069,0.4571,0.0007,0.0008,16.2103
2026-07-09 08:00:00,MiniMax,3,1724,1100,624,0.0041,100.0,0.0,0.0,0.0,1314.0,1390.5,1397.3,451.8,78.0,3,3,3,0.0,0.0,33.3333,0.0,86,574.6667,0.5673,0.0014,0.0014,13.7821
2026-07-09 08:00:00,Qwen,1,509,296,213,0.0008,100.0,0.0,0.0,0.0,1461.0,1461.0,1461.0,563.0,73.0,1,1,1,0.0,0.0,0.0,0.0,0,509.0,0.7196,0.0008,0.0008,0.0
2026-07-09 09:00:00,DeepSeek,116,77884,55519,22365,0.0935,97.4138,2.5862,0.8621,1.7241,6288.0,8646.5,9575.0,8266.75,161.25,10,28,38,0.0,3.4483,16.3793,0.0,3696,671.4138,0.4028,0.0008,0.0008,16.5258
2026-07-09 09:00:00,MiniMax,8,6773,4957,1816,0.0163,100.0,0.0,0.0,0.0,996.0,1416.75,1493.75,454.75,70.5,5,7,7,0.0,0.0,12.5,0.0,310,846.625,0.3664,0.002,0.002,17.0705
2026-07-09 09:00:00,Qwen,2,1477,1179,298,0.0024,100.0,0.0,0.0,0.0,2397.0,2789.4,2824.28,1671.9,122.6,2,2,2,0.0,0.0,50.0,0.0,0,738.5,0.2528,0.0012,0.0012,0.0
2026-07-09 10:00:00,DeepSeek,134,93331,68390,24941,0.112,97.7612,2.2388,1.4925,0.0,6219.0,7919.3,9609.76,7435.05,163.7,10,28,41,1.4925,3.7313,14.9254,0.0,4116,696.5,0.3647,0.0008,0.0009,16.5029
2026-07-09 10:00:00,MiniMax,5,3043,2383,660,0.0073,100.0,0.0,0.0,0.0,903.0,1054.8,1054.96,582.8,132.4,4,5,4,0.0,0.0,0.0,0.0,135,608.6,0.277,0.0015,0.0015,20.4545
2026-07-09 10:00:00,Qwen,4,2593,1942,651,0.0041,100.0,0.0,0.0,0.0,1587.0,2372.7,2452.14,711.25,169.3,4,4,4,0.0,0.0,0.0,0.0,0,648.25,0.3352,0.001,0.001,0.0
2026-07-09 11:00:00,DeepSeek,134,87781,58207,29574,0.1053,99.2537,0.7463,0.0,0.7463,6359.0,7637.4,9764.74,7193.1,183.55,10,30,35,0.7463,3.7313,19.403,0.0,4820,655.0821,0.5081,0.0008,0.0008,16.2981
2026-07-09 11:00:00,MiniMax,5,3071,1943,1128,0.0074,100.0,0.0,0.0,0.0,1294.0,1575.4,1583.88,511.0,72.2,4,5,5,0.0,0.0,0.0,0.0,162,614.2,0.5805,0.0015,0.0015,14.3617
2026-07-09 11:00:00,Qwen,4,3486,2926,560,0.0056,100.0,0.0,0.0,0.0,1803.5,2110.75,2114.95,771.35,122.55,3,3,4,0.0,0.0,25.0,0.0,0,871.5,0.1914,0.0014,0.0014,0.0
2026-07-09 12:00:00,DeepSeek,118,81054,58060,22994,0.0973,97.4576,2.5424,0.8475,0.0,6259.0,8165.0,10029.88,7427.9,181.15,10,25,33,0.8475,2.5424,18.6441,0.0,3910,686.8983,0.396,0.0008,0.0008,17.0044
2026-07-09 12:00:00,MiniMax,5,3603,2587,1016,0.0086,80.0,20.0,20.0,0.0,1259.0,1965.8,2060.36,910.2,222.8,5,5,5,0.0,0.0,40.0,0.0,180,720.6,0.3927,0.0017,0.0022,17.7165
2026-07-09 12:00:00,Qwen,4,3446,2707,739,0.0055,75.0,25.0,0.0,0.0,1512.0,2026.0,2093.2,697.05,176.25,4,4,4,0.0,25.0,0.0,0.0,0,861.5,0.273,0.0014,0.0018,0.0
2026-07-09 13:00:00,DeepSeek,139,94010,64899,29111,0.1128,94.964,5.036,1.4388,0.7194,6313.0,8449.2,9847.8,7264.6,152.1,10,29,38,0.7194,4.3165,20.8633,0.0,4709,676.3309,0.4486,0.0008,0.0009,16.176
2026-07-09 13:00:00,MiniMax,2,839,671,168,0.002,100.0,0.0,0.0,0.0,769.0,778.0,778.8,468.4,104.7,2,2,2,0.0,0.0,0.0,0.0,32,419.5,0.2504,0.001,0.001,19.0476
2026-07-09 13:00:00,Qwen,3,2354,1854,500,0.0038,100.0,0.0,0.0,0.0,1153.0,2318.5,2422.1,613.4,108.0,3,3,3,0.0,0.0,0.0,0.0,0,784.6667,0.2697,0.0013,0.0013,0.0
2026-07-09 14:00:00,DeepSeek,119,77893,52003,25890,0.0935,93.2773,6.7227,1.6807,2.521,6325.0,8938.4,9972.84,7741.2,162.5,10,28,38,0.8403,5.8824,17.6471,0.0,4453,654.563,0.4979,0.0008,0.0008,17.1997
2026-07-09 14:00:00,MiniMax,4,3251,1960,1291,0.0078,75.0,25.0,0.0,0.0,1385.5,2145.15,2226.63,497.55,123.45,4,4,4,0.0,0.0,25.0,0.0,273,812.75,0.6587,0.002,0.0026,21.1464
2026-07-09 14:00:00,Qwen,4,2234,1360,874,0.0036,100.0,0.0,0.0,0.0,1608.5,2874.0,3015.6,613.95,83.9,3,4,3,25.0,0.0,0.0,0.0,0,558.5,0.6426,0.0009,0.0009,0.0
2026-07-09 15:00:00,DeepSeek,109,69189,47811,21378,0.083,98.1651,1.8349,1.8349,0.0,6410.0,9423.2,9946.28,9108.6,149.4,10,27,38,2.7523,5.5046,17.4312,0.0,3366,634.7615,0.4471,0.0008,0.0008,15.7452
2026-07-09 15:00:00,MiniMax,4,3551,2970,581,0.0085,100.0,0.0,0.0,0.0,973.0,1111.85,1121.57,407.7,77.8,4,4,4,0.0,0.0,25.0,0.0,127,887.75,0.1956,0.0021,0.0021,21.8589
2026-07-09 15:00:00,Qwen,7,4040,2516,1524,0.0065,100.0,0.0,0.0,0.0,2028.0,2844.0,2865.6,780.6,77.9,5,7,7,0.0,0.0,14.2857,0.0,0,577.1429,0.6057,0.0009,0.0009,0.0
2026-07-09 16:00:00,DeepSeek,138,92613,64619,27994,0.1111,97.8261,2.1739,0.0,1.4493,6325.5,8927.25,10301.71,8608.85,166.0,10,28,38,1.4493,6.5217,17.3913,1.4493,4573,671.1087,0.4332,0.0008,0.0008,16.3356
2026-07-09 16:00:00,MiniMax,7,4027,2962,1065,0.0097,100.0,0.0,0.0,0.0,791.0,1745.2,2065.84,588.1,101.7,4,6,6,0.0,0.0,14.2857,0.0,174,575.2857,0.3596,0.0014,0.0014,16.338
2026-07-09 16:00:00,Qwen,6,3824,2165,1659,0.0061,100.0,0.0,0.0,0.0,1918.0,2779.75,2808.75,651.25,92.0,5,5,5,0.0,16.6667,16.6667,0.0,0,637.3333,0.7663,0.001,0.001,0.0
2026-07-09 17:00:00,DeepSeek,106,76424,54565,21859,0.0917,96.2264,3.7736,0.9434,1.8868,6349.5,8911.5,10032.9,8305.25,178.75,10,27,32,3.7736,1.8868,20.7547,0.0,3496,720.9811,0.4006,0.0009,0.0009,15.9934
2026-07-09 17:00:00,MiniMax,4,2222,1545,677,0.0053,100.0,0.0,0.0,0.0,940.0,1245.5,1285.1,580.1,159.3,4,4,4,25.0,0.0,0.0,0.0,104,555.5,0.4382,0.0013,0.0013,15.3619
2026-07-09 17:00:00,Qwen,1,322,131,191,0.0005,100.0,0.0,0.0,0.0,2282.0,2282.0,2282.0,513.0,63.0,1,1,1,0.0,0.0,0.0,0.0,0,322.0,1.458,0.0005,0.0005,0.0
2026-07-09 18:00:00,DeepSeek,80,53092,36211,16881,0.0637,93.75,6.25,1.25,2.5,6321.5,8180.6,8954.41,7380.5,145.75,10,26,32,1.25,3.75,15.0,0.0,2552,663.65,0.4662,0.0008,0.0008,15.1176
2026-07-09 18:00:00,MiniMax,3,1533,864,669,0.0037,100.0,0.0,0.0,0.0,1334.0,1425.8,1433.96,546.5,179.1,3,3,3,0.0,0.0,0.0,0.0,85,511.0,0.7743,0.0012,0.0012,12.7055
2026-07-09 18:00:00,Qwen,1,319,180,139,0.0005,100.0,0.0,0.0,0.0,1230.0,1230.0,1230.0,635.0,34.0,1,1,1,0.0,0.0,0.0,0.0,0,319.0,0.7722,0.0005,0.0005,0.0
2026-07-09 19:00:00,DeepSeek,81,51871,34861,17010,0.0622,96.2963,3.7037,1.2346,1.2346,6202.0,9600.0,10559.2,8982.0,185.0,10,25,26,1.2346,4.9383,18.5185,0.0,2544,640.3827,0.4879,0.0008,0.0008,14.9559
2026-07-09 19:00:00,MiniMax,5,2986,2195,791,0.0072,100.0,0.0,0.0,0.0,976.0,1013.0,1015.4,558.2,126.4,3,4,4,0.0,0.0,20.0,0.0,171,597.2,0.3604,0.0014,0.0014,21.6182
2026-07-09 20:00:00,DeepSeek,71,47811,34175,13636,0.0574,95.7746,4.2254,0.0,2.8169,6205.0,8528.0,10174.0,7529.5,159.5,10,24,26,1.4085,5.6338,25.3521,0.0,2296,673.3944,0.399,0.0008,0.0008,16.8378
2026-07-09 20:00:00,MiniMax,6,4551,3472,1079,0.0109,100.0,0.0,0.0,0.0,1109.0,1682.25,1730.85,533.75,83.0,5,6,5,0.0,0.0,0.0,0.0,169,758.5,0.3108,0.0018,0.0018,15.6627
2026-07-09 20:00:00,Qwen,3,1872,931,941,0.003,100.0,0.0,0.0,0.0,1828.0,3201.4,3323.48,618.9,107.0,1,2,3,0.0,0.0,33.3333,0.0,0,624.0,1.0107,0.001,0.001,0.0
2026-07-09 21:00:00,DeepSeek,78,54374,38888,15486,0.0652,94.8718,5.1282,0.0,3.8462,6226.0,8071.45,9584.43,7068.6,152.95,10,28,31,0.0,7.6923,11.5385,0.0,2235,697.1026,0.3982,0.0008,0.0009,14.4324
2026-07-09 21:00:00,MiniMax,1,471,248,223,0.0011,100.0,0.0,0.0,0.0,1053.0,1053.0,1053.0,374.0,46.0,1,1,1,0.0,0.0,0.0,0.0,58,471.0,0.8992,0.0011,0.0011,26.009
2026-07-09 21:00:00,Qwen,1,332,175,157,0.0005,100.0,0.0,0.0,0.0,2005.0,2005.0,2005.0,651.0,168.0,1,1,1,0.0,0.0,100.0,0.0,0,332.0,0.8971,0.0005,0.0005,0.0
2026-07-09 22:00:00,DeepSeek,35,22441,15153,7288,0.0269,88.5714,11.4286,2.8571,2.8571,6233.0,7736.0,8543.08,6949.8,164.8,9,18,21,2.8571,0.0,17.1429,0.0,1221,641.1714,0.481,0.0008,0.0009,16.7536
2026-07-09 22:00:00,MiniMax,1,600,524,76,0.0014,100.0,0.0,0.0,0.0,854.0,854.0,854.0,561.0,71.0,1,1,1,0.0,0.0,0.0,0.0,21,600.0,0.145,0.0014,0.0014,27.6316
2026-07-09 23:00:00,DeepSeek,36,27366,18162,9204,0.0328,100.0,0.0,0.0,0.0,6395.5,9279.75,10073.05,8745.0,185.75,9,20,19,0.0,2.7778,19.4444,0.0,1623,760.1667,0.5068,0.0009,0.0009,17.6336
2026-07-09 23:00:00,MiniMax,2,1814,1435,379,0.0044,50.0,50.0,50.0,0.0,1113.5,1203.05,1211.01,494.3,136.35,2,2,2,0.0,50.0,0.0,0.0,66,907.0,0.2641,0.0022,0.0044,17.4142
2026-07-10 00:00:00,DeepSeek,26,17703,11960,5743,0.0212,88.4615,11.5385,0.0,3.8462,6367.0,7985.5,8190.5,6892.5,190.0,7,15,14,0.0,7.6923,19.2308,0.0,890,680.8846,0.4802,0.0008,0.0009,15.4971
2026-07-10 00:00:00,MiniMax,2,1435,1151,284,0.0034,100.0,0.0,0.0,0.0,1028.0,1076.6,1080.92,885.8,82.85,2,2,2,0.0,0.0,0.0,0.0,53,717.5,0.2467,0.0017,0.0017,18.662
2026-07-10 00:00:00,Qwen,1,717,327,390,0.0011,100.0,0.0,0.0,0.0,2785.0,2785.0,2785.0,736.0,33.0,1,1,1,0.0,0.0,0.0,0.0,0,717.0,1.1927,0.0011,0.0011,0.0
2026-07-10 01:00:00,DeepSeek,36,26941,19372,7569,0.0323,94.4444,5.5556,0.0,2.7778,6438.0,9070.25,9707.7,8917.25,145.0,10,22,23,2.7778,8.3333,5.5556,0.0,1089,748.3611,0.3907,0.0009,0.001,14.3876
2026-07-10 01:00:00,MiniMax,1,285,58,227,0.0007,100.0,0.0,0.0,0.0,1008.0,1008.0,1008.0,399.0,120.0,1,1,1,0.0,0.0,0.0,0.0,57,285.0,3.9138,0.0007,0.0007,25.1101
2026-07-10 02:00:00,DeepSeek,24,16999,11095,5904,0.0204,100.0,0.0,0.0,0.0,6584.0,9370.8,10179.02,8703.35,135.2,8,14,17,0.0,4.1667,12.5,0.0,911,708.2917,0.5321,0.0008,0.0008,15.4302
2026-07-10 02:00:00,MiniMax,1,507,401,106,0.0012,100.0,0.0,0.0,0.0,781.0,781.0,781.0,419.0,62.0,1,1,1,0.0,0.0,0.0,0.0,22,507.0,0.2643,0.0012,0.0012,20.7547
2026-07-10 03:00:00,DeepSeek,26,17071,12233,4838,0.0205,88.4615,11.5385,0.0,11.5385,6177.0,8156.25,9303.25,7330.25,120.75,10,18,17,0.0,3.8462,3.8462,0.0,789,656.5769,0.3955,0.0008,0.0009,16.3084
2026-07-10 03:00:00,MiniMax,1,527,318,209,0.0013,100.0,0.0,0.0,0.0,1469.0,1469.0,1469.0,557.0,98.0,1,1,1,0.0,0.0,0.0,0.0,34,527.0,0.6572,0.0013,0.0013,16.2679
2026-07-10 03:00:00,Qwen,1,899,418,481,0.0014,100.0,0.0,0.0,0.0,4631.0,4631.0,4631.0,1452.0,32.0,1,1,1,0.0,0.0,0.0,0.0,0,899.0,1.1507,0.0014,0.0014,0.0
2026-07-10 04:00:00,DeepSeek,32,23128,16549,6579,0.0278,96.875,3.125,0.0,3.125,6283.0,7585.35,9197.34,6578.7,169.55,9,17,20,0.0,0.0,37.5,0.0,1067,722.75,0.3975,0.0009,0.0009,16.2183
2026-07-10 04:00:00,MiniMax,3,1608,1106,502,0.0039,100.0,0.0,0.0,0.0,1046.0,1307.0,1330.2,559.6,134.5,3,3,3,0.0,0.0,66.6667,0.0,75,536.0,0.4539,0.0013,0.0013,14.9402
2026-07-10 04:00:00,Qwen,1,338,268,70,0.0005,100.0,0.0,0.0,0.0,1121.0,1121.0,1121.0,600.0,36.0,1,1,1,0.0,0.0,0.0,0.0,0,338.0,0.2612,0.0005,0.0005,0.0
2026-07-10 05:00:00,DeepSeek,30,20739,14642,6097,0.0249,100.0,0.0,0.0,0.0,6328.5,8203.5,10025.84,7122.55,121.5,8,16,16,0.0,0.0,20.0,0.0,909,691.3,0.4164,0.0008,0.0008,14.909
2026-07-10 05:00:00,Qwen,1,577,372,205,0.0009,100.0,0.0,0.0,0.0,2091.0,2091.0,2091.0,650.0,141.0,1,1,1,0.0,0.0,0.0,0.0,0,577.0,0.5511,0.0009,0.0009,0.0
2026-07-10 06:00:00,DeepSeek,69,42688,28880,13808,0.0512,94.2029,5.7971,0.0,4.3478,6340.0,8698.8,9334.88,8223.8,148.8,10,25,27,1.4493,1.4493,24.6377,0.0,2258,618.6667,0.4781,0.0007,0.0008,16.3528
2026-07-10 06:00:00,MiniMax,2,3276,2419,857,0.0079,100.0,0.0,0.0,0.0,1615.5,2361.15,2427.43,395.85,40.7,2,2,2,0.0,0.0,0.0,0.0,209,1638.0,0.3543,0.0039,0.0039,24.3874
2026-07-10 06:00:00,Qwen,1,501,400,101,0.0008,100.0,0.0,0.0,0.0,1185.0,1185.0,1185.0,571.0,30.0,1,1,1,0.0,0.0,100.0,0.0,0,501.0,0.2525,0.0008,0.0008,0.0
2026-07-10 07:00:00,DeepSeek,75,55268,39606,15662,0.0663,100.0,0.0,0.0,0.0,6353.0,8503.2,9525.54,7854.9,137.6,10,27,29,0.0,2.6667,21.3333,0.0,2689,736.9067,0.3954,0.0009,0.0009,17.1689
2026-07-10 07:00:00,MiniMax,3,1688,1295,393,0.0041,100.0,0.0,0.0,0.0,805.0,1104.7,1131.34,608.3,152.3,3,3,3,33.3333,0.0,33.3333,0.0,65,562.6667,0.3035,0.0014,0.0014,16.5394
2026-07-10 07:00:00,Qwen,4,2954,2188,766,0.0047,75.0,25.0,0.0,0.0,1833.5,2118.05,2122.01,808.15,145.65,3,3,3,0.0,0.0,0.0,0.0,0,738.5,0.3501,0.0012,0.0016,0.0
2026-07-10 08:00:00,DeepSeek,74,49743,34027,15716,0.0597,94.5946,5.4054,0.0,1.3514,6420.5,9447.1,10128.7,8881.7,214.05,10,24,28,4.0541,2.7027,18.9189,0.0,2358,672.2027,0.4619,0.0008,0.0009,15.0038
2026-07-10 08:00:00,MiniMax,7,5786,4201,1585,0.0139,85.7143,14.2857,0.0,0.0,1112.0,2291.9,2624.78,490.0,54.4,6,7,7,0.0,14.2857,14.2857,0.0,274,826.5714,0.3773,0.002,0.0023,17.2871
2026-07-10 08:00:00,Qwen,1,316,218,98,0.0005,100.0,0.0,0.0,0.0,1007.0,1007.0,1007.0,561.0,16.0,1,1,1,0.0,0.0,0.0,0.0,0,316.0,0.4495,0.0005,0.0005,0.0
2026-07-10 09:00:00,DeepSeek,118,84193,59269,24924,0.101,94.0678,5.9322,2.5424,0.8475,6434.0,8869.55,10062.64,8686.8,150.45,10,27,38,1.6949,4.2373,17.7966,0.0,4247,713.5,0.4205,0.0009,0.0009,17.0398
2026-07-10 09:00:00,MiniMax,4,3589,2307,1282,0.0086,100.0,0.0,0.0,0.0,1421.0,2274.2,2330.84,457.85,156.0,4,4,4,0.0,50.0,0.0,0.0,286,897.25,0.5557,0.0022,0.0022,22.3089
2026-07-10 09:00:00,Qwen,3,1423,1016,407,0.0023,100.0,0.0,0.0,0.0,1842.0,2056.2,2075.24,626.1,59.3,2,3,2,0.0,0.0,0.0,0.0,0,474.3333,0.4006,0.0008,0.0008,0.0
2026-07-10 10:00:00,DeepSeek,102,68158,47644,20514,0.0818,94.1176,5.8824,0.9804,1.9608,6330.5,8930.75,9899.25,8702.05,156.95,10,28,35,0.9804,2.9412,18.6275,0.0,3721,668.2157,0.4306,0.0008,0.0009,18.1388
2026-07-10 10:00:00,MiniMax,7,4083,2787,1296,0.0098,100.0,0.0,0.0,0.0,1147.0,1491.1,1499.02,557.8,181.7,6,7,7,0.0,14.2857,14.2857,0.0,218,583.2857,0.465,0.0014,0.0014,16.821
2026-07-10 10:00:00,Qwen,3,3017,2446,571,0.0048,100.0,0.0,0.0,0.0,1850.0,3050.6,3157.32,727.8,106.4,3,3,3,0.0,0.0,0.0,0.0,0,1005.6667,0.2334,0.0016,0.0016,0.0
2026-07-10 11:00:00,DeepSeek,156,101169,68481,32688,0.1214,94.2308,5.7692,0.0,1.9231,6382.5,9496.25,10194.7,8923.75,167.75,10,29,38,0.641,3.2051,19.8718,0.0,5394,648.5192,0.4773,0.0008,0.0008,16.5015
2026-07-10 11:00:00,MiniMax,5,3116,1972,1144,0.0075,100.0,0.0,0.0,0.0,1106.0,2186.0,2340.4,539.6,142.8,4,4,5,0.0,0.0,0.0,0.0,125,623.2,0.5801,0.0015,0.0015,10.9266
2026-07-10 11:00:00,Qwen,6,3518,2280,1238,0.0056,83.3333,16.6667,16.6667,0.0,1723.0,2039.25,2099.85,574.5,74.0,5,6,6,0.0,16.6667,50.0,0.0,0,586.3333,0.543,0.0009,0.0011,0.0
2026-07-10 12:00:00,DeepSeek,114,81716,59828,21888,0.0981,95.614,4.386,0.8772,1.7544,6304.0,8737.45,10015.25,7906.15,142.15,10,27,31,1.7544,2.6316,14.0351,0.0,3343,716.807,0.3658,0.0009,0.0009,15.2732
2026-07-10 12:00:00,MiniMax,3,1007,461,546,0.0024,100.0,0.0,0.0,0.0,1306.0,1489.6,1505.92,364.2,62.0,1,2,2,0.0,0.0,66.6667,0.0,82,335.6667,1.1844,0.0008,0.0008,15.0183
2026-07-10 12:00:00,Qwen,2,1741,1132,609,0.0028,100.0,0.0,0.0,0.0,2946.5,3389.75,3429.15,793.2,82.9,1,2,1,0.0,0.0,0.0,0.0,0,870.5,0.538,0.0014,0.0014,0.0
2026-07-10 13:00:00,DeepSeek,129,88397,60013,28384,0.1061,95.3488,4.6512,0.7752,3.1008,6374.0,9386.0,9813.0,9148.0,172.2,10,29,38,1.5504,3.876,12.4031,0.0,4857,685.2481,0.473,0.0008,0.0009,17.1118
2026-07-10 13:00:00,MiniMax,7,4700,3181,1519,0.0113,85.7143,14.2857,0.0,14.2857,952.0,1990.2,2082.84,553.1,145.8,5,6,6,0.0,0.0,14.2857,0.0,199,671.4286,0.4775,0.0016,0.0019,13.1007
2026-07-10 14:00:00,DeepSeek,130,92097,66947,25150,0.1105,92.3077,7.6923,3.0769,2.3077,6323.5,8499.9,10587.34,8335.8,156.4,10,28,38,0.7692,1.5385,16.1538,0.0,4124,708.4385,0.3757,0.0009,0.0009,16.3976
2026-07-10 14:00:00,MiniMax,7,7326,5710,1616,0.0176,100.0,0.0,0.0,0.0,1157.0,2301.7,2436.34,466.1,189.1,5,7,6,0.0,0.0,28.5714,0.0,214,1046.5714,0.283,0.0025,0.0025,13.2426
2026-07-10 14:00:00,Qwen,5,3040,2311,729,0.0049,100.0,0.0,0.0,0.0,1355.0,2845.8,2876.36,880.4,137.0,3,5,4,0.0,0.0,20.0,0.0,0,608.0,0.3154,0.001,0.001,0.0
2026-07-10 15:00:00,DeepSeek,114,76289,53209,23080,0.0915,95.614,4.386,1.7544,0.0,6297.5,9483.4,9984.02,8984.1,125.35,10,29,35,0.8772,3.5088,23.6842,0.0,3709,669.2018,0.4338,0.0008,0.0008,16.0702
2026-07-10 15:00:00,MiniMax,6,3190,1927,1263,0.0077,100.0,0.0,0.0,0.0,1054.0,1365.0,1401.0,555.0,101.5,5,6,6,0.0,0.0,33.3333,0.0,186,531.6667,0.6554,0.0013,0.0013,14.7268
2026-07-10 15:00:00,Qwen,3,1712,1353,359,0.0027,66.6667,33.3333,33.3333,0.0,1242.0,1872.9,1928.98,753.2,92.1,3,3,3,0.0,33.3333,0.0,0.0,0,570.6667,0.2653,0.0009,0.0014,0.0
2026-07-10 16:00:00,DeepSeek,127,87411,62941,24470,0.1049,97.6378,2.3622,0.0,2.3622,6368.0,9223.0,9877.46,8744.2,156.0,10,29,35,0.0,3.937,18.1102,0.0,3994,688.2756,0.3888,0.0008,0.0008,16.322
2026-07-10 16:00:00,MiniMax,8,6402,4645,1757,0.0154,100.0,0.0,0.0,0.0,1236.5,1779.85,1877.57,832.75,93.65,6,8,7,0.0,0.0,37.5,0.0,332,800.25,0.3783,0.0019,0.0019,18.8958
2026-07-10 16:00:00,Qwen,2,3034,2767,267,0.0049,100.0,0.0,0.0,0.0,1684.5,2386.95,2449.39,734.85,166.75,2,2,2,0.0,0.0,0.0,0.0,0,1517.0,0.0965,0.0024,0.0024,0.0
2026-07-10 17:00:00,DeepSeek,129,86951,58456,28495,0.1043,95.3488,4.6512,2.3256,1.5504,6429.0,9685.0,10819.68,8794.0,153.6,10,29,40,0.7752,4.6512,19.3798,0.0,4615,674.0388,0.4875,0.0008,0.0008,16.1958
2026-07-10 17:00:00,MiniMax,3,1419,950,469,0.0034,100.0,0.0,0.0,0.0,715.0,1094.8,1128.56,461.4,87.0,3,3,3,0.0,0.0,33.3333,0.0,57,473.0,0.4937,0.0011,0.0011,12.1535
2026-07-10 17:00:00,Qwen,3,2546,1880,666,0.0041,66.6667,33.3333,0.0,33.3333,2634.0,2958.0,2986.8,1495.1,226.8,2,3,3,0.0,0.0,33.3333,0.0,0,848.6667,0.3543,0.0014,0.002,0.0
2026-07-10 18:00:00,DeepSeek,76,50548,34405,16143,0.0607,90.7895,9.2105,0.0,3.9474,6395.0,7828.75,9480.25,7486.0,179.0,10,23,30,1.3158,5.2632,19.7368,0.0,2547,665.1053,0.4692,0.0008,0.0009,15.7777
2026-07-10 18:00:00,MiniMax,6,3254,1671,1583,0.0078,100.0,0.0,0.0,0.0,1393.5,2121.75,2273.15,538.5,154.25,3,4,6,0.0,0.0,33.3333,0.0,175,542.3333,0.9473,0.0013,0.0013,11.055
2026-07-10 18:00:00,Qwen,1,473,275,198,0.0008,100.0,0.0,0.0,0.0,3136.0,3136.0,3136.0,1877.0,30.0,1,1,1,0.0,0.0,0.0,0.0,0,473.0,0.72,0.0008,0.0008,0.0
2026-07-10 19:00:00,DeepSeek,75,46112,30356,15756,0.0553,97.3333,2.6667,0.0,2.6667,6516.0,8924.9,9764.56,8604.5,181.8,10,23,29,0.0,1.3333,17.3333,0.0,2607,614.8267,0.519,0.0007,0.0008,16.5461
2026-07-10 19:00:00,MiniMax,3,2528,1989,539,0.0061,100.0,0.0,0.0,0.0,1128.0,1152.3,1154.46,528.0,228.4,3,3,3,0.0,0.0,0.0,0.0,72,842.6667,0.271,0.002,0.002,13.3581
2026-07-10 19:00:00,Qwen,2,1288,1094,194,0.0021,100.0,0.0,0.0,0.0,1404.0,1605.6,1623.52,734.35,104.4,2,2,2,0.0,0.0,0.0,0.0,0,644.0,0.1773,0.001,0.001,0.0
2026-07-10 20:00:00,DeepSeek,67,48823,33652,15171,0.0586,94.0299,5.9701,0.0,4.4776,6426.0,8112.5,9013.46,7490.0,139.8,10,26,30,1.4925,0.0,10.4478,0.0,2638,728.7015,0.4508,0.0009,0.0009,17.3884
2026-07-10 20:00:00,MiniMax,4,2137,1452,685,0.0051,100.0,0.0,0.0,0.0,942.5,1550.95,1633.39,610.4,121.3,3,4,4,0.0,0.0,25.0,0.0,114,534.25,0.4718,0.0013,0.0013,16.6423
2026-07-10 21:00:00,DeepSeek,74,51469,37749,13720,0.0618,95.9459,4.0541,0.0,1.3514,6321.0,8995.75,9271.19,8674.0,181.25,10,26,31,1.3514,0.0,14.8649,0.0,2238,695.527,0.3635,0.0008,0.0009,16.312
2026-07-10 21:00:00,MiniMax,3,1380,527,853,0.0033,100.0,0.0,0.0,0.0,1228.0,1712.2,1755.24,408.9,88.6,2,3,3,0.0,0.0,0.0,0.0,183,460.0,1.6186,0.0011,0.0011,21.4537
2026-07-10 21:00:00,Qwen,3,2008,1465,543,0.0032,100.0,0.0,0.0,0.0,1623.0,2044.2,2081.64,789.2,143.2,3,3,3,0.0,0.0,33.3333,0.0,0,669.3333,0.3706,0.0011,0.0011,0.0
2026-07-10 22:00:00,DeepSeek,49,36920,27376,9544,0.0443,100.0,0.0,0.0,0.0,6311.0,7486.8,9882.0,7121.4,145.2,9,23,27,0.0,2.0408,16.3265,0.0,1552,753.4694,0.3486,0.0009,0.0009,16.2615
2026-07-10 22:00:00,MiniMax,1,304,194,110,0.0007,100.0,0.0,0.0,0.0,751.0,751.0,751.0,400.0,92.0,1,1,1,0.0,0.0,100.0,0.0,28,304.0,0.567,0.0007,0.0007,25.4545
2026-07-10 23:00:00,DeepSeek,40,28141,18909,9232,0.0338,90.0,10.0,2.5,5.0,6496.5,8040.65,8955.76,7256.5,154.55,10,21,23,0.0,7.5,15.0,0.0,1531,703.525,0.4882,0.0008,0.0009,16.5836
2026-07-10 23:00:00,MiniMax,2,1135,715,420,0.0027,100.0,0.0,0.0,0.0,920.0,992.9,999.38,432.95,56.55,2,2,2,0.0,0.0,0.0,0.0,40,567.5,0.5874,0.0014,0.0014,9.5238
2026-07-11 00:00:00,DeepSeek,23,16560,11863,4697,0.0199,100.0,0.0,0.0,0.0,6320.0,9748.6,10452.08,9669.1,122.7,9,15,17,4.3478,0.0,13.0435,0.0,751,720.0,0.3959,0.0009,0.0009,15.9889
2026-07-11 00:00:00,MiniMax,1,360,193,167,0.0009,100.0,0.0,0.0,0.0,870.0,870.0,870.0,471.0,56.0,1,1,1,0.0,0.0,0.0,0.0,20,360.0,0.8653,0.0009,0.0009,11.976
2026-07-11 00:00:00,Qwen,2,873,615,258,0.0014,100.0,0.0,0.0,0.0,1626.0,1906.8,1931.76,729.45,90.9,1,1,2,0.0,0.0,0.0,0.0,0,436.5,0.4195,0.0007,0.0007,0.0
2026-07-11 01:00:00,DeepSeek,19,15290,10982,4308,0.0183,100.0,0.0,0.0,0.0,6659.0,8436.4,9483.28,7941.8,192.5,8,12,15,5.2632,5.2632,5.2632,0.0,803,804.7368,0.3923,0.001,0.001,18.6397
2026-07-11 01:00:00,MiniMax,1,558,400,158,0.0013,100.0,0.0,0.0,0.0,835.0,835.0,835.0,297.0,15.0,1,1,1,0.0,0.0,0.0,0.0,21,558.0,0.395,0.0013,0.0013,13.2911
2026-07-11 01:00:00,Qwen,1,455,147,308,0.0007,100.0,0.0,0.0,0.0,1938.0,1938.0,1938.0,520.0,67.0,1,1,1,0.0,0.0,100.0,0.0,0,455.0,2.0952,0.0007,0.0007,0.0
2026-07-11 02:00:00,DeepSeek,21,15186,10922,4264,0.0182,95.2381,4.7619,0.0,0.0,6370.0,7600.0,8076.0,6820.0,180.0,8,15,14,0.0,9.5238,23.8095,0.0,622,723.1429,0.3904,0.0009,0.0009,14.5872
2026-07-11 02:00:00,MiniMax,1,284,150,134,0.0007,100.0,0.0,0.0,0.0,764.0,764.0,764.0,466.0,48.0,1,1,1,0.0,0.0,0.0,0.0,30,284.0,0.8933,0.0007,0.0007,22.3881
2026-07-11 03:00:00,DeepSeek,16,11218,6593,4625,0.0135,100.0,0.0,0.0,0.0,6300.5,10089.0,13931.4,7635.25,149.75,9,15,12,0.0,6.25,18.75,0.0,871,701.125,0.7015,0.0008,0.0008,18.8324
2026-07-11 04:00:00,DeepSeek,18,12973,9023,3950,0.0156,100.0,0.0,0.0,0.0,6213.5,8135.8,9340.76,7699.9,111.3,8,13,15,0.0,5.5556,27.7778,0.0,673,720.7222,0.4378,0.0009,0.0009,17.038
2026-07-11 04:00:00,MiniMax,1,956,842,114,0.0023,100.0,0.0,0.0,0.0,1139.0,1139.0,1139.0,700.0,111.0,1,1,1,0.0,0.0,0.0,0.0,11,956.0,0.1354,0.0023,0.0023,9.6491
2026-07-11 04:00:00,Qwen,2,1509,1267,242,0.0024,50.0,50.0,50.0,0.0,1358.5,1822.45,1863.69,998.05,87.7,2,2,2,0.0,0.0,100.0,0.0,0,754.5,0.191,0.0012,0.0024,0.0
2026-07-11 05:00:00,DeepSeek,19,11380,7806,3574,0.0137,89.4737,10.5263,0.0,5.2632,6246.0,8105.5,8260.3,7460.9,119.0,9,15,15,0.0,5.2632,10.5263,0.0,583,598.9474,0.4579,0.0007,0.0008,16.3123
2026-07-11 05:00:00,MiniMax,1,512,434,78,0.0012,100.0,0.0,0.0,0.0,915.0,915.0,915.0,398.0,55.0,1,1,1,0.0,0.0,0.0,0.0,8,512.0,0.1797,0.0012,0.0012,10.2564
2026-07-11 06:00:00,DeepSeek,45,36296,24907,11389,0.0436,97.7778,2.2222,0.0,2.2222,6544.0,8582.8,9545.36,7855.2,148.2,10,22,26,2.2222,2.2222,20.0,0.0,1939,806.5778,0.4573,0.001,0.001,17.0252
2026-07-11 06:00:00,MiniMax,2,1403,923,480,0.0034,100.0,0.0,0.0,0.0,1152.0,1285.2,1297.04,504.55,21.9,2,2,2,0.0,0.0,0.0,0.0,39,701.5,0.52,0.0017,0.0017,8.125
2026-07-11 06:00:00,Qwen,3,1791,879,912,0.0029,100.0,0.0,0.0,0.0,1933.0,3191.2,3303.04,731.4,61.8,3,3,3,0.0,0.0,33.3333,0.0,0,597.0,1.0375,0.001,0.001,0.0
2026-07-11 07:00:00,DeepSeek,44,30355,20724,9631,0.0364,95.4545,4.5455,2.2727,0.0,6409.5,9407.05,10411.72,9090.85,134.85,10,22,25,0.0,6.8182,18.1818,0.0,1557,689.8864,0.4647,0.0008,0.0009,16.1665
2026-07-11 07:00:00,MiniMax,2,1447,875,572,0.0035,100.0,0.0,0.0,0.0,1537.5,1634.25,1642.85,484.85,83.85,2,2,2,0.0,50.0,0.0,0.0,53,723.5,0.6537,0.0017,0.0017,9.2657
2026-07-11 07:00:00,Qwen,1,538,219,319,0.0009,100.0,0.0,0.0,0.0,3312.0,3312.0,3312.0,1071.0,192.0,1,1,1,0.0,0.0,0.0,0.0,0,538.0,1.4566,0.0009,0.0009,0.0
2026-07-11 08:00:00,DeepSeek,60,45570,32848,12722,0.0547,95.0,5.0,1.6667,1.6667,6454.0,8881.55,9280.79,8138.55,161.95,10,28,27,1.6667,5.0,21.6667,0.0,1968,759.5,0.3873,0.0009,0.001,15.4693
2026-07-11 08:00:00,MiniMax,4,2445,1490,955,0.0059,100.0,0.0,0.0,0.0,1048.5,2116.5,2230.5,613.35,61.3,4,4,4,0.0,0.0,25.0,0.0,118,611.25,0.6409,0.0015,0.0015,12.356
2026-07-11 09:00:00,DeepSeek,82,55849,39325,16524,0.067,93.9024,6.0976,1.2195,2.439,6343.0,8580.0,9648.63,7692.9,185.0,10,28,33,1.2195,0.0,17.0732,0.0,2759,681.0854,0.4202,0.0008,0.0009,16.6969
2026-07-11 09:00:00,MiniMax,4,2543,1904,639,0.0061,100.0,0.0,0.0,0.0,834.5,1090.15,1126.03,550.75,138.0,3,3,4,0.0,0.0,25.0,0.0,85,635.75,0.3356,0.0015,0.0015,13.302
2026-07-11 09:00:00,Qwen,5,2608,1671,937,0.0042,80.0,20.0,0.0,20.0,2040.0,2301.8,2314.76,729.2,170.2,5,5,5,0.0,0.0,20.0,0.0,0,521.6,0.5607,0.0008,0.001,0.0
2026-07-11 10:00:00,DeepSeek,80,53758,36737,17021,0.0645,97.5,2.5,1.25,1.25,6462.5,8009.25,10481.74,7361.95,149.35,10,28,33,0.0,6.25,18.75,0.0,2794,671.975,0.4633,0.0008,0.0008,16.415
2026-07-11 10:00:00,MiniMax,3,1906,1406,500,0.0046,100.0,0.0,0.0,0.0,1064.0,1248.5,1264.9,477.0,117.9,3,3,3,0.0,0.0,0.0,33.3333,85,635.3333,0.3556,0.0015,0.0015,17.0
2026-07-11 10:00:00,Qwen,1,498,187,311,0.0008,100.0,0.0,0.0,0.0,2534.0,2534.0,2534.0,566.0,51.0,1,1,1,0.0,0.0,100.0,0.0,0,498.0,1.6631,0.0008,0.0008,0.0
2026-07-11 11:00:00,DeepSeek,97,63781,42259,21522,0.0765,95.8763,4.1237,0.0,3.0928,6447.0,8142.4,9341.44,7510.4,151.4,10,29,36,3.0928,8.2474,21.6495,0.0,3434,657.5361,0.5093,0.0008,0.0008,15.9558
2026-07-11 11:00:00,MiniMax,5,4307,3742,565,0.0103,100.0,0.0,0.0,0.0,916.0,1004.6,1016.12,466.2,127.2,5,5,5,0.0,20.0,60.0,0.0,113,861.4,0.151,0.0021,0.0021,20.0
2026-07-11 11:00:00,Qwen,3,2493,1827,666,0.004,33.3333,66.6667,0.0,66.6667,1759.0,2507.8,2574.36,594.1,131.5,3,3,3,0.0,0.0,0.0,0.0,0,831.0,0.3645,0.0013,0.004,0.0
2026-07-11 12:00:00,DeepSeek,94,64239,46299,17940,0.0771,97.8723,2.1277,1.0638,0.0,6446.5,8451.45,9362.47,7495.25,181.75,10,29,33,3.1915,4.2553,12.766,0.0,3162,683.3936,0.3875,0.0008,0.0008,17.6254
2026-07-11 12:00:00,MiniMax,3,2341,1605,736,0.0056,100.0,0.0,0.0,0.0,1202.0,1658.3,1698.86,455.5,54.0,3,3,3,0.0,33.3333,0.0,0.0,145,780.3333,0.4586,0.0019,0.0019,19.7011
2026-07-11 13:00:00,DeepSeek,96,59561,40919,18642,0.0715,93.75,6.25,2.0833,3.125,6346.5,9444.75,10612.95,9026.25,186.25,10,29,35,3.125,3.125,16.6667,0.0,3164,620.4271,0.4556,0.0007,0.0008,16.9724
2026-07-11 13:00:00,MiniMax,4,1823,1001,822,0.0044,100.0,0.0,0.0,0.0,1041.5,1380.85,1421.77,611.75,156.8,3,4,4,0.0,25.0,25.0,0.0,184,455.75,0.8212,0.0011,0.0011,22.3844
2026-07-11 13:00:00,Qwen,1,1168,939,229,0.0019,100.0,0.0,0.0,0.0,1855.0,1855.0,1855.0,483.0,52.0,1,1,1,0.0,0.0,0.0,0.0,0,1168.0,0.2439,0.0019,0.0019,0.0
2026-07-11 14:00:00,DeepSeek,85,55656,37484,18172,0.0668,95.2941,4.7059,2.3529,1.1765,6438.0,8024.0,9886.56,7300.2,161.4,10,28,33,1.1765,5.8824,21.1765,0.0,2930,654.7765,0.4848,0.0008,0.0008,16.1237
2026-07-11 14:00:00,MiniMax,3,1238,1028,210,0.003,100.0,0.0,0.0,0.0,747.0,976.5,996.9,437.3,95.2,3,3,3,0.0,0.0,66.6667,0.0,22,412.6667,0.2043,0.001,0.001,10.4762
2026-07-11 14:00:00,Qwen,2,1259,1007,252,0.002,100.0,0.0,0.0,0.0,2208.5,3041.45,3115.49,1736.85,24.75,2,2,2,0.0,0.0,0.0,0.0,0,629.5,0.2502,0.001,0.001,0.0
2026-07-11 15:00:00,DeepSeek,71,48495,32953,15542,0.0582,97.1831,2.8169,1.4085,0.0,6488.0,8913.5,10521.2,8323.0,146.0,10,25,32,0.0,5.6338,30.9859,0.0,2500,683.0282,0.4716,0.0008,0.0008,16.0854
2026-07-11 15:00:00,MiniMax,2,1401,966,435,0.0034,50.0,50.0,0.0,0.0,1393.5,1610.85,1630.17,550.6,108.85,2,2,2,0.0,0.0,0.0,0.0,59,700.5,0.4503,0.0017,0.0034,13.5632
2026-07-11 15:00:00,Qwen,4,3218,2401,817,0.0051,50.0,50.0,25.0,25.0,1946.5,3224.95,3391.39,1811.25,155.2,4,4,4,0.0,25.0,25.0,25.0,0,804.5,0.3403,0.0013,0.0026,0.0
2026-07-11 16:00:00,DeepSeek,102,65431,47113,18318,0.0785,97.0588,2.9412,0.9804,0.9804,6309.5,8381.4,9551.48,8093.05,146.65,10,27,36,2.9412,1.9608,23.5294,0.0,2987,641.4804,0.3888,0.0008,0.0008,16.3064
2026-07-11 16:00:00,MiniMax,4,2187,1492,695,0.0052,100.0,0.0,0.0,0.0,814.0,1575.8,1670.36,476.65,84.7,3,4,4,0.0,0.0,50.0,0.0,119,546.75,0.4658,0.0013,0.0013,17.1223
2026-07-11 16:00:00,Qwen,2,1127,836,291,0.0018,100.0,0.0,0.0,0.0,1640.0,1720.1,1727.22,781.4,61.15,2,2,2,0.0,0.0,0.0,0.0,0,563.5,0.3481,0.0009,0.0009,0.0
2026-07-11 17:00:00,DeepSeek,92,59981,40915,19066,0.072,97.8261,2.1739,2.1739,0.0,6312.5,8830.7,9521.61,8587.6,188.85,9,23,29,0.0,6.5217,13.0435,0.0,3094,651.9674,0.466,0.0008,0.0008,16.2278
2026-07-11 17:00:00,MiniMax,4,2455,1483,972,0.0059,100.0,0.0,0.0,0.0,904.0,2259.85,2423.17,542.95,80.75,2,3,3,0.0,0.0,0.0,0.0,188,613.75,0.6554,0.0015,0.0015,19.3416
2026-07-11 17:00:00,Qwen,1,417,250,167,0.0007,100.0,0.0,0.0,0.0,1948.0,1948.0,1948.0,671.0,74.0,1,1,1,0.0,0.0,0.0,0.0,0,417.0,0.668,0.0007,0.0007,0.0
2026-07-11 18:00:00,DeepSeek,57,43545,32282,11263,0.0523,92.9825,7.0175,0.0,5.2632,6300.0,8823.4,10810.6,8632.0,169.4,9,22,26,0.0,3.5088,19.2982,0.0,1768,763.9474,0.3489,0.0009,0.001,15.6974
2026-07-11 18:00:00,MiniMax,2,1520,1282,238,0.0036,50.0,50.0,0.0,50.0,771.5,1070.75,1097.35,480.65,95.35,2,2,2,0.0,0.0,50.0,0.0,37,760.0,0.1856,0.0018,0.0036,15.5462
2026-07-11 18:00:00,Qwen,1,662,515,147,0.0011,0.0,100.0,0.0,0.0,2535.0,2535.0,2535.0,792.0,232.0,1,1,1,0.0,0.0,0.0,0.0,0,662.0,0.2854,0.0011,,0.0
2026-07-11 19:00:00,DeepSeek,54,37037,26435,10602,0.0444,98.1481,1.8519,1.8519,0.0,6473.5,8321.05,9113.39,7796.6,168.35,10,23,26,0.0,1.8519,9.2593,0.0,1829,685.8704,0.4011,0.0008,0.0008,17.2515
2026-07-11 19:00:00,MiniMax,4,6500,5623,877,0.0156,100.0,0.0,0.0,0.0,1113.0,2344.65,2480.13,464.55,36.2,4,4,4,0.0,0.0,0.0,0.0,138,1625.0,0.156,0.0039,0.0039,15.7355
2026-07-11 19:00:00,Qwen,2,1890,1370,520,0.003,100.0,0.0,0.0,0.0,1882.0,2537.2,2595.44,799.8,21.8,2,2,2,0.0,0.0,0.0,0.0,0,945.0,0.3796,0.0015,0.0015,0.0
2026-07-11 20:00:00,DeepSeek,62,43921,31503,12418,0.0527,95.1613,4.8387,1.6129,1.6129,6384.5,8152.05,10470.97,7569.95,185.4,10,27,32,3.2258,3.2258,22.5806,0.0,2027,708.4032,0.3942,0.0009,0.0009,16.3231
2026-07-11 20:00:00,MiniMax,1,463,317,146,0.0011,100.0,0.0,0.0,0.0,1246.0,1246.0,1246.0,470.0,111.0,1,1,1,0.0,0.0,0.0,0.0,20,463.0,0.4606,0.0011,0.0011,13.6986
2026-07-11 20:00:00,Qwen,1,787,724,63,0.0013,100.0,0.0,0.0,0.0,1211.0,1211.0,1211.0,531.0,68.0,1,1,1,0.0,0.0,0.0,0.0,0,787.0,0.087,0.0013,0.0013,0.0
2026-07-11 21:00:00,DeepSeek,47,31366,23122,8244,0.0376,97.8723,2.1277,0.0,2.1277,6292.0,8925.8,10339.8,8375.1,149.1,10,23,25,0.0,4.2553,27.6596,0.0,1441,667.3617,0.3565,0.0008,0.0008,17.4794
2026-07-11 21:00:00,MiniMax,2,1262,835,427,0.003,100.0,0.0,0.0,0.0,946.5,1027.95,1035.19,453.55,44.6,2,2,2,0.0,0.0,0.0,0.0,67,631.0,0.5114,0.0015,0.0015,15.6909
2026-07-11 21:00:00,Qwen,1,937,456,481,0.0015,100.0,0.0,0.0,0.0,5785.0,5785.0,5785.0,1825.0,72.0,1,1,1,0.0,0.0,0.0,0.0,0,937.0,1.0548,0.0015,0.0015,0.0
2026-07-11 22:00:00,DeepSeek,28,20725,14228,6497,0.0249,96.4286,3.5714,0.0,3.5714,7022.0,9947.95,10583.93,9045.75,260.0,8,18,19,3.5714,0.0,14.2857,0.0,1230,740.1786,0.4566,0.0009,0.0009,18.9318
2026-07-11 22:00:00,Qwen,1,735,430,305,0.0012,100.0,0.0,0.0,0.0,3235.0,3235.0,3235.0,696.0,47.0,1,1,1,0.0,0.0,0.0,0.0,0,735.0,0.7093,0.0012,0.0012,0.0
2026-07-11 23:00:00,DeepSeek,26,18522,12872,5650,0.0222,100.0,0.0,0.0,0.0,6478.5,8964.0,9464.25,8175.5,152.75,10,17,20,0.0,3.8462,11.5385,0.0,1038,712.3846,0.4389,0.0009,0.0009,18.3717
2026-07-11 23:00:00,MiniMax,3,1329,876,453,0.0032,100.0,0.0,0.0,0.0,819.0,1179.9,1211.98,476.2,108.8,2,2,3,0.0,0.0,0.0,0.0,89,443.0,0.5171,0.0011,0.0011,19.6468
2026-07-12 00:00:00,DeepSeek,14,9861,7032,2829,0.0118,100.0,0.0,0.0,0.0,6420.0,7409.25,7729.05,6781.85,141.25,8,9,11,0.0,0.0,28.5714,0.0,387,704.3571,0.4023,0.0008,0.0008,13.6797
2026-07-12 00:00:00,MiniMax,3,3184,2343,841,0.0076,100.0,0.0,0.0,0.0,1193.0,1198.4,1198.88,575.9,53.9,2,3,3,0.0,0.0,66.6667,0.0,161,1061.3333,0.3589,0.0025,0.0025,19.1439
2026-07-12 01:00:00,DeepSeek,12,7315,5116,2199,0.0088,100.0,0.0,0.0,0.0,6494.5,9409.0,9470.6,8398.45,151.45,6,9,9,0.0,0.0,41.6667,0.0,409,609.5833,0.4298,0.0007,0.0007,18.5994
2026-07-12 02:00:00,DeepSeek,12,6863,4645,2218,0.0082,100.0,0.0,0.0,0.0,6425.0,9442.45,9460.49,9115.6,177.1,7,12,11,0.0,0.0,25.0,0.0,434,571.9167,0.4775,0.0007,0.0007,19.5672
2026-07-12 02:00:00,MiniMax,1,1187,695,492,0.0028,100.0,0.0,0.0,0.0,2402.0,2402.0,2402.0,449.0,74.0,1,1,1,0.0,0.0,100.0,0.0,78,1187.0,0.7079,0.0028,0.0028,15.8537
2026-07-12 02:00:00,Qwen,1,297,245,52,0.0005,100.0,0.0,0.0,0.0,1188.0,1188.0,1188.0,509.0,31.0,1,1,1,0.0,0.0,0.0,0.0,0,297.0,0.2122,0.0005,0.0005,0.0
2026-07-12 03:00:00,DeepSeek,25,18436,11386,7050,0.0221,100.0,0.0,0.0,0.0,6914.0,8370.0,9491.68,7453.6,160.4,8,16,16,0.0,0.0,24.0,0.0,1159,737.44,0.6192,0.0009,0.0009,16.4397
2026-07-12 04:00:00,DeepSeek,21,14050,9618,4432,0.0169,95.2381,4.7619,0.0,4.7619,6290.0,10185.0,10624.2,9181.0,131.0,9,15,17,0.0,9.5238,23.8095,0.0,778,669.0476,0.4608,0.0008,0.0008,17.5542
2026-07-12 05:00:00,DeepSeek,20,18552,13157,5395,0.0223,90.0,10.0,0.0,0.0,6634.0,9209.6,9507.52,7142.3,177.9,8,16,17,0.0,10.0,25.0,0.0,810,927.6,0.41,0.0011,0.0012,15.0139
2026-07-12 05:00:00,MiniMax,1,1043,951,92,0.0025,100.0,0.0,0.0,0.0,801.0,801.0,801.0,582.0,160.0,1,1,1,0.0,0.0,100.0,0.0,7,1043.0,0.0967,0.0025,0.0025,7.6087
2026-07-12 06:00:00,DeepSeek,56,38032,27786,10246,0.0456,96.4286,3.5714,1.7857,0.0,6517.5,8394.75,9455.2,7997.5,144.0,10,25,27,0.0,3.5714,19.6429,0.0,1758,679.1429,0.3687,0.0008,0.0008,17.1579
2026-07-12 06:00:00,MiniMax,3,1845,1375,470,0.0044,100.0,0.0,0.0,0.0,776.0,988.4,1007.28,377.3,44.3,3,3,3,0.0,0.0,33.3333,0.0,83,615.0,0.3418,0.0015,0.0015,17.6596
2026-07-12 06:00:00,Qwen,1,592,412,180,0.0009,100.0,0.0,0.0,0.0,1279.0,1279.0,1279.0,536.0,57.0,1,1,1,0.0,0.0,100.0,0.0,0,592.0,0.4369,0.0009,0.0009,0.0
2026-07-12 07:00:00,DeepSeek,38,25457,17944,7513,0.0305,94.7368,5.2632,2.6316,0.0,6639.0,10628.05,11200.14,10331.1,189.1,8,18,23,0.0,2.6316,7.8947,0.0,1329,669.9211,0.4187,0.0008,0.0008,17.6893
2026-07-12 07:00:00,MiniMax,2,1387,876,511,0.0033,100.0,0.0,0.0,0.0,1404.5,1821.65,1858.73,534.85,171.5,2,2,2,0.0,0.0,0.0,0.0,59,693.5,0.5833,0.0017,0.0017,11.546
2026-07-12 07:00:00,Qwen,1,757,663,94,0.0012,0.0,100.0,0.0,0.0,1544.0,1544.0,1544.0,496.0,35.0,1,1,1,0.0,100.0,0.0,0.0,0,757.0,0.1418,0.0012,,0.0
2026-07-12 08:00:00,DeepSeek,46,32158,23016,9142,0.0386,100.0,0.0,0.0,0.0,6357.5,8832.0,9470.2,7255.75,151.75,10,22,25,0.0,2.1739,10.8696,0.0,1533,699.087,0.3972,0.0008,0.0008,16.7688
2026-07-12 08:00:00,MiniMax,1,505,228,277,0.0012,100.0,0.0,0.0,0.0,1482.0,1482.0,1482.0,398.0,14.0,1,1,1,0.0,0.0,0.0,0.0,69,505.0,1.2149,0.0012,0.0012,24.9097
2026-07-12 08:00:00,Qwen,1,517,293,224,0.0008,100.0,0.0,0.0,0.0,1755.0,1755.0,1755.0,465.0,28.0,1,1,1,0.0,0.0,0.0,0.0,0,517.0,0.7645,0.0008,0.0008,0.0
2026-07-12 09:00:00,DeepSeek,91,65804,48636,17168,0.079,93.4066,6.5934,1.0989,5.4945,6453.0,8821.5,9759.7,8423.0,178.0,10,29,35,1.0989,5.4945,17.5824,0.0,2666,723.1209,0.353,0.0009,0.0009,15.5289
2026-07-12 09:00:00,MiniMax,5,3810,2220,1590,0.0091,100.0,0.0,0.0,0.0,1315.0,1845.0,1859.4,519.4,80.0,5,5,5,0.0,0.0,20.0,0.0,355,762.0,0.7162,0.0018,0.0018,22.327
2026-07-12 09:00:00,Qwen,1,784,714,70,0.0013,100.0,0.0,0.0,0.0,1779.0,1779.0,1779.0,1025.0,121.0,1,1,1,0.0,0.0,100.0,0.0,0,784.0,0.098,0.0013,0.0013,0.0
2026-07-12 10:00:00,DeepSeek,94,69392,50793,18599,0.0833,96.8085,3.1915,0.0,2.1277,6456.5,8652.35,9323.14,7747.75,150.7,10,26,33,0.0,6.383,24.4681,0.0,2990,738.2128,0.3662,0.0009,0.0009,16.0761
2026-07-12 10:00:00,MiniMax,4,2144,1384,760,0.0051,100.0,0.0,0.0,0.0,1039.5,1201.0,1203.4,465.95,84.7,3,4,4,0.0,25.0,25.0,0.0,149,536.0,0.5491,0.0013,0.0013,19.6053
2026-07-12 11:00:00,DeepSeek,89,57682,40017,17665,0.0692,97.7528,2.2472,1.1236,1.1236,6308.0,8271.0,9848.76,7149.4,182.6,10,29,36,4.4944,3.3708,11.236,0.0,2616,648.1124,0.4414,0.0008,0.0008,14.8089
2026-07-12 11:00:00,MiniMax,6,4651,3356,1295,0.0112,100.0,0.0,0.0,0.0,1174.5,2041.5,2267.5,604.5,118.5,3,5,4,0.0,0.0,16.6667,0.0,134,775.1667,0.3859,0.0019,0.0019,10.3475
2026-07-12 11:00:00,Qwen,2,1195,672,523,0.0019,100.0,0.0,0.0,0.0,2420.0,2773.7,2805.14,629.9,131.95,2,2,2,0.0,0.0,0.0,0.0,0,597.5,0.7783,0.001,0.001,0.0
2026-07-12 12:00:00,DeepSeek,70,45759,31788,13971,0.0549,94.2857,5.7143,1.4286,0.0,6435.0,9019.0,9795.64,8786.55,179.55,10,27,34,0.0,5.7143,27.1429,0.0,2495,653.7,0.4395,0.0008,0.0008,17.8584
2026-07-12 12:00:00,MiniMax,2,985,765,220,0.0024,100.0,0.0,0.0,0.0,983.0,1083.8,1092.76,645.65,66.1,2,2,2,0.0,0.0,0.0,0.0,37,492.5,0.2876,0.0012,0.0012,16.8182
2026-07-12 12:00:00,Qwen,2,1567,1163,404,0.0025,100.0,0.0,0.0,0.0,1992.0,2082.9,2090.98,551.15,42.45,2,2,2,0.0,0.0,0.0,0.0,0,783.5,0.3474,0.0013,0.0013,0.0
2026-07-12 13:00:00,DeepSeek,79,52927,37175,15752,0.0635,96.2025,3.7975,1.2658,1.2658,6431.0,9383.7,10830.32,8977.6,195.4,10,27,33,2.5316,2.5316,11.3924,0.0,2607,669.962,0.4237,0.0008,0.0008,16.5503
2026-07-12 13:00:00,MiniMax,4,3389,2824,565,0.0081,75.0,25.0,0.0,0.0,931.5,1092.8,1098.56,513.05,111.75,3,4,3,0.0,0.0,25.0,0.0,112,847.25,0.2001,0.002,0.0027,19.823
2026-07-12 13:00:00,Qwen,1,646,382,264,0.001,100.0,0.0,0.0,0.0,1656.0,1656.0,1656.0,529.0,47.0,1,1,1,0.0,0.0,0.0,0.0,0,646.0,0.6911,0.001,0.001,0.0
2026-07-12 14:00:00,DeepSeek,92,58864,39442,19422,0.0706,93.4783,6.5217,2.1739,1.087,6524.5,9175.95,10395.3,9145.5,176.35,10,26,34,1.087,9.7826,16.3043,0.0,3281,639.8261,0.4924,0.0008,0.0008,16.8932
2026-07-12 14:00:00,MiniMax,8,4929,2989,1940,0.0118,100.0,0.0,0.0,0.0,1162.0,2619.2,2912.64,474.35,127.15,6,6,8,0.0,0.0,12.5,0.0,318,616.125,0.649,0.0015,0.0015,16.3918
2026-07-12 14:00:00,Qwen,1,1045,601,444,0.0017,100.0,0.0,0.0,0.0,3768.0,3768.0,3768.0,796.0,74.0,1,1,1,0.0,0.0,0.0,0.0,0,1045.0,0.7388,0.0017,0.0017,0.0
2026-07-12 15:00:00,DeepSeek,70,47014,33293,13721,0.0564,94.2857,5.7143,1.4286,2.8571,6361.0,8343.55,9959.57,7502.4,152.85,10,23,29,1.4286,1.4286,22.8571,0.0,2209,671.6286,0.4121,0.0008,0.0009,16.0994
2026-07-12 15:00:00,MiniMax,2,1945,1563,382,0.0047,100.0,0.0,0.0,0.0,1150.0,1334.5,1350.9,560.55,41.25,2,2,2,0.0,0.0,0.0,0.0,32,972.5,0.2444,0.0023,0.0023,8.377
2026-07-12 15:00:00,Qwen,3,1578,1100,478,0.0025,100.0,0.0,0.0,0.0,1960.0,2474.8,2520.56,836.9,47.1,3,3,3,0.0,0.0,0.0,0.0,0,526.0,0.4345,0.0008,0.0008,0.0
2026-07-12 16:00:00,DeepSeek,88,53073,36785,16288,0.0637,92.0455,7.9545,0.0,6.8182,6355.0,9055.15,10468.12,8438.65,156.9,10,25,33,0.0,5.6818,14.7727,0.0,2715,603.1023,0.4428,0.0007,0.0008,16.6687
2026-07-12 16:00:00,MiniMax,2,657,419,238,0.0016,100.0,0.0,0.0,0.0,1046.5,1412.35,1444.87,576.05,35.8,2,2,2,0.0,0.0,0.0,0.0,55,328.5,0.568,0.0008,0.0008,23.1092
2026-07-12 16:00:00,Qwen,4,3074,2052,1022,0.0049,100.0,0.0,0.0,0.0,1986.0,2695.35,2739.87,665.65,83.65,3,4,4,0.0,0.0,25.0,0.0,0,768.5,0.4981,0.0012,0.0012,0.0
2026-07-12 17:00:00,DeepSeek,91,57360,39816,17544,0.0688,96.7033,3.2967,2.1978,0.0,6444.0,7879.5,9848.8,6996.5,168.5,10,28,27,2.1978,1.0989,19.7802,0.0,2762,630.3297,0.4406,0.0008,0.0008,15.7433
2026-07-12 17:00:00,MiniMax,5,2220,1394,826,0.0053,100.0,0.0,0.0,0.0,857.0,1764.2,1880.04,446.2,59.6,5,5,5,0.0,0.0,0.0,0.0,149,444.0,0.5925,0.0011,0.0011,18.0387
2026-07-12 17:00:00,Qwen,3,1962,1595,367,0.0031,100.0,0.0,0.0,0.0,1528.0,1604.5,1611.3,731.3,115.8,3,3,3,0.0,0.0,0.0,0.0,0,654.0,0.2301,0.001,0.001,0.0
2026-07-12 18:00:00,DeepSeek,39,26791,19236,7555,0.0321,97.4359,2.5641,2.5641,0.0,6443.0,8402.7,9842.92,8097.0,161.3,10,17,22,2.5641,2.5641,28.2051,0.0,1288,686.9487,0.3928,0.0008,0.0008,17.0483
2026-07-12 18:00:00,MiniMax,2,2155,973,1182,0.0052,100.0,0.0,0.0,0.0,1826.0,2915.9,3012.78,504.65,79.05,2,2,2,0.0,0.0,100.0,0.0,204,1077.5,1.2148,0.0026,0.0026,17.2589
2026-07-12 18:00:00,Qwen,2,1925,1626,299,0.0031,100.0,0.0,0.0,0.0,1524.0,2008.2,2051.24,613.55,99.1,2,2,2,0.0,0.0,50.0,0.0,0,962.5,0.1839,0.0015,0.0015,0.0
2026-07-12 19:00:00,DeepSeek,49,34986,23062,11924,0.042,93.8776,6.1224,0.0,2.0408,6506.0,8983.4,10188.8,7894.0,135.6,10,27,29,0.0,2.0408,14.2857,0.0,1830,714.0,0.517,0.0009,0.0009,15.3472
2026-07-12 19:00:00,MiniMax,2,1728,1296,432,0.0041,100.0,0.0,0.0,0.0,1081.0,1210.6,1222.12,369.25,35.15,2,2,2,0.0,0.0,0.0,0.0,72,864.0,0.3333,0.0021,0.0021,16.6667
2026-07-12 19:00:00,Qwen,1,527,264,263,0.0008,100.0,0.0,0.0,0.0,1841.0,1841.0,1841.0,667.0,83.0,1,1,1,0.0,0.0,0.0,0.0,0,527.0,0.9962,0.0008,0.0008,0.0
2026-07-12 20:00:00,DeepSeek,68,47236,35114,12122,0.0567,95.5882,4.4118,0.0,2.9412,6431.5,9115.5,10223.08,8971.45,179.0,10,24,33,0.0,2.9412,17.6471,0.0,1785,694.6471,0.3452,0.0008,0.0009,14.7253
2026-07-12 20:00:00,MiniMax,2,1209,834,375,0.0029,100.0,0.0,0.0,0.0,1255.0,1588.9,1618.58,459.3,113.35,1,2,2,0.0,0.0,0.0,0.0,51,604.5,0.4496,0.0015,0.0015,13.6
2026-07-12 20:00:00,Qwen,1,902,746,156,0.0014,100.0,0.0,0.0,0.0,1325.0,1325.0,1325.0,648.0,67.0,1,1,1,0.0,0.0,100.0,0.0,0,902.0,0.2091,0.0014,0.0014,0.0
2026-07-12 21:00:00,DeepSeek,47,30868,21347,9521,0.037,93.617,6.383,2.1277,2.1277,6493.0,9798.1,10074.74,9385.8,156.4,10,22,27,2.1277,6.383,17.0213,0.0,1489,656.766,0.446,0.0008,0.0008,15.6391
2026-07-12 21:00:00,MiniMax,3,1709,1157,552,0.0041,100.0,0.0,0.0,0.0,1127.0,1296.2,1311.24,498.1,104.3,3,3,3,0.0,0.0,66.6667,0.0,112,569.6667,0.4771,0.0014,0.0014,20.2899
2026-07-12 21:00:00,Qwen,1,1302,1119,183,0.0021,100.0,0.0,0.0,0.0,1999.0,1999.0,1999.0,711.0,35.0,1,1,1,0.0,0.0,0.0,0.0,0,1302.0,0.1635,0.0021,0.0021,0.0
2026-07-12 22:00:00,DeepSeek,23,15434,11457,3977,0.0185,95.6522,4.3478,0.0,4.3478,6464.0,7552.5,8694.24,6629.0,253.1,7,14,13,0.0,4.3478,13.0435,0.0,672,671.0435,0.3471,0.0008,0.0008,16.8972
2026-07-12 23:00:00,DeepSeek,39,23123,15748,7375,0.0277,97.4359,2.5641,0.0,0.0,6364.0,7512.4,9976.7,6935.4,161.3,10,23,26,0.0,0.0,10.2564,0.0,1220,592.8974,0.4683,0.0007,0.0007,16.5424
2026-07-12 23:00:00,MiniMax,2,756,527,229,0.0018,100.0,0.0,0.0,0.0,673.5,839.55,854.31,396.7,59.4,2,2,2,0.0,0.0,0.0,0.0,31,378.0,0.4345,0.0009,0.0009,13.5371
2026-07-12 23:00:00,Qwen,3,2615,2138,477,0.0042,100.0,0.0,0.0,0.0,1771.0,2138.2,2170.84,814.3,71.1,3,3,3,0.0,0.0,33.3333,0.0,0,871.6667,0.2231,0.0014,0.0014,0.0
2026-07-13 00:00:00,DeepSeek,18,12448,8555,3893,0.0149,100.0,0.0,0.0,0.0,6742.5,7208.9,7539.38,6714.9,186.75,7,11,15,0.0,0.0,11.1111,0.0,599,691.5556,0.4551,0.0008,0.0008,15.3866
2026-07-13 00:00:00,MiniMax,3,1251,678,573,0.003,100.0,0.0,0.0,0.0,853.0,1348.9,1392.98,807.8,177.8,2,3,3,0.0,0.0,0.0,0.0,121,417.0,0.8451,0.001,0.001,21.1169
2026-07-13 00:00:00,Qwen,2,1116,443,673,0.0018,100.0,0.0,0.0,0.0,2818.5,4001.55,4106.71,614.1,137.15,2,2,2,0.0,0.0,0.0,0.0,0,558.0,1.5192,0.0009,0.0009,0.0
2026-07-13 01:00:00,DeepSeek,20,20130,10208,9922,0.0242,95.0,5.0,0.0,5.0,6306.5,7717.1,8068.22,7158.2,111.15,9,15,17,0.0,5.0,15.0,0.0,2021,1006.5,0.972,0.0012,0.0013,20.3689
2026-07-13 01:00:00,MiniMax,2,1839,1439,400,0.0044,100.0,0.0,0.0,0.0,1075.0,1149.7,1156.34,472.45,79.05,2,2,2,0.0,50.0,0.0,0.0,54,919.5,0.278,0.0022,0.0022,13.5
2026-07-13 02:00:00,DeepSeek,13,9593,7380,2213,0.0115,100.0,0.0,0.0,0.0,6796.0,9707.0,9786.2,9491.0,142.6,7,11,9,0.0,0.0,30.7692,0.0,397,737.9231,0.2999,0.0009,0.0009,17.9394
2026-07-13 03:00:00,DeepSeek,20,18924,10270,8654,0.0227,85.0,15.0,5.0,5.0,6730.5,8569.9,8613.98,7754.55,195.4,9,16,14,0.0,0.0,5.0,0.0,1676,946.2,0.8426,0.0011,0.0013,19.3668
2026-07-13 03:00:00,MiniMax,2,2370,2114,256,0.0057,100.0,0.0,0.0,0.0,865.0,895.6,898.32,523.15,59.9,2,2,2,0.0,0.0,0.0,0.0,60,1185.0,0.1211,0.0028,0.0028,23.4375
2026-07-13 03:00:00,Qwen,1,621,378,243,0.001,100.0,0.0,0.0,0.0,2629.0,2629.0,2629.0,681.0,71.0,1,1,1,0.0,0.0,100.0,0.0,0,621.0,0.6429,0.001,0.001,0.0
2026-07-13 04:00:00,DeepSeek,24,15744,10840,4904,0.0189,95.8333,4.1667,4.1667,0.0,6447.0,9656.85,10009.89,9266.45,163.95,7,17,17,4.1667,4.1667,25.0,0.0,762,656.0,0.4524,0.0008,0.0008,15.5383
2026-07-13 04:00:00,MiniMax,2,1066,720,346,0.0026,100.0,0.0,0.0,0.0,978.5,1059.95,1067.19,425.7,32.15,2,2,2,0.0,0.0,0.0,0.0,52,533.0,0.4806,0.0013,0.0013,15.0289
2026-07-13 05:00:00,DeepSeek,32,24255,17997,6258,0.0291,100.0,0.0,0.0,0.0,6520.5,8598.1,9795.37,8165.5,186.35,10,16,21,3.125,3.125,9.375,0.0,904,757.9688,0.3477,0.0009,0.0009,14.4455
2026-07-13 05:00:00,MiniMax,2,2535,2185,350,0.0061,100.0,0.0,0.0,0.0,1082.0,1426.7,1457.34,405.9,20.7,2,2,2,0.0,0.0,0.0,0.0,54,1267.5,0.1602,0.003,0.003,15.4286
2026-07-13 05:00:00,Qwen,2,989,633,356,0.0016,100.0,0.0,0.0,0.0,1903.0,2015.5,2025.5,794.95,132.2,2,2,2,0.0,0.0,0.0,50.0,0,494.5,0.5624,0.0008,0.0008,0.0
2026-07-13 06:00:00,DeepSeek,67,46787,34320,12467,0.0561,94.0299,5.9701,1.4925,1.4925,6360.0,7973.2,10132.04,7398.7,159.6,10,24,31,1.4925,1.4925,10.4478,0.0,1896,698.3134,0.3633,0.0008,0.0009,15.2081
2026-07-13 06:00:00,MiniMax,5,3497,2642,855,0.0084,100.0,0.0,0.0,0.0,882.0,1269.8,1290.76,501.6,104.0,4,4,5,0.0,0.0,40.0,0.0,99,699.4,0.3236,0.0017,0.0017,11.5789
2026-07-13 06:00:00,Qwen,1,415,330,85,0.0007,100.0,0.0,0.0,0.0,1107.0,1107.0,1107.0,554.0,17.0,1,1,1,0.0,0.0,0.0,0.0,0,415.0,0.2576,0.0007,0.0007,0.0
2026-07-13 07:00:00,DeepSeek,64,45304,31404,13900,0.0544,96.875,3.125,0.0,1.5625,6710.5,9705.65,10384.13,9118.35,127.8,10,26,33,0.0,6.25,15.625,0.0,2460,707.875,0.4426,0.0008,0.0009,17.6978
2026-07-13 07:00:00,MiniMax,2,1734,1167,567,0.0042,100.0,0.0,0.0,0.0,1365.5,1675.55,1703.11,463.15,83.05,2,2,2,0.0,0.0,0.0,0.0,95,867.0,0.4859,0.0021,0.0021,16.7549
2026-07-13 07:00:00,Qwen,3,2846,2205,641,0.0046,100.0,0.0,0.0,0.0,1870.0,2004.1,2016.02,694.6,125.3,3,3,3,0.0,0.0,0.0,0.0,0,948.6667,0.2907,0.0015,0.0015,0.0
2026-07-13 08:00:00,DeepSeek,78,54955,39759,15196,0.0659,96.1538,3.8462,2.5641,1.2821,6538.5,9098.4,10336.08,8450.4,138.9,10,25,29,0.0,3.8462,19.2308,0.0,2555,704.5513,0.3822,0.0008,0.0009,16.8136
2026-07-13 08:00:00,MiniMax,1,1123,924,199,0.0027,100.0,0.0,0.0,0.0,1229.0,1229.0,1229.0,397.0,54.0,1,1,1,0.0,0.0,0.0,0.0,35,1123.0,0.2154,0.0027,0.0027,17.5879
2026-07-13 08:00:00,Qwen,2,719,471,248,0.0012,50.0,50.0,0.0,0.0,1726.5,1936.65,1955.33,759.2,77.0,2,2,2,0.0,0.0,0.0,0.0,0,359.5,0.5265,0.0006,0.0012,0.0
2026-07-13 09:00:00,DeepSeek,125,83943,57171,26772,0.1007,96.8,3.2,0.0,2.4,6398.0,8599.0,10173.72,7537.6,174.8,10,30,35,0.8,2.4,16.0,0.0,4297,671.544,0.4683,0.0008,0.0008,16.0504
2026-07-13 09:00:00,MiniMax,7,4214,3035,1179,0.0101,100.0,0.0,0.0,0.0,914.0,1359.4,1386.28,580.9,139.6,5,6,7,0.0,14.2857,28.5714,0.0,176,602.0,0.3885,0.0014,0.0014,14.9279
2026-07-13 09:00:00,Qwen,2,1598,1178,420,0.0026,100.0,0.0,0.0,0.0,1913.0,2750.0,2824.4,889.65,137.8,2,2,2,0.0,0.0,50.0,50.0,0,799.0,0.3565,0.0013,0.0013,0.0
2026-07-13 10:00:00,DeepSeek,131,93944,66811,27133,0.1127,96.1832,3.8168,0.7634,0.7634,6566.0,8438.5,10043.8,7593.0,180.0,10,29,41,2.2901,0.7634,19.8473,0.0,4829,717.1298,0.4061,0.0009,0.0009,17.7975
2026-07-13 10:00:00,MiniMax,5,4095,2861,1234,0.0098,100.0,0.0,0.0,0.0,1226.0,2007.8,2111.96,489.6,165.6,4,4,5,0.0,0.0,40.0,40.0,270,819.0,0.4313,0.002,0.002,21.8801
2026-07-13 10:00:00,Qwen,3,1624,1057,567,0.0026,100.0,0.0,0.0,0.0,1538.0,2298.5,2366.1,765.0,64.5,3,3,3,0.0,0.0,0.0,0.0,0,541.3333,0.5364,0.0009,0.0009,0.0
2026-07-13 11:00:00,DeepSeek,200,140293,99755,40538,0.1683,96.5,3.5,1.0,1.5,6490.5,9027.85,10048.16,8131.2,155.05,10,30,40,1.5,4.5,12.5,0.0,6867,701.465,0.4064,0.0008,0.0009,16.9397
2026-07-13 11:00:00,MiniMax,8,4162,2551,1611,0.01,87.5,12.5,0.0,12.5,1197.0,1776.35,1826.47,544.9,97.25,6,8,8,37.5,12.5,12.5,0.0,248,520.25,0.6315,0.0012,0.0014,15.3942
2026-07-13 11:00:00,Qwen,5,3911,3078,833,0.0063,100.0,0.0,0.0,0.0,1671.0,2337.4,2440.28,917.8,90.8,4,4,4,0.0,0.0,0.0,0.0,0,782.2,0.2706,0.0013,0.0013,0.0
2026-07-13 12:00:00,DeepSeek,131,90992,64347,26645,0.1092,95.4198,4.5802,1.5267,2.2901,6511.0,8945.5,10191.2,8678.5,151.5,10,27,37,1.5267,3.8168,16.7939,0.0,4610,694.5954,0.4141,0.0008,0.0009,17.3016
2026-07-13 12:00:00,MiniMax,7,5128,3761,1367,0.0123,100.0,0.0,0.0,0.0,1030.0,1561.1,1720.22,465.9,110.6,6,7,7,0.0,0.0,14.2857,0.0,190,732.5714,0.3635,0.0018,0.0018,13.899
2026-07-13 12:00:00,Qwen,1,421,223,198,0.0007,100.0,0.0,0.0,0.0,2684.0,2684.0,2684.0,845.0,129.0,1,1,1,0.0,0.0,100.0,0.0,0,421.0,0.8879,0.0007,0.0007,0.0
2026-07-13 13:00:00,DeepSeek,127,88036,60698,27338,0.1056,96.8504,3.1496,1.5748,1.5748,6385.0,9301.9,10202.48,7968.1,162.8,10,29,40,1.5748,3.937,14.9606,0.0,4366,693.1969,0.4504,0.0008,0.0009,15.9704
2026-07-13 13:00:00,MiniMax,3,2279,1839,440,0.0055,100.0,0.0,0.0,0.0,1320.0,1423.5,1432.7,463.0,114.6,3,3,3,0.0,0.0,0.0,0.0,75,759.6667,0.2393,0.0018,0.0018,17.0455
2026-07-13 13:00:00,Qwen,5,3501,2432,1069,0.0056,80.0,20.0,20.0,0.0,1664.0,2873.4,2889.08,755.0,95.2,4,5,4,0.0,0.0,0.0,0.0,0,700.2,0.4396,0.0011,0.0014,0.0
2026-07-13 14:00:00,DeepSeek,109,78839,55122,23717,0.0946,97.2477,2.7523,0.0,2.7523,6483.0,8971.8,10165.36,7701.2,176.6,10,26,34,0.0,0.0,26.6055,0.9174,3852,723.2936,0.4303,0.0009,0.0009,16.2415
2026-07-13 14:00:00,MiniMax,1,209,85,124,0.0005,100.0,0.0,0.0,0.0,970.0,970.0,970.0,398.0,49.0,1,1,1,0.0,0.0,0.0,0.0,6,209.0,1.4588,0.0005,0.0005,4.8387
2026-07-13 15:00:00,DeepSeek,125,82730,58950,23780,0.0993,94.4,5.6,2.4,2.4,6419.0,8420.0,9717.52,8001.6,174.4,10,28,34,1.6,3.2,15.2,0.0,3917,661.84,0.4034,0.0008,0.0008,16.4718
2026-07-13 15:00:00,MiniMax,7,4079,3093,986,0.0098,100.0,0.0,0.0,0.0,925.0,1542.2,1685.24,457.1,201.0,5,6,6,0.0,0.0,28.5714,0.0,169,582.7143,0.3188,0.0014,0.0014,17.14
2026-07-13 15:00:00,Qwen,3,1212,733,479,0.0019,66.6667,33.3333,0.0,33.3333,1959.0,3012.9,3106.58,1706.6,73.9,2,3,3,33.3333,0.0,0.0,0.0,0,404.0,0.6535,0.0006,0.001,0.0
2026-07-13 16:00:00,DeepSeek,122,79833,54895,24938,0.0958,95.082,4.918,1.6393,3.2787,6413.5,9622.6,10555.34,8952.9,143.85,10,29,35,1.6393,3.2787,18.8525,0.0,4276,654.3689,0.4543,0.0008,0.0008,17.1465
2026-07-13 16:00:00,MiniMax,3,2626,1722,904,0.0063,100.0,0.0,0.0,0.0,1292.0,1740.2,1780.04,647.9,118.9,2,3,2,0.0,0.0,0.0,0.0,133,875.3333,0.525,0.0021,0.0021,14.7124
2026-07-13 16:00:00,Qwen,3,3325,2509,816,0.0053,100.0,0.0,0.0,0.0,2362.0,2605.0,2626.6,732.4,99.4,3,3,3,0.0,0.0,66.6667,0.0,0,1108.3333,0.3252,0.0018,0.0018,0.0
2026-07-13 17:00:00,DeepSeek,115,80696,57186,23510,0.0968,94.7826,5.2174,0.8696,1.7391,6521.0,8681.8,10208.24,7920.2,155.5,10,28,34,0.0,5.2174,16.5217,0.0,3952,701.7043,0.4111,0.0008,0.0009,16.8099
2026-07-13 17:00:00,MiniMax,3,1898,1140,758,0.0046,100.0,0.0,0.0,0.0,1406.0,1803.8,1839.16,441.1,114.3,3,3,3,0.0,0.0,0.0,0.0,93,632.6667,0.6649,0.0015,0.0015,12.2691
2026-07-13 17:00:00,Qwen,2,987,551,436,0.0016,100.0,0.0,0.0,0.0,2267.0,2768.3,2812.86,660.65,128.2,2,2,2,0.0,0.0,50.0,0.0,0,493.5,0.7913,0.0008,0.0008,0.0
2026-07-13 18:00:00,DeepSeek,75,46877,32555,14322,0.0563,94.6667,5.3333,4.0,1.3333,6483.0,7663.5,9183.34,7270.6,123.3,10,26,29,0.0,2.6667,17.3333,0.0,2137,625.0267,0.4399,0.0008,0.0008,14.9211
2026-07-13 18:00:00,MiniMax,2,1369,1145,224,0.0033,100.0,0.0,0.0,0.0,839.5,848.05,848.81,645.35,50.9,2,2,2,0.0,0.0,50.0,50.0,58,684.5,0.1956,0.0016,0.0016,25.8929
2026-07-13 18:00:00,Qwen,2,641,352,289,0.001,100.0,0.0,0.0,0.0,1393.5,1609.05,1628.21,537.85,87.9,2,2,2,0.0,0.0,0.0,0.0,0,320.5,0.821,0.0005,0.0005,0.0
2026-07-13 19:00:00,DeepSeek,80,56148,40157,15991,0.0674,95.0,5.0,1.25,3.75,6418.0,8977.4,10406.93,7962.9,147.05,10,28,32,0.0,7.5,15.0,0.0,2932,701.85,0.3982,0.0008,0.0009,18.3353
2026-07-13 19:00:00,MiniMax,3,3643,3214,429,0.0087,100.0,0.0,0.0,0.0,1190.0,1594.1,1630.02,439.5,70.5,3,3,3,0.0,0.0,0.0,0.0,66,1214.3333,0.1335,0.0029,0.0029,15.3846
2026-07-13 19:00:00,Qwen,1,1029,806,223,0.0016,100.0,0.0,0.0,0.0,1165.0,1165.0,1165.0,481.0,7.0,1,1,1,0.0,0.0,0.0,0.0,0,1029.0,0.2767,0.0016,0.0016,0.0
2026-07-13 20:00:00,DeepSeek,83,57902,41368,16534,0.0695,95.1807,4.8193,0.0,1.2048,6577.0,8133.2,9790.26,7510.5,173.8,10,30,34,3.6145,3.6145,21.6867,0.0,2906,697.6145,0.3997,0.0008,0.0009,17.5759
2026-07-13 20:00:00,MiniMax,1,1500,1218,282,0.0036,100.0,0.0,0.0,0.0,1384.0,1384.0,1384.0,403.0,48.0,1,1,1,0.0,0.0,100.0,0.0,56,1500.0,0.2315,0.0036,0.0036,19.8582
2026-07-13 20:00:00,Qwen,4,3016,2312,704,0.0048,50.0,50.0,50.0,0.0,2020.5,2424.45,2428.89,644.1,100.5,3,3,4,0.0,0.0,0.0,0.0,0,754.0,0.3045,0.0012,0.0024,0.0
2026-07-13 21:00:00,DeepSeek,78,60969,43269,17700,0.0732,94.8718,5.1282,1.2821,2.5641,6570.0,9394.15,10239.14,8046.7,134.3,10,28,31,0.0,5.1282,19.2308,0.0,3075,781.6538,0.4091,0.0009,0.001,17.3729
2026-07-13 21:00:00,MiniMax,2,1674,1229,445,0.004,100.0,0.0,0.0,0.0,1013.5,1099.45,1107.09,393.0,142.15,2,2,2,0.0,0.0,50.0,0.0,46,837.0,0.3621,0.002,0.002,10.3371
2026-07-13 22:00:00,DeepSeek,27,17251,10845,6406,0.0207,100.0,0.0,0.0,0.0,6864.0,8844.1,9836.92,8361.4,120.0,9,15,19,3.7037,0.0,14.8148,0.0,946,638.9259,0.5907,0.0008,0.0008,14.7674
2026-07-13 22:00:00,Qwen,1,510,285,225,0.0008,100.0,0.0,0.0,0.0,2045.0,2045.0,2045.0,637.0,78.0,1,1,1,0.0,0.0,0.0,0.0,0,510.0,0.7895,0.0008,0.0008,0.0
2026-07-13 23:00:00,DeepSeek,35,23457,17401,6056,0.0281,94.2857,5.7143,2.8571,2.8571,6431.0,9732.9,10464.88,9212.9,162.2,10,19,22,5.7143,8.5714,14.2857,0.0,986,670.2,0.348,0.0008,0.0009,16.2814
2026-07-13 23:00:00,MiniMax,1,1613,1461,152,0.0039,100.0,0.0,0.0,0.0,1024.0,1024.0,1024.0,327.0,16.0,1,1,1,0.0,0.0,0.0,0.0,22,1613.0,0.104,0.0039,0.0039,14.4737
2026-07-13 23:00:00,Qwen,1,1694,1334,360,0.0027,100.0,0.0,0.0,0.0,2531.0,2531.0,2531.0,552.0,39.0,1,1,1,0.0,0.0,0.0,0.0,0,1694.0,0.2699,0.0027,0.0027,0.0
2026-07-14 00:00:00,DeepSeek,27,18477,11653,6824,0.0222,88.8889,11.1111,0.0,7.4074,7741.0,11838.1,12174.4,9919.7,118.4,8,16,18,0.0,14.8148,18.5185,0.0,1141,684.3333,0.5856,0.0008,0.0009,16.7204
2026-07-14 00:00:00,MiniMax,1,665,411,254,0.0016,100.0,0.0,0.0,0.0,1472.0,1472.0,1472.0,386.0,81.0,1,1,1,0.0,0.0,0.0,0.0,36,665.0,0.618,0.0016,0.0016,14.1732
2026-07-14 00:00:00,Qwen,1,946,799,147,0.0015,100.0,0.0,0.0,0.0,2861.0,2861.0,2861.0,761.0,101.0,1,1,1,0.0,0.0,0.0,0.0,0,946.0,0.184,0.0015,0.0015,0.0
2026-07-14 01:00:00,DeepSeek,18,11497,7439,4058,0.0138,83.3333,16.6667,11.1111,5.5556,7489.5,10190.75,12655.75,8423.25,113.9,8,13,15,0.0,11.1111,11.1111,0.0,704,638.7222,0.5455,0.0008,0.0009,17.3484
2026-07-14 01:00:00,MiniMax,3,1825,1522,303,0.0044,100.0,0.0,0.0,0.0,1082.0,1082.9,1082.98,519.8,192.7,3,3,3,0.0,0.0,33.3333,0.0,67,608.3333,0.1991,0.0015,0.0015,22.1122
2026-07-14 02:00:00,DeepSeek,32,20205,14428,5777,0.0242,96.875,3.125,3.125,0.0,7592.0,10428.2,10747.75,7986.8,159.0,9,21,20,0.0,0.0,9.375,0.0,917,631.4062,0.4004,0.0008,0.0008,15.8733
2026-07-14 02:00:00,MiniMax,2,1023,731,292,0.0025,100.0,0.0,0.0,0.0,963.0,1037.7,1044.34,433.65,96.4,2,2,2,0.0,0.0,50.0,0.0,21,511.5,0.3995,0.0012,0.0012,7.1918
2026-07-14 02:00:00,Qwen,1,801,510,291,0.0013,100.0,0.0,0.0,0.0,2305.0,2305.0,2305.0,721.0,94.0,1,1,1,0.0,0.0,0.0,100.0,0,801.0,0.5706,0.0013,0.0013,0.0
2026-07-14 03:00:00,DeepSeek,30,18798,12470,6328,0.0226,96.6667,3.3333,0.0,3.3333,7188.0,9465.75,10535.63,8013.4,171.5,9,16,19,0.0,10.0,23.3333,0.0,775,626.6,0.5075,0.0008,0.0008,12.2472
2026-07-14 03:00:00,Qwen,1,544,341,203,0.0009,100.0,0.0,0.0,0.0,5003.0,5003.0,5003.0,2223.0,28.0,1,1,1,0.0,0.0,100.0,0.0,0,544.0,0.5953,0.0009,0.0009,0.0
2026-07-14 04:00:00,DeepSeek,24,13775,9524,4251,0.0165,91.6667,8.3333,0.0,4.1667,7478.5,10194.25,11655.31,8266.9,243.1,10,18,16,4.1667,4.1667,12.5,0.0,726,573.9583,0.4463,0.0007,0.0008,17.0783
2026-07-14 04:00:00,Qwen,1,353,300,53,0.0006,100.0,0.0,0.0,0.0,1259.0,1259.0,1259.0,828.0,85.0,1,1,1,0.0,0.0,0.0,0.0,0,353.0,0.1767,0.0006,0.0006,0.0
2026-07-14 05:00:00,DeepSeek,38,30109,22008,8101,0.0361,89.4737,10.5263,0.0,2.6316,7584.0,12363.9,12687.75,10546.8,165.75,9,23,24,0.0,0.0,23.6842,0.0,1381,792.3421,0.3681,0.001,0.0011,17.0473
2026-07-14 05:00:00,Qwen,1,276,167,109,0.0004,100.0,0.0,0.0,0.0,2743.0,2743.0,2743.0,1178.0,175.0,1,1,1,0.0,0.0,0.0,0.0,0,276.0,0.6527,0.0004,0.0004,0.0
2026-07-14 06:00:00,DeepSeek,65,43981,29599,14382,0.0528,87.6923,12.3077,1.5385,4.6154,7465.0,10293.8,11470.64,8624.0,193.0,10,26,30,3.0769,6.1538,16.9231,0.0,2047,676.6308,0.4859,0.0008,0.0009,14.2331
2026-07-14 06:00:00,MiniMax,3,2641,1674,967,0.0063,100.0,0.0,0.0,0.0,1025.0,1829.6,1901.12,493.4,26.8,2,3,3,0.0,0.0,33.3333,0.0,135,880.3333,0.5777,0.0021,0.0021,13.9607
2026-07-14 06:00:00,Qwen,1,544,379,165,0.0009,100.0,0.0,0.0,0.0,2946.0,2946.0,2946.0,1109.0,116.0,1,1,1,0.0,0.0,0.0,0.0,0,544.0,0.4354,0.0009,0.0009,0.0
2026-07-14 07:00:00,DeepSeek,74,54585,38589,15996,0.0655,85.1351,14.8649,8.1081,2.7027,7568.0,10488.85,12331.06,8610.3,168.05,10,26,31,1.3514,5.4054,12.1622,0.0,2706,737.6351,0.4145,0.0009,0.001,16.9167
2026-07-14 07:00:00,MiniMax,5,2959,2130,829,0.0071,100.0,0.0,0.0,0.0,1144.0,1341.2,1358.64,619.8,253.0,4,4,4,0.0,0.0,20.0,0.0,138,591.8,0.3892,0.0014,0.0014,16.6466
2026-07-14 07:00:00,Qwen,2,1551,1167,384,0.0025,100.0,0.0,0.0,0.0,2642.5,3083.95,3123.19,759.8,19.75,2,2,2,0.0,0.0,0.0,0.0,0,775.5,0.329,0.0012,0.0012,0.0
2026-07-14 08:00:00,DeepSeek,68,45980,32890,13090,0.0552,92.6471,7.3529,2.9412,1.4706,7462.0,10811.95,12708.89,8808.8,134.85,10,25,34,2.9412,2.9412,13.2353,0.0,2421,676.1765,0.398,0.0008,0.0009,18.495
2026-07-14 08:00:00,MiniMax,1,381,209,172,0.0009,100.0,0.0,0.0,0.0,1079.0,1079.0,1079.0,431.0,56.0,1,1,1,0.0,0.0,0.0,0.0,41,381.0,0.823,0.0009,0.0009,23.8372
2026-07-14 08:00:00,Qwen,3,2165,1241,924,0.0035,100.0,0.0,0.0,0.0,2606.0,4502.3,4670.86,937.9,69.8,3,3,3,0.0,0.0,100.0,33.3333,0,721.6667,0.7446,0.0012,0.0012,0.0
2026-07-14 09:00:00,DeepSeek,107,70017,49377,20640,0.084,86.9159,13.0841,2.8037,6.5421,7313.0,12000.6,12901.24,10214.1,154.1,10,27,38,0.0,8.4112,17.757,0.9346,3112,654.3645,0.418,0.0008,0.0009,15.0775
2026-07-14 09:00:00,MiniMax,7,4416,3015,1401,0.0106,100.0,0.0,0.0,0.0,1033.0,1739.7,1862.34,520.0,199.0,6,7,7,0.0,0.0,0.0,0.0,220,630.8571,0.4647,0.0015,0.0015,15.7031
2026-07-14 09:00:00,Qwen,2,965,633,332,0.0015,100.0,0.0,0.0,0.0,2362.5,2533.95,2549.19,746.55,105.95,2,2,2,0.0,0.0,50.0,0.0,0,482.5,0.5245,0.0008,0.0008,0.0
2026-07-14 10:00:00,DeepSeek,132,92731,65494,27237,0.1113,82.5758,17.4242,5.303,6.8182,7341.5,12332.1,13610.46,10468.85,164.25,10,30,41,2.2727,6.8182,19.697,0.0,4301,702.5076,0.4159,0.0008,0.001,15.791
2026-07-14 10:00:00,MiniMax,8,4702,3305,1397,0.0113,100.0,0.0,0.0,0.0,1018.0,1560.1,1653.62,528.45,178.5,6,7,7,0.0,0.0,25.0,0.0,216,587.75,0.4227,0.0014,0.0014,15.4617
2026-07-14 10:00:00,Qwen,2,750,440,310,0.0012,100.0,0.0,0.0,0.0,4041.0,5061.6,5152.32,2000.0,129.5,2,2,2,0.0,0.0,0.0,0.0,0,375.0,0.7045,0.0006,0.0006,0.0
2026-07-14 11:00:00,DeepSeek,134,91440,64768,26672,0.1097,90.2985,9.7015,1.4925,4.4776,7435.5,11085.45,12644.08,9506.9,139.35,10,29,34,5.2239,5.2239,17.1642,0.0,4445,682.3881,0.4118,0.0008,0.0009,16.6654
2026-07-14 11:00:00,MiniMax,7,5507,3820,1687,0.0132,100.0,0.0,0.0,0.0,1062.0,2174.0,2229.2,521.5,177.6,6,7,7,0.0,0.0,14.2857,0.0,303,786.7143,0.4416,0.0019,0.0019,17.9609
2026-07-14 11:00:00,Qwen,4,3866,3085,781,0.0062,100.0,0.0,0.0,0.0,2947.0,4039.2,4177.44,1164.55,131.8,2,3,3,0.0,0.0,0.0,0.0,0,966.5,0.2532,0.0015,0.0015,0.0
2026-07-14 12:00:00,DeepSeek,116,74062,51167,22895,0.0889,91.3793,8.6207,3.4483,2.5862,7396.5,12588.5,13600.95,10342.5,178.5,10,28,36,1.7241,7.7586,12.931,0.0,4070,638.4655,0.4475,0.0008,0.0008,17.7768
2026-07-14 12:00:00,MiniMax,2,1134,933,201,0.0027,100.0,0.0,0.0,0.0,853.5,904.35,908.87,411.85,117.0,2,2,2,0.0,0.0,50.0,0.0,27,567.0,0.2154,0.0014,0.0014,13.4328
2026-07-14 12:00:00,Qwen,5,3115,2632,483,0.005,80.0,20.0,0.0,0.0,2204.0,2711.0,2724.6,897.2,150.8,3,5,4,0.0,20.0,20.0,0.0,0,623.0,0.1835,0.001,0.0012,0.0
2026-07-14 13:00:00,DeepSeek,129,92096,65944,26152,0.1105,83.7209,16.2791,3.1008,7.7519,7423.0,10000.2,11420.08,8380.6,138.6,10,28,35,1.5504,8.5271,16.2791,0.0,4311,713.9225,0.3966,0.0009,0.001,16.4844
2026-07-14 13:00:00,MiniMax,3,1343,741,602,0.0032,100.0,0.0,0.0,0.0,1168.0,1372.3,1390.46,416.9,46.0,3,3,3,0.0,0.0,0.0,0.0,69,447.6667,0.8124,0.0011,0.0011,11.4618
2026-07-14 13:00:00,Qwen,1,969,891,78,0.0016,100.0,0.0,0.0,0.0,5321.0,5321.0,5321.0,2562.0,112.0,1,1,1,0.0,0.0,0.0,0.0,0,969.0,0.0875,0.0016,0.0016,0.0
2026-07-14 14:00:00,DeepSeek,131,89703,65924,23779,0.1076,87.7863,12.2137,2.2901,4.5802,7503.0,11496.0,12850.7,9494.5,148.5,10,29,38,0.0,9.9237,19.8473,0.0,3810,684.7557,0.3607,0.0008,0.0009,16.0225
2026-07-14 14:00:00,MiniMax,6,3724,2498,1226,0.0089,100.0,0.0,0.0,0.0,975.5,2088.5,2339.3,439.5,140.25,5,6,6,0.0,0.0,0.0,0.0,225,620.6667,0.4908,0.0015,0.0015,18.3524
2026-07-14 14:00:00,Qwen,6,2529,1270,1259,0.004,83.3333,16.6667,16.6667,0.0,2979.5,4045.25,4277.05,1030.25,85.25,3,5,5,0.0,0.0,33.3333,0.0,0,421.5,0.9913,0.0007,0.0008,0.0
2026-07-14 15:00:00,DeepSeek,141,90623,63164,27459,0.1088,89.3617,10.6383,2.8369,2.8369,7549.0,11481.0,13382.0,9417.0,138.0,10,28,37,2.1277,2.8369,19.1489,0.0,4433,642.7163,0.4347,0.0008,0.0009,16.1441
2026-07-14 15:00:00,MiniMax,7,4716,3039,1677,0.0113,85.7143,14.2857,0.0,0.0,1432.0,2265.8,2369.96,636.6,229.8,4,6,5,14.2857,14.2857,28.5714,0.0,227,673.7143,0.5518,0.0016,0.0019,13.5361
2026-07-14 15:00:00,Qwen,1,1044,392,652,0.0017,100.0,0.0,0.0,0.0,5922.0,5922.0,5922.0,994.0,57.0,1,1,1,0.0,0.0,100.0,0.0,0,1044.0,1.6633,0.0017,0.0017,0.0
2026-07-14 16:00:00,DeepSeek,116,75169,52423,22746,0.0902,92.2414,7.7586,2.5862,3.4483,7627.0,11131.75,12669.7,9251.0,165.25,10,29,33,0.0,2.5862,15.5172,0.8621,3987,648.0086,0.4339,0.0008,0.0008,17.5284
2026-07-14 16:00:00,MiniMax,8,6406,5203,1203,0.0154,100.0,0.0,0.0,0.0,1024.0,1113.35,1118.67,498.1,73.9,7,8,7,0.0,0.0,0.0,0.0,175,800.75,0.2312,0.0019,0.0019,14.547
2026-07-14 16:00:00,Qwen,5,4106,3251,855,0.0066,80.0,20.0,0.0,20.0,2430.0,3468.0,3481.6,1133.6,229.8,3,4,4,0.0,0.0,0.0,0.0,0,821.2,0.263,0.0013,0.0016,0.0
2026-07-14 17:00:00,DeepSeek,130,93239,65256,27983,0.1119,87.6923,12.3077,5.3846,3.0769,7500.5,11496.1,13225.87,8670.4,172.85,10,29,41,0.7692,3.8462,18.4615,0.0,4706,717.2231,0.4288,0.0009,0.001,16.8174
2026-07-14 17:00:00,MiniMax,6,5495,3208,2287,0.0132,100.0,0.0,0.0,0.0,1750.5,2282.0,2349.2,726.25,195.5,4,4,6,0.0,0.0,0.0,0.0,467,915.8333,0.7129,0.0022,0.0022,20.4198
2026-07-14 17:00:00,Qwen,1,827,534,293,0.0013,100.0,0.0,0.0,0.0,3693.0,3693.0,3693.0,535.0,37.0,1,1,1,0.0,0.0,0.0,0.0,0,827.0,0.5487,0.0013,0.0013,0.0
2026-07-14 18:00:00,DeepSeek,67,43003,31503,11500,0.0516,98.5075,1.4925,1.4925,0.0,7425.0,11645.4,13905.42,9977.2,136.6,10,28,30,0.0,4.4776,17.9104,0.0,1673,641.8358,0.365,0.0008,0.0008,14.5478
2026-07-14 18:00:00,MiniMax,6,3956,2839,1117,0.0095,100.0,0.0,0.0,0.0,1099.0,1384.25,1432.05,626.5,108.0,6,6,6,0.0,16.6667,0.0,0.0,170,659.3333,0.3934,0.0016,0.0016,15.2193
2026-07-14 18:00:00,Qwen,2,1289,953,336,0.0021,100.0,0.0,0.0,0.0,3310.0,3856.3,3904.86,1257.6,201.2,2,2,2,0.0,0.0,0.0,0.0,0,644.5,0.3526,0.001,0.001,0.0
2026-07-14 19:00:00,DeepSeek,91,64150,46084,18066,0.077,92.3077,7.6923,5.4945,0.0,7684.0,11605.0,12639.6,9812.5,133.5,10,28,35,2.1978,7.6923,20.8791,0.0,2912,704.9451,0.392,0.0008,0.0009,16.1187
2026-07-14 19:00:00,MiniMax,1,318,180,138,0.0008,100.0,0.0,0.0,0.0,947.0,947.0,947.0,377.0,9.0,1,1,1,0.0,0.0,0.0,0.0,27,318.0,0.7667,0.0008,0.0008,19.5652
2026-07-14 19:00:00,Qwen,1,876,379,497,0.0014,100.0,0.0,0.0,0.0,5879.0,5879.0,5879.0,885.0,22.0,1,1,1,0.0,0.0,0.0,0.0,0,876.0,1.3113,0.0014,0.0014,0.0
2026-07-14 20:00:00,DeepSeek,78,50725,36738,13987,0.0609,91.0256,8.9744,1.2821,2.5641,7444.5,12584.9,13478.6,10547.4,130.2,10,25,30,0.0,5.1282,15.3846,0.0,2196,650.3205,0.3807,0.0008,0.0009,15.7003
2026-07-14 20:00:00,MiniMax,5,4641,3838,803,0.0111,100.0,0.0,0.0,0.0,1117.0,1225.8,1225.96,878.6,145.8,5,5,5,0.0,0.0,0.0,0.0,132,928.2,0.2092,0.0022,0.0022,16.4384
2026-07-14 20:00:00,Qwen,1,510,403,107,0.0008,100.0,0.0,0.0,0.0,1959.0,1959.0,1959.0,651.0,17.0,1,1,1,0.0,0.0,0.0,0.0,0,510.0,0.2655,0.0008,0.0008,0.0
2026-07-14 21:00:00,DeepSeek,75,48533,34762,13771,0.0582,92.0,8.0,2.6667,4.0,7699.0,11550.1,12600.26,9957.8,129.1,10,26,36,0.0,9.3333,10.6667,1.3333,2176,647.1067,0.3962,0.0008,0.0008,15.8013
2026-07-14 21:00:00,MiniMax,2,1424,1198,226,0.0034,100.0,0.0,0.0,0.0,818.5,819.85,819.97,518.55,161.15,2,2,2,0.0,0.0,0.0,0.0,29,712.0,0.1886,0.0017,0.0017,12.8319
2026-07-14 21:00:00,Qwen,3,2410,1510,900,0.0039,100.0,0.0,0.0,0.0,4076.0,4348.7,4372.94,1147.1,170.6,2,3,3,0.0,0.0,0.0,0.0,0,803.3333,0.596,0.0013,0.0013,0.0
2026-07-14 22:00:00,DeepSeek,38,22238,15789,6449,0.0267,86.8421,13.1579,0.0,5.2632,7109.0,9385.05,11701.42,8246.1,128.55,10,20,20,5.2632,2.6316,15.7895,0.0,1003,585.2105,0.4084,0.0007,0.0008,15.5528
2026-07-14 22:00:00,MiniMax,3,1749,1291,458,0.0042,100.0,0.0,0.0,0.0,857.0,1004.6,1017.72,387.1,56.7,3,3,3,0.0,0.0,0.0,0.0,59,583.0,0.3548,0.0014,0.0014,12.8821
2026-07-14 22:00:00,Qwen,1,572,472,100,0.0009,0.0,100.0,0.0,0.0,2236.0,2236.0,2236.0,721.0,12.0,1,1,1,0.0,100.0,0.0,0.0,0,572.0,0.2119,0.0009,,0.0
2026-07-14 23:00:00,DeepSeek,27,21197,15670,5527,0.0254,96.2963,3.7037,0.0,3.7037,7587.0,12919.7,13907.3,10000.5,183.3,10,16,15,0.0,3.7037,25.9259,0.0,1102,785.0741,0.3527,0.0009,0.001,19.9385
2026-07-14 23:00:00,Qwen,1,733,663,70,0.0012,100.0,0.0,0.0,0.0,2171.0,2171.0,2171.0,878.0,20.0,1,1,1,0.0,0.0,0.0,0.0,0,733.0,0.1056,0.0012,0.0012,0.0
2026-07-15 00:00:00,DeepSeek,26,19121,14259,4862,0.0229,96.1538,3.8462,3.8462,0.0,12973.5,18110.75,18163.25,11463.5,195.5,7,15,17,7.6923,0.0,15.3846,0.0,814,735.4231,0.341,0.0009,0.0009,16.7421
2026-07-15 00:00:00,MiniMax,1,376,214,162,0.0009,100.0,0.0,0.0,0.0,1264.0,1264.0,1264.0,522.0,124.0,1,1,1,0.0,0.0,0.0,0.0,26,376.0,0.757,0.0009,0.0009,16.0494
2026-07-15 01:00:00,DeepSeek,24,17708,11834,5874,0.0213,95.8333,4.1667,0.0,4.1667,10672.5,17716.95,21723.02,10449.4,145.4,10,18,18,0.0,4.1667,12.5,0.0,1064,737.8333,0.4964,0.0009,0.0009,18.1137
2026-07-15 01:00:00,MiniMax,1,872,630,242,0.0021,100.0,0.0,0.0,0.0,1648.0,1648.0,1648.0,573.0,64.0,1,1,1,0.0,0.0,100.0,0.0,14,872.0,0.3841,0.0021,0.0021,5.7851
2026-07-15 02:00:00,DeepSeek,16,9815,6480,3335,0.0118,100.0,0.0,0.0,0.0,14224.5,21098.0,22504.4,13546.25,91.0,8,15,11,0.0,0.0,18.75,0.0,646,613.4375,0.5147,0.0007,0.0007,19.3703
2026-07-15 03:00:00,DeepSeek,26,18895,13124,5771,0.0227,88.4615,11.5385,3.8462,3.8462,12227.5,21469.5,24460.25,13832.5,150.5,9,15,17,0.0,3.8462,0.0,0.0,929,726.7308,0.4397,0.0009,0.001,16.0977
2026-07-15 04:00:00,DeepSeek,24,19682,14186,5496,0.0236,87.5,12.5,0.0,8.3333,11642.5,17408.15,18615.26,11272.8,158.55,10,14,17,0.0,4.1667,20.8333,0.0,850,820.0833,0.3874,0.001,0.0011,15.4658
2026-07-15 04:00:00,MiniMax,1,521,399,122,0.0012,100.0,0.0,0.0,0.0,951.0,951.0,951.0,340.0,47.0,1,1,1,0.0,0.0,0.0,0.0,30,521.0,0.3058,0.0012,0.0012,24.5902
2026-07-15 05:00:00,DeepSeek,25,16818,12203,4615,0.0202,96.0,4.0,0.0,0.0,11249.0,17557.4,18747.72,11017.6,134.8,10,15,18,0.0,0.0,12.0,0.0,846,672.72,0.3782,0.0008,0.0008,18.3315
2026-07-15 06:00:00,DeepSeek,78,57462,38766,18696,0.069,91.0256,8.9744,2.5641,2.5641,12413.5,19372.6,20518.65,11464.95,140.3,10,28,32,0.0,7.6923,14.1026,0.0,3335,736.6923,0.4823,0.0009,0.001,17.838
2026-07-15 06:00:00,MiniMax,4,3307,2743,564,0.0079,100.0,0.0,0.0,0.0,918.5,989.3,991.46,445.95,134.25,4,4,4,0.0,0.0,0.0,0.0,112,826.75,0.2056,0.002,0.002,19.8582
2026-07-15 06:00:00,Qwen,2,1351,986,365,0.0022,100.0,0.0,0.0,0.0,3264.5,3298.25,3301.25,1036.8,84.15,2,2,2,0.0,0.0,100.0,0.0,0,675.5,0.3702,0.0011,0.0011,0.0
2026-07-15 07:00:00,DeepSeek,66,46588,33349,13239,0.0559,89.3939,10.6061,0.0,7.5758,11018.5,18961.0,21179.2,12237.5,214.5,10,22,27,1.5152,6.0606,9.0909,0.0,2018,705.8788,0.397,0.0008,0.0009,15.2428
2026-07-15 07:00:00,MiniMax,4,3429,2533,896,0.0082,100.0,0.0,0.0,0.0,1287.0,1317.8,1318.76,402.3,83.5,3,4,4,0.0,0.0,50.0,0.0,219,857.25,0.3537,0.0021,0.0021,24.442
2026-07-15 08:00:00,DeepSeek,66,43293,30440,12853,0.052,93.9394,6.0606,4.5455,1.5152,10766.0,21050.75,22937.6,13555.0,180.5,10,28,32,1.5152,7.5758,13.6364,0.0,1942,655.9545,0.4222,0.0008,0.0008,15.1093
2026-07-15 08:00:00,MiniMax,3,2538,1989,549,0.0061,100.0,0.0,0.0,0.0,1103.0,1348.7,1370.54,519.9,161.8,2,3,3,0.0,0.0,33.3333,33.3333,81,846.0,0.276,0.002,0.002,14.7541
2026-07-15 08:00:00,Qwen,2,2764,2303,461,0.0044,50.0,50.0,0.0,50.0,3806.0,4145.3,4175.46,782.0,86.45,2,2,2,0.0,0.0,0.0,0.0,0,1382.0,0.2002,0.0022,0.0044,0.0
2026-07-15 09:00:00,DeepSeek,128,84000,57964,26036,0.1008,96.875,3.125,0.0,1.5625,12986.5,21669.5,22870.01,13971.6,159.65,10,30,34,1.5625,4.6875,15.625,0.0,4501,656.25,0.4492,0.0008,0.0008,17.2876
2026-07-15 09:00:00,MiniMax,3,3606,2099,1507,0.0087,100.0,0.0,0.0,0.0,1887.0,2316.3,2354.46,470.1,69.5,2,2,3,0.0,0.0,0.0,0.0,231,1202.0,0.718,0.0029,0.0029,15.3285
2026-07-15 09:00:00,Qwen,4,2359,1502,857,0.0038,75.0,25.0,25.0,0.0,4502.0,6278.25,6382.05,2132.35,90.15,3,4,4,0.0,0.0,25.0,0.0,0,589.75,0.5706,0.0009,0.0013,0.0
2026-07-15 10:00:00,DeepSeek,107,76033,53651,22382,0.0912,89.7196,10.2804,1.8692,7.4766,12264.0,21660.1,23865.84,13876.4,207.0,10,30,33,0.0,6.5421,13.0841,0.0,3862,710.5888,0.4172,0.0009,0.001,17.2549
2026-07-15 10:00:00,MiniMax,7,4860,3165,1695,0.0117,100.0,0.0,0.0,0.0,1200.0,1791.7,1815.94,599.0,117.4,5,6,7,0.0,0.0,14.2857,0.0,376,694.2857,0.5355,0.0017,0.0017,22.1829
2026-07-15 10:00:00,Qwen,2,1235,1043,192,0.002,100.0,0.0,0.0,0.0,3502.5,5062.65,5201.33,2111.5,26.85,2,2,2,0.0,0.0,0.0,0.0,0,617.5,0.1841,0.001,0.001,0.0
2026-07-15 11:00:00,DeepSeek,101,75621,54685,20936,0.0907,93.0693,6.9307,1.9802,1.9802,12135.0,20863.0,23001.0,13227.0,151.0,10,27,34,0.9901,3.9604,15.8416,0.0,3272,748.7228,0.3828,0.0009,0.001,15.6286
2026-07-15 11:00:00,MiniMax,4,2118,1312,806,0.0051,100.0,0.0,0.0,0.0,1321.0,1746.75,1770.15,799.0,173.95,4,4,4,0.0,0.0,25.0,0.0,165,529.5,0.6143,0.0013,0.0013,20.4715
2026-07-15 11:00:00,Qwen,3,1663,970,693,0.0027,100.0,0.0,0.0,0.0,3379.0,3844.3,3885.66,1022.5,113.3,2,2,3,0.0,0.0,33.3333,0.0,0,554.3333,0.7144,0.0009,0.0009,0.0
2026-07-15 12:00:00,DeepSeek,120,79999,56263,23736,0.096,94.1667,5.8333,0.8333,4.1667,11119.5,19464.2,22705.01,11850.3,179.25,10,28,38,1.6667,5.0,20.8333,0.8333,3720,666.6583,0.4219,0.0008,0.0008,15.6724
2026-07-15 12:00:00,MiniMax,7,4857,3562,1295,0.0117,100.0,0.0,0.0,0.0,1357.0,1563.2,1593.44,614.9,161.8,6,7,7,14.2857,14.2857,14.2857,0.0,233,693.8571,0.3636,0.0017,0.0017,17.9923
2026-07-15 12:00:00,Qwen,6,4488,3299,1189,0.0072,100.0,0.0,0.0,0.0,5034.0,6981.0,7145.0,2396.5,130.5,4,4,6,0.0,16.6667,16.6667,0.0,0,748.0,0.3604,0.0012,0.0012,0.0
2026-07-15 13:00:00,DeepSeek,113,84427,61947,22480,0.1013,91.1504,8.8496,3.5398,3.5398,11678.0,18215.6,24014.04,11728.2,156.6,10,30,39,0.885,5.3097,14.1593,0.0,3550,747.1416,0.3629,0.0009,0.001,15.7918
2026-07-15 13:00:00,MiniMax,5,4210,2820,1390,0.0101,100.0,0.0,0.0,0.0,1195.0,1853.4,1879.48,484.8,109.0,4,4,5,0.0,0.0,40.0,0.0,274,842.0,0.4929,0.002,0.002,19.7122
2026-07-15 13:00:00,Qwen,3,2977,2302,675,0.0048,100.0,0.0,0.0,0.0,3730.0,3744.4,3745.68,1211.8,170.0,3,3,3,0.0,0.0,33.3333,0.0,0,992.3333,0.2932,0.0016,0.0016,0.0
2026-07-15 14:00:00,DeepSeek,124,87608,61057,26551,0.1051,93.5484,6.4516,3.2258,1.6129,11500.0,18488.85,20153.04,11571.4,172.9,10,29,36,4.8387,1.6129,20.1613,0.0,4207,706.5161,0.4349,0.0008,0.0009,15.845
2026-07-15 14:00:00,MiniMax,8,6040,4352,1688,0.0145,100.0,0.0,0.0,0.0,1115.5,2467.35,2831.07,544.3,161.7,6,7,7,0.0,0.0,12.5,0.0,248,755.0,0.3879,0.0018,0.0018,14.6919
2026-07-15 14:00:00,Qwen,2,1040,842,198,0.0017,100.0,0.0,0.0,0.0,2615.0,2813.9,2831.58,891.95,55.25,2,2,2,0.0,0.0,50.0,0.0,0,520.0,0.2352,0.0008,0.0008,0.0
2026-07-15 15:00:00,DeepSeek,129,84958,57921,27037,0.102,94.5736,5.4264,0.0,3.1008,11252.0,22039.6,23179.52,14449.6,144.2,10,29,38,0.7752,3.876,19.3798,0.0,4452,658.5891,0.4668,0.0008,0.0008,16.4663
2026-07-15 15:00:00,MiniMax,2,906,564,342,0.0022,100.0,0.0,0.0,0.0,937.5,946.05,946.81,387.9,48.8,2,2,2,0.0,0.0,0.0,0.0,60,453.0,0.6064,0.0011,0.0011,17.5439
2026-07-15 15:00:00,Qwen,2,1509,1174,335,0.0024,100.0,0.0,0.0,0.0,3388.0,3543.7,3557.54,1194.45,78.05,2,2,2,0.0,0.0,50.0,0.0,0,754.5,0.2853,0.0012,0.0012,0.0
2026-07-15 16:00:00,DeepSeek,137,97075,67409,29666,0.1165,93.4307,6.5693,0.7299,3.6496,11006.0,21346.6,24400.2,13448.6,146.6,10,28,36,0.7299,6.5693,17.5182,0.0,4708,708.5766,0.4401,0.0009,0.0009,15.87
2026-07-15 16:00:00,MiniMax,7,4467,3265,1202,0.0107,100.0,0.0,0.0,0.0,951.0,1335.0,1368.6,507.5,158.5,4,5,7,0.0,14.2857,28.5714,0.0,181,638.1429,0.3681,0.0015,0.0015,15.0582
2026-07-15 16:00:00,Qwen,5,3038,2020,1018,0.0049,100.0,0.0,0.0,0.0,2627.0,3926.0,4093.2,968.4,164.2,4,4,5,0.0,0.0,20.0,0.0,0,607.6,0.504,0.001,0.001,0.0
2026-07-15 17:00:00,DeepSeek,132,88003,61714,26289,0.1056,89.3939,10.6061,1.5152,4.5455,11720.5,20157.05,22331.11,12509.95,171.7,10,29,41,3.0303,6.0606,13.6364,0.0,4346,666.6894,0.426,0.0008,0.0009,16.5316
2026-07-15 17:00:00,MiniMax,4,2307,1590,717,0.0055,100.0,0.0,0.0,0.0,1004.0,1432.9,1487.38,535.95,149.3,3,4,3,0.0,25.0,25.0,0.0,116,576.75,0.4509,0.0014,0.0014,16.1785
2026-07-15 17:00:00,Qwen,2,2041,1748,293,0.0033,100.0,0.0,0.0,0.0,1898.5,2603.65,2666.33,690.85,28.75,2,2,2,0.0,0.0,50.0,0.0,0,1020.5,0.1676,0.0016,0.0016,0.0
2026-07-15 18:00:00,DeepSeek,78,49961,34109,15852,0.06,96.1538,3.8462,0.0,1.2821,11701.5,19085.0,22625.43,12312.55,151.15,10,26,32,0.0,3.8462,15.3846,0.0,2413,640.5256,0.4647,0.0008,0.0008,15.2221
2026-07-15 18:00:00,MiniMax,5,2474,1386,1088,0.0059,100.0,0.0,0.0,0.0,1195.0,2019.2,2059.04,575.2,158.6,4,5,5,0.0,0.0,0.0,0.0,187,494.8,0.785,0.0012,0.0012,17.1875
2026-07-15 18:00:00,Qwen,2,1197,978,219,0.0019,100.0,0.0,0.0,0.0,2401.0,2448.7,2452.94,925.95,42.3,2,2,2,0.0,0.0,0.0,0.0,0,598.5,0.2239,0.001,0.001,0.0
2026-07-15 19:00:00,DeepSeek,62,47601,32063,15538,0.0571,96.7742,3.2258,0.0,3.2258,12342.5,19013.3,19817.67,11014.3,172.95,10,26,27,0.0,4.8387,22.5806,1.6129,2515,767.7581,0.4846,0.0009,0.001,16.1861
2026-07-15 19:00:00,MiniMax,2,1599,1212,387,0.0038,100.0,0.0,0.0,0.0,1241.0,1338.2,1346.84,459.4,118.6,2,2,2,0.0,0.0,0.0,0.0,69,799.5,0.3193,0.0019,0.0019,17.8295
2026-07-15 19:00:00,Qwen,1,977,668,309,0.0016,100.0,0.0,0.0,0.0,2400.0,2400.0,2400.0,679.0,25.0,1,1,1,0.0,0.0,0.0,0.0,0,977.0,0.4626,0.0016,0.0016,0.0
2026-07-15 20:00:00,DeepSeek,76,56933,40465,16468,0.0683,96.0526,3.9474,0.0,3.9474,12779.5,18318.75,21828.75,11532.5,146.25,10,27,29,1.3158,7.8947,22.3684,0.0,3006,749.1184,0.407,0.0009,0.0009,18.2536
2026-07-15 20:00:00,MiniMax,4,3913,3001,912,0.0094,100.0,0.0,0.0,0.0,1068.5,1465.0,1508.2,468.6,121.35,4,4,4,0.0,0.0,50.0,0.0,122,978.25,0.3039,0.0023,0.0023,13.3772
2026-07-15 21:00:00,DeepSeek,66,41274,28755,12519,0.0495,89.3939,10.6061,1.5152,3.0303,10694.5,17945.5,22261.5,11003.5,172.25,10,23,29,0.0,9.0909,25.7576,0.0,1912,625.3636,0.4354,0.0008,0.0008,15.2728
2026-07-15 21:00:00,MiniMax,7,3880,2705,1175,0.0093,100.0,0.0,0.0,0.0,1097.0,1508.9,1536.98,535.5,139.7,4,7,7,0.0,14.2857,0.0,14.2857,156,554.2857,0.4344,0.0013,0.0013,13.2766
2026-07-15 21:00:00,Qwen,2,1386,698,688,0.0022,100.0,0.0,0.0,0.0,4031.5,5814.85,5973.37,1014.5,57.85,2,2,2,0.0,0.0,0.0,0.0,0,693.0,0.9857,0.0011,0.0011,0.0
2026-07-15 22:00:00,DeepSeek,36,23321,16218,7103,0.028,86.1111,13.8889,0.0,5.5556,11408.0,18588.5,20709.4,11428.75,157.5,10,20,20,0.0,5.5556,22.2222,0.0,1154,647.8056,0.438,0.0008,0.0009,16.2467
2026-07-15 22:00:00,MiniMax,2,645,308,337,0.0015,100.0,0.0,0.0,0.0,1026.5,1133.15,1142.63,508.65,89.75,2,2,2,0.0,0.0,0.0,0.0,50,322.5,1.0942,0.0008,0.0008,14.8368
2026-07-15 23:00:00,DeepSeek,34,24433,18603,5830,0.0293,91.1765,8.8235,2.9412,2.9412,12890.5,19812.65,22934.11,12548.65,165.0,10,19,20,0.0,8.8235,20.5882,0.0,966,718.6176,0.3134,0.0009,0.0009,16.5695
2026-07-15 23:00:00,Qwen,3,1347,788,559,0.0022,66.6667,33.3333,0.0,0.0,3612.0,4243.8,4299.96,1430.0,175.2,3,3,3,0.0,33.3333,0.0,0.0,0,449.0,0.7094,0.0007,0.0011,0.0
2026-07-16 00:00:00,DeepSeek,28,19358,13634,5724,0.0232,92.8571,7.1429,3.5714,3.5714,13126.0,20444.3,23592.53,13153.0,164.65,9,20,20,3.5714,3.5714,28.5714,0.0,851,691.3571,0.4198,0.0008,0.0009,14.8672
2026-07-16 01:00:00,DeepSeek,23,12206,8308,3898,0.0146,95.6522,4.3478,0.0,0.0,10844.0,15612.6,21399.5,10106.6,145.3,8,15,17,0.0,8.6957,8.6957,0.0,644,530.6957,0.4692,0.0006,0.0007,16.5213
2026-07-16 02:00:00,DeepSeek,24,14961,10064,4897,0.018,91.6667,8.3333,0.0,4.1667,10468.5,21339.25,23529.14,13463.25,189.2,8,14,17,4.1667,8.3333,12.5,0.0,818,623.375,0.4866,0.0007,0.0008,16.7041
2026-07-16 02:00:00,Qwen,2,1758,1383,375,0.0028,100.0,0.0,0.0,0.0,3557.0,4395.8,4470.36,1184.3,249.0,1,1,2,0.0,0.0,0.0,0.0,0,879.0,0.2711,0.0014,0.0014,0.0
2026-07-16 03:00:00,DeepSeek,24,15361,10470,4891,0.0184,91.6667,8.3333,0.0,0.0,11913.5,17665.0,22120.27,11062.9,168.65,8,15,15,4.1667,0.0,20.8333,0.0,884,640.0417,0.4671,0.0008,0.0008,18.074
2026-07-16 03:00:00,MiniMax,2,1749,1437,312,0.0042,100.0,0.0,0.0,0.0,1512.0,2097.9,2149.98,827.9,76.7,1,2,2,0.0,0.0,0.0,0.0,41,874.5,0.2171,0.0021,0.0021,13.141
2026-07-16 03:00:00,Qwen,1,514,265,249,0.0008,0.0,100.0,0.0,100.0,3368.0,3368.0,3368.0,687.0,7.0,1,1,1,0.0,0.0,0.0,0.0,0,514.0,0.9396,0.0008,,0.0
2026-07-16 04:00:00,DeepSeek,42,25484,19033,6451,0.0306,92.8571,7.1429,4.7619,2.381,10473.0,19385.45,21556.62,12403.05,128.05,10,20,23,0.0,4.7619,11.9048,2.381,1051,606.7619,0.3389,0.0007,0.0008,16.292
2026-07-16 04:00:00,MiniMax,1,601,275,326,0.0014,100.0,0.0,0.0,0.0,2832.0,2832.0,2832.0,585.0,121.0,1,1,1,0.0,0.0,100.0,0.0,50,601.0,1.1855,0.0014,0.0014,15.3374
2026-07-16 04:00:00,Qwen,1,531,216,315,0.0008,100.0,0.0,0.0,0.0,2958.0,2958.0,2958.0,763.0,36.0,1,1,1,0.0,0.0,100.0,0.0,0,531.0,1.4583,0.0008,0.0008,0.0
2026-07-16 05:00:00,DeepSeek,16,12312,8841,3471,0.0148,87.5,12.5,6.25,0.0,14147.5,21815.0,22597.4,13824.5,153.0,6,11,11,0.0,0.0,6.25,0.0,600,769.5,0.3926,0.0009,0.0011,17.2861
2026-07-16 05:00:00,MiniMax,3,1511,879,632,0.0036,100.0,0.0,0.0,0.0,1972.0,2348.2,2381.64,912.9,318.1,2,3,2,0.0,0.0,33.3333,0.0,117,503.6667,0.719,0.0012,0.0012,18.5127
2026-07-16 06:00:00,DeepSeek,70,43954,28844,15110,0.0527,91.4286,8.5714,2.8571,4.2857,11792.0,21205.45,21745.56,13414.55,129.65,10,25,32,0.0,1.4286,20.0,0.0,2324,627.9143,0.5239,0.0008,0.0008,15.3805
2026-07-16 06:00:00,MiniMax,2,1986,1513,473,0.0048,50.0,50.0,0.0,50.0,1923.0,1950.0,1952.4,858.25,95.25,2,2,2,0.0,0.0,0.0,0.0,42,993.0,0.3126,0.0024,0.0048,8.8795
2026-07-16 06:00:00,Qwen,4,2400,1596,804,0.0038,75.0,25.0,0.0,0.0,3360.5,3412.75,3416.95,1165.95,184.65,3,4,4,0.0,25.0,50.0,0.0,0,600.0,0.5038,0.001,0.0013,0.0
2026-07-16 07:00:00,DeepSeek,71,51315,36674,14641,0.0616,92.9577,7.0423,2.8169,2.8169,12759.0,18201.5,22603.0,11611.0,143.5,10,27,32,4.2254,7.0423,21.1268,0.0,2389,722.7465,0.3992,0.0009,0.0009,16.3172
2026-07-16 07:00:00,MiniMax,3,1707,1071,636,0.0041,100.0,0.0,0.0,0.0,1968.0,2169.6,2187.52,737.9,61.7,2,2,3,0.0,33.3333,0.0,0.0,157,569.0,0.5938,0.0014,0.0014,24.6855
2026-07-16 08:00:00,DeepSeek,83,56231,39023,17208,0.0675,92.7711,7.2289,3.6145,1.2048,12147.0,18107.9,22818.52,11497.8,177.9,9,24,35,1.2048,7.2289,15.6627,0.0,2763,677.4819,0.441,0.0008,0.0009,16.0565
2026-07-16 08:00:00,MiniMax,2,1933,1365,568,0.0046,100.0,0.0,0.0,0.0,2474.5,2703.55,2723.91,577.35,29.6,2,2,2,0.0,0.0,50.0,0.0,98,966.5,0.4161,0.0023,0.0023,17.2535
2026-07-16 08:00:00,Qwen,1,370,258,112,0.0006,100.0,0.0,0.0,0.0,5716.0,5716.0,5716.0,2425.0,18.0,1,1,1,0.0,0.0,0.0,0.0,0,370.0,0.4341,0.0006,0.0006,0.0
2026-07-16 09:00:00,DeepSeek,129,85348,58715,26633,0.1024,92.2481,7.7519,3.1008,2.3256,11996.0,21381.8,23749.56,13729.4,159.6,10,28,34,3.1008,3.1008,17.0543,0.0,4197,661.6124,0.4536,0.0008,0.0009,15.7586
2026-07-16 09:00:00,MiniMax,5,2819,1781,1038,0.0068,80.0,20.0,0.0,0.0,2078.0,2511.8,2575.16,1223.8,87.8,5,5,5,0.0,20.0,20.0,0.0,174,563.8,0.5828,0.0014,0.0017,16.763
2026-07-16 09:00:00,Qwen,6,4363,3414,949,0.007,100.0,0.0,0.0,0.0,3298.0,6003.0,6584.6,2228.25,294.25,4,5,4,0.0,0.0,16.6667,0.0,0,727.1667,0.278,0.0012,0.0012,0.0
2026-07-16 10:00:00,DeepSeek,131,92176,66072,26104,0.1106,93.8931,6.1069,3.0534,2.2901,11037.0,20897.0,22948.7,12946.5,147.5,10,29,36,0.0,4.5802,16.0305,0.0,4127,703.6336,0.3951,0.0008,0.0009,15.8098
2026-07-16 10:00:00,MiniMax,4,3578,2239,1339,0.0086,75.0,25.0,0.0,25.0,2386.5,3637.6,3797.92,947.75,148.4,4,4,4,0.0,0.0,50.0,0.0,239,894.5,0.598,0.0021,0.0029,17.8491
2026-07-16 10:00:00,Qwen,1,333,215,118,0.0005,100.0,0.0,0.0,0.0,3043.0,3043.0,3043.0,970.0,187.0,1,1,1,0.0,0.0,100.0,0.0,0,333.0,0.5488,0.0005,0.0005,0.0
2026-07-16 11:00:00,DeepSeek,126,90164,64813,25351,0.1082,94.4444,5.5556,2.381,0.7937,12552.0,19195.75,21758.5,11635.5,163.5,10,28,34,0.0,4.7619,17.4603,0.0,3950,715.5873,0.3911,0.0009,0.0009,15.5812
2026-07-16 11:00:00,MiniMax,5,4347,3301,1046,0.0104,80.0,20.0,0.0,20.0,1581.0,2069.6,2143.52,879.0,100.4,5,5,5,0.0,20.0,0.0,0.0,98,869.4,0.3169,0.0021,0.0026,9.369
2026-07-16 11:00:00,Qwen,3,2054,1448,606,0.0033,100.0,0.0,0.0,0.0,2785.0,3488.8,3551.36,827.5,99.7,3,3,3,0.0,0.0,33.3333,0.0,0,684.6667,0.4185,0.0011,0.0011,0.0
2026-07-16 12:00:00,DeepSeek,127,89824,64273,25551,0.1078,93.7008,6.2992,2.3622,1.5748,12022.0,20689.9,23511.28,13072.8,191.7,10,26,33,0.0,6.2992,22.0472,0.0,4049,707.2756,0.3975,0.0008,0.0009,15.8467
2026-07-16 12:00:00,MiniMax,5,2574,1693,881,0.0062,80.0,20.0,20.0,0.0,1495.0,2343.4,2389.48,770.6,75.2,3,5,5,0.0,20.0,40.0,0.0,90,514.8,0.5204,0.0012,0.0015,10.2157
2026-07-16 13:00:00,DeepSeek,123,88823,61984,26839,0.1066,94.3089,5.6911,0.813,1.626,12442.0,20068.2,24197.94,12973.4,160.9,10,29,37,2.439,4.878,14.6341,0.0,4160,722.1382,0.433,0.0009,0.0009,15.4998
2026-07-16 13:00:00,MiniMax,6,2440,1618,822,0.0059,100.0,0.0,0.0,0.0,1590.0,2054.25,2091.65,925.25,124.5,5,5,5,0.0,0.0,0.0,0.0,129,406.6667,0.508,0.001,0.001,15.6934
2026-07-16 13:00:00,Qwen,6,4721,3491,1230,0.0076,100.0,0.0,0.0,0.0,2755.5,4789.75,5026.75,1202.75,219.25,4,6,6,0.0,0.0,16.6667,0.0,0,786.8333,0.3523,0.0013,0.0013,0.0
2026-07-16 14:00:00,DeepSeek,100,67137,47073,20064,0.0806,93.0,7.0,0.0,3.0,11730.5,19205.1,23689.37,12600.0,192.65,10,29,34,2.0,9.0,16.0,0.0,3106,671.37,0.4262,0.0008,0.0009,15.4805
2026-07-16 14:00:00,MiniMax,6,4251,3395,856,0.0102,83.3333,16.6667,0.0,16.6667,1591.0,2477.5,2545.1,969.25,100.5,6,6,6,0.0,16.6667,0.0,16.6667,123,708.5,0.2521,0.0017,0.002,14.3692
2026-07-16 14:00:00,Qwen,6,3459,2435,1024,0.0055,83.3333,16.6667,16.6667,0.0,2827.0,4196.25,4288.05,1311.75,189.75,5,5,5,0.0,0.0,33.3333,0.0,0,576.5,0.4205,0.0009,0.0011,0.0
2026-07-16 15:00:00,DeepSeek,121,86938,59542,27396,0.1043,95.0413,4.9587,1.6529,1.6529,11517.0,22239.0,23787.6,13843.0,156.0,10,30,37,1.6529,4.9587,12.3967,0.0,4142,718.4959,0.4601,0.0009,0.0009,15.119
2026-07-16 15:00:00,MiniMax,7,4255,2944,1311,0.0102,85.7143,14.2857,14.2857,0.0,1792.0,2557.3,2667.46,1067.8,94.0,6,6,7,0.0,0.0,28.5714,0.0,162,607.8571,0.4453,0.0015,0.0017,12.357
2026-07-16 15:00:00,Qwen,7,6249,4646,1603,0.01,85.7143,14.2857,14.2857,0.0,3118.0,4827.9,4903.98,1227.1,245.1,6,7,7,0.0,14.2857,0.0,0.0,0,892.7143,0.345,0.0014,0.0017,0.0
2026-07-16 16:00:00,DeepSeek,126,91829,63973,27856,0.1102,94.4444,5.5556,1.5873,1.5873,11802.0,20708.25,22857.25,12477.25,177.25,10,29,41,1.5873,2.381,15.873,0.0,4654,728.8016,0.4354,0.0009,0.0009,16.7074
2026-07-16 16:00:00,MiniMax,5,2628,1756,872,0.0063,100.0,0.0,0.0,0.0,1247.0,1851.8,1904.76,670.2,117.6,4,5,5,0.0,0.0,0.0,0.0,139,525.6,0.4966,0.0013,0.0013,15.9404
2026-07-16 16:00:00,Qwen,3,2213,1613,600,0.0035,100.0,0.0,0.0,0.0,4014.0,4403.7,4438.34,1281.8,128.0,3,3,3,0.0,0.0,33.3333,0.0,0,737.6667,0.372,0.0012,0.0012,0.0
2026-07-16 17:00:00,DeepSeek,125,80579,55970,24609,0.0967,88.8,11.2,2.4,4.8,11527.0,17963.2,23160.52,11242.6,170.2,10,30,35,0.8,3.2,18.4,0.0,3822,644.632,0.4397,0.0008,0.0009,15.5309
2026-07-16 17:00:00,MiniMax,6,3500,2704,796,0.0084,100.0,0.0,0.0,0.0,1527.5,1982.5,2030.1,771.25,61.5,4,5,4,0.0,0.0,16.6667,0.0,128,583.3333,0.2944,0.0014,0.0014,16.0804
2026-07-16 17:00:00,Qwen,4,4193,2990,1203,0.0067,100.0,0.0,0.0,0.0,4131.5,4543.95,4578.39,1340.85,104.75,4,4,4,0.0,0.0,50.0,0.0,0,1048.25,0.4023,0.0017,0.0017,0.0
2026-07-16 18:00:00,DeepSeek,66,49016,31632,17384,0.0588,100.0,0.0,0.0,0.0,11924.0,21807.25,30873.25,13314.25,188.0,10,25,30,1.5152,4.5455,18.1818,0.0,2518,742.6667,0.5496,0.0009,0.0009,14.4846
2026-07-16 18:00:00,MiniMax,6,3683,2431,1252,0.0088,100.0,0.0,0.0,0.0,1637.0,3368.0,3572.0,887.75,232.75,5,6,6,16.6667,0.0,16.6667,0.0,176,613.8333,0.515,0.0015,0.0015,14.0575
2026-07-16 18:00:00,Qwen,1,450,305,145,0.0007,100.0,0.0,0.0,0.0,3836.0,3836.0,3836.0,1049.0,49.0,1,1,1,0.0,0.0,100.0,0.0,0,450.0,0.4754,0.0007,0.0007,0.0
2026-07-16 19:00:00,DeepSeek,68,46217,33595,12622,0.0555,95.5882,4.4118,1.4706,2.9412,12351.0,19044.85,21374.75,11474.1,167.3,10,26,31,4.4118,2.9412,20.5882,0.0,1982,679.6618,0.3757,0.0008,0.0009,15.7027
2026-07-16 19:00:00,MiniMax,4,2191,1311,880,0.0053,100.0,0.0,0.0,0.0,1780.0,2195.2,2206.24,634.7,149.45,2,2,4,0.0,0.0,0.0,0.0,125,547.75,0.6712,0.0013,0.0013,14.2045
2026-07-16 20:00:00,DeepSeek,59,41781,30958,10823,0.0501,98.3051,1.6949,0.0,0.0,11205.0,17110.0,22881.6,10742.0,140.6,10,26,28,0.0,1.6949,18.6441,0.0,1989,708.1525,0.3496,0.0008,0.0009,18.3775
2026-07-16 20:00:00,MiniMax,2,1268,883,385,0.003,100.0,0.0,0.0,0.0,2171.0,2732.6,2782.52,790.8,84.35,2,2,2,0.0,0.0,0.0,0.0,92,634.0,0.436,0.0015,0.0015,23.8961
2026-07-16 20:00:00,Qwen,3,1455,954,501,0.0023,66.6667,33.3333,0.0,33.3333,2928.0,3828.9,3908.98,1002.2,89.7,3,3,3,0.0,0.0,0.0,0.0,0,485.0,0.5252,0.0008,0.0012,0.0
2026-07-16 21:00:00,DeepSeek,79,51232,36425,14807,0.0615,92.4051,7.5949,0.0,5.0633,10916.0,21289.8,22522.42,13513.5,145.6,10,25,33,0.0,5.0633,17.7215,1.2658,2406,648.5063,0.4065,0.0008,0.0008,16.2491
2026-07-16 21:00:00,MiniMax,1,427,383,44,0.001,100.0,0.0,0.0,0.0,2092.0,2092.0,2092.0,862.0,171.0,1,1,1,0.0,0.0,0.0,0.0,7,427.0,0.1149,0.001,0.001,15.9091
2026-07-16 21:00:00,Qwen,2,1036,698,338,0.0017,100.0,0.0,0.0,0.0,4172.0,4958.6,5028.52,2250.45,72.8,1,2,2,0.0,0.0,50.0,0.0,0,518.0,0.4842,0.0008,0.0008,0.0
2026-07-16 22:00:00,DeepSeek,30,19367,13947,5420,0.0232,100.0,0.0,0.0,0.0,11261.5,20821.6,22440.88,13435.35,226.2,10,19,22,0.0,10.0,23.3333,0.0,787,645.5667,0.3886,0.0008,0.0008,14.5203
2026-07-16 22:00:00,MiniMax,1,926,796,130,0.0022,100.0,0.0,0.0,0.0,1587.0,1587.0,1587.0,447.0,25.0,1,1,1,0.0,0.0,0.0,0.0,32,926.0,0.1633,0.0022,0.0022,24.6154
2026-07-16 22:00:00,Qwen,1,193,119,74,0.0003,100.0,0.0,0.0,0.0,1469.0,1469.0,1469.0,660.0,38.0,1,1,1,0.0,0.0,0.0,0.0,0,193.0,0.6218,0.0003,0.0003,0.0
2026-07-16 23:00:00,DeepSeek,39,29576,21312,8264,0.0355,92.3077,7.6923,0.0,5.1282,10910.0,21518.4,22115.96,13798.3,124.4,10,23,24,0.0,0.0,20.5128,0.0,1322,758.359,0.3878,0.0009,0.001,15.9971
2026-07-16 23:00:00,MiniMax,1,1288,1105,183,0.0031,100.0,0.0,0.0,0.0,1659.0,1659.0,1659.0,612.0,50.0,1,1,1,0.0,0.0,100.0,0.0,11,1288.0,0.1656,0.0031,0.0031,6.0109
2026-07-16 23:00:00,Qwen,2,1472,1006,466,0.0024,100.0,0.0,0.0,0.0,3746.0,4178.0,4216.4,1232.05,164.05,2,2,2,0.0,0.0,50.0,0.0,0,736.0,0.4632,0.0012,0.0012,0.0
2026-07-17 00:00:00,DeepSeek,20,13621,9134,4487,0.0163,90.0,10.0,5.0,5.0,7054.0,8816.25,9762.45,8337.2,188.15,7,13,10,0.0,10.0,10.0,0.0,637,681.05,0.4912,0.0008,0.0009,14.1966
2026-07-17 00:00:00,MiniMax,2,1319,659,660,0.0032,100.0,0.0,0.0,0.0,2483.0,3238.1,3305.22,607.15,68.35,2,2,2,0.0,0.0,50.0,0.0,93,659.5,1.0015,0.0016,0.0016,14.0909
2026-07-17 01:00:00,DeepSeek,25,17508,12296,5212,0.021,96.0,4.0,0.0,0.0,6396.0,8865.2,9002.68,6602.4,126.2,9,16,18,0.0,4.0,16.0,0.0,768,700.32,0.4239,0.0008,0.0009,14.7352
2026-07-17 01:00:00,MiniMax,1,761,448,313,0.0018,100.0,0.0,0.0,0.0,2734.0,2734.0,2734.0,459.0,69.0,1,1,1,0.0,0.0,0.0,0.0,33,761.0,0.6987,0.0018,0.0018,10.5431
2026-07-17 01:00:00,Qwen,1,1090,542,548,0.0017,100.0,0.0,0.0,0.0,4469.0,4469.0,4469.0,657.0,103.0,1,1,1,0.0,100.0,0.0,0.0,0,1090.0,1.0111,0.0017,0.0017,0.0
2026-07-17 02:00:00,DeepSeek,11,8898,6229,2669,0.0107,100.0,0.0,0.0,0.0,6623.0,10516.5,11324.9,9015.5,222.5,7,8,10,0.0,0.0,9.0909,0.0,503,808.9091,0.4285,0.001,0.001,18.846
2026-07-17 02:00:00,Qwen,1,1241,1111,130,0.002,100.0,0.0,0.0,0.0,1666.0,1666.0,1666.0,533.0,31.0,1,1,1,0.0,0.0,100.0,0.0,0,1241.0,0.117,0.002,0.002,0.0
2026-07-17 03:00:00,DeepSeek,30,21358,15192,6166,0.0256,96.6667,3.3333,3.3333,0.0,6799.5,9390.9,10718.49,9144.9,158.95,9,16,20,0.0,6.6667,16.6667,0.0,979,711.9333,0.4059,0.0009,0.0009,15.8774
2026-07-17 03:00:00,MiniMax,2,750,503,247,0.0018,100.0,0.0,0.0,0.0,1222.5,1313.85,1321.97,734.0,88.2,2,2,2,0.0,50.0,0.0,0.0,59,375.0,0.4911,0.0009,0.0009,23.8866
2026-07-17 03:00:00,Qwen,2,1781,1549,232,0.0028,100.0,0.0,0.0,0.0,2466.0,3528.0,3622.4,1651.3,3.85,2,2,2,0.0,0.0,0.0,0.0,0,890.5,0.1498,0.0014,0.0014,0.0
2026-07-17 04:00:00,DeepSeek,21,15437,11446,3991,0.0185,100.0,0.0,0.0,0.0,6247.0,7219.0,9314.2,6198.0,130.0,8,16,18,0.0,9.5238,9.5238,0.0,552,735.0952,0.3487,0.0009,0.0009,13.8311
2026-07-17 04:00:00,MiniMax,1,415,327,88,0.001,100.0,0.0,0.0,0.0,1423.0,1423.0,1423.0,698.0,112.0,1,1,1,0.0,0.0,0.0,0.0,17,415.0,0.2691,0.001,0.001,19.3182
2026-07-17 04:00:00,Qwen,2,1223,883,340,0.002,50.0,50.0,0.0,0.0,1995.0,2156.1,2170.42,625.8,56.65,2,2,2,0.0,0.0,50.0,0.0,0,611.5,0.3851,0.001,0.002,0.0
2026-07-17 05:00:00,DeepSeek,30,23956,18121,5835,0.0287,96.6667,3.3333,0.0,0.0,6552.5,10060.7,10300.67,9501.1,169.75,9,17,20,0.0,3.3333,10.0,0.0,930,798.5333,0.322,0.001,0.001,15.9383
2026-07-17 05:00:00,MiniMax,1,407,280,127,0.001,100.0,0.0,0.0,0.0,1485.0,1485.0,1485.0,433.0,51.0,1,1,1,0.0,0.0,0.0,0.0,13,407.0,0.4536,0.001,0.001,10.2362
2026-07-17 06:00:00,DeepSeek,84,60695,44067,16628,0.0728,94.0476,5.9524,2.381,2.381,6596.0,8746.95,10528.58,8019.35,157.7,10,28,32,1.1905,2.381,26.1905,0.0,2590,722.5595,0.3773,0.0009,0.0009,15.5761
2026-07-17 06:00:00,MiniMax,2,1855,1495,360,0.0045,100.0,0.0,0.0,0.0,1904.5,2102.05,2119.61,636.7,59.05,2,2,2,0.0,0.0,50.0,0.0,60,927.5,0.2408,0.0022,0.0022,16.6667
2026-07-17 06:00:00,Qwen,2,1250,1080,170,0.002,100.0,0.0,0.0,0.0,1825.5,2250.75,2288.55,686.45,47.7,2,2,2,0.0,0.0,50.0,0.0,0,625.0,0.1574,0.001,0.001,0.0
2026-07-17 07:00:00,DeepSeek,93,60048,40775,19273,0.0721,98.9247,1.0753,0.0,1.0753,6683.0,8752.6,10605.76,8047.6,113.4,9,26,30,4.3011,4.3011,16.129,0.0,3287,645.6774,0.4727,0.0008,0.0008,17.0549
2026-07-17 07:00:00,MiniMax,5,4758,3812,946,0.0114,60.0,40.0,0.0,20.0,1863.0,2073.8,2085.16,647.0,160.2,5,5,5,0.0,0.0,20.0,0.0,87,951.6,0.2482,0.0023,0.0038,9.1966
2026-07-17 08:00:00,DeepSeek,72,43904,30555,13349,0.0527,98.6111,1.3889,0.0,1.3889,6498.0,8281.85,9580.1,7180.5,148.75,10,24,26,1.3889,6.9444,26.3889,0.0,2278,609.7778,0.4369,0.0007,0.0007,17.0649
2026-07-17 08:00:00,MiniMax,4,2010,1327,683,0.0048,100.0,0.0,0.0,0.0,1774.0,1900.55,1915.31,836.05,122.95,4,4,4,25.0,0.0,75.0,25.0,100,502.5,0.5147,0.0012,0.0012,14.6413
2026-07-17 08:00:00,Qwen,1,482,368,114,0.0008,100.0,0.0,0.0,0.0,1814.0,1814.0,1814.0,453.0,11.0,1,1,1,0.0,0.0,0.0,0.0,0,482.0,0.3098,0.0008,0.0008,0.0
2026-07-17 09:00:00,DeepSeek,138,96132,69081,27051,0.1154,94.9275,5.0725,1.4493,2.8986,6531.5,9230.45,10677.02,8931.7,176.15,10,29,40,1.4493,5.7971,18.1159,0.0,4190,696.6087,0.3916,0.0008,0.0009,15.4893
2026-07-17 09:00:00,MiniMax,3,2692,1986,706,0.0065,100.0,0.0,0.0,0.0,1733.0,2196.5,2237.7,619.0,130.8,3,3,3,0.0,0.0,33.3333,0.0,145,897.3333,0.3555,0.0022,0.0022,20.5382
2026-07-17 10:00:00,DeepSeek,128,84449,60620,23829,0.1013,96.875,3.125,0.7812,0.7812,6642.5,9152.85,10737.74,8613.15,180.95,10,27,40,0.7812,3.9062,13.2812,0.0,3899,659.7578,0.3931,0.0008,0.0008,16.3624
2026-07-17 10:00:00,MiniMax,9,7975,4661,3314,0.0191,100.0,0.0,0.0,0.0,2598.0,4793.2,4814.64,682.6,95.2,8,9,9,0.0,0.0,11.1111,0.0,569,886.1111,0.711,0.0021,0.0021,17.1696
2026-07-17 10:00:00,Qwen,2,1013,729,284,0.0016,50.0,50.0,0.0,50.0,1177.0,1284.1,1293.62,557.6,84.45,2,2,2,0.0,50.0,0.0,0.0,0,506.5,0.3896,0.0008,0.0016,0.0
2026-07-17 11:00:00,DeepSeek,134,91224,64817,26407,0.1095,97.0149,2.9851,0.0,1.4925,6631.0,9673.9,10264.33,8487.75,172.65,10,28,37,0.7463,2.2388,14.9254,0.0,4186,680.7761,0.4074,0.0008,0.0008,15.8519
2026-07-17 11:00:00,MiniMax,5,3107,2421,686,0.0075,100.0,0.0,0.0,0.0,1416.0,1550.6,1563.72,771.6,146.2,4,5,4,0.0,0.0,40.0,0.0,92,621.4,0.2834,0.0015,0.0015,13.4111
2026-07-17 11:00:00,Qwen,1,478,365,113,0.0008,100.0,0.0,0.0,0.0,1648.0,1648.0,1648.0,496.0,23.0,1,1,1,0.0,100.0,0.0,0.0,0,478.0,0.3096,0.0008,0.0008,0.0
2026-07-17 12:00:00,DeepSeek,121,80641,54602,26039,0.0968,95.0413,4.9587,1.6529,0.8264,6671.0,8681.0,10849.8,7736.0,142.0,10,28,35,0.8264,2.4793,19.8347,0.8264,4290,666.4545,0.4769,0.0008,0.0008,16.4753
2026-07-17 12:00:00,MiniMax,3,2036,951,1085,0.0049,100.0,0.0,0.0,0.0,1901.0,3057.5,3160.3,580.5,111.4,3,3,3,0.0,0.0,33.3333,0.0,138,678.6667,1.1409,0.0016,0.0016,12.7189
2026-07-17 12:00:00,Qwen,1,729,605,124,0.0012,100.0,0.0,0.0,0.0,1827.0,1827.0,1827.0,735.0,33.0,1,1,1,0.0,0.0,0.0,0.0,0,729.0,0.205,0.0012,0.0012,0.0
2026-07-17 13:00:00,DeepSeek,114,78592,54986,23606,0.0943,96.4912,3.5088,0.0,3.5088,6607.0,8667.1,10252.69,7813.15,156.75,10,29,41,1.7544,4.386,14.0351,0.0,3816,689.4035,0.4293,0.0008,0.0009,16.1654
2026-07-17 13:00:00,MiniMax,8,4583,3385,1198,0.011,100.0,0.0,0.0,0.0,1699.5,2133.1,2181.82,734.55,120.3,6,8,6,0.0,0.0,25.0,0.0,168,572.875,0.3539,0.0014,0.0014,14.0234
2026-07-17 13:00:00,Qwen,4,2150,1500,650,0.0034,100.0,0.0,0.0,0.0,1617.5,2027.25,2078.25,640.9,61.7,3,3,4,0.0,0.0,0.0,0.0,0,537.5,0.4333,0.0009,0.0009,0.0
2026-07-17 14:00:00,DeepSeek,115,85876,62224,23652,0.1031,96.5217,3.4783,2.6087,0.0,6656.0,9727.4,10780.24,8951.7,162.1,10,29,39,0.0,6.9565,14.7826,0.0,3883,746.7478,0.3801,0.0009,0.0009,16.4172
2026-07-17 14:00:00,MiniMax,8,4209,3062,1147,0.0101,87.5,12.5,12.5,0.0,1178.0,2141.4,2196.28,942.5,117.4,4,8,8,0.0,12.5,12.5,0.0,239,526.125,0.3746,0.0013,0.0014,20.837
2026-07-17 14:00:00,Qwen,3,2084,1628,456,0.0033,66.6667,33.3333,0.0,33.3333,1727.0,1933.1,1951.42,739.8,99.7,3,3,3,0.0,33.3333,66.6667,33.3333,0,694.6667,0.2801,0.0011,0.0017,0.0
2026-07-17 15:00:00,DeepSeek,120,78849,57897,20952,0.0946,95.8333,4.1667,0.8333,0.8333,6559.0,9935.75,11310.35,9384.2,160.25,10,30,36,1.6667,4.1667,18.3333,0.0,3422,657.075,0.3619,0.0008,0.0008,16.3326
2026-07-17 15:00:00,MiniMax,9,6803,4943,1860,0.0163,100.0,0.0,0.0,0.0,1517.0,2783.6,3259.12,697.6,124.8,7,7,8,0.0,0.0,11.1111,0.0,353,755.8889,0.3763,0.0018,0.0018,18.9785
2026-07-17 15:00:00,Qwen,1,404,288,116,0.0006,100.0,0.0,0.0,0.0,1926.0,1926.0,1926.0,729.0,23.0,1,1,1,0.0,0.0,0.0,0.0,0,404.0,0.4028,0.0006,0.0006,0.0
2026-07-17 16:00:00,DeepSeek,135,89726,60080,29646,0.1077,95.5556,4.4444,2.2222,2.2222,6643.0,10091.0,11005.14,9388.5,163.6,10,28,36,0.7407,4.4444,11.8519,0.0,5067,664.637,0.4934,0.0008,0.0008,17.0917
2026-07-17 16:00:00,MiniMax,9,6782,4194,2588,0.0163,100.0,0.0,0.0,0.0,2119.0,4462.6,4869.32,749.2,114.6,5,6,6,0.0,0.0,22.2222,11.1111,495,753.5556,0.6171,0.0018,0.0018,19.1267
2026-07-17 16:00:00,Qwen,3,1196,792,404,0.0019,100.0,0.0,0.0,0.0,1994.0,2117.3,2128.26,1114.0,163.5,3,3,3,0.0,0.0,33.3333,0.0,0,398.6667,0.5101,0.0006,0.0006,0.0
2026-07-17 17:00:00,DeepSeek,129,90739,63884,26855,0.1089,92.2481,7.7519,1.5504,3.1008,6589.0,8958.8,10050.84,7633.6,164.6,10,27,30,0.0,5.4264,17.8295,0.0,4379,703.4031,0.4204,0.0008,0.0009,16.3061
2026-07-17 17:00:00,MiniMax,3,1634,1279,355,0.0039,100.0,0.0,0.0,0.0,1153.0,2368.0,2476.0,524.2,38.0,3,3,3,0.0,0.0,33.3333,0.0,64,544.6667,0.2776,0.0013,0.0013,18.0282
2026-07-17 17:00:00,Qwen,5,2514,1559,955,0.004,100.0,0.0,0.0,0.0,1646.0,2038.2,2070.84,906.4,104.2,3,4,5,20.0,0.0,20.0,0.0,0,502.8,0.6126,0.0008,0.0008,0.0
2026-07-17 18:00:00,DeepSeek,82,54621,36655,17966,0.0656,92.6829,7.3171,1.2195,0.0,6611.5,8522.95,9736.87,7349.45,181.2,10,25,32,2.439,6.0976,17.0732,0.0,2634,666.1098,0.4901,0.0008,0.0009,14.661
2026-07-17 18:00:00,MiniMax,2,1309,948,361,0.0031,100.0,0.0,0.0,0.0,1958.5,2028.25,2034.45,977.55,54.85,2,2,2,0.0,0.0,50.0,0.0,88,654.5,0.3808,0.0016,0.0016,24.3767
2026-07-17 18:00:00,Qwen,2,1186,510,676,0.0019,100.0,0.0,0.0,0.0,2944.5,3664.05,3728.01,578.4,133.8,2,2,2,0.0,0.0,50.0,0.0,0,593.0,1.3255,0.0009,0.0009,0.0
2026-07-17 19:00:00,DeepSeek,72,49241,35949,13292,0.0591,97.2222,2.7778,0.0,0.0,6463.0,8293.7,9830.55,7722.05,139.3,10,24,31,1.3889,2.7778,15.2778,0.0,2264,683.9028,0.3697,0.0008,0.0008,17.0328
2026-07-17 19:00:00,MiniMax,5,2556,1567,989,0.0061,100.0,0.0,0.0,0.0,2334.0,2795.4,2814.28,707.2,139.4,5,5,5,0.0,20.0,20.0,0.0,198,511.2,0.6311,0.0012,0.0012,20.0202
2026-07-17 19:00:00,Qwen,3,1516,1110,406,0.0024,100.0,0.0,0.0,0.0,1200.0,2860.5,3008.1,784.0,83.4,3,3,3,0.0,0.0,0.0,0.0,0,505.3333,0.3658,0.0008,0.0008,0.0
2026-07-17 20:00:00,DeepSeek,58,37288,24717,12571,0.0447,96.5517,3.4483,1.7241,1.7241,6770.5,8990.25,10604.71,7914.2,149.3,10,25,28,1.7241,6.8966,18.9655,0.0,2186,642.8966,0.5086,0.0008,0.0008,17.3892
2026-07-17 20:00:00,MiniMax,2,1686,1172,514,0.004,100.0,0.0,0.0,0.0,1771.0,2152.6,2186.52,610.8,73.4,2,2,2,0.0,0.0,0.0,0.0,73,843.0,0.4386,0.002,0.002,14.2023
2026-07-17 20:00:00,Qwen,4,2956,1845,1111,0.0047,100.0,0.0,0.0,0.0,2158.5,2787.6,2835.12,756.8,129.4,2,3,3,0.0,0.0,50.0,0.0,0,739.0,0.6022,0.0012,0.0012,0.0
2026-07-17 21:00:00,DeepSeek,93,69327,49634,19693,0.0832,95.6989,4.3011,3.2258,1.0753,6668.0,8871.4,10443.12,7787.6,190.6,10,28,35,0.0,3.2258,19.3548,0.0,3159,745.4516,0.3968,0.0009,0.0009,16.0412
2026-07-17 21:00:00,MiniMax,1,829,643,186,0.002,100.0,0.0,0.0,0.0,1666.0,1666.0,1666.0,622.0,35.0,1,1,1,0.0,0.0,0.0,0.0,12,829.0,0.2893,0.002,0.002,6.4516
2026-07-17 21:00:00,Qwen,1,448,373,75,0.0007,100.0,0.0,0.0,0.0,1737.0,1737.0,1737.0,927.0,73.0,1,1,1,0.0,0.0,0.0,0.0,0,448.0,0.2011,0.0007,0.0007,0.0
2026-07-17 22:00:00,DeepSeek,42,30383,22181,8202,0.0365,95.2381,4.7619,2.381,2.381,6604.0,9488.65,10397.88,8665.4,137.85,9,18,22,0.0,2.381,26.1905,0.0,1234,723.4048,0.3698,0.0009,0.0009,15.0451
2026-07-17 22:00:00,MiniMax,4,3325,2302,1023,0.008,100.0,0.0,0.0,0.0,1856.0,2743.0,2834.2,760.3,116.55,4,4,4,25.0,0.0,25.0,0.0,147,831.25,0.4444,0.002,0.002,14.3695
2026-07-17 23:00:00,DeepSeek,37,25230,17172,8058,0.0303,91.8919,8.1081,0.0,0.0,6881.0,9473.6,11358.88,8581.2,137.4,10,21,22,0.0,10.8108,13.5135,0.0,1214,681.8919,0.4693,0.0008,0.0009,15.0658
2026-07-17 23:00:00,MiniMax,4,2511,1721,790,0.006,100.0,0.0,0.0,0.0,2233.0,2291.55,2299.11,800.7,137.7,3,4,4,0.0,0.0,25.0,0.0,101,627.75,0.459,0.0015,0.0015,12.7848
2026-07-17 23:00:00,Qwen,1,644,396,248,0.001,100.0,0.0,0.0,0.0,2777.0,2777.0,2777.0,857.0,22.0,1,1,1,100.0,0.0,0.0,0.0,0,644.0,0.6263,0.001,0.001,0.0
2026-07-18 00:00:00,DeepSeek,29,20248,13965,6283,0.0243,100.0,0.0,0.0,0.0,6527.0,9367.0,10335.24,8914.2,147.2,9,17,16,0.0,6.8966,17.2414,0.0,1079,698.2069,0.4499,0.0008,0.0008,17.1733
2026-07-18 00:00:00,MiniMax,2,1503,989,514,0.0036,100.0,0.0,0.0,0.0,1479.5,1494.35,1495.67,399.1,57.7,1,2,2,0.0,0.0,0.0,0.0,82,751.5,0.5197,0.0018,0.0018,15.9533
2026-07-18 00:00:00,Qwen,1,2102,1553,549,0.0034,0.0,100.0,0.0,100.0,3570.0,3570.0,3570.0,754.0,39.0,1,1,1,0.0,0.0,100.0,0.0,0,2102.0,0.3535,0.0034,,0.0
2026-07-18 01:00:00,DeepSeek,23,14408,10026,4382,0.0173,91.3043,8.6957,0.0,8.6957,6530.0,8833.3,10207.84,8560.2,180.0,8,17,17,0.0,13.0435,13.0435,0.0,689,626.4348,0.4371,0.0008,0.0008,15.7234
2026-07-18 02:00:00,DeepSeek,28,19599,14012,5587,0.0235,92.8571,7.1429,3.5714,3.5714,6765.0,8724.1,9679.68,8379.35,144.7,10,20,19,3.5714,0.0,35.7143,0.0,937,699.9643,0.3987,0.0008,0.0009,16.7711
2026-07-18 02:00:00,Qwen,2,1463,734,729,0.0023,100.0,0.0,0.0,0.0,2811.0,3432.0,3487.2,751.15,72.15,2,2,2,0.0,0.0,0.0,0.0,0,731.5,0.9932,0.0012,0.0012,0.0
2026-07-18 03:00:00,DeepSeek,18,11255,6715,4540,0.0135,94.4444,5.5556,0.0,5.5556,6450.5,11050.7,11348.54,9528.05,132.95,8,14,13,0.0,5.5556,0.0,0.0,951,625.2778,0.6761,0.0008,0.0008,20.9471
2026-07-18 04:00:00,DeepSeek,31,24968,19669,5299,0.03,93.5484,6.4516,0.0,6.4516,6478.0,8353.5,8764.8,7348.0,183.5,9,19,21,3.2258,0.0,22.5806,0.0,912,805.4194,0.2694,0.001,0.001,17.2108
2026-07-18 04:00:00,MiniMax,1,393,337,56,0.0009,100.0,0.0,0.0,0.0,1078.0,1078.0,1078.0,804.0,50.0,1,1,1,0.0,0.0,0.0,0.0,9,393.0,0.1662,0.0009,0.0009,16.0714
2026-07-18 04:00:00,Qwen,1,516,265,251,0.0008,100.0,0.0,0.0,0.0,1636.0,1636.0,1636.0,727.0,54.0,1,1,1,0.0,0.0,100.0,0.0,0,516.0,0.9472,0.0008,0.0008,0.0
2026-07-18 05:00:00,DeepSeek,31,24761,18107,6654,0.0297,96.7742,3.2258,0.0,3.2258,6560.0,9854.0,10903.9,9588.0,142.5,9,19,21,0.0,6.4516,29.0323,0.0,996,798.7419,0.3675,0.001,0.001,14.9684
2026-07-18 05:00:00,Qwen,3,2826,2429,397,0.0045,100.0,0.0,0.0,0.0,1610.0,2786.3,2890.86,826.5,154.4,3,3,3,0.0,0.0,0.0,0.0,0,942.0,0.1634,0.0015,0.0015,0.0
2026-07-18 06:00:00,DeepSeek,78,51963,35591,16372,0.0624,96.1538,3.8462,1.2821,2.5641,6453.0,8415.45,10642.37,7829.3,136.65,10,24,32,1.2821,2.5641,15.3846,0.0,2486,666.1923,0.46,0.0008,0.0008,15.1845
2026-07-18 06:00:00,MiniMax,2,942,594,348,0.0023,100.0,0.0,0.0,0.0,907.0,987.1,994.22,505.05,93.65,2,2,2,0.0,0.0,0.0,0.0,39,471.0,0.5859,0.0011,0.0011,11.2069
2026-07-18 06:00:00,Qwen,2,1111,1017,94,0.0018,100.0,0.0,0.0,0.0,1641.0,1665.3,1667.46,962.3,140.75,2,2,2,0.0,0.0,0.0,0.0,0,555.5,0.0924,0.0009,0.0009,0.0
2026-07-18 07:00:00,DeepSeek,77,49875,35254,14621,0.0598,90.9091,9.0909,2.5974,0.0,6543.0,9104.4,10692.24,8792.4,146.0,10,25,31,0.0,3.8961,15.5844,0.0,2340,647.7273,0.4147,0.0008,0.0009,16.0044
2026-07-18 07:00:00,MiniMax,1,383,161,222,0.0009,100.0,0.0,0.0,0.0,1173.0,1173.0,1173.0,513.0,42.0,1,1,1,0.0,0.0,0.0,0.0,11,383.0,1.3789,0.0009,0.0009,4.955
2026-07-18 08:00:00,DeepSeek,103,70938,50885,20053,0.0851,96.1165,3.8835,1.9417,1.9417,6516.0,10055.2,10740.34,9448.0,154.9,10,25,33,1.9417,3.8835,17.4757,0.0,3421,688.7184,0.3941,0.0008,0.0009,17.0598
2026-07-18 08:00:00,MiniMax,2,973,568,405,0.0023,100.0,0.0,0.0,0.0,1082.5,1194.55,1204.51,477.7,21.2,2,2,2,0.0,0.0,50.0,0.0,32,486.5,0.713,0.0012,0.0012,7.9012
2026-07-18 09:00:00,DeepSeek,133,89679,64183,25496,0.1076,96.2406,3.7594,0.0,3.0075,6734.0,9475.8,10783.6,8930.6,154.4,10,30,36,0.7519,3.0075,18.0451,0.0,4193,674.2782,0.3972,0.0008,0.0008,16.4457
2026-07-18 09:00:00,MiniMax,4,2916,2302,614,0.007,100.0,0.0,0.0,0.0,1193.5,1535.0,1537.4,762.8,184.75,2,4,4,0.0,0.0,0.0,0.0,86,729.0,0.2667,0.0017,0.0017,14.0065
2026-07-18 09:00:00,Qwen,2,1328,1065,263,0.0021,100.0,0.0,0.0,0.0,2188.0,2691.1,2735.82,1469.85,115.75,2,2,2,0.0,0.0,50.0,0.0,0,664.0,0.2469,0.0011,0.0011,0.0
2026-07-18 10:00:00,DeepSeek,116,82395,57645,24750,0.0989,91.3793,8.6207,0.8621,6.8966,6576.5,8853.5,10667.75,7554.5,164.5,10,28,36,0.8621,6.0345,14.6552,0.0,3663,710.3017,0.4294,0.0009,0.0009,14.8
2026-07-18 10:00:00,MiniMax,8,5457,4213,1244,0.0131,100.0,0.0,0.0,0.0,928.0,1212.4,1216.88,434.95,93.2,6,8,6,0.0,0.0,12.5,0.0,258,682.125,0.2953,0.0016,0.0016,20.7395
2026-07-18 10:00:00,Qwen,5,4563,3652,911,0.0073,100.0,0.0,0.0,0.0,1994.0,2310.4,2314.88,873.8,120.2,4,4,4,0.0,40.0,20.0,0.0,0,912.6,0.2495,0.0015,0.0015,0.0
2026-07-18 11:00:00,DeepSeek,131,90285,63924,26361,0.1083,93.1298,6.8702,1.5267,3.8168,6455.0,8773.0,10353.5,7937.0,165.5,10,29,38,1.5267,2.2901,15.2672,0.0,4265,689.1985,0.4124,0.0008,0.0009,16.1792
2026-07-18 11:00:00,MiniMax,5,4601,3506,1095,0.011,100.0,0.0,0.0,0.0,1308.0,1401.2,1414.64,599.6,115.4,3,5,5,0.0,0.0,0.0,0.0,178,920.2,0.3123,0.0022,0.0022,16.2557
2026-07-18 11:00:00,Qwen,6,4750,2644,2106,0.0076,83.3333,16.6667,0.0,0.0,2351.0,4802.0,5142.0,1399.75,71.0,4,5,5,16.6667,16.6667,33.3333,0.0,0,791.6667,0.7965,0.0013,0.0015,0.0
2026-07-18 12:00:00,DeepSeek,127,81329,55366,25963,0.0976,96.8504,3.1496,1.5748,0.7874,6549.0,8960.9,10083.08,7751.7,153.9,10,30,36,0.0,2.3622,18.8976,0.0,4240,640.3858,0.4689,0.0008,0.0008,16.3309
2026-07-18 12:00:00,MiniMax,7,4904,2833,2071,0.0118,85.7143,14.2857,0.0,14.2857,1416.0,2305.7,2541.14,664.4,119.9,3,5,5,0.0,0.0,0.0,14.2857,342,700.5714,0.731,0.0017,0.002,16.5138
2026-07-18 12:00:00,Qwen,2,1407,1005,402,0.0023,50.0,50.0,0.0,50.0,2232.0,3012.3,3081.66,679.4,105.25,2,2,2,0.0,0.0,0.0,0.0,0,703.5,0.4,0.0011,0.0023,0.0
2026-07-18 13:00:00,DeepSeek,107,74709,50883,23826,0.0897,97.1963,2.8037,0.0,1.8692,6677.0,10295.3,10612.58,9422.0,163.4,10,29,35,0.9346,1.8692,19.6262,0.0,3784,698.215,0.4683,0.0008,0.0009,15.8818
2026-07-18 13:00:00,MiniMax,5,2893,2140,753,0.0069,100.0,0.0,0.0,0.0,901.0,1116.8,1150.56,517.4,130.4,3,5,4,0.0,0.0,20.0,0.0,105,578.6,0.3519,0.0014,0.0014,13.9442
2026-07-18 13:00:00,Qwen,4,3066,1523,1543,0.0049,100.0,0.0,0.0,0.0,2528.0,3419.35,3461.47,645.55,73.4,3,4,4,0.0,25.0,0.0,0.0,0,766.5,1.0131,0.0012,0.0012,0.0
2026-07-18 14:00:00,DeepSeek,115,80115,56033,24082,0.0961,99.1304,0.8696,0.0,0.8696,6534.0,9123.7,11069.52,8462.0,157.3,10,30,40,1.7391,2.6087,20.8696,0.0,4195,696.6522,0.4298,0.0008,0.0008,17.4196
2026-07-18 14:00:00,MiniMax,10,7536,5439,2097,0.0181,100.0,0.0,0.0,0.0,949.0,1751.5,1776.7,581.65,153.8,5,8,8,0.0,0.0,0.0,0.0,318,753.6,0.3855,0.0018,0.0018,15.1645
2026-07-18 14:00:00,Qwen,5,3295,1698,1597,0.0053,100.0,0.0,0.0,0.0,3325.0,3941.4,3943.48,1716.4,31.0,5,5,5,0.0,0.0,0.0,0.0,0,659.0,0.9405,0.0011,0.0011,0.0
2026-07-18 15:00:00,DeepSeek,126,85247,59080,26167,0.1023,97.619,2.381,1.5873,0.7937,6633.0,9287.75,11019.75,8809.75,159.5,10,27,37,0.0,4.7619,19.0476,0.0,4222,676.5635,0.4429,0.0008,0.0008,16.1348
2026-07-18 15:00:00,MiniMax,9,4881,3002,1879,0.0117,100.0,0.0,0.0,0.0,991.0,1623.6,1630.32,534.6,166.8,6,8,8,0.0,0.0,11.1111,0.0,269,542.3333,0.6259,0.0013,0.0013,14.3161
2026-07-18 15:00:00,Qwen,5,3233,2315,918,0.0052,100.0,0.0,0.0,0.0,2000.0,2196.8,2203.36,657.8,115.8,5,5,5,20.0,0.0,0.0,0.0,0,646.6,0.3965,0.001,0.001,0.0
2026-07-18 16:00:00,DeepSeek,123,83940,60033,23907,0.1007,93.4959,6.5041,0.813,3.252,6537.0,8678.2,10728.96,7809.1,169.2,10,28,32,1.626,4.878,17.8862,0.0,4045,682.439,0.3982,0.0008,0.0009,16.9197
2026-07-18 16:00:00,MiniMax,5,3904,3068,836,0.0094,100.0,0.0,0.0,0.0,1159.0,1207.0,1207.8,449.6,91.0,2,3,3,0.0,0.0,20.0,0.0,133,780.8,0.2725,0.0019,0.0019,15.9091
2026-07-18 16:00:00,Qwen,3,2592,2007,585,0.0041,100.0,0.0,0.0,0.0,2346.0,2480.1,2492.02,658.9,65.7,3,3,3,0.0,0.0,33.3333,0.0,0,864.0,0.2915,0.0014,0.0014,0.0
2026-07-18 17:00:00,DeepSeek,115,81723,57881,23842,0.0981,95.6522,4.3478,0.0,1.7391,6716.0,8883.2,10497.8,7877.6,141.6,10,29,35,1.7391,2.6087,14.7826,0.0,3829,710.6348,0.4119,0.0009,0.0009,16.0599
2026-07-18 17:00:00,MiniMax,6,5773,4438,1335,0.0139,100.0,0.0,0.0,0.0,977.5,1894.0,1974.0,459.75,87.75,5,6,5,0.0,0.0,0.0,0.0,158,962.1667,0.3008,0.0023,0.0023,11.8352
2026-07-18 17:00:00,Qwen,2,1192,759,433,0.0019,100.0,0.0,0.0,0.0,2296.5,2692.05,2727.21,793.2,49.85,2,2,2,0.0,0.0,0.0,0.0,0,596.0,0.5705,0.001,0.001,0.0
2026-07-18 18:00:00,DeepSeek,77,52490,35682,16808,0.063,94.8052,5.1948,0.0,3.8961,6513.0,8573.4,10827.64,7604.0,152.8,10,28,31,1.2987,2.5974,7.7922,0.0,2864,681.6883,0.471,0.0008,0.0009,17.0395
2026-07-18 18:00:00,MiniMax,6,3008,2165,843,0.0072,100.0,0.0,0.0,0.0,1063.0,1202.0,1225.2,498.25,107.75,4,6,6,0.0,0.0,0.0,16.6667,107,501.3333,0.3894,0.0012,0.0012,12.6928
2026-07-18 18:00:00,Qwen,5,2992,1758,1234,0.0048,60.0,40.0,0.0,20.0,2872.0,5083.8,5501.56,1804.8,146.2,4,5,5,0.0,0.0,20.0,0.0,0,598.4,0.7019,0.001,0.0016,0.0
2026-07-18 19:00:00,DeepSeek,80,53676,38494,15182,0.0644,96.25,3.75,1.25,1.25,6541.5,9263.5,11355.14,8430.85,157.4,9,23,31,1.25,3.75,16.25,0.0,2485,670.95,0.3944,0.0008,0.0008,16.3681
2026-07-18 19:00:00,MiniMax,6,6124,4687,1437,0.0147,100.0,0.0,0.0,0.0,1116.5,1830.0,1969.2,523.0,128.5,5,5,6,0.0,0.0,16.6667,0.0,238,1020.6667,0.3066,0.0024,0.0024,16.5623
2026-07-18 19:00:00,Qwen,1,254,157,97,0.0004,100.0,0.0,0.0,0.0,1935.0,1935.0,1935.0,956.0,39.0,1,1,1,0.0,0.0,0.0,0.0,0,254.0,0.6178,0.0004,0.0004,0.0
2026-07-18 20:00:00,DeepSeek,79,54261,39208,15053,0.0651,97.4684,2.5316,1.2658,1.2658,6525.0,8048.2,9867.76,7326.6,179.1,10,24,28,0.0,1.2658,21.519,0.0,2727,686.8481,0.3839,0.0008,0.0008,18.116
2026-07-18 20:00:00,MiniMax,2,1367,863,504,0.0033,100.0,0.0,0.0,0.0,1460.5,1491.55,1494.31,405.75,123.85,2,2,2,0.0,0.0,0.0,0.0,133,683.5,0.584,0.0016,0.0016,26.3889
2026-07-18 20:00:00,Qwen,3,3464,2949,515,0.0055,100.0,0.0,0.0,0.0,1800.0,2172.6,2205.72,702.8,125.9,3,3,3,0.0,0.0,0.0,0.0,0,1154.6667,0.1746,0.0018,0.0018,0.0
2026-07-18 21:00:00,DeepSeek,77,47197,32644,14553,0.0566,96.1039,3.8961,0.0,0.0,6497.0,9067.2,10189.88,8450.4,172.0,10,27,31,1.2987,1.2987,20.7792,0.0,2155,612.9481,0.4458,0.0007,0.0008,14.8079
2026-07-18 21:00:00,MiniMax,4,3186,2289,897,0.0076,100.0,0.0,0.0,0.0,1110.0,1693.6,1738.72,488.3,150.55,4,4,4,0.0,25.0,25.0,0.0,108,796.5,0.3919,0.0019,0.0019,12.0401
2026-07-18 22:00:00,DeepSeek,31,19964,14826,5138,0.024,100.0,0.0,0.0,0.0,6582.0,7593.0,8586.9,7150.0,149.0,10,18,19,0.0,9.6774,19.3548,0.0,849,644.0,0.3466,0.0008,0.0008,16.5239
2026-07-18 22:00:00,MiniMax,1,996,615,381,0.0024,100.0,0.0,0.0,0.0,1911.0,1911.0,1911.0,446.0,108.0,1,1,1,0.0,0.0,0.0,0.0,74,996.0,0.6195,0.0024,0.0024,19.4226
2026-07-18 23:00:00,DeepSeek,38,24316,16522,7794,0.0292,97.3684,2.6316,0.0,2.6316,6600.5,10050.9,10359.66,8084.95,107.3,10,22,21,0.0,10.5263,15.7895,0.0,1255,639.8947,0.4717,0.0008,0.0008,16.1021
2026-07-18 23:00:00,Qwen,1,1132,878,254,0.0018,100.0,0.0,0.0,0.0,2310.0,2310.0,2310.0,466.0,12.0,1,1,1,0.0,0.0,0.0,0.0,0,1132.0,0.2893,0.0018,0.0018,0.0
2026-07-19 00:00:00,DeepSeek,22,15683,10966,4717,0.0188,95.4545,4.5455,0.0,0.0,6781.5,9157.2,9875.83,7606.55,177.15,7,13,13,4.5455,4.5455,13.6364,0.0,687,712.8636,0.4301,0.0009,0.0009,14.5643
2026-07-19 00:00:00,MiniMax,1,1117,739,378,0.0027,100.0,0.0,0.0,0.0,1642.0,1642.0,1642.0,601.0,12.0,1,1,1,100.0,0.0,100.0,0.0,60,1117.0,0.5115,0.0027,0.0027,15.873
2026-07-19 00:00:00,Qwen,1,486,360,126,0.0008,100.0,0.0,0.0,0.0,2704.0,2704.0,2704.0,953.0,60.0,1,1,1,0.0,0.0,0.0,100.0,0,486.0,0.35,0.0008,0.0008,0.0
2026-07-19 01:00:00,DeepSeek,31,20953,14999,5954,0.0251,87.0968,12.9032,9.6774,0.0,6686.0,8941.5,9544.6,8123.0,143.5,9,20,23,0.0,9.6774,6.4516,0.0,1026,675.9032,0.397,0.0008,0.0009,17.2321
2026-07-19 01:00:00,MiniMax,2,1969,1362,607,0.0047,100.0,0.0,0.0,0.0,1586.0,1825.4,1846.68,602.6,131.8,2,2,2,0.0,0.0,50.0,0.0,139,984.5,0.4457,0.0024,0.0024,22.8995
2026-07-19 01:00:00,Qwen,2,974,730,244,0.0016,100.0,0.0,0.0,0.0,1740.0,1906.5,1921.3,631.9,25.35,1,2,1,0.0,0.0,0.0,0.0,0,487.0,0.3342,0.0008,0.0008,0.0
2026-07-19 02:00:00,DeepSeek,37,28611,20944,7667,0.0343,100.0,0.0,0.0,0.0,6639.0,9238.8,10594.48,8601.6,175.2,10,21,21,0.0,2.7027,13.5135,0.0,1333,773.2703,0.3661,0.0009,0.0009,17.3862
2026-07-19 02:00:00,MiniMax,1,1776,1285,491,0.0043,100.0,0.0,0.0,0.0,2332.0,2332.0,2332.0,577.0,92.0,1,1,1,0.0,0.0,0.0,0.0,136,1776.0,0.3821,0.0043,0.0043,27.6986
2026-07-19 03:00:00,DeepSeek,60,40781,28240,12541,0.0489,93.3333,6.6667,1.6667,3.3333,6610.0,8751.0,10062.52,8076.55,146.9,10,28,30,0.0,5.0,21.6667,0.0,1972,679.6833,0.4441,0.0008,0.0009,15.7244
2026-07-19 03:00:00,MiniMax,4,5079,3984,1095,0.0122,75.0,25.0,0.0,0.0,1357.5,1726.5,1730.1,575.95,163.1,3,3,4,0.0,25.0,0.0,0.0,176,1269.75,0.2748,0.003,0.0041,16.0731
2026-07-19 04:00:00,DeepSeek,70,44573,30966,13607,0.0535,95.7143,4.2857,1.4286,1.4286,6633.0,8163.4,9928.41,7246.45,150.25,10,28,29,2.8571,4.2857,20.0,0.0,2168,636.7571,0.4394,0.0008,0.0008,15.933
2026-07-19 04:00:00,MiniMax,6,5554,4496,1058,0.0133,100.0,0.0,0.0,0.0,1121.5,1761.0,1829.8,637.5,175.75,5,6,6,0.0,0.0,16.6667,0.0,154,925.6667,0.2353,0.0022,0.0022,14.5558
2026-07-19 05:00:00,DeepSeek,57,41328,29201,12127,0.0496,92.9825,7.0175,0.0,7.0175,6629.0,7806.8,8507.96,6911.8,177.0,10,22,28,3.5088,1.7544,19.2982,0.0,1864,725.0526,0.4153,0.0009,0.0009,15.3707
2026-07-19 05:00:00,MiniMax,3,3820,2164,1656,0.0092,100.0,0.0,0.0,0.0,1375.0,3723.1,3931.82,537.7,129.6,3,3,3,0.0,0.0,0.0,0.0,355,1273.3333,0.7652,0.0031,0.0031,21.4372
2026-07-19 05:00:00,Qwen,1,623,425,198,0.001,100.0,0.0,0.0,0.0,4552.0,4552.0,4552.0,1964.0,41.0,1,1,1,0.0,0.0,0.0,0.0,0,623.0,0.4659,0.001,0.001,0.0
2026-07-19 06:00:00,DeepSeek,78,54605,39876,14729,0.0655,98.7179,1.2821,0.0,1.2821,6574.5,9356.25,10846.6,8599.45,163.65,10,27,33,0.0,5.1282,14.1026,0.0,2399,700.0641,0.3694,0.0008,0.0009,16.2876
2026-07-19 06:00:00,MiniMax,3,1244,674,570,0.003,100.0,0.0,0.0,0.0,927.0,1803.6,1881.52,699.5,74.4,3,3,3,0.0,0.0,0.0,0.0,129,414.6667,0.8457,0.001,0.001,22.6316
2026-07-19 06:00:00,Qwen,4,2689,2082,607,0.0043,75.0,25.0,0.0,0.0,1566.0,3512.75,3766.55,1819.2,93.5,3,4,4,0.0,0.0,0.0,0.0,0,672.25,0.2915,0.0011,0.0014,0.0
2026-07-19 07:00:00,DeepSeek,82,55304,38978,16326,0.0664,93.9024,6.0976,2.439,3.6585,6480.5,8491.25,11446.7,7598.7,175.6,10,28,35,0.0,8.5366,17.0732,0.0,2732,674.439,0.4189,0.0008,0.0009,16.734
2026-07-19 07:00:00,MiniMax,1,566,287,279,0.0014,100.0,0.0,0.0,0.0,1220.0,1220.0,1220.0,507.0,134.0,1,1,1,0.0,0.0,0.0,0.0,19,566.0,0.9721,0.0014,0.0014,6.81
2026-07-19 08:00:00,DeepSeek,79,49862,34357,15505,0.0598,93.6709,6.3291,1.2658,3.7975,6569.0,9140.5,10291.2,8583.5,143.6,10,24,32,1.2658,7.5949,17.7215,0.0,2479,631.1646,0.4513,0.0008,0.0008,15.9884
2026-07-19 08:00:00,MiniMax,1,516,328,188,0.0012,100.0,0.0,0.0,0.0,1033.0,1033.0,1033.0,339.0,18.0,1,1,1,0.0,0.0,0.0,0.0,32,516.0,0.5732,0.0012,0.0012,17.0213
2026-07-19 08:00:00,Qwen,2,827,385,442,0.0013,50.0,50.0,50.0,0.0,2328.5,2712.35,2746.47,771.9,167.75,1,2,1,0.0,0.0,50.0,0.0,0,413.5,1.1481,0.0007,0.0013,0.0
2026-07-19 09:00:00,DeepSeek,125,88096,63330,24766,0.1057,95.2,4.8,0.8,2.4,6631.0,9676.0,11071.92,9351.6,156.2,10,30,35,1.6,7.2,21.6,0.0,4291,704.768,0.3911,0.0008,0.0009,17.3262
2026-07-19 09:00:00,MiniMax,6,3402,2254,1148,0.0082,100.0,0.0,0.0,0.0,1103.0,1462.75,1508.55,576.75,170.5,4,4,6,0.0,0.0,0.0,0.0,198,567.0,0.5093,0.0014,0.0014,17.2474
2026-07-19 09:00:00,Qwen,1,1135,1059,76,0.0018,100.0,0.0,0.0,0.0,1692.0,1692.0,1692.0,633.0,75.0,1,1,1,0.0,0.0,0.0,0.0,0,1135.0,0.0718,0.0018,0.0018,0.0
2026-07-19 10:00:00,DeepSeek,122,77290,52416,24874,0.0928,100.0,0.0,0.0,0.0,6575.0,9341.3,11001.45,8620.35,156.55,10,27,39,0.8197,4.0984,20.4918,0.8197,3854,633.5246,0.4745,0.0008,0.0008,15.4941
2026-07-19 10:00:00,MiniMax,7,5409,3924,1485,0.013,100.0,0.0,0.0,0.0,1023.0,2521.4,3016.28,477.0,172.7,6,7,7,0.0,0.0,14.2857,0.0,222,772.7143,0.3784,0.0019,0.0019,14.9495
2026-07-19 10:00:00,Qwen,4,2722,1840,882,0.0044,100.0,0.0,0.0,0.0,2402.5,2596.9,2610.58,663.75,159.6,4,4,4,0.0,0.0,0.0,0.0,0,680.5,0.4793,0.0011,0.0011,0.0
2026-07-19 11:00:00,DeepSeek,148,97439,68635,28804,0.1169,95.2703,4.7297,0.0,0.6757,6570.5,9990.15,10835.72,9327.8,164.3,10,30,43,1.3514,6.7568,18.9189,0.6757,4709,658.3716,0.4197,0.0008,0.0008,16.3484
2026-07-19 11:00:00,MiniMax,6,4866,2879,1987,0.0117,100.0,0.0,0.0,0.0,1255.5,3151.25,3511.05,533.5,98.0,3,4,6,0.0,0.0,0.0,16.6667,402,811.0,0.6902,0.0019,0.0019,20.2315
2026-07-19 11:00:00,Qwen,2,1213,950,263,0.0019,100.0,0.0,0.0,0.0,1718.5,1984.45,2008.09,752.4,87.1,2,2,2,0.0,0.0,50.0,0.0,0,606.5,0.2768,0.001,0.001,0.0
2026-07-19 12:00:00,DeepSeek,115,76988,52758,24230,0.0924,97.3913,2.6087,1.7391,0.8696,6592.0,8785.9,9851.06,7817.8,170.9,10,28,34,5.2174,6.087,13.913,0.0,3766,669.4609,0.4593,0.0008,0.0008,15.5427
2026-07-19 12:00:00,MiniMax,4,3163,2699,464,0.0076,100.0,0.0,0.0,0.0,774.5,965.0,981.8,570.25,148.7,4,4,4,0.0,0.0,25.0,0.0,88,790.75,0.1719,0.0019,0.0019,18.9655
2026-07-19 12:00:00,Qwen,3,2532,2106,426,0.0041,100.0,0.0,0.0,0.0,2227.0,2766.1,2814.02,919.5,131.0,2,3,3,0.0,0.0,33.3333,0.0,0,844.0,0.2023,0.0014,0.0014,0.0
2026-07-19 13:00:00,DeepSeek,135,93873,66233,27640,0.1126,97.037,2.963,1.4815,0.7407,6650.0,9165.2,10243.86,8653.7,167.2,10,29,38,1.4815,1.4815,15.5556,0.0,4304,695.3556,0.4173,0.0008,0.0009,15.5716
2026-07-19 13:00:00,MiniMax,5,2663,2152,511,0.0064,100.0,0.0,0.0,0.0,876.0,938.2,948.44,524.8,151.0,5,5,5,0.0,0.0,20.0,0.0,90,532.6,0.2375,0.0013,0.0013,17.6125
2026-07-19 13:00:00,Qwen,1,595,382,213,0.001,100.0,0.0,0.0,0.0,2194.0,2194.0,2194.0,649.0,126.0,1,1,1,0.0,0.0,0.0,0.0,0,595.0,0.5576,0.001,0.001,0.0
2026-07-19 14:00:00,DeepSeek,123,86324,60893,25431,0.1036,94.3089,5.6911,3.252,0.813,6579.0,8374.2,9738.2,7493.2,138.7,10,28,35,0.813,8.9431,16.2602,0.0,4163,701.8211,0.4176,0.0008,0.0009,16.3698
2026-07-19 14:00:00,MiniMax,4,2930,1875,1055,0.007,100.0,0.0,0.0,0.0,1371.0,1629.6,1665.12,467.6,249.1,4,4,4,0.0,0.0,25.0,0.0,155,732.5,0.5627,0.0018,0.0018,14.6919
2026-07-19 14:00:00,Qwen,4,4283,3301,982,0.0069,75.0,25.0,0.0,25.0,2227.0,3829.0,3992.2,1691.25,132.4,4,4,4,25.0,25.0,0.0,0.0,0,1070.75,0.2975,0.0017,0.0023,0.0
2026-07-19 15:00:00,DeepSeek,148,97525,69231,28294,0.117,95.9459,4.0541,1.3514,0.6757,6432.0,8855.95,10352.25,7851.2,157.0,10,30,38,1.3514,6.0811,13.5135,0.0,4774,658.9527,0.4087,0.0008,0.0008,16.8728
2026-07-19 15:00:00,MiniMax,8,5600,4477,1123,0.0134,100.0,0.0,0.0,0.0,877.5,1354.7,1387.74,495.85,119.7,7,8,8,0.0,0.0,0.0,0.0,196,700.0,0.2508,0.0017,0.0017,17.4533
2026-07-19 15:00:00,Qwen,3,1609,1258,351,0.0026,100.0,0.0,0.0,0.0,1597.0,1895.8,1922.36,798.8,90.6,3,3,3,0.0,0.0,0.0,0.0,0,536.3333,0.279,0.0009,0.0009,0.0
2026-07-19 16:00:00,DeepSeek,148,99749,70340,29409,0.1197,90.5405,9.4595,4.7297,3.3784,6633.5,8201.3,9650.89,7402.65,164.3,10,30,38,2.7027,4.7297,20.9459,0.0,4912,673.9797,0.4181,0.0008,0.0009,16.7024
2026-07-19 16:00:00,MiniMax,10,7839,5605,2234,0.0188,100.0,0.0,0.0,0.0,1124.0,1849.35,1855.47,583.05,132.9,6,9,8,0.0,0.0,20.0,10.0,384,783.9,0.3986,0.0019,0.0019,17.1889
2026-07-19 17:00:00,DeepSeek,114,77834,54097,23737,0.0934,93.8596,6.1404,1.7544,3.5088,6584.5,8585.7,9781.97,7891.25,142.45,10,29,30,0.8772,4.386,14.9123,0.0,3617,682.7544,0.4388,0.0008,0.0009,15.2378
2026-07-19 17:00:00,MiniMax,7,5330,3591,1739,0.0128,100.0,0.0,0.0,0.0,1207.0,2100.7,2292.94,498.5,100.7,4,6,7,0.0,0.0,42.8571,0.0,254,761.4286,0.4843,0.0018,0.0018,14.6061
2026-07-19 17:00:00,Qwen,2,858,447,411,0.0014,100.0,0.0,0.0,0.0,2240.5,2855.65,2910.33,867.75,172.9,2,2,2,0.0,0.0,0.0,0.0,0,429.0,0.9195,0.0007,0.0007,0.0
2026-07-19 18:00:00,DeepSeek,72,42698,29299,13399,0.0512,94.4444,5.5556,0.0,1.3889,6532.5,9313.75,10731.43,9013.35,147.9,10,26,29,0.0,2.7778,26.3889,1.3889,2180,593.0278,0.4573,0.0007,0.0008,16.2699
2026-07-19 18:00:00,MiniMax,2,1386,872,514,0.0033,50.0,50.0,0.0,0.0,1290.5,1572.65,1597.73,477.3,140.1,2,2,2,50.0,0.0,0.0,0.0,89,693.0,0.5894,0.0017,0.0033,17.3152
2026-07-19 18:00:00,Qwen,3,1340,703,637,0.0021,100.0,0.0,0.0,0.0,2550.0,3516.6,3602.52,1612.5,93.1,3,3,3,0.0,0.0,66.6667,0.0,0,446.6667,0.9061,0.0007,0.0007,0.0
2026-07-19 19:00:00,DeepSeek,82,52347,34754,17593,0.0628,98.7805,1.2195,0.0,1.2195,6704.0,9802.65,10509.64,9068.9,172.8,10,29,34,2.439,4.878,13.4146,0.0,2870,638.378,0.5062,0.0008,0.0008,16.3133
2026-07-19 19:00:00,MiniMax,5,6385,5586,799,0.0153,80.0,20.0,0.0,0.0,944.0,1301.4,1334.68,563.0,92.8,5,5,5,0.0,0.0,20.0,0.0,121,1277.0,0.143,0.0031,0.0038,15.1439
2026-07-19 19:00:00,Qwen,4,2773,1732,1041,0.0044,100.0,0.0,0.0,0.0,2161.5,4089.9,4312.38,1695.2,89.8,3,4,4,0.0,0.0,25.0,0.0,0,693.25,0.601,0.0011,0.0011,0.0
2026-07-19 20:00:00,DeepSeek,81,63933,46361,17572,0.0767,95.0617,4.9383,1.2346,1.2346,6897.0,10253.0,10739.2,9611.0,144.0,10,28,32,3.7037,4.9383,14.8148,0.0,2778,789.2963,0.379,0.0009,0.001,15.8092
2026-07-19 20:00:00,MiniMax,1,790,609,181,0.0019,100.0,0.0,0.0,0.0,1448.0,1448.0,1448.0,432.0,3.0,1,1,1,0.0,0.0,0.0,0.0,35,790.0,0.2972,0.0019,0.0019,19.337
2026-07-19 20:00:00,Qwen,1,263,166,97,0.0004,100.0,0.0,0.0,0.0,1559.0,1559.0,1559.0,544.0,54.0,1,1,1,100.0,0.0,0.0,0.0,0,263.0,0.5843,0.0004,0.0004,0.0
2026-07-19 21:00:00,DeepSeek,79,57739,40703,17036,0.0693,97.4684,2.5316,0.0,1.2658,6581.0,10053.6,10938.94,9168.6,189.3,10,28,35,1.2658,2.5316,13.9241,1.2658,3115,730.8734,0.4185,0.0009,0.0009,18.2848
2026-07-19 21:00:00,MiniMax,1,227,165,62,0.0005,100.0,0.0,0.0,0.0,661.0,661.0,661.0,327.0,48.0,1,1,1,0.0,0.0,100.0,0.0,9,227.0,0.3758,0.0005,0.0005,14.5161
2026-07-19 21:00:00,Qwen,1,343,262,81,0.0005,100.0,0.0,0.0,0.0,1584.0,1584.0,1584.0,723.0,174.0,1,1,1,0.0,0.0,0.0,0.0,0,343.0,0.3092,0.0005,0.0005,0.0
2026-07-19 22:00:00,DeepSeek,56,35281,24623,10658,0.0423,91.0714,8.9286,0.0,8.9286,6671.5,8214.75,8894.75,7905.75,128.0,10,26,30,0.0,7.1429,16.0714,0.0,1594,630.0179,0.4328,0.0008,0.0008,14.9559
2026-07-19 22:00:00,MiniMax,3,3398,2872,526,0.0082,66.6667,33.3333,33.3333,0.0,876.0,1118.1,1139.62,443.3,104.8,3,3,3,0.0,33.3333,0.0,0.0,107,1132.6667,0.1831,0.0027,0.0041,20.3422
2026-07-19 23:00:00,DeepSeek,42,27119,19332,7787,0.0325,95.2381,4.7619,0.0,0.0,6590.5,8147.95,9083.33,7503.35,123.85,10,24,21,0.0,2.381,21.4286,0.0,1338,645.6905,0.4028,0.0008,0.0008,17.1825
2026-07-19 23:00:00,MiniMax,4,2468,1945,523,0.0059,100.0,0.0,0.0,0.0,813.5,1061.95,1093.99,544.45,127.1,4,4,4,25.0,0.0,50.0,0.0,76,617.0,0.2689,0.0015,0.0015,14.5315
2026-07-20 00:00:00,DeepSeek,33,21545,14881,6664,0.0259,93.9394,6.0606,0.0,3.0303,6585.0,8398.8,8912.28,7671.0,188.0,9,21,20,0.0,3.0303,12.1212,0.0,1123,652.8788,0.4478,0.0008,0.0008,16.8517
2026-07-20 00:00:00,MiniMax,2,1140,957,183,0.0027,100.0,0.0,0.0,0.0,861.0,1022.1,1036.42,409.4,87.75,2,2,2,0.0,0.0,0.0,0.0,31,570.0,0.1912,0.0014,0.0014,16.9399
2026-07-20 01:00:00,DeepSeek,35,20666,14928,5738,0.0248,97.1429,2.8571,2.8571,0.0,6419.0,8727.7,9423.8,7830.0,139.6,8,18,21,2.8571,5.7143,20.0,2.8571,855,590.4571,0.3844,0.0007,0.0007,14.9007
2026-07-20 01:00:00,MiniMax,1,429,380,49,0.001,100.0,0.0,0.0,0.0,476.0,476.0,476.0,446.0,22.0,1,1,1,0.0,0.0,0.0,0.0,10,429.0,0.1289,0.001,0.001,20.4082
2026-07-20 02:00:00,DeepSeek,29,18812,12287,6525,0.0226,100.0,0.0,0.0,0.0,6611.0,8820.8,9919.28,8254.4,211.0,9,16,17,0.0,0.0,13.7931,0.0,978,648.6897,0.531,0.0008,0.0008,14.9885
2026-07-20 02:00:00,MiniMax,2,2193,1290,903,0.0053,100.0,0.0,0.0,0.0,1583.0,1700.0,1710.4,837.45,91.75,2,2,2,0.0,0.0,0.0,0.0,201,1096.5,0.7,0.0026,0.0026,22.2591
2026-07-20 03:00:00,DeepSeek,33,21492,15193,6299,0.0258,90.9091,9.0909,3.0303,3.0303,7071.0,10400.8,11000.36,9674.2,196.4,10,22,21,0.0,3.0303,15.1515,0.0,927,651.2727,0.4146,0.0008,0.0009,14.7166
2026-07-20 03:00:00,MiniMax,1,610,194,416,0.0015,100.0,0.0,0.0,0.0,1749.0,1749.0,1749.0,344.0,53.0,1,1,1,0.0,0.0,0.0,0.0,43,610.0,2.1443,0.0015,0.0015,10.3365
2026-07-20 04:00:00,DeepSeek,30,21814,15966,5848,0.0262,93.3333,6.6667,0.0,3.3333,6688.5,9841.45,10156.42,8706.5,124.7,8,18,17,0.0,3.3333,40.0,0.0,837,727.1333,0.3663,0.0009,0.0009,14.3126
2026-07-20 04:00:00,MiniMax,1,751,466,285,0.0018,100.0,0.0,0.0,0.0,1278.0,1278.0,1278.0,345.0,48.0,1,1,1,0.0,0.0,0.0,0.0,59,751.0,0.6116,0.0018,0.0018,20.7018
2026-07-20 05:00:00,DeepSeek,21,13118,8787,4331,0.0157,100.0,0.0,0.0,0.0,6386.0,7946.0,8377.2,6475.0,177.0,7,14,15,4.7619,0.0,23.8095,0.0,738,624.6667,0.4929,0.0007,0.0007,17.0399
2026-07-20 05:00:00,MiniMax,4,2412,1898,514,0.0058,100.0,0.0,0.0,0.0,940.5,1404.75,1420.95,650.7,281.1,2,3,4,0.0,0.0,0.0,0.0,60,603.0,0.2708,0.0014,0.0014,11.6732
2026-07-20 06:00:00,DeepSeek,99,66947,47126,19821,0.0803,94.9495,5.0505,3.0303,1.0101,6655.0,8704.4,10442.06,7769.9,165.0,10,27,35,0.0,3.0303,20.202,0.0,3387,676.2323,0.4206,0.0008,0.0009,17.0879
2026-07-20 06:00:00,MiniMax,9,7173,5122,2051,0.0172,100.0,0.0,0.0,0.0,985.0,2140.4,2439.28,442.0,109.0,7,8,8,0.0,0.0,0.0,0.0,385,797.0,0.4004,0.0019,0.0019,18.7713
2026-07-20 06:00:00,Qwen,2,877,438,439,0.0014,100.0,0.0,0.0,0.0,2495.5,2537.35,2541.07,546.5,31.05,2,2,2,0.0,0.0,50.0,0.0,0,438.5,1.0023,0.0007,0.0007,0.0
2026-07-20 07:00:00,DeepSeek,93,62140,43874,18266,0.0746,94.6237,5.3763,3.2258,1.0753,6539.0,9319.2,10142.56,8330.6,179.2,10,25,30,0.0,4.3011,15.0538,0.0,2749,668.172,0.4163,0.0008,0.0008,15.0498
2026-07-20 07:00:00,MiniMax,3,2996,1802,1194,0.0072,100.0,0.0,0.0,0.0,1855.0,2551.6,2613.52,466.1,137.6,2,3,2,0.0,0.0,33.3333,0.0,219,998.6667,0.6626,0.0024,0.0024,18.3417
2026-07-20 08:00:00,DeepSeek,114,75491,54971,20520,0.0906,96.4912,3.5088,0.0,0.8772,6633.0,10151.8,10982.96,9477.15,166.55,10,28,38,0.0,4.386,19.2982,0.0,3411,662.2018,0.3733,0.0008,0.0008,16.6228
2026-07-20 08:00:00,MiniMax,5,3004,1653,1351,0.0072,100.0,0.0,0.0,0.0,1106.0,1652.2,1704.04,493.4,141.4,4,5,5,0.0,0.0,20.0,0.0,239,600.8,0.8173,0.0014,0.0014,17.6906
2026-07-20 08:00:00,Qwen,2,1250,780,470,0.002,100.0,0.0,0.0,0.0,2258.0,2611.7,2643.14,728.25,107.7,2,2,2,0.0,0.0,0.0,0.0,0,625.0,0.6026,0.001,0.001,0.0
2026-07-20 09:00:00,DeepSeek,168,111236,77865,33371,0.1335,96.4286,3.5714,1.1905,1.1905,6667.5,9889.95,10828.41,9517.9,153.95,10,30,39,0.0,4.7619,20.8333,0.0,5495,662.119,0.4286,0.0008,0.0008,16.4664
2026-07-20 09:00:00,MiniMax,7,4418,3597,821,0.0106,85.7143,14.2857,0.0,14.2857,977.0,1133.8,1158.76,692.0,173.5,4,6,5,14.2857,0.0,28.5714,0.0,156,631.1429,0.2282,0.0015,0.0018,19.0012
2026-07-20 09:00:00,Qwen,1,710,623,87,0.0011,0.0,100.0,100.0,0.0,955.0,955.0,955.0,590.0,28.0,1,1,1,0.0,100.0,100.0,0.0,0,710.0,0.1396,0.0011,,0.0
2026-07-20 10:00:00,DeepSeek,160,108399,72881,35518,0.1301,97.5,2.5,1.25,0.625,6726.5,8890.9,10390.75,8048.25,164.35,10,29,40,1.875,1.25,17.5,0.0,5477,677.4938,0.4873,0.0008,0.0008,15.4204
2026-07-20 10:00:00,MiniMax,6,2690,1720,970,0.0065,100.0,0.0,0.0,0.0,977.5,1064.25,1070.45,454.75,84.75,3,6,5,0.0,0.0,33.3333,0.0,173,448.3333,0.564,0.0011,0.0011,17.8351
2026-07-20 10:00:00,Qwen,6,3001,1720,1281,0.0048,100.0,0.0,0.0,0.0,1907.0,3214.5,3244.5,972.75,144.25,4,5,5,0.0,0.0,16.6667,0.0,0,500.1667,0.7448,0.0008,0.0008,0.0
2026-07-20 11:00:00,DeepSeek,171,121204,86977,34227,0.1454,92.9825,7.0175,2.924,1.7544,6552.0,9534.5,10917.1,9032.5,169.0,10,29,45,0.5848,4.6784,24.5614,0.0,5687,708.7953,0.3935,0.0009,0.0009,16.6155
2026-07-20 11:00:00,MiniMax,4,2650,1886,764,0.0064,100.0,0.0,0.0,0.0,1089.5,1358.9,1372.58,536.8,133.3,4,4,4,0.0,25.0,25.0,0.0,177,662.5,0.4051,0.0016,0.0016,23.1675
2026-07-20 11:00:00,Qwen,7,4254,3056,1198,0.0068,100.0,0.0,0.0,0.0,1802.0,3131.1,3467.82,943.1,163.0,6,6,7,14.2857,0.0,0.0,0.0,0,607.7143,0.392,0.001,0.001,0.0
2026-07-20 12:00:00,DeepSeek,162,104744,72962,31782,0.1257,94.4444,5.5556,1.2346,1.2346,6543.5,9039.35,10915.98,8330.6,165.75,10,29,41,3.0864,3.7037,17.284,0.0,4822,646.5679,0.4356,0.0008,0.0008,15.1721
2026-07-20 12:00:00,MiniMax,3,2389,1745,644,0.0057,100.0,0.0,0.0,0.0,983.0,1199.0,1218.2,413.9,124.8,2,3,3,0.0,0.0,0.0,0.0,83,796.3333,0.3691,0.0019,0.0019,12.8882
2026-07-20 12:00:00,Qwen,2,728,597,131,0.0012,100.0,0.0,0.0,0.0,2405.0,3150.2,3216.44,1960.8,86.15,2,2,2,0.0,0.0,0.0,0.0,0,364.0,0.2194,0.0006,0.0006,0.0
2026-07-20 13:00:00,DeepSeek,186,125572,89555,36017,0.1507,96.7742,3.2258,0.5376,1.6129,6601.5,9163.0,10392.95,8646.25,169.25,10,30,39,2.6882,3.7634,15.0538,0.0,5882,675.1183,0.4022,0.0008,0.0008,16.3312
2026-07-20 13:00:00,MiniMax,9,7663,5299,2364,0.0184,100.0,0.0,0.0,0.0,1574.0,2353.0,2498.6,550.2,173.6,7,9,9,0.0,0.0,11.1111,11.1111,422,851.4444,0.4461,0.002,0.002,17.8511
2026-07-20 13:00:00,Qwen,8,4027,2654,1373,0.0064,87.5,12.5,12.5,0.0,1984.5,3287.0,3516.6,886.25,186.55,5,8,6,0.0,0.0,25.0,0.0,0,503.375,0.5173,0.0008,0.0009,0.0
2026-07-20 14:00:00,DeepSeek,183,122625,84948,37677,0.1471,95.6284,4.3716,0.5464,2.1858,6555.0,8875.0,10409.76,7884.2,176.3,10,30,42,1.0929,3.2787,10.929,0.0,6174,670.082,0.4435,0.0008,0.0008,16.3867
2026-07-20 14:00:00,MiniMax,6,4493,2541,1952,0.0108,100.0,0.0,0.0,0.0,1281.0,3723.0,4297.4,583.0,299.25,5,6,6,0.0,0.0,33.3333,0.0,218,748.8333,0.7682,0.0018,0.0018,11.168
2026-07-20 14:00:00,Qwen,3,2407,1508,899,0.0039,66.6667,33.3333,0.0,0.0,2776.0,3284.5,3329.7,1038.8,152.0,3,3,3,0.0,33.3333,66.6667,0.0,0,802.3333,0.5962,0.0013,0.0019,0.0
2026-07-20 15:00:00,DeepSeek,170,120424,86382,34042,0.1445,96.4706,3.5294,1.7647,0.5882,6675.0,9214.15,10067.24,8282.15,194.9,10,29,42,1.7647,5.2941,20.5882,0.0,5509,708.3765,0.3941,0.0009,0.0009,16.183
2026-07-20 15:00:00,MiniMax,5,3194,2102,1092,0.0077,100.0,0.0,0.0,0.0,1132.0,1274.4,1299.68,638.6,199.4,4,4,4,0.0,0.0,20.0,20.0,271,638.8,0.5195,0.0015,0.0015,24.8168
2026-07-20 15:00:00,Qwen,3,2168,1419,749,0.0035,100.0,0.0,0.0,0.0,2266.0,2754.7,2798.14,784.4,68.4,3,3,3,0.0,0.0,0.0,0.0,0,722.6667,0.5278,0.0012,0.0012,0.0
2026-07-20 16:00:00,DeepSeek,167,112142,77711,34431,0.1346,96.4072,3.5928,1.7964,1.1976,6623.0,9370.9,11005.02,8743.3,163.5,10,28,38,2.3952,5.3892,17.9641,0.5988,5627,671.509,0.4431,0.0008,0.0008,16.3428
2026-07-20 16:00:00,MiniMax,9,6218,4677,1541,0.0149,100.0,0.0,0.0,0.0,1053.0,1306.8,1328.56,496.4,131.4,6,8,8,0.0,0.0,11.1111,0.0,258,690.8889,0.3295,0.0017,0.0017,16.7424
2026-07-20 16:00:00,Qwen,3,2970,2539,431,0.0048,100.0,0.0,0.0,0.0,1430.0,1821.5,1856.3,673.3,122.1,2,3,3,0.0,0.0,33.3333,0.0,0,990.0,0.1698,0.0016,0.0016,0.0
2026-07-20 17:00:00,DeepSeek,160,101420,69317,32103,0.1217,97.5,2.5,0.0,0.625,6553.5,8798.3,10162.61,7542.95,160.2,10,28,34,0.625,3.125,16.875,0.0,5363,633.875,0.4631,0.0008,0.0008,16.7056
2026-07-20 17:00:00,MiniMax,9,6614,4862,1752,0.0159,100.0,0.0,0.0,0.0,1137.0,1726.2,1789.24,527.2,155.4,6,6,9,0.0,0.0,33.3333,0.0,293,734.8889,0.3603,0.0018,0.0018,16.7237
2026-07-20 17:00:00,Qwen,3,1976,1097,879,0.0032,100.0,0.0,0.0,0.0,2500.0,6246.7,6579.74,1895.5,213.5,3,3,3,0.0,0.0,33.3333,0.0,0,658.6667,0.8013,0.0011,0.0011,0.0
2026-07-20 18:00:00,DeepSeek,99,68954,48723,20231,0.0827,91.9192,8.0808,2.0202,2.0202,6675.0,8643.1,10133.96,7355.9,153.3,10,27,34,1.0101,1.0101,19.1919,0.0,3210,696.5051,0.4152,0.0008,0.0009,15.8667
2026-07-20 18:00:00,MiniMax,2,1537,1354,183,0.0037,100.0,0.0,0.0,0.0,733.0,742.0,742.8,449.0,90.1,2,2,2,0.0,0.0,50.0,0.0,33,768.5,0.1352,0.0018,0.0018,18.0328
2026-07-20 18:00:00,Qwen,8,3795,2870,925,0.0061,75.0,25.0,0.0,0.0,2209.0,3678.25,3959.65,1982.15,140.65,4,7,6,0.0,0.0,12.5,0.0,0,474.375,0.3223,0.0008,0.001,0.0
2026-07-20 19:00:00,DeepSeek,97,69768,49145,20623,0.0837,97.9381,2.0619,0.0,1.0309,6504.0,10101.6,10893.68,9620.2,145.0,10,27,37,2.0619,8.2474,19.5876,0.0,3289,719.2577,0.4196,0.0009,0.0009,15.9482
2026-07-20 19:00:00,MiniMax,2,1038,613,425,0.0025,100.0,0.0,0.0,0.0,1335.0,1344.9,1345.78,460.2,133.85,2,2,2,0.0,0.0,0.0,0.0,42,519.0,0.6933,0.0012,0.0012,9.8824
2026-07-20 20:00:00,DeepSeek,88,60277,43329,16948,0.0723,95.4545,4.5455,1.1364,2.2727,6774.5,9761.0,10414.39,8955.5,144.25,10,27,30,0.0,4.5455,17.0455,0.0,3009,684.9659,0.3911,0.0008,0.0009,17.7543
2026-07-20 20:00:00,MiniMax,4,3366,2311,1055,0.0081,75.0,25.0,0.0,25.0,1299.5,1568.35,1584.07,659.25,253.0,3,4,3,0.0,0.0,0.0,0.0,190,841.5,0.4565,0.002,0.0027,18.0095
2026-07-20 20:00:00,Qwen,2,1181,887,294,0.0019,100.0,0.0,0.0,0.0,1708.5,1772.85,1778.57,705.75,22.9,2,2,2,0.0,0.0,0.0,0.0,0,590.5,0.3315,0.0009,0.0009,0.0
2026-07-20 21:00:00,DeepSeek,80,48611,31388,17223,0.0583,92.5,7.5,1.25,2.5,6691.5,8223.5,10367.02,7581.35,162.8,10,23,30,3.75,5.0,22.5,0.0,2822,607.6375,0.5487,0.0007,0.0008,16.3851
2026-07-20 21:00:00,MiniMax,6,4047,2730,1317,0.0097,100.0,0.0,0.0,0.0,1211.0,2168.25,2350.45,504.0,98.75,4,5,6,0.0,16.6667,0.0,0.0,165,674.5,0.4824,0.0016,0.0016,12.5285
2026-07-20 21:00:00,Qwen,7,3888,2664,1224,0.0062,100.0,0.0,0.0,0.0,2100.0,2467.7,2477.54,812.8,139.7,3,5,6,0.0,0.0,28.5714,0.0,0,555.4286,0.4595,0.0009,0.0009,0.0
2026-07-20 22:00:00,DeepSeek,54,40139,29069,11070,0.0482,94.4444,5.5556,1.8519,3.7037,6814.0,10079.3,10677.64,9485.65,164.75,10,25,28,0.0,9.2593,16.6667,0.0,1805,743.3148,0.3808,0.0009,0.0009,16.3053
2026-07-20 22:00:00,MiniMax,1,1031,526,505,0.0025,0.0,100.0,0.0,0.0,1899.0,1899.0,1899.0,354.0,23.0,1,1,1,0.0,0.0,0.0,0.0,38,1031.0,0.9601,0.0025,,7.5248
2026-07-20 22:00:00,Qwen,2,1250,972,278,0.002,100.0,0.0,0.0,0.0,1663.0,2282.2,2337.24,790.35,37.75,2,2,2,0.0,0.0,50.0,0.0,0,625.0,0.286,0.001,0.001,0.0
2026-07-20 23:00:00,DeepSeek,43,28842,19309,9533,0.0346,95.3488,4.6512,2.3256,2.3256,6682.0,10349.6,11725.12,9432.9,130.8,9,23,24,0.0,4.6512,13.9535,0.0,1628,670.7442,0.4937,0.0008,0.0008,17.0775
2026-07-20 23:00:00,MiniMax,4,2464,1565,899,0.0059,100.0,0.0,0.0,0.0,1209.5,1538.5,1551.7,459.45,55.55,3,4,4,0.0,0.0,25.0,0.0,165,616.0,0.5744,0.0015,0.0015,18.3537
2026-07-20 23:00:00,Qwen,2,1898,1725,173,0.003,100.0,0.0,0.0,0.0,1543.5,1588.95,1592.99,746.4,77.15,2,2,2,0.0,0.0,0.0,0.0,0,949.0,0.1003,0.0015,0.0015,0.0
2026-07-21 00:00:00,DeepSeek,22,13449,8467,4982,0.0161,90.9091,9.0909,0.0,9.0909,6541.5,7746.8,7871.12,6563.6,122.5,9,18,15,0.0,4.5455,13.6364,0.0,765,611.3182,0.5884,0.0007,0.0008,15.3553
2026-07-21 01:00:00,DeepSeek,31,20300,13208,7092,0.0244,93.5484,6.4516,3.2258,0.0,6810.0,10241.5,10511.1,9220.0,178.5,9,17,19,3.2258,6.4516,3.2258,0.0,951,654.8387,0.5369,0.0008,0.0008,13.4095
2026-07-21 01:00:00,MiniMax,2,1850,1384,466,0.0044,100.0,0.0,0.0,0.0,1396.0,1554.4,1568.48,404.7,127.55,2,2,2,0.0,0.0,0.0,0.0,83,925.0,0.3367,0.0022,0.0022,17.8112
2026-07-21 01:00:00,Qwen,2,1209,820,389,0.0019,100.0,0.0,0.0,0.0,2642.0,3103.7,3144.74,1502.5,94.45,1,2,1,0.0,0.0,50.0,0.0,0,604.5,0.4744,0.001,0.001,0.0
2026-07-21 02:00:00,DeepSeek,37,27514,18463,9051,0.033,94.5946,5.4054,0.0,5.4054,6751.0,8582.4,9335.84,8193.2,167.6,10,20,24,0.0,5.4054,16.2162,0.0,1686,743.6216,0.4902,0.0009,0.0009,18.6278
2026-07-21 02:00:00,MiniMax,3,1592,1232,360,0.0038,100.0,0.0,0.0,0.0,855.0,953.1,961.82,537.0,208.3,2,3,2,0.0,0.0,0.0,0.0,69,530.6667,0.2922,0.0013,0.0013,19.1667
2026-07-21 03:00:00,DeepSeek,31,20678,13579,7099,0.0248,96.7742,3.2258,0.0,3.2258,6604.0,8026.0,8507.3,7266.0,169.0,10,18,18,0.0,6.4516,22.5806,0.0,1183,667.0323,0.5228,0.0008,0.0008,16.6643
2026-07-21 03:00:00,MiniMax,2,711,414,297,0.0017,100.0,0.0,0.0,0.0,883.5,1028.85,1041.77,402.65,64.35,2,2,2,0.0,0.0,50.0,0.0,40,355.5,0.7174,0.0009,0.0009,13.468
2026-07-21 04:00:00,DeepSeek,32,19988,14038,5950,0.024,96.875,3.125,0.0,3.125,6551.0,7681.35,7847.06,6933.85,127.8,8,17,20,3.125,3.125,21.875,0.0,834,624.625,0.4238,0.0007,0.0008,14.0168
2026-07-21 04:00:00,MiniMax,1,866,546,320,0.0021,100.0,0.0,0.0,0.0,1367.0,1367.0,1367.0,362.0,19.0,1,1,1,0.0,0.0,0.0,0.0,36,866.0,0.5861,0.0021,0.0021,11.25
2026-07-21 05:00:00,DeepSeek,27,17651,12818,4833,0.0212,96.2963,3.7037,3.7037,0.0,6915.0,10258.2,10575.68,9730.6,139.5,9,19,19,0.0,0.0,7.4074,0.0,880,653.7407,0.377,0.0008,0.0008,18.2082
2026-07-21 06:00:00,DeepSeek,85,59912,44036,15876,0.0719,95.2941,4.7059,1.1765,1.1765,6520.0,9272.6,11421.16,8590.6,166.4,10,27,36,2.3529,4.7059,16.4706,0.0,2505,704.8471,0.3605,0.0008,0.0009,15.7785
2026-07-21 06:00:00,MiniMax,3,1306,873,433,0.0031,100.0,0.0,0.0,0.0,950.0,1283.9,1313.58,543.5,85.7,2,3,3,0.0,0.0,0.0,0.0,79,435.3333,0.496,0.001,0.001,18.2448
2026-07-21 06:00:00,Qwen,1,669,570,99,0.0011,100.0,0.0,0.0,0.0,1378.0,1378.0,1378.0,493.0,19.0,1,1,1,0.0,0.0,0.0,0.0,0,669.0,0.1737,0.0011,0.0011,0.0
2026-07-21 07:00:00,DeepSeek,110,74947,53871,21076,0.0899,92.7273,7.2727,1.8182,1.8182,6461.0,8830.75,9706.71,7725.2,184.75,10,28,33,0.0,4.5455,18.1818,1.8182,3294,681.3364,0.3912,0.0008,0.0009,15.6292
2026-07-21 07:00:00,MiniMax,2,1584,1186,398,0.0038,100.0,0.0,0.0,0.0,1366.5,1612.65,1634.53,440.35,98.0,2,2,2,0.0,0.0,0.0,0.0,34,792.0,0.3356,0.0019,0.0019,8.5427
2026-07-21 07:00:00,Qwen,8,5022,3685,1337,0.008,87.5,12.5,12.5,0.0,1924.5,3351.15,3623.03,1517.3,73.5,6,8,6,0.0,0.0,12.5,0.0,0,627.75,0.3628,0.001,0.0011,0.0
2026-07-21 08:00:00,DeepSeek,95,65447,46535,18912,0.0785,94.7368,5.2632,1.0526,3.1579,6651.0,9427.9,10495.0,9157.6,163.6,10,30,34,1.0526,3.1579,23.1579,0.0,2898,688.9158,0.4064,0.0008,0.0009,15.3236
2026-07-21 08:00:00,MiniMax,9,5122,3509,1613,0.0123,100.0,0.0,0.0,0.0,1144.0,1631.4,1677.48,553.0,231.6,6,8,7,0.0,0.0,22.2222,0.0,295,569.1111,0.4597,0.0014,0.0014,18.2889
2026-07-21 08:00:00,Qwen,3,1409,983,426,0.0023,66.6667,33.3333,0.0,33.3333,1577.0,1921.7,1952.34,778.6,71.2,2,2,3,0.0,33.3333,33.3333,0.0,0,469.6667,0.4334,0.0008,0.0011,0.0
2026-07-21 09:00:00,DeepSeek,143,89994,61714,28280,0.108,92.3077,7.6923,2.0979,1.3986,6536.0,9194.1,10572.2,7790.7,165.9,10,29,34,1.3986,7.6923,27.972,0.0,4533,629.3287,0.4582,0.0008,0.0008,16.029
2026-07-21 09:00:00,MiniMax,5,3870,3106,764,0.0093,100.0,0.0,0.0,0.0,760.0,911.2,914.24,457.4,105.2,5,5,5,0.0,0.0,40.0,0.0,109,774.0,0.246,0.0019,0.0019,14.267
2026-07-21 09:00:00,Qwen,3,1350,979,371,0.0022,100.0,0.0,0.0,0.0,1479.0,1697.7,1717.14,663.1,95.5,3,3,3,0.0,0.0,0.0,0.0,0,450.0,0.379,0.0007,0.0007,0.0
2026-07-21 10:00:00,DeepSeek,150,100040,69371,30669,0.1201,96.0,4.0,1.3333,1.3333,6579.5,9541.45,10342.19,8972.4,160.55,10,30,38,0.6667,2.6667,19.3333,0.0,4853,666.9333,0.4421,0.0008,0.0008,15.8238
2026-07-21 10:00:00,MiniMax,10,5535,3651,1884,0.0133,100.0,0.0,0.0,0.0,1081.5,2083.7,2405.54,514.5,161.75,5,7,10,0.0,0.0,10.0,0.0,292,553.5,0.516,0.0013,0.0013,15.4989
2026-07-21 10:00:00,Qwen,4,3451,1961,1490,0.0055,75.0,25.0,0.0,25.0,3300.0,5620.0,5896.0,1739.65,154.95,3,4,4,0.0,50.0,0.0,0.0,0,862.75,0.7598,0.0014,0.0018,0.0
2026-07-21 11:00:00,DeepSeek,185,122832,84100,38732,0.1474,95.1351,4.8649,0.5405,2.1622,6782.0,9579.2,10737.52,8824.2,147.8,10,27,45,0.0,8.6486,20.0,0.0,6363,663.9568,0.4605,0.0008,0.0008,16.4283
2026-07-21 11:00:00,MiniMax,6,3108,2011,1097,0.0075,100.0,0.0,0.0,0.0,1062.0,1958.75,2160.55,424.25,81.25,3,5,4,0.0,16.6667,16.6667,0.0,174,518.0,0.5455,0.0012,0.0012,15.8614
2026-07-21 11:00:00,Qwen,2,960,564,396,0.0015,100.0,0.0,0.0,0.0,2168.5,2357.95,2374.79,500.2,16.65,2,2,2,50.0,0.0,0.0,0.0,0,480.0,0.7021,0.0008,0.0008,0.0
2026-07-21 12:00:00,DeepSeek,162,109386,75850,33536,0.1313,95.0617,4.9383,1.2346,1.8519,6639.5,8820.65,11173.64,7728.6,162.95,10,30,38,1.2346,4.9383,22.2222,0.6173,5197,675.2222,0.4421,0.0008,0.0009,15.4968
2026-07-21 12:00:00,MiniMax,4,4511,3467,1044,0.0108,100.0,0.0,0.0,0.0,1188.0,1428.4,1440.88,502.5,165.9,4,4,4,0.0,0.0,0.0,0.0,195,1127.75,0.3011,0.0027,0.0027,18.6782
2026-07-21 12:00:00,Qwen,6,2955,2000,955,0.0047,100.0,0.0,0.0,0.0,1661.0,2198.75,2268.55,828.75,61.25,5,6,6,0.0,0.0,0.0,0.0,0,492.5,0.4775,0.0008,0.0008,0.0
2026-07-21 13:00:00,DeepSeek,169,125672,89725,35947,0.1508,95.858,4.142,1.7751,2.3669,6531.0,8730.8,10221.6,7396.4,148.2,10,30,38,0.0,2.9586,19.5266,0.0,5469,743.6213,0.4006,0.0009,0.0009,15.2141
2026-07-21 13:00:00,MiniMax,6,4520,3186,1334,0.0108,100.0,0.0,0.0,0.0,1211.5,1519.5,1537.5,701.5,117.25,5,6,6,0.0,16.6667,16.6667,0.0,252,753.3333,0.4187,0.0018,0.0018,18.8906
2026-07-21 13:00:00,Qwen,3,1632,1170,462,0.0026,66.6667,33.3333,0.0,0.0,1607.0,2340.5,2405.7,593.4,46.3,3,3,3,0.0,33.3333,33.3333,0.0,0,544.0,0.3949,0.0009,0.0013,0.0
2026-07-21 14:00:00,DeepSeek,169,113850,78320,35530,0.1366,95.2663,4.7337,1.1834,3.5503,6886.0,10521.8,10871.52,9798.4,170.0,10,29,39,2.3669,4.142,13.6095,0.0,5980,673.6686,0.4537,0.0008,0.0008,16.8308
2026-07-21 14:00:00,MiniMax,8,5963,4169,1794,0.0143,100.0,0.0,0.0,0.0,1175.0,1350.4,1371.68,425.3,86.05,5,7,6,0.0,0.0,50.0,0.0,315,745.375,0.4303,0.0018,0.0018,17.5585
2026-07-21 14:00:00,Qwen,5,2479,1780,699,0.004,100.0,0.0,0.0,0.0,3519.0,3626.4,3628.48,1996.2,198.0,4,5,5,0.0,0.0,20.0,0.0,0,495.8,0.3927,0.0008,0.0008,0.0
2026-07-21 15:00:00,DeepSeek,160,113468,79814,33654,0.1362,93.125,6.875,1.25,3.125,6494.5,9091.45,10759.18,8439.9,185.2,10,30,42,0.0,5.0,24.375,0.0,5265,709.175,0.4217,0.0009,0.0009,15.6445
2026-07-21 15:00:00,MiniMax,4,2465,1582,883,0.0059,100.0,0.0,0.0,0.0,1004.5,2151.55,2300.71,387.8,84.65,3,4,4,0.0,0.0,0.0,0.0,190,616.25,0.5582,0.0015,0.0015,21.5176
2026-07-21 15:00:00,Qwen,2,1732,946,786,0.0028,100.0,0.0,0.0,0.0,2797.0,3194.8,3230.16,653.3,109.7,2,2,2,0.0,0.0,0.0,0.0,0,866.0,0.8309,0.0014,0.0014,0.0
2026-07-21 16:00:00,DeepSeek,172,124787,88593,36194,0.1497,93.6047,6.3953,1.1628,2.907,6697.5,8721.45,10846.34,8008.85,177.9,10,28,42,0.5814,5.814,19.7674,0.0,5616,725.5058,0.4085,0.0009,0.0009,15.5164
2026-07-21 16:00:00,MiniMax,8,5815,3800,2015,0.014,100.0,0.0,0.0,0.0,1203.0,1767.1,1883.02,549.5,225.85,5,6,7,12.5,0.0,12.5,0.0,261,726.875,0.5303,0.0017,0.0017,12.9529
2026-07-21 16:00:00,Qwen,8,5149,3374,1775,0.0082,87.5,12.5,12.5,0.0,2310.0,3836.85,4382.57,948.0,213.25,6,8,7,0.0,0.0,0.0,0.0,0,643.625,0.5261,0.001,0.0012,0.0
2026-07-21 17:00:00,DeepSeek,151,108681,73805,34876,0.1304,93.3775,6.6225,3.3113,1.9868,6741.0,9257.0,10787.0,7846.5,152.5,10,30,38,1.3245,4.6358,18.543,0.0,5360,719.7417,0.4725,0.0009,0.0009,15.3687
2026-07-21 17:00:00,MiniMax,10,6444,3905,2539,0.0155,90.0,10.0,0.0,10.0,1148.0,1793.9,1857.98,500.5,79.3,7,8,8,0.0,0.0,10.0,0.0,540,644.4,0.6502,0.0015,0.0017,21.2682
2026-07-21 17:00:00,Qwen,7,5133,3422,1711,0.0082,100.0,0.0,0.0,0.0,1733.0,3205.6,3476.32,750.7,106.1,6,7,6,0.0,14.2857,14.2857,0.0,0,733.2857,0.5,0.0012,0.0012,0.0
2026-07-21 18:00:00,DeepSeek,97,64277,45444,18833,0.0771,96.9072,3.0928,1.0309,1.0309,6418.0,9469.8,9986.16,8364.6,156.8,10,28,36,0.0,2.0619,20.6186,0.0,3047,662.6495,0.4144,0.0008,0.0008,16.179
2026-07-21 18:00:00,MiniMax,3,2616,2032,584,0.0063,100.0,0.0,0.0,0.0,1269.0,1656.9,1691.38,759.6,106.4,3,3,3,33.3333,0.0,66.6667,0.0,89,872.0,0.2874,0.0021,0.0021,15.2397
2026-07-21 18:00:00,Qwen,1,397,220,177,0.0006,100.0,0.0,0.0,0.0,1631.0,1631.0,1631.0,539.0,6.0,1,1,1,100.0,0.0,0.0,0.0,0,397.0,0.8045,0.0006,0.0006,0.0
2026-07-21 19:00:00,DeepSeek,85,63207,44996,18211,0.0758,90.5882,9.4118,2.3529,4.7059,6554.0,9322.2,11071.08,8624.0,159.4,10,26,31,3.5294,3.5294,16.4706,0.0,3155,743.6118,0.4047,0.0009,0.001,17.3247
2026-07-21 19:00:00,MiniMax,7,3051,2009,1042,0.0073,100.0,0.0,0.0,0.0,677.0,1296.3,1387.26,442.2,107.3,5,7,7,0.0,0.0,14.2857,0.0,96,435.8571,0.5187,0.001,0.001,9.2131
2026-07-21 20:00:00,DeepSeek,112,77441,54523,22918,0.0929,96.4286,3.5714,0.0,0.8929,6618.0,9865.45,10397.49,9258.5,179.5,10,29,35,3.5714,5.3571,20.5357,0.0,3598,691.4375,0.4203,0.0008,0.0009,15.6995
2026-07-21 20:00:00,MiniMax,2,1523,1274,249,0.0037,100.0,0.0,0.0,0.0,1025.0,1085.3,1090.66,505.95,76.4,2,2,2,0.0,50.0,0.0,0.0,48,761.5,0.1954,0.0018,0.0018,19.2771
2026-07-21 20:00:00,Qwen,1,793,737,56,0.0013,100.0,0.0,0.0,0.0,2023.0,2023.0,2023.0,829.0,60.0,1,1,1,0.0,0.0,0.0,0.0,0,793.0,0.076,0.0013,0.0013,0.0
2026-07-21 21:00:00,DeepSeek,84,56716,38793,17923,0.0681,92.8571,7.1429,3.5714,2.381,6677.5,8983.35,10740.39,7850.05,151.5,10,28,30,1.1905,7.1429,17.8571,0.0,3038,675.1905,0.462,0.0008,0.0009,16.9503
2026-07-21 21:00:00,MiniMax,6,5022,3765,1257,0.0121,100.0,0.0,0.0,0.0,980.5,1416.25,1479.25,435.75,124.75,6,6,6,0.0,0.0,0.0,0.0,221,837.0,0.3339,0.002,0.002,17.5815
2026-07-21 21:00:00,Qwen,1,564,272,292,0.0009,100.0,0.0,0.0,0.0,3181.0,3181.0,3181.0,953.0,145.0,1,1,1,100.0,0.0,0.0,0.0,0,564.0,1.0735,0.0009,0.0009,0.0
2026-07-21 22:00:00,DeepSeek,61,40318,27148,13170,0.0484,93.4426,6.5574,0.0,4.918,6548.0,10353.0,10804.0,9266.0,166.0,10,25,28,4.918,11.4754,21.3115,0.0,2131,660.9508,0.4851,0.0008,0.0008,16.1807
2026-07-21 22:00:00,MiniMax,1,634,361,273,0.0015,100.0,0.0,0.0,0.0,1440.0,1440.0,1440.0,459.0,23.0,1,1,1,0.0,0.0,0.0,0.0,32,634.0,0.7562,0.0015,0.0015,11.7216
2026-07-21 22:00:00,Qwen,5,2872,2223,649,0.0046,80.0,20.0,20.0,0.0,1800.0,2255.0,2291.8,817.6,67.2,5,5,5,0.0,0.0,20.0,0.0,0,574.4,0.2919,0.0009,0.0011,0.0
2026-07-21 23:00:00,DeepSeek,52,39822,29587,10235,0.0478,96.1538,3.8462,1.9231,1.9231,6636.5,7976.65,8156.51,7215.7,148.9,10,22,23,0.0,5.7692,15.3846,0.0,1703,765.8077,0.3459,0.0009,0.001,16.639
2026-07-21 23:00:00,MiniMax,5,2431,1873,558,0.0058,100.0,0.0,0.0,0.0,811.0,986.2,1006.04,501.0,105.0,3,3,5,0.0,0.0,20.0,0.0,102,486.2,0.2979,0.0012,0.0012,18.2796
2026-07-21 23:00:00,Qwen,1,1004,860,144,0.0016,100.0,0.0,0.0,0.0,1920.0,1920.0,1920.0,738.0,136.0,1,1,1,0.0,0.0,100.0,100.0,0,1004.0,0.1674,0.0016,0.0016,0.0
