date,model_id,provider,health_score,risk_score,risk_level,statistical_risk_score,single_signal_floor_score,diagnosis_floor_score,performance_risk,success_risk,cost_risk,primary_risk_driver,primary_risk_driver_cn,risk_baseline_ready,risk_baseline_days,performance_score,performance_score_baseline,performance_score_drop_points,p95_latency_ms,p95_latency_ms_baseline,p95_latency_increase_ratio,success_rate,success_rate_baseline,success_drop_points,cost_per_request,cost_per_request_baseline,cost_per_request_increase_ratio,cost_per_1k_tokens,cost_per_1k_tokens_baseline,token_cost_increase_ratio,cost_efficiency_score,cost_efficiency_score_baseline,cost_efficiency_drop_points,probe_http_success_rate,probe_p95_latency_ms,probe_performance_score,diagnosis_type,diagnosis_severity,diagnosis_reason,risk_evidence
2026-04-23,DeepSeek-V4,DeepSeek,85.9235,45.0,中,0.0,0.0,45.0,0.0,0.0,0.0,fusion_diagnosis,融合诊断,False,0.0,79.9649,,0.0,9334.0,,1.0,96.0047,,0.0,0.0008,,1.0,0.0012,,1.0,80.0,,0.0,100.0,4737.25,80.2601,capability_or_probe_issue,medium,真实调用正常但标准任务下降，可能存在特定能力回退或拨测环境问题,性能分80.0/基线无；P95 9334ms/基线无ms；成功率96.00%/基线无%；单请求成本0.000800/基线无；主动拨测成功率100.00%；诊断=capability_or_probe_issue；历史基线未就绪，趋势信号不参与
2026-04-23,Minimax-M2.5,MiniMax,81.1815,35.0,中,14.666,25.1418,35.0,0.0,41.9029,0.0,fusion_diagnosis,融合诊断,False,0.0,74.1828,,0.0,3577.2,,1.0,90.7692,,0.0,0.0016,,1.0,0.0024,,1.0,80.0,,0.0,100.0,631.75,82.0,platform_or_traffic_issue,medium,真实调用下降但标准拨测正常，优先排查用户输入、网络和平台链路,性能分74.2/基线无；P95 3577ms/基线无ms；成功率90.77%/基线无%；单请求成本0.001600/基线无；主动拨测成功率100.00%；诊断=platform_or_traffic_issue；历史基线未就绪，趋势信号不参与
2026-04-23,Qwen3.6-35B-A3B,Qwen,81.6078,35.0,中,12.3148,21.1111,35.0,0.0,35.1852,0.0,fusion_diagnosis,融合诊断,False,0.0,73.746,,0.0,2562.4,,1.0,92.5926,,0.0,0.0011,,1.0,0.0016,,1.0,80.0,,0.0,100.0,671.25,82.0,platform_or_traffic_issue,medium,真实调用下降但标准拨测正常，优先排查用户输入、网络和平台链路,性能分73.7/基线无；P95 2562ms/基线无ms；成功率92.59%/基线无%；单请求成本0.001100/基线无；主动拨测成功率100.00%；诊断=platform_or_traffic_issue；历史基线未就绪，趋势信号不参与
2026-04-24,DeepSeek-V4,DeepSeek,85.5908,45.0,中,0.0,0.0,45.0,0.0,0.0,0.0,fusion_diagnosis,融合诊断,False,1.0,80.1166,,0.0,9227.0,,1.0,94.849,,0.0,0.0008,,1.0,0.0012,,1.0,80.0,,0.0,100.0,4696.25,79.0852,capability_or_probe_issue,medium,真实调用正常但标准任务下降，可能存在特定能力回退或拨测环境问题,性能分80.1/基线无；P95 9227ms/基线无ms；成功率94.85%/基线无%；单请求成本0.000800/基线无；主动拨测成功率100.00%；诊断=capability_or_probe_issue；历史基线未就绪，趋势信号不参与
2026-04-24,Minimax-M2.5,MiniMax,83.5505,20.0,低,0.0,0.0,20.0,0.0,0.0,0.0,fusion_diagnosis,融合诊断,False,1.0,75.1488,,0.0,3098.8,,1.0,96.1039,,0.0,0.0019,,1.0,0.0024,,1.0,80.0,,0.0,100.0,600.25,82.0,environment_latency_gap,low,标准拨测健康但真实调用延迟明显更高，差异更可能来自业务环境,性能分75.1/基线无；P95 3099ms/基线无ms；成功率96.10%/基线无%；单请求成本0.001900/基线无；主动拨测成功率100.00%；诊断=environment_latency_gap；历史基线未就绪，趋势信号不参与
2026-04-24,Qwen3.6-35B-A3B,Qwen,83.1365,20.0,低,0.0,0.0,20.0,0.0,0.0,0.0,fusion_diagnosis,融合诊断,False,1.0,73.8468,,0.0,2352.5,,1.0,96.7742,,0.0,0.001,,1.0,0.0016,,1.0,80.0,,0.0,100.0,640.5,82.0,environment_latency_gap,low,标准拨测健康但真实调用延迟明显更高，差异更可能来自业务环境,性能分73.8/基线无；P95 2352ms/基线无ms；成功率96.77%/基线无%；单请求成本0.001000/基线无；主动拨测成功率100.00%；诊断=environment_latency_gap；历史基线未就绪，趋势信号不参与
2026-04-25,DeepSeek-V4,DeepSeek,85.6856,45.0,中,0.0,0.0,45.0,0.0,0.0,0.0,fusion_diagnosis,融合诊断,False,2.0,79.6548,,0.0,9173.4,,1.0,95.7702,,0.0,0.0008,,1.0,0.0012,,1.0,80.0,,0.0,100.0,4715.5,79.5794,capability_or_probe_issue,medium,真实调用正常但标准任务下降，可能存在特定能力回退或拨测环境问题,性能分79.7/基线无；P95 9173ms/基线无ms；成功率95.77%/基线无%；单请求成本0.000800/基线无；主动拨测成功率100.00%；诊断=capability_or_probe_issue；历史基线未就绪，趋势信号不参与
2026-04-25,Minimax-M2.5,MiniMax,80.0301,35.0,中,18.5988,31.8837,35.0,0.0,53.1394,0.0,fusion_diagnosis,融合诊断,False,2.0,74.0364,,0.0,3304.6,,1.0,87.7193,,0.0,0.0017,,1.0,0.0024,,1.0,80.0,,0.0,100.0,628.75,80.2601,platform_or_traffic_issue,medium,真实调用下降但标准拨测正常，优先排查用户输入、网络和平台链路,性能分74.0/基线无；P95 3305ms/基线无ms；成功率87.72%/基线无%；单请求成本0.001700/基线无；主动拨测成功率100.00%；诊断=platform_or_traffic_issue；历史基线未就绪，趋势信号不参与
2026-04-25,Qwen3.6-35B-A3B,Qwen,82.768,35.0,中,12.3148,21.1111,35.0,0.0,35.1852,0.0,fusion_diagnosis,融合诊断,False,2.0,76.0665,,0.0,1979.7,,1.0,92.5926,,0.0,0.001,,1.0,0.0016,,1.0,80.0,,0.0,100.0,644.0,79.0852,platform_or_traffic_issue,medium,真实调用下降但标准拨测正常，优先排查用户输入、网络和平台链路,性能分76.1/基线无；P95 1980ms/基线无ms；成功率92.59%/基线无%；单请求成本0.001000/基线无；主动拨测成功率100.00%；诊断=platform_or_traffic_issue；历史基线未就绪，趋势信号不参与
2026-04-26,DeepSeek-V4,DeepSeek,85.8914,45.0,中,0.0,0.0,45.0,0.0,0.0,0.0,fusion_diagnosis,融合诊断,True,3.0,80.7541,79.9649,0.0,8803.05,9227.0,0.9541,94.9618,95.7702,0.8084,0.0008,0.0008,1.0,0.0012,0.0012,1.0,79.6136,80.0,0.3864,100.0,4701.0,82.1478,capability_or_probe_issue,medium,真实调用正常但标准任务下降，可能存在特定能力回退或拨测环境问题,性能分80.8/基线80.0；P95 8803ms/基线9227ms；成功率94.96%/基线95.8%；单请求成本0.000800/基线0.000800；主动拨测成功率100.00%；诊断=capability_or_probe_issue
2026-04-26,Minimax-M2.5,MiniMax,82.5166,20.0,低,0.0,0.0,20.0,0.0,0.0,0.0,fusion_diagnosis,融合诊断,True,3.0,73.9665,74.1828,0.2163,3188.4,3304.6,0.9648,94.4444,90.7692,0.0,0.0017,0.0017,1.0,0.0024,0.0024,1.0,80.9592,80.0,0.0,100.0,611.5,79.6392,environment_latency_gap,low,标准拨测健康但真实调用延迟明显更高，差异更可能来自业务环境,性能分74.0/基线74.2；P95 3188ms/基线3305ms；成功率94.44%/基线90.8%；单请求成本0.001700/基线0.001700；主动拨测成功率100.00%；诊断=environment_latency_gap
2026-04-26,Qwen3.6-35B-A3B,Qwen,89.3331,20.0,低,0.0,0.0,20.0,0.0,0.0,0.0,fusion_diagnosis,融合诊断,True,3.0,83.7694,73.8468,0.0,1980.95,2352.5,0.8421,100.0,92.5926,0.0,0.001,0.001,1.0,0.0016,0.0016,1.0,82.9896,80.0,0.0,100.0,672.0,78.8909,environment_latency_gap,low,标准拨测健康但真实调用延迟明显更高，差异更可能来自业务环境,性能分83.8/基线73.8；P95 1981ms/基线2352ms；成功率100.00%/基线92.6%；单请求成本0.001000/基线0.001000；主动拨测成功率100.00%；诊断=environment_latency_gap
2026-04-27,DeepSeek-V4,DeepSeek,85.9445,45.0,中,0.0,0.0,45.0,0.0,0.0,0.0,fusion_diagnosis,融合诊断,True,4.0,80.5743,80.0408,0.0,8919.1,9200.2,0.9694,95.3846,95.366,0.0,0.0008,0.0008,1.0,0.0012,0.0012,1.0,79.5704,80.0,0.4296,100.0,4676.0,80.4355,capability_or_probe_issue,medium,真实调用正常但标准任务下降，可能存在特定能力回退或拨测环境问题,性能分80.6/基线80.0；P95 8919ms/基线9200ms；成功率95.38%/基线95.4%；单请求成本0.000800/基线0.000800；主动拨测成功率100.00%；诊断=capability_or_probe_issue
2026-04-27,Minimax-M2.5,MiniMax,84.8816,20.0,低,0.0,0.0,20.0,0.0,0.0,0.0,fusion_diagnosis,融合诊断,True,4.0,74.5698,74.1096,0.0,3141.5,3246.5,0.9677,97.1831,92.6068,0.0,0.0014,0.0017,0.8235,0.0024,0.0024,1.0,88.26,80.0,0.0,100.0,612.5,79.6803,environment_latency_gap,low,标准拨测健康但真实调用延迟明显更高，差异更可能来自业务环境,性能分74.6/基线74.1；P95 3142ms/基线3246ms；成功率97.18%/基线92.6%；单请求成本0.001400/基线0.001700；主动拨测成功率100.00%；诊断=environment_latency_gap
2026-04-27,Qwen3.6-35B-A3B,Qwen,81.7911,20.0,低,0.0,0.0,20.0,0.0,0.0,0.0,fusion_diagnosis,融合诊断,True,4.0,73.6098,74.9566,1.3468,2244.55,2166.725,1.0359,94.4444,94.6834,0.239,0.0011,0.001,1.1,0.0016,0.0016,1.0,77.312,80.0,2.688,100.0,602.25,82.14,environment_latency_gap,low,标准拨测健康但真实调用延迟明显更高，差异更可能来自业务环境,性能分73.6/基线75.0；P95 2245ms/基线2167ms；成功率94.44%/基线94.7%；单请求成本0.001100/基线0.001000；主动拨测成功率100.00%；诊断=environment_latency_gap
2026-04-28,DeepSeek-V4,DeepSeek,86.249,45.0,中,0.0,0.0,45.0,0.0,0.0,0.0,fusion_diagnosis,融合诊断,True,5.0,80.339,80.1166,0.0,9231.2,9173.4,1.0063,96.584,95.3846,0.0,0.0008,0.0008,1.0,0.0012,0.0012,1.0,79.5576,80.0,0.4424,100.0,4691.0,79.6356,capability_or_probe_issue,medium,真实调用正常但标准任务下降，可能存在特定能力回退或拨测环境问题,性能分80.3/基线80.1；P95 9231ms/基线9173ms；成功率96.58%/基线95.4%；单请求成本0.000800/基线0.000800；主动拨测成功率100.00%；诊断=capability_or_probe_issue
2026-04-28,Minimax-M2.5,MiniMax,79.1103,35.0,中,12.4342,21.3158,35.0,0.0,35.5263,0.0,fusion_diagnosis,融合诊断,True,5.0,70.2063,74.1828,3.9765,3224.8,3188.4,1.0114,92.5,94.4444,1.9444,0.0018,0.0017,1.0588,0.0024,0.0024,1.0,75.3672,80.0,4.6328,100.0,649.5,78.6825,platform_or_traffic_issue,medium,真实调用下降但标准拨测正常，优先排查用户输入、网络和平台链路,性能分70.2/基线74.2；P95 3225ms/基线3188ms；成功率92.50%/基线94.4%；单请求成本0.001800/基线0.001700；主动拨测成功率100.00%；诊断=platform_or_traffic_issue
2026-04-28,Qwen3.6-35B-A3B,Qwen,80.8091,20.0,低,0.0,0.0,20.0,0.0,0.0,0.0,fusion_diagnosis,融合诊断,True,5.0,70.2666,73.8468,3.5802,2432.5,2244.55,1.0837,96.7742,94.4444,0.0,0.0011,0.001,1.1,0.0016,0.0016,1.0,76.4176,80.0,3.5824,100.0,704.75,79.0992,environment_latency_gap,low,标准拨测健康但真实调用延迟明显更高，差异更可能来自业务环境,性能分70.3/基线73.8；P95 2432ms/基线2245ms；成功率96.77%/基线94.4%；单请求成本0.001100/基线0.001000；主动拨测成功率100.00%；诊断=environment_latency_gap
2026-04-29,DeepSeek-V4,DeepSeek,86.0095,45.0,中,0.0,0.0,45.0,0.0,0.0,0.0,fusion_diagnosis,融合诊断,True,6.0,80.5361,80.2278,0.0,9081.75,9200.2,0.9871,95.528,95.5774,0.0494,0.0008,0.0008,1.0,0.0012,0.0012,1.0,79.7928,79.8068,0.014,100.0,4717.5,77.8692,capability_or_probe_issue,medium,真实调用正常但标准任务下降，可能存在特定能力回退或拨测环境问题,性能分80.5/基线80.2；P95 9082ms/基线9200ms；成功率95.53%/基线95.6%；单请求成本0.000800/基线0.000800；主动拨测成功率100.00%；诊断=capability_or_probe_issue
2026-04-29,Minimax-M2.5,MiniMax,84.854,20.0,低,0.0,0.0,20.0,0.0,0.0,0.0,fusion_diagnosis,融合诊断,True,6.0,76.8177,74.1096,0.0,3002.25,3206.6,0.9363,96.0526,93.4722,0.0,0.0016,0.0017,0.9412,0.0024,0.0024,1.0,83.248,80.0,0.0,100.0,646.75,81.0372,environment_latency_gap,low,标准拨测健康但真实调用延迟明显更高，差异更可能来自业务环境,性能分76.8/基线74.1；P95 3002ms/基线3207ms；成功率96.05%/基线93.5%；单请求成本0.001600/基线0.001700；主动拨测成功率100.00%；诊断=environment_latency_gap
2026-04-29,Qwen3.6-35B-A3B,Qwen,80.9623,46.2135,中,26.9579,46.2135,35.0,0.0,77.0225,0.0,success_risk,成功率异常,True,6.0,76.5171,73.7964,0.0,2189.5,2298.525,0.9526,88.2353,95.6093,7.374,0.0011,0.0011,1.0476,0.0016,0.0016,1.0,76.7296,80.0,3.2704,100.0,708.25,76.7215,platform_or_traffic_issue,medium,真实调用下降但标准拨测正常，优先排查用户输入、网络和平台链路,性能分76.5/基线73.8；P95 2190ms/基线2299ms；成功率88.24%/基线95.6%；单请求成本0.001100/基线0.001050；主动拨测成功率100.00%；诊断=platform_or_traffic_issue
2026-04-30,DeepSeek-V4,DeepSeek,85.8853,45.0,中,0.0,0.0,45.0,0.0,0.0,0.0,fusion_diagnosis,融合诊断,True,7.0,80.1723,80.339,0.1667,9014.5,9173.4,0.9827,95.1114,95.528,0.4166,0.0008,0.0008,1.0,0.0012,0.0012,1.0,81.1592,79.7928,0.0,100.0,4684.75,79.665,capability_or_probe_issue,medium,真实调用正常但标准任务下降，可能存在特定能力回退或拨测环境问题,性能分80.2/基线80.3；P95 9014ms/基线9173ms；成功率95.11%/基线95.5%；单请求成本0.000800/基线0.000800；主动拨测成功率100.00%；诊断=capability_or_probe_issue
2026-04-30,Minimax-M2.5,MiniMax,87.0631,20.0,低,0.0,0.0,20.0,0.0,0.0,0.0,fusion_diagnosis,融合诊断,True,7.0,79.4754,74.1828,0.0,2792.65,3188.4,0.8759,97.561,94.4444,0.0,0.0015,0.0017,0.8824,0.0024,0.0024,1.0,85.5608,80.0,0.0,100.0,599.75,82.0496,environment_latency_gap,low,标准拨测健康但真实调用延迟明显更高，差异更可能来自业务环境,性能分79.5/基线74.2；P95 2793ms/基线3188ms；成功率97.56%/基线94.4%；单请求成本0.001500/基线0.001700；主动拨测成功率100.00%；诊断=environment_latency_gap
2026-04-30,Qwen3.6-35B-A3B,Qwen,81.3278,35.0898,中,20.4691,35.0898,35.0,0.0,58.483,0.0,success_risk,成功率异常,True,7.0,76.1922,73.8468,0.0,2228.2,2244.55,0.9927,89.1892,94.4444,5.2552,0.0011,0.0011,1.0,0.0016,0.0016,1.0,78.0008,80.0,1.9992,100.0,637.75,81.5788,platform_or_traffic_issue,medium,真实调用下降但标准拨测正常，优先排查用户输入、网络和平台链路,性能分76.2/基线73.8；P95 2228ms/基线2245ms；成功率89.19%/基线94.4%；单请求成本0.001100/基线0.001100；主动拨测成功率100.00%；诊断=platform_or_traffic_issue
2026-05-01,DeepSeek-V4,DeepSeek,86.7194,45.0,中,0.0,0.0,45.0,0.0,0.0,0.0,fusion_diagnosis,融合诊断,True,7.0,81.3229,80.339,0.0,8515.2,9081.75,0.9376,96.1404,95.3846,0.0,0.0008,0.0008,1.0,0.0012,0.0012,1.0,80.4592,79.7928,0.0,100.0,4735.75,80.1091,capability_or_probe_issue,medium,真实调用正常但标准任务下降，可能存在特定能力回退或拨测环境问题,性能分81.3/基线80.3；P95 8515ms/基线9082ms；成功率96.14%/基线95.4%；单请求成本0.000800/基线0.000800；主动拨测成功率100.00%；诊断=capability_or_probe_issue
2026-05-01,Minimax-M2.5,MiniMax,84.293,20.0,低,0.0,0.0,20.0,0.0,0.0,0.0,fusion_diagnosis,融合诊断,True,7.0,75.7767,74.5698,0.0,2847.6,3141.5,0.9064,96.6102,96.0526,0.0,0.0016,0.0017,0.9412,0.0024,0.0024,1.0,81.6632,80.9592,0.0,100.0,602.5,80.9827,environment_latency_gap,low,标准拨测健康但真实调用延迟明显更高，差异更可能来自业务环境,性能分75.8/基线74.6；P95 2848ms/基线3142ms；成功率96.61%/基线96.1%；单请求成本0.001600/基线0.001700；主动拨测成功率100.00%；诊断=environment_latency_gap
2026-05-01,Qwen3.6-35B-A3B,Qwen,85.0095,35.0,中,10.5781,18.134,35.0,0.0,30.2233,0.0,fusion_diagnosis,融合诊断,True,7.0,78.6043,76.0665,0.0,1900.4,2228.2,0.8529,93.9394,94.4444,0.505,0.001,0.0011,0.9091,0.0016,0.0016,1.0,83.3096,78.0008,0.0,100.0,611.5,81.0764,platform_or_traffic_issue,medium,真实调用下降但标准拨测正常，优先排查用户输入、网络和平台链路,性能分78.6/基线76.1；P95 1900ms/基线2228ms；成功率93.94%/基线94.4%；单请求成本0.001000/基线0.001100；主动拨测成功率100.00%；诊断=platform_or_traffic_issue
2026-05-02,DeepSeek-V4,DeepSeek,89.8413,80.0,严重,17.6632,30.2798,80.0,0.0,50.4663,0.0,fusion_diagnosis,融合诊断,True,7.0,90.6545,80.5361,0.0,6016.5,9014.5,0.6674,91.189,95.528,4.339,0.0008,0.0008,1.0,0.0012,0.0012,1.0,81.8368,79.7928,0.0,100.0,4727.5,79.0143,model_side_degradation,high,真实调用与标准环境同步下降，模型服务或模型能力更可能异常,性能分90.7/基线80.5；P95 6016ms/基线9014ms；成功率91.19%/基线95.5%；单请求成本0.000800/基线0.000800；主动拨测成功率100.00%；诊断=model_side_degradation
2026-05-02,Minimax-M2.5,MiniMax,82.4547,20.0,低,0.0,0.0,20.0,0.0,0.0,0.0,fusion_diagnosis,融合诊断,True,7.0,73.6482,74.5698,0.9216,3169.15,3141.5,1.0088,95.0,96.0526,1.0526,0.0016,0.0016,1.0,0.0024,0.0024,1.0,80.2984,81.6632,1.3648,100.0,607.25,79.3143,environment_latency_gap,low,标准拨测健康但真实调用延迟明显更高，差异更可能来自业务环境,性能分73.6/基线74.6；P95 3169ms/基线3142ms；成功率95.00%/基线96.1%；单请求成本0.001600/基线0.001600；主动拨测成功率100.00%；诊断=environment_latency_gap
2026-05-02,Qwen3.6-35B-A3B,Qwen,89.855,20.0,低,0.0,0.0,20.0,0.0,0.0,0.0,fusion_diagnosis,融合诊断,True,7.0,84.3478,76.1922,0.0,1873.5,2189.5,0.8557,100.0,93.9394,0.0,0.001,0.0011,0.9091,0.0016,0.0016,1.0,84.5408,78.0008,0.0,100.0,662.25,80.1803,environment_latency_gap,low,标准拨测健康但真实调用延迟明显更高，差异更可能来自业务环境,性能分84.3/基线76.2；P95 1874ms/基线2190ms；成功率100.00%/基线93.9%；单请求成本0.001000/基线0.001100；主动拨测成功率100.00%；诊断=environment_latency_gap
2026-05-03,DeepSeek-V4,DeepSeek,86.2899,45.0,中,0.0,0.0,45.0,0.0,0.0,0.0,fusion_diagnosis,融合诊断,True,7.0,80.191,80.5743,0.3833,8985.9,8919.1,1.0075,96.0821,95.3846,0.0,0.0008,0.0008,1.0,0.0012,0.0012,1.0,81.5064,79.7928,0.0,100.0,4691.25,80.2153,capability_or_probe_issue,medium,真实调用正常但标准任务下降，可能存在特定能力回退或拨测环境问题,性能分80.2/基线80.6；P95 8986ms/基线8919ms；成功率96.08%/基线95.4%；单请求成本0.000800/基线0.000800；主动拨测成功率100.00%；诊断=capability_or_probe_issue
2026-05-03,Minimax-M2.5,MiniMax,85.8215,35.0,中,16.3056,27.9524,35.0,0.0,46.5874,0.0,fusion_diagnosis,融合诊断,True,7.0,81.9579,74.5698,0.0,2423.5,3141.5,0.7714,92.1569,96.0526,3.8957,0.0016,0.0016,1.0,0.0024,0.0024,1.0,81.7456,81.6632,0.0,98.9583,620.75,80.0266,platform_or_traffic_issue,medium,真实调用下降但标准拨测正常，优先排查用户输入、网络和平台链路,性能分82.0/基线74.6；P95 2424ms/基线3142ms；成功率92.16%/基线96.1%；单请求成本0.001600/基线0.001600；主动拨测成功率98.96%；诊断=platform_or_traffic_issue
2026-05-03,Qwen3.6-35B-A3B,Qwen,80.8444,35.0,中,15.5339,23.3009,35.0,38.8348,0.0,0.0,fusion_diagnosis,融合诊断,True,7.0,66.3715,76.5171,10.1456,2717.85,2189.5,1.2413,100.0,94.4444,0.0,0.001,0.0011,0.9091,0.0016,0.0016,1.0,84.3912,78.0008,0.0,100.0,649.75,78.9964,platform_or_traffic_issue,medium,真实调用下降但标准拨测正常，优先排查用户输入、网络和平台链路,性能分66.4/基线76.5；P95 2718ms/基线2190ms；成功率100.00%/基线94.4%；单请求成本0.001000/基线0.001100；主动拨测成功率100.00%；诊断=platform_or_traffic_issue
2026-05-04,DeepSeek-V4,DeepSeek,86.4029,45.0,中,0.0,0.0,45.0,0.0,0.0,0.0,fusion_diagnosis,融合诊断,True,7.0,80.7907,80.5361,0.0,8782.15,8985.9,0.9773,96.0265,95.528,0.0,0.0008,0.0008,1.0,0.0012,0.0012,1.0,80.392,80.4592,0.0672,100.0,4737.5,78.8314,capability_or_probe_issue,medium,真实调用正常但标准任务下降，可能存在特定能力回退或拨测环境问题,性能分80.8/基线80.5；P95 8782ms/基线8986ms；成功率96.03%/基线95.5%；单请求成本0.000800/基线0.000800；主动拨测成功率100.00%；诊断=capability_or_probe_issue
2026-05-04,Minimax-M2.5,MiniMax,80.6437,20.0,低,0.0,0.0,20.0,0.0,0.0,0.0,fusion_diagnosis,融合诊断,True,7.0,70.2792,75.7767,5.4975,3059.4,3002.25,1.019,96.6292,96.0526,0.0,0.0017,0.0016,1.0625,0.0024,0.0024,1.0,75.6152,81.7456,6.1304,100.0,606.0,80.7007,environment_latency_gap,low,标准拨测健康但真实调用延迟明显更高，差异更可能来自业务环境,性能分70.3/基线75.8；P95 3059ms/基线3002ms；成功率96.63%/基线96.1%；单请求成本0.001700/基线0.001600；主动拨测成功率100.00%；诊断=environment_latency_gap
2026-05-04,Qwen3.6-35B-A3B,Qwen,83.9656,20.0,低,0.0,0.0,20.0,0.0,0.0,0.0,fusion_diagnosis,融合诊断,True,7.0,77.9349,76.1922,0.0,1963.0,2228.2,0.881,95.122,94.4444,0.0,0.0012,0.0011,1.0909,0.0016,0.0016,1.0,75.7944,78.0008,2.2064,98.9583,675.5,77.2858,environment_latency_gap,low,标准拨测健康但真实调用延迟明显更高，差异更可能来自业务环境,性能分77.9/基线76.2；P95 1963ms/基线2228ms；成功率95.12%/基线94.4%；单请求成本0.001200/基线0.001100；主动拨测成功率98.96%；诊断=environment_latency_gap
2026-05-05,DeepSeek-V4,DeepSeek,61.1206,80.0,严重,55.8582,60.0,80.0,100.0,45.309,0.0,fusion_diagnosis,融合诊断,True,7.0,33.2284,80.5361,47.3077,21762.1,8985.9,2.4218,92.2769,96.0265,3.7496,0.0008,0.0008,1.0,0.0012,0.0012,1.0,79.2216,80.4592,1.2376,100.0,4702.75,78.3776,model_side_degradation,high,真实调用与标准环境同步下降，模型服务或模型能力更可能异常,性能分33.2/基线80.5；P95 21762ms/基线8986ms；成功率92.28%/基线96.0%；单请求成本0.000800/基线0.000800；主动拨测成功率100.00%；诊断=model_side_degradation
2026-05-05,Minimax-M2.5,MiniMax,85.9376,20.0,低,0.0,0.0,20.0,0.0,0.0,0.0,fusion_diagnosis,融合诊断,True,7.0,79.6253,75.7767,0.0,2726.15,3002.25,0.908,97.7273,96.0526,0.0,0.0017,0.0016,1.0625,0.0024,0.0024,1.0,77.1664,81.6632,4.4968,100.0,595.25,81.0787,environment_latency_gap,low,标准拨测健康但真实调用延迟明显更高，差异更可能来自业务环境,性能分79.6/基线75.8；P95 2726ms/基线3002ms；成功率97.73%/基线96.1%；单请求成本0.001700/基线0.001600；主动拨测成功率100.00%；诊断=environment_latency_gap
2026-05-05,Qwen3.6-35B-A3B,Qwen,77.0733,35.0,中,34.9679,28.5572,35.0,45.7739,47.5954,0.0,fusion_diagnosis,融合诊断,True,7.0,64.6863,76.5171,11.8308,2644.2,2189.5,1.2077,91.1111,95.122,4.0109,0.001,0.0011,0.9091,0.0016,0.0016,1.0,83.4608,78.0008,0.0,100.0,661.75,79.2626,platform_or_traffic_issue,medium,真实调用下降但标准拨测正常，优先排查用户输入、网络和平台链路,性能分64.7/基线76.5；P95 2644ms/基线2190ms；成功率91.11%/基线95.1%；单请求成本0.001000/基线0.001100；主动拨测成功率100.00%；诊断=platform_or_traffic_issue
2026-05-06,DeepSeek-V4,DeepSeek,52.5877,80.0,严重,40.0,60.0,80.0,100.0,0.0,0.0,fusion_diagnosis,融合诊断,True,7.0,14.8123,80.5361,65.7238,26458.15,8985.9,2.9444,94.0844,95.528,1.4436,0.0008,0.0008,1.0,0.0012,0.0012,1.0,79.4624,80.4592,0.9968,100.0,4715.5,78.8832,model_side_degradation,high,真实调用与标准环境同步下降，模型服务或模型能力更可能异常,性能分14.8/基线80.5；P95 26458ms/基线8986ms；成功率94.08%/基线95.5%；单请求成本0.000800/基线0.000800；主动拨测成功率100.00%；诊断=model_side_degradation
2026-05-06,Minimax-M2.5,MiniMax,81.3725,20.0,低,0.0,0.0,20.0,0.0,0.0,0.0,fusion_diagnosis,融合诊断,True,7.0,72.6834,76.8177,4.1343,3112.0,2847.6,1.0929,94.7368,96.6102,1.8734,0.0017,0.0016,1.0625,0.0024,0.0024,1.0,76.92,81.6632,4.7432,100.0,596.75,79.3124,environment_latency_gap,low,标准拨测健康但真实调用延迟明显更高，差异更可能来自业务环境,性能分72.7/基线76.8；P95 3112ms/基线2848ms；成功率94.74%/基线96.6%；单请求成本0.001700/基线0.001600；主动拨测成功率100.00%；诊断=environment_latency_gap
2026-05-06,Qwen3.6-35B-A3B,Qwen,81.4159,20.0,低,0.0,0.0,20.0,0.0,0.0,0.0,fusion_diagnosis,融合诊断,True,7.0,71.676,76.5171,4.8411,2330.1,2189.5,1.0642,95.8333,93.9394,0.0,0.0011,0.001,1.1,0.0016,0.0016,1.0,77.9832,83.3096,5.3264,98.9583,613.5,81.6595,environment_latency_gap,low,标准拨测健康但真实调用延迟明显更高，差异更可能来自业务环境,性能分71.7/基线76.5；P95 2330ms/基线2190ms；成功率95.83%/基线93.9%；单请求成本0.001100/基线0.001000；主动拨测成功率98.96%；诊断=environment_latency_gap
2026-05-07,DeepSeek-V4,DeepSeek,63.0315,80.0,严重,54.2298,60.0,80.0,100.0,40.6566,0.0,fusion_diagnosis,融合诊断,True,7.0,37.2288,80.191,42.9622,20429.0,8985.9,2.2735,91.8935,95.1114,3.2179,0.0008,0.0008,1.0,0.0012,0.0012,1.0,79.5296,80.4592,0.9296,100.0,4703.5,79.0716,model_side_degradation,high,真实调用与标准环境同步下降，模型服务或模型能力更可能异常,性能分37.2/基线80.2；P95 20429ms/基线8986ms；成功率91.89%/基线95.1%；单请求成本0.000800/基线0.000800；主动拨测成功率100.00%；诊断=model_side_degradation
2026-05-07,Minimax-M2.5,MiniMax,80.7427,20.0,低,0.0,0.0,20.0,0.0,0.0,0.0,fusion_diagnosis,融合诊断,True,7.0,71.4162,75.7767,4.3605,2745.8,2847.6,0.9643,95.5056,96.6102,1.1046,0.0017,0.0016,1.0625,0.0024,0.0024,1.0,75.1336,80.2984,5.1648,100.0,613.5,81.0207,environment_latency_gap,low,标准拨测健康但真实调用延迟明显更高，差异更可能来自业务环境,性能分71.4/基线75.8；P95 2746ms/基线2848ms；成功率95.51%/基线96.6%；单请求成本0.001700/基线0.001600；主动拨测成功率100.00%；诊断=environment_latency_gap
2026-05-07,Qwen3.6-35B-A3B,Qwen,85.4494,24.0,低,10.0,24.0,20.0,0.0,0.0,40.0,cost_risk,成本异常,True,7.0,78.7435,76.1922,0.0,2257.1,2228.2,1.013,100.0,95.122,0.0,0.0012,0.001,1.2,0.0016,0.0016,1.0,73.8512,83.3096,9.4584,100.0,641.75,79.5614,environment_latency_gap,low,标准拨测健康但真实调用延迟明显更高，差异更可能来自业务环境,性能分78.7/基线76.2；P95 2257ms/基线2228ms；成功率100.00%/基线95.1%；单请求成本0.001200/基线0.001000；主动拨测成功率100.00%；诊断=environment_latency_gap
2026-05-08,DeepSeek-V4,DeepSeek,86.9248,45.0,中,0.0,0.0,45.0,0.0,0.0,0.0,fusion_diagnosis,融合诊断,True,7.0,82.1854,80.191,0.0,8411.3,8985.9,0.9361,95.9365,94.0844,0.0,0.0008,0.0008,1.0,0.0012,0.0012,1.0,79.4344,80.392,0.9576,100.0,17768.0,24.6409,capability_or_probe_issue,medium,真实调用正常但标准任务下降，可能存在特定能力回退或拨测环境问题,性能分82.2/基线80.2；P95 8411ms/基线8986ms；成功率95.94%/基线94.1%；单请求成本0.000800/基线0.000800；主动拨测成功率100.00%；诊断=capability_or_probe_issue
2026-05-08,Minimax-M2.5,MiniMax,84.5794,20.0,低,0.0,0.0,20.0,0.0,0.0,0.0,fusion_diagnosis,融合诊断,True,7.0,77.4054,73.6482,0.0,2620.5,2847.6,0.9202,94.7368,95.5056,0.7688,0.0016,0.0017,0.9412,0.0024,0.0024,1.0,82.5592,77.1664,0.0,100.0,633.0,78.4356,environment_latency_gap,low,标准拨测健康但真实调用延迟明显更高，差异更可能来自业务环境,性能分77.4/基线73.6；P95 2620ms/基线2848ms；成功率94.74%/基线95.5%；单请求成本0.001600/基线0.001700；主动拨测成功率100.00%；诊断=environment_latency_gap
2026-05-08,Qwen3.6-35B-A3B,Qwen,87.6527,20.0,低,0.0,0.0,20.0,0.0,0.0,0.0,fusion_diagnosis,融合诊断,True,7.0,80.4877,77.9349,0.0,2050.4,2257.1,0.9084,100.0,95.8333,0.0,0.001,0.001,1.0,0.0016,0.0016,1.0,82.7256,83.3096,0.584,100.0,666.75,77.3124,environment_latency_gap,low,标准拨测健康但真实调用延迟明显更高，差异更可能来自业务环境,性能分80.5/基线77.9；P95 2050ms/基线2257ms；成功率100.00%/基线95.8%；单请求成本0.001000/基线0.001000；主动拨测成功率100.00%；诊断=environment_latency_gap
2026-05-09,DeepSeek-V4,DeepSeek,87.6532,45.0,中,0.0,0.0,45.0,0.0,0.0,0.0,fusion_diagnosis,融合诊断,True,7.0,82.9166,80.191,0.0,7936.1,8985.9,0.8832,96.5017,94.0844,0.0,0.0008,0.0008,1.0,0.0012,0.0012,1.0,80.5208,79.5296,0.0,100.0,4697.75,79.6443,capability_or_probe_issue,medium,真实调用正常但标准任务下降，可能存在特定能力回退或拨测环境问题,性能分82.9/基线80.2；P95 7936ms/基线8986ms；成功率96.50%/基线94.1%；单请求成本0.000800/基线0.000800；主动拨测成功率100.00%；诊断=capability_or_probe_issue
2026-05-09,Minimax-M2.5,MiniMax,81.4882,56.2499,中,32.8125,56.2499,35.0,0.0,93.7499,0.0,success_risk,成功率异常,True,7.0,77.6379,73.6482,0.0,2601.3,2745.8,0.9474,85.7143,95.0,9.2857,0.0016,0.0017,0.9412,0.0024,0.0024,1.0,82.4416,77.1664,0.0,100.0,587.0,81.3249,platform_or_traffic_issue,medium,真实调用下降但标准拨测正常，优先排查用户输入、网络和平台链路,性能分77.6/基线73.6；P95 2601ms/基线2746ms；成功率85.71%/基线95.0%；单请求成本0.001600/基线0.001700；主动拨测成功率100.00%；诊断=platform_or_traffic_issue
2026-05-09,Qwen3.6-35B-A3B,Qwen,78.1355,60.0,高,55.0,60.0,35.0,0.0,100.0,80.0,success_risk,成功率异常,True,7.0,75.1698,77.9349,2.7651,2153.45,2257.1,0.9541,88.2353,100.0,11.7647,0.0014,0.001,1.4,0.0016,0.0016,1.0,62.3752,82.7256,20.3504,100.0,653.5,79.0308,platform_or_traffic_issue,medium,真实调用下降但标准拨测正常，优先排查用户输入、网络和平台链路,性能分75.2/基线77.9；P95 2153ms/基线2257ms；成功率88.24%/基线100.0%；单请求成本0.001400/基线0.001000；主动拨测成功率100.00%；诊断=platform_or_traffic_issue
2026-05-10,DeepSeek-V4,DeepSeek,87.1761,45.0,中,0.0,0.0,45.0,0.0,0.0,0.0,fusion_diagnosis,融合诊断,True,7.0,82.4676,80.191,0.0,8244.6,8985.9,0.9175,96.108,95.9365,0.0,0.0008,0.0008,1.0,0.0012,0.0012,1.0,79.7648,79.5296,0.0,100.0,4691.75,80.3858,capability_or_probe_issue,medium,真实调用正常但标准任务下降，可能存在特定能力回退或拨测环境问题,性能分82.5/基线80.2；P95 8245ms/基线8986ms；成功率96.11%/基线95.9%；单请求成本0.000800/基线0.000800；主动拨测成功率100.00%；诊断=capability_or_probe_issue
2026-05-10,Minimax-M2.5,MiniMax,79.0479,39.5271,中,23.0575,39.5271,35.0,0.0,65.8785,0.0,success_risk,成功率异常,True,7.0,70.2174,77.4054,7.188,2842.8,2726.15,1.0428,88.6364,94.7368,6.1004,0.0016,0.0017,0.9412,0.0024,0.0024,1.0,84.0208,77.1664,0.0,100.0,667.25,76.5176,platform_or_traffic_issue,medium,真实调用下降但标准拨测正常，优先排查用户输入、网络和平台链路,性能分70.2/基线77.4；P95 2843ms/基线2726ms；成功率88.64%/基线94.7%；单请求成本0.001600/基线0.001700；主动拨测成功率100.00%；诊断=platform_or_traffic_issue
2026-05-10,Qwen3.6-35B-A3B,Qwen,82.9714,35.0,中,17.1352,29.3746,35.0,0.0,48.9577,0.0,fusion_diagnosis,融合诊断,True,7.0,75.5067,75.1698,0.0,2045.9,2257.1,0.9064,91.6667,95.8333,4.1666,0.001,0.0011,0.9091,0.0016,0.0016,1.0,85.404,77.9832,0.0,100.0,615.25,80.6392,platform_or_traffic_issue,medium,真实调用下降但标准拨测正常，优先排查用户输入、网络和平台链路,性能分75.5/基线75.2；P95 2046ms/基线2257ms；成功率91.67%/基线95.8%；单请求成本0.001000/基线0.001100；主动拨测成功率100.00%；诊断=platform_or_traffic_issue
2026-05-11,DeepSeek-V4,DeepSeek,87.3661,45.0,中,0.0,0.0,45.0,0.0,0.0,0.0,fusion_diagnosis,融合诊断,True,7.0,82.4373,80.7907,0.0,8229.4,8782.15,0.9371,96.617,95.9365,0.0,0.0008,0.0008,1.0,0.0012,0.0012,1.0,79.9328,79.5296,0.0,100.0,4692.25,79.7957,capability_or_probe_issue,medium,真实调用正常但标准任务下降，可能存在特定能力回退或拨测环境问题,性能分82.4/基线80.8；P95 8229ms/基线8782ms；成功率96.62%/基线95.9%；单请求成本0.000800/基线0.000800；主动拨测成功率100.00%；诊断=capability_or_probe_issue
2026-05-11,Minimax-M2.5,MiniMax,82.2107,40.6118,中,23.6902,40.6118,35.0,0.0,67.6863,0.0,success_risk,成功率异常,True,7.0,76.4118,72.6834,0.0,2662.0,2745.8,0.9695,88.4298,94.7368,6.307,0.0015,0.0017,0.8824,0.0024,0.0024,1.0,84.9448,77.1664,0.0,100.0,619.25,81.0249,platform_or_traffic_issue,medium,真实调用下降但标准拨测正常，优先排查用户输入、网络和平台链路,性能分76.4/基线72.7；P95 2662ms/基线2746ms；成功率88.43%/基线94.7%；单请求成本0.001500/基线0.001700；主动拨测成功率100.00%；诊断=platform_or_traffic_issue
2026-05-11,Qwen3.6-35B-A3B,Qwen,80.951,20.0,低,0.0,0.0,20.0,0.0,0.0,0.0,fusion_diagnosis,融合诊断,True,7.0,71.4055,75.5067,4.1012,2471.35,2153.45,1.1476,95.0,95.122,0.122,0.0011,0.0011,1.0,0.0016,0.0016,1.0,77.7496,77.9832,0.2336,100.0,632.0,79.8415,environment_latency_gap,low,标准拨测健康但真实调用延迟明显更高，差异更可能来自业务环境,性能分71.4/基线75.5；P95 2471ms/基线2153ms；成功率95.00%/基线95.1%；单请求成本0.001100/基线0.001100；主动拨测成功率100.00%；诊断=environment_latency_gap
2026-05-12,DeepSeek-V4,DeepSeek,86.5421,45.0,中,0.0,0.0,45.0,0.0,0.0,0.0,fusion_diagnosis,融合诊断,True,7.0,81.1291,82.1854,1.0563,8141.0,8411.3,0.9679,96.0772,95.9365,0.0,0.0008,0.0008,1.0,0.0012,0.0012,1.0,80.0728,79.5296,0.0,98.9583,4713.0,82.0207,capability_or_probe_issue,medium,真实调用正常但标准任务下降，可能存在特定能力回退或拨测环境问题,性能分81.1/基线82.2；P95 8141ms/基线8411ms；成功率96.08%/基线95.9%；单请求成本0.000800/基线0.000800；主动拨测成功率98.96%；诊断=capability_or_probe_issue
2026-05-12,Minimax-M2.5,MiniMax,83.3329,35.0,中,11.0291,18.907,35.0,0.0,31.5116,0.0,fusion_diagnosis,融合诊断,True,7.0,76.8844,76.4118,0.0,2410.55,2726.15,0.8842,93.5897,94.7368,1.1471,0.0016,0.0016,1.0,0.0024,0.0024,1.0,78.6896,82.4416,3.752,100.0,657.25,77.61,platform_or_traffic_issue,medium,真实调用下降但标准拨测正常，优先排查用户输入、网络和平台链路,性能分76.9/基线76.4；P95 2411ms/基线2726ms；成功率93.59%/基线94.7%；单请求成本0.001600/基线0.001600；主动拨测成功率100.00%；诊断=platform_or_traffic_issue
2026-05-12,Qwen3.6-35B-A3B,Qwen,82.0252,80.0,严重,11.3597,19.4738,80.0,0.0,32.4563,0.0,fusion_diagnosis,融合诊断,True,7.0,73.8015,75.1698,1.3683,2399.0,2257.1,1.0629,93.3333,95.0,1.6667,0.0011,0.0011,1.0,0.0016,0.0016,1.0,80.852,77.9832,0.0,91.6667,3617.0,25.2194,model_side_degradation,high,真实调用与标准环境同步下降，模型服务或模型能力更可能异常,性能分73.8/基线75.2；P95 2399ms/基线2257ms；成功率93.33%/基线95.0%；单请求成本0.001100/基线0.001100；主动拨测成功率91.67%；诊断=model_side_degradation
2026-05-13,DeepSeek-V4,DeepSeek,86.5914,45.0,中,0.0,0.0,45.0,0.0,0.0,0.0,fusion_diagnosis,融合诊断,True,7.0,80.9619,82.1854,1.2235,8084.6,8244.6,0.9806,96.9734,96.0772,0.0,0.0008,0.0008,1.0,0.0012,0.0012,1.0,78.8464,79.7648,0.9184,98.9583,4680.25,79.7318,capability_or_probe_issue,medium,真实调用正常但标准任务下降，可能存在特定能力回退或拨测环境问题,性能分81.0/基线82.2；P95 8085ms/基线8245ms；成功率96.97%/基线96.1%；单请求成本0.000800/基线0.000800；主动拨测成功率98.96%；诊断=capability_or_probe_issue
2026-05-13,Minimax-M2.5,MiniMax,80.3206,35.0,中,12.1072,20.7552,35.0,0.0,34.592,0.0,fusion_diagnosis,融合诊断,True,7.0,70.3572,76.4118,6.0546,2704.8,2662.0,1.0161,92.7536,93.5897,0.8361,0.0015,0.0016,0.9375,0.0024,0.0024,1.0,82.3352,82.4416,0.1064,100.0,642.0,81.2644,platform_or_traffic_issue,medium,真实调用下降但标准拨测正常，优先排查用户输入、网络和平台链路,性能分70.4/基线76.4；P95 2705ms/基线2662ms；成功率92.75%/基线93.6%；单请求成本0.001500/基线0.001600；主动拨测成功率100.00%；诊断=platform_or_traffic_issue
2026-05-13,Qwen3.6-35B-A3B,Qwen,87.5286,0.0,低,0.0,0.0,0.0,0.0,0.0,0.0,performance_risk,性能下降,True,7.0,85.4856,75.1698,0.0,1626.5,2257.1,0.7206,96.0784,95.0,0.0,0.0012,0.0011,1.0909,0.0016,0.0016,1.0,72.1248,77.9832,5.8584,100.0,605.0,82.179,healthy,none,真实调用与标准拨测均处于健康范围,性能分85.5/基线75.2；P95 1626ms/基线2257ms；成功率96.08%/基线95.0%；单请求成本0.001200/基线0.001100；主动拨测成功率100.00%；诊断=healthy
2026-05-14,DeepSeek-V4,DeepSeek,86.592,45.0,中,0.0,0.0,45.0,0.0,0.0,0.0,fusion_diagnosis,融合诊断,True,7.0,80.6189,82.1854,1.5665,8226.3,8229.4,0.9996,97.258,96.108,0.0,0.0008,0.0008,1.0,0.0012,0.0012,1.0,79.3224,79.7648,0.4424,100.0,4714.0,79.4637,capability_or_probe_issue,medium,真实调用正常但标准任务下降，可能存在特定能力回退或拨测环境问题,性能分80.6/基线82.2；P95 8226ms/基线8229ms；成功率97.26%/基线96.1%；单请求成本0.000800/基线0.000800；主动拨测成功率100.00%；诊断=capability_or_probe_issue
2026-05-14,Minimax-M2.5,MiniMax,85.864,20.0,低,0.0,0.0,20.0,0.0,0.0,0.0,fusion_diagnosis,融合诊断,True,7.0,78.396,76.4118,0.0,2472.0,2662.0,0.9286,97.6744,92.7536,0.0,0.0016,0.0016,1.0,0.0024,0.0024,1.0,80.8976,82.4416,1.544,100.0,653.0,79.0217,environment_latency_gap,low,标准拨测健康但真实调用延迟明显更高，差异更可能来自业务环境,性能分78.4/基线76.4；P95 2472ms/基线2662ms；成功率97.67%/基线92.8%；单请求成本0.001600/基线0.001600；主动拨测成功率100.00%；诊断=environment_latency_gap
2026-05-14,Qwen3.6-35B-A3B,Qwen,79.7348,60.0,高,35.0,60.0,35.0,0.0,100.0,0.0,success_risk,成功率异常,True,7.0,75.4479,75.5067,0.0588,1590.5,2153.45,0.7386,82.6087,95.0,12.3913,0.001,0.0011,0.9091,0.0016,0.0016,1.0,85.372,77.7496,0.0,98.9583,705.0,76.5062,platform_or_traffic_issue,medium,真实调用下降但标准拨测正常，优先排查用户输入、网络和平台链路,性能分75.4/基线75.5；P95 1590ms/基线2153ms；成功率82.61%/基线95.0%；单请求成本0.001000/基线0.001100；主动拨测成功率98.96%；诊断=platform_or_traffic_issue
2026-05-15,DeepSeek-V4,DeepSeek,85.7081,45.0,中,0.0,0.0,45.0,0.0,0.0,0.0,fusion_diagnosis,融合诊断,True,7.0,78.9903,82.1854,3.1951,8291.8,8226.3,1.008,96.7002,96.5017,0.0,0.0008,0.0008,1.0,0.0012,0.0012,1.0,80.1736,79.7648,0.0,100.0,4679.75,79.6429,capability_or_probe_issue,medium,真实调用正常但标准任务下降，可能存在特定能力回退或拨测环境问题,性能分79.0/基线82.2；P95 8292ms/基线8226ms；成功率96.70%/基线96.5%；单请求成本0.000800/基线0.000800；主动拨测成功率100.00%；诊断=capability_or_probe_issue
2026-05-15,Minimax-M2.5,MiniMax,87.8264,20.0,低,0.0,0.0,20.0,0.0,0.0,0.0,fusion_diagnosis,融合诊断,True,7.0,82.7306,76.8844,0.0,2152.0,2620.5,0.8212,96.4706,92.7536,0.0,0.0015,0.0016,0.9375,0.0024,0.0024,1.0,82.3688,82.4416,0.0728,100.0,644.0,79.6594,environment_latency_gap,low,标准拨测健康但真实调用延迟明显更高，差异更可能来自业务环境,性能分82.7/基线76.9；P95 2152ms/基线2620ms；成功率96.47%/基线92.8%；单请求成本0.001500/基线0.001600；主动拨测成功率100.00%；诊断=environment_latency_gap
2026-05-15,Qwen3.6-35B-A3B,Qwen,83.5858,35.0,中,13.5087,23.1578,35.0,0.0,38.5964,0.0,fusion_diagnosis,融合诊断,True,7.0,78.4827,75.4479,0.0,1793.25,2050.4,0.8746,91.6667,93.3333,1.6666,0.0011,0.0011,1.0,0.0016,0.0016,1.0,79.58,80.852,1.272,100.0,703.0,76.1147,platform_or_traffic_issue,medium,真实调用下降但标准拨测正常，优先排查用户输入、网络和平台链路,性能分78.5/基线75.4；P95 1793ms/基线2050ms；成功率91.67%/基线93.3%；单请求成本0.001100/基线0.001100；主动拨测成功率100.00%；诊断=platform_or_traffic_issue
2026-05-16,DeepSeek-V4,DeepSeek,86.3005,45.0,中,0.0,0.0,45.0,0.0,0.0,0.0,fusion_diagnosis,融合诊断,True,7.0,80.3467,81.1291,0.7824,8126.95,8226.3,0.9879,96.391,96.617,0.226,0.0008,0.0008,1.0,0.0012,0.0012,1.0,80.3304,79.9328,0.0,100.0,4741.25,78.1073,capability_or_probe_issue,medium,真实调用正常但标准任务下降，可能存在特定能力回退或拨测环境问题,性能分80.3/基线81.1；P95 8127ms/基线8226ms；成功率96.39%/基线96.6%；单请求成本0.000800/基线0.000800；主动拨测成功率100.00%；诊断=capability_or_probe_issue
2026-05-16,Minimax-M2.5,MiniMax,80.0381,20.0,低,0.0,0.0,20.0,0.0,0.0,0.0,fusion_diagnosis,融合诊断,True,7.0,70.4382,76.8844,6.4462,2987.4,2601.3,1.1484,94.3396,92.7536,0.0,0.0017,0.0016,1.0625,0.0024,0.0024,1.0,76.444,82.3688,5.9248,100.0,606.5,80.6942,environment_latency_gap,low,标准拨测健康但真实调用延迟明显更高，差异更可能来自业务环境,性能分70.4/基线76.9；P95 2987ms/基线2601ms；成功率94.34%/基线92.8%；单请求成本0.001700/基线0.001600；主动拨测成功率100.00%；诊断=environment_latency_gap
2026-05-16,Qwen3.6-35B-A3B,Qwen,86.8195,20.0,低,0.0,0.0,20.0,0.0,0.0,0.0,fusion_diagnosis,融合诊断,True,7.0,81.4903,75.4479,0.0,1937.0,2045.9,0.9468,100.0,91.6667,0.0,0.0012,0.0011,1.0909,0.0016,0.0016,1.0,73.8288,79.58,5.7512,100.0,667.0,79.369,environment_latency_gap,low,标准拨测健康但真实调用延迟明显更高，差异更可能来自业务环境,性能分81.5/基线75.4；P95 1937ms/基线2046ms；成功率100.00%/基线91.7%；单请求成本0.001200/基线0.001100；主动拨测成功率100.00%；诊断=environment_latency_gap
2026-05-17,DeepSeek-V4,DeepSeek,86.0929,45.0,中,0.0,0.0,45.0,0.0,0.0,0.0,fusion_diagnosis,融合诊断,True,7.0,79.8778,80.9619,1.0841,8375.05,8226.3,1.0181,96.1486,96.617,0.4684,0.0008,0.0008,1.0,0.0012,0.0012,1.0,81.0808,79.9328,0.0,100.0,4709.75,80.1209,capability_or_probe_issue,medium,真实调用正常但标准任务下降，可能存在特定能力回退或拨测环境问题,性能分79.9/基线81.0；P95 8375ms/基线8226ms；成功率96.15%/基线96.6%；单请求成本0.000800/基线0.000800；主动拨测成功率100.00%；诊断=capability_or_probe_issue
2026-05-17,Minimax-M2.5,MiniMax,85.1271,20.0,低,0.0,0.0,20.0,0.0,0.0,0.0,fusion_diagnosis,融合诊断,True,7.0,78.6348,76.4118,0.0,2223.0,2662.0,0.8351,95.2381,93.5897,0.0,0.0015,0.0016,0.9375,0.0024,0.0024,1.0,80.9312,82.3352,1.404,100.0,628.5,80.4375,environment_latency_gap,low,标准拨测健康但真实调用延迟明显更高，差异更可能来自业务环境,性能分78.6/基线76.4；P95 2223ms/基线2662ms；成功率95.24%/基线93.6%；单请求成本0.001500/基线0.001600；主动拨测成功率100.00%；诊断=environment_latency_gap
2026-05-17,Qwen3.6-35B-A3B,Qwen,83.7625,20.0,低,0.0,0.0,20.0,0.0,0.0,0.0,fusion_diagnosis,融合诊断,True,7.0,73.83,75.5067,1.6767,2087.6,1937.0,1.0777,96.5517,93.3333,0.0,0.001,0.0011,0.9091,0.0016,0.0016,1.0,84.7536,79.58,0.0,100.0,649.25,79.0695,environment_latency_gap,low,标准拨测健康但真实调用延迟明显更高，差异更可能来自业务环境,性能分73.8/基线75.5；P95 2088ms/基线1937ms；成功率96.55%/基线93.3%；单请求成本0.001000/基线0.001100；主动拨测成功率100.00%；诊断=environment_latency_gap
2026-05-18,DeepSeek-V4,DeepSeek,86.209,45.0,中,0.0,0.0,45.0,0.0,0.0,0.0,fusion_diagnosis,融合诊断,True,7.0,79.5926,80.6189,1.0263,8348.0,8226.3,1.0148,97.1915,96.617,0.0,0.0008,0.0008,1.0,0.0012,0.0012,1.0,80.3472,80.0728,0.0,100.0,4685.0,79.7072,capability_or_probe_issue,medium,真实调用正常但标准任务下降，可能存在特定能力回退或拨测环境问题,性能分79.6/基线80.6；P95 8348ms/基线8226ms；成功率97.19%/基线96.6%；单请求成本0.000800/基线0.000800；主动拨测成功率100.00%；诊断=capability_or_probe_issue
2026-05-18,Minimax-M2.5,MiniMax,84.5535,20.0,低,0.0,0.0,20.0,0.0,0.0,0.0,fusion_diagnosis,融合诊断,True,7.0,76.9458,76.8844,0.0,2327.5,2472.0,0.9415,95.7627,94.3396,0.0,0.0015,0.0015,1.0,0.0024,0.0024,1.0,81.5008,80.9312,0.0,100.0,610.0,80.3099,environment_latency_gap,low,标准拨测健康但真实调用延迟明显更高，差异更可能来自业务环境,性能分76.9/基线76.9；P95 2328ms/基线2472ms；成功率95.76%/基线94.3%；单请求成本0.001500/基线0.001500；主动拨测成功率100.00%；诊断=environment_latency_gap
2026-05-18,Qwen3.6-35B-A3B,Qwen,81.3817,35.0,中,11.812,20.2492,35.0,0.0,33.7487,0.0,fusion_diagnosis,融合诊断,True,7.0,73.2585,75.4479,2.1894,2091.2,1937.0,1.0796,92.9825,95.0,2.0175,0.0011,0.0011,1.0,0.0016,0.0016,1.0,79.1992,79.58,0.3808,100.0,663.75,80.076,platform_or_traffic_issue,medium,真实调用下降但标准拨测正常，优先排查用户输入、网络和平台链路,性能分73.3/基线75.4；P95 2091ms/基线1937ms；成功率92.98%/基线95.0%；单请求成本0.001100/基线0.001100；主动拨测成功率100.00%；诊断=platform_or_traffic_issue
2026-05-19,DeepSeek-V4,DeepSeek,54.6876,80.0,严重,54.9896,60.0,80.0,100.0,42.8275,0.0,fusion_diagnosis,融合诊断,True,7.0,19.4706,80.3467,60.8761,25570.0,8226.3,3.1083,93.2342,96.7002,3.466,0.0008,0.0008,1.0,0.0012,0.0012,1.0,79.9384,80.1736,0.2352,100.0,4670.75,79.8249,model_side_degradation,high,真实调用与标准环境同步下降，模型服务或模型能力更可能异常,性能分19.5/基线80.3；P95 25570ms/基线8226ms；成功率93.23%/基线96.7%；单请求成本0.000800/基线0.000800；主动拨测成功率100.00%；诊断=model_side_degradation
2026-05-19,Minimax-M2.5,MiniMax,84.2976,20.0,低,0.0,0.0,20.0,0.0,0.0,0.0,fusion_diagnosis,融合诊断,True,7.0,76.9079,76.9458,0.0379,2270.5,2410.55,0.9419,96.7033,95.2381,0.0,0.0016,0.0015,1.0667,0.0024,0.0024,1.0,77.704,80.9312,3.2272,100.0,642.0,80.0635,environment_latency_gap,low,标准拨测健康但真实调用延迟明显更高，差异更可能来自业务环境,性能分76.9/基线76.9；P95 2270ms/基线2411ms；成功率96.70%/基线95.2%；单请求成本0.001600/基线0.001500；主动拨测成功率100.00%；诊断=environment_latency_gap
2026-05-19,Qwen3.6-35B-A3B,Qwen,76.3775,35.0,中,17.8322,26.7484,35.0,44.5806,0.0,0.0,fusion_diagnosis,融合诊断,True,7.0,63.9069,75.4479,11.541,2545.5,1937.0,1.3141,94.1176,93.3333,0.0,0.0012,0.0011,1.0909,0.0016,0.0016,1.0,74.3344,79.58,5.2456,100.0,642.0,81.49,platform_or_traffic_issue,medium,真实调用下降但标准拨测正常，优先排查用户输入、网络和平台链路,性能分63.9/基线75.4；P95 2546ms/基线1937ms；成功率94.12%/基线93.3%；单请求成本0.001200/基线0.001100；主动拨测成功率100.00%；诊断=platform_or_traffic_issue
2026-05-20,DeepSeek-V4,DeepSeek,85.7184,45.0,中,0.0,0.0,45.0,0.0,0.0,0.0,fusion_diagnosis,融合诊断,True,7.0,79.3758,79.8778,0.502,8530.0,8291.8,1.0287,96.4052,96.7002,0.295,0.0008,0.0008,1.0,0.0012,0.0012,1.0,79.6528,80.1736,0.5208,98.9583,4725.0,78.8855,capability_or_probe_issue,medium,真实调用正常但标准任务下降，可能存在特定能力回退或拨测环境问题,性能分79.4/基线79.9；P95 8530ms/基线8292ms；成功率96.41%/基线96.7%；单请求成本0.000800/基线0.000800；主动拨测成功率98.96%；诊断=capability_or_probe_issue
2026-05-20,Minimax-M2.5,MiniMax,71.6516,60.0,高,40.0,60.0,35.0,100.0,0.0,0.0,performance_risk,性能下降,True,7.0,51.1918,76.9458,25.754,3900.3,2327.5,1.6757,98.9474,95.7627,0.0,0.0017,0.0015,1.1333,0.0024,0.0024,1.0,73.8288,80.9312,7.1024,100.0,626.0,80.4267,platform_or_traffic_issue,medium,真实调用下降但标准拨测正常，优先排查用户输入、网络和平台链路,性能分51.2/基线76.9；P95 3900ms/基线2328ms；成功率98.95%/基线95.8%；单请求成本0.001700/基线0.001500；主动拨测成功率100.00%；诊断=platform_or_traffic_issue
2026-05-20,Qwen3.6-35B-A3B,Qwen,76.3762,39.8232,中,39.8232,30.1889,35.0,32.8052,50.3149,36.3636,success_risk,成功率异常,True,7.0,68.397,75.4479,7.0509,2405.6,1937.0,1.2419,89.7959,94.1176,4.3217,0.0013,0.0011,1.1818,0.0016,0.0016,1.0,69.5448,79.1992,9.6544,100.0,650.5,81.9188,platform_or_traffic_issue,medium,真实调用下降但标准拨测正常，优先排查用户输入、网络和平台链路,性能分68.4/基线75.4；P95 2406ms/基线1937ms；成功率89.80%/基线94.1%；单请求成本0.001300/基线0.001100；主动拨测成功率100.00%；诊断=platform_or_traffic_issue
2026-05-21,DeepSeek-V4,DeepSeek,86.2392,45.0,中,0.0,0.0,45.0,0.0,0.0,0.0,fusion_diagnosis,融合诊断,True,7.0,79.6949,79.5926,0.0,8441.25,8348.0,1.0112,96.7759,96.4052,0.0,0.0008,0.0008,1.0,0.0012,0.0012,1.0,81.1872,80.1736,0.0,98.9583,4705.75,78.6591,capability_or_probe_issue,medium,真实调用正常但标准任务下降，可能存在特定能力回退或拨测环境问题,性能分79.7/基线79.6；P95 8441ms/基线8348ms；成功率96.78%/基线96.4%；单请求成本0.000800/基线0.000800；主动拨测成功率98.96%；诊断=capability_or_probe_issue
2026-05-21,Minimax-M2.5,MiniMax,79.9978,35.0,中,20.3631,34.9082,35.0,0.0,58.1803,0.0,fusion_diagnosis,融合诊断,True,7.0,71.1444,76.9458,5.8014,2640.75,2327.5,1.1346,91.25,96.4706,5.2206,0.0015,0.0016,0.9375,0.0024,0.0024,1.0,81.1032,80.8976,0.0,100.0,634.0,81.2201,platform_or_traffic_issue,medium,真实调用下降但标准拨测正常，优先排查用户输入、网络和平台链路,性能分71.1/基线76.9；P95 2641ms/基线2328ms；成功率91.25%/基线96.5%；单请求成本0.001500/基线0.001600；主动拨测成功率100.00%；诊断=platform_or_traffic_issue
2026-05-21,Qwen3.6-35B-A3B,Qwen,82.6113,20.0,低,0.0,0.0,20.0,0.0,0.0,0.0,fusion_diagnosis,融合诊断,True,7.0,72.5853,73.83,1.2447,2122.9,2087.6,1.0169,98.0,92.9825,0.0,0.0011,0.0011,1.0,0.0016,0.0016,1.0,77.8144,79.1992,1.3848,100.0,676.75,79.874,environment_latency_gap,low,标准拨测健康但真实调用延迟明显更高，差异更可能来自业务环境,性能分72.6/基线73.8；P95 2123ms/基线2088ms；成功率98.00%/基线93.0%；单请求成本0.001100/基线0.001100；主动拨测成功率100.00%；诊断=environment_latency_gap
2026-05-22,DeepSeek-V4,DeepSeek,85.44,45.0,中,0.0,0.0,45.0,0.0,0.0,0.0,fusion_diagnosis,融合诊断,True,7.0,79.1738,79.5926,0.4188,8429.55,8375.05,1.0065,95.1169,96.4052,1.2883,0.0008,0.0008,1.0,0.0012,0.0012,1.0,81.5064,80.3304,0.0,100.0,4714.5,80.2151,capability_or_probe_issue,medium,真实调用正常但标准任务下降，可能存在特定能力回退或拨测环境问题,性能分79.2/基线79.6；P95 8430ms/基线8375ms；成功率95.12%/基线96.4%；单请求成本0.000800/基线0.000800；主动拨测成功率100.00%；诊断=capability_or_probe_issue
2026-05-22,Minimax-M2.5,MiniMax,69.9669,60.0,高,40.0,60.0,35.0,100.0,0.0,0.0,performance_risk,性能下降,True,7.0,47.7264,76.9079,29.1815,4275.2,2327.5,1.8368,97.1014,95.7627,0.0,0.0016,0.0015,1.0667,0.0024,0.0024,1.0,78.4992,80.9312,2.432,100.0,613.0,79.9962,platform_or_traffic_issue,medium,真实调用下降但标准拨测正常，优先排查用户输入、网络和平台链路,性能分47.7/基线76.9；P95 4275ms/基线2328ms；成功率97.10%/基线95.8%；单请求成本0.001600/基线0.001500；主动拨测成功率100.00%；诊断=platform_or_traffic_issue
2026-05-22,Qwen3.6-35B-A3B,Qwen,74.3328,35.0035,中,35.0035,31.7817,35.0,52.9695,39.4736,0.0,performance_risk,性能下降,True,7.0,59.6802,73.2585,13.5783,2877.9,2091.2,1.3762,91.4286,94.1176,2.689,0.0011,0.0011,1.0,0.0016,0.0016,1.0,81.1296,77.8144,0.0,100.0,653.0,81.7199,platform_or_traffic_issue,medium,真实调用下降但标准拨测正常，优先排查用户输入、网络和平台链路,性能分59.7/基线73.3；P95 2878ms/基线2091ms；成功率91.43%/基线94.1%；单请求成本0.001100/基线0.001100；主动拨测成功率100.00%；诊断=platform_or_traffic_issue
2026-05-23,DeepSeek-V4,DeepSeek,85.6248,45.0,中,0.0,0.0,45.0,0.0,0.0,0.0,fusion_diagnosis,融合诊断,True,7.0,79.2243,79.5926,0.3683,8652.6,8429.55,1.0265,96.6443,96.391,0.0,0.0008,0.0008,1.0,0.0012,0.0012,1.0,78.9696,80.3472,1.3776,100.0,4689.75,79.7972,capability_or_probe_issue,medium,真实调用正常但标准任务下降，可能存在特定能力回退或拨测环境问题,性能分79.2/基线79.6；P95 8653ms/基线8430ms；成功率96.64%/基线96.4%；单请求成本0.000800/基线0.000800；主动拨测成功率100.00%；诊断=capability_or_probe_issue
2026-05-23,Minimax-M2.5,MiniMax,65.5451,60.0,高,57.462,60.0,35.0,100.0,49.8914,0.0,performance_risk,性能下降,True,7.0,42.6444,71.1444,28.5,5228.0,2640.75,1.9797,91.4894,95.7627,4.2733,0.0016,0.0016,1.0,0.0024,0.0024,1.0,79.188,78.4992,0.0,100.0,616.25,79.2809,platform_or_traffic_issue,medium,真实调用下降但标准拨测正常，优先排查用户输入、网络和平台链路,性能分42.6/基线71.1；P95 5228ms/基线2641ms；成功率91.49%/基线95.8%；单请求成本0.001600/基线0.001600；主动拨测成功率100.00%；诊断=platform_or_traffic_issue
2026-05-23,Qwen3.6-35B-A3B,Qwen,86.0517,35.0,中,11.6561,19.982,35.0,0.0,33.3033,0.0,fusion_diagnosis,融合诊断,True,7.0,80.2401,72.5853,0.0,1865.2,2122.9,0.8786,93.1034,94.1176,1.0142,0.001,0.0011,0.9091,0.0016,0.0016,1.0,86.7752,77.8144,0.0,100.0,678.75,78.5682,platform_or_traffic_issue,medium,真实调用下降但标准拨测正常，优先排查用户输入、网络和平台链路,性能分80.2/基线72.6；P95 1865ms/基线2123ms；成功率93.10%/基线94.1%；单请求成本0.001000/基线0.001100；主动拨测成功率100.00%；诊断=platform_or_traffic_issue
2026-05-24,DeepSeek-V4,DeepSeek,85.9977,45.0,中,0.0,0.0,45.0,0.0,0.0,0.0,fusion_diagnosis,融合诊断,True,7.0,79.5494,79.3758,0.0,8375.3,8441.25,0.9922,96.8829,96.4052,0.0,0.0008,0.0008,1.0,0.0012,0.0012,1.0,79.8096,80.3472,0.5376,100.0,4709.25,79.6746,capability_or_probe_issue,medium,真实调用正常但标准任务下降，可能存在特定能力回退或拨测环境问题,性能分79.5/基线79.4；P95 8375ms/基线8441ms；成功率96.88%/基线96.4%；单请求成本0.000800/基线0.000800；主动拨测成功率100.00%；诊断=capability_or_probe_issue
2026-05-24,Minimax-M2.5,MiniMax,65.9526,60.0,高,40.0,60.0,35.0,100.0,0.0,0.0,performance_risk,性能下降,True,7.0,41.0322,71.1444,30.1122,5175.85,2640.75,1.96,97.5,95.7627,0.0,0.0018,0.0016,1.125,0.0024,0.0024,1.0,73.112,79.188,6.076,100.0,628.0,79.5217,platform_or_traffic_issue,medium,真实调用下降但标准拨测正常，优先排查用户输入、网络和平台链路,性能分41.0/基线71.1；P95 5176ms/基线2641ms；成功率97.50%/基线95.8%；单请求成本0.001800/基线0.001600；主动拨测成功率100.00%；诊断=platform_or_traffic_issue
2026-05-24,Qwen3.6-35B-A3B,Qwen,79.954,35.0,中,12.9123,19.3685,35.0,32.2808,0.0,0.0,fusion_diagnosis,融合诊断,True,7.0,68.6967,72.5853,3.8886,2486.85,2122.9,1.1714,94.1176,93.1034,0.0,0.0011,0.0011,1.0,0.0016,0.0016,1.0,82.212,79.1992,0.0,98.9583,662.25,80.4628,platform_or_traffic_issue,medium,真实调用下降但标准拨测正常，优先排查用户输入、网络和平台链路,性能分68.7/基线72.6；P95 2487ms/基线2123ms；成功率94.12%/基线93.1%；单请求成本0.001100/基线0.001100；主动拨测成功率98.96%；诊断=platform_or_traffic_issue
2026-05-25,DeepSeek-V4,DeepSeek,85.1932,45.0,中,0.0,0.0,45.0,0.0,0.0,0.0,fusion_diagnosis,融合诊断,True,7.0,78.8187,79.3758,0.5571,8647.45,8441.25,1.0244,95.5742,96.6443,1.0701,0.0008,0.0008,1.0,0.0012,0.0012,1.0,79.9664,79.9384,0.0,100.0,4663.0,79.35,capability_or_probe_issue,medium,真实调用正常但标准任务下降，可能存在特定能力回退或拨测环境问题,性能分78.8/基线79.4；P95 8647ms/基线8441ms；成功率95.57%/基线96.6%；单请求成本0.000800/基线0.000800；主动拨测成功率100.00%；诊断=capability_or_probe_issue
2026-05-25,Minimax-M2.5,MiniMax,82.0232,20.0,低,0.0,0.0,20.0,0.0,0.0,0.0,fusion_diagnosis,融合诊断,True,7.0,73.3256,51.1918,0.0,3739.85,3900.3,0.9589,95.5882,96.7033,1.1151,0.0017,0.0016,1.0625,0.0024,0.0024,1.0,77.1104,78.4992,1.3888,100.0,619.0,82.5269,environment_latency_gap,low,标准拨测健康但真实调用延迟明显更高，差异更可能来自业务环境,性能分73.3/基线51.2；P95 3740ms/基线3900ms；成功率95.59%/基线96.7%；单请求成本0.001700/基线0.001600；主动拨测成功率100.00%；诊断=environment_latency_gap
2026-05-25,Qwen3.6-35B-A3B,Qwen,82.7547,39.0346,中,22.7702,39.0346,35.0,0.0,65.0577,0.0,success_risk,成功率异常,True,7.0,76.6296,68.6967,0.0,2291.5,2405.6,0.9526,87.0968,93.1034,6.0066,0.0009,0.0011,0.8182,0.0016,0.0016,1.0,90.9872,79.1992,0.0,100.0,642.75,80.593,platform_or_traffic_issue,medium,真实调用下降但标准拨测正常，优先排查用户输入、网络和平台链路,性能分76.6/基线68.7；P95 2292ms/基线2406ms；成功率87.10%/基线93.1%；单请求成本0.000900/基线0.001100；主动拨测成功率100.00%；诊断=platform_or_traffic_issue
2026-05-26,DeepSeek-V4,DeepSeek,85.3625,45.0,中,0.0,0.0,45.0,0.0,0.0,0.0,fusion_diagnosis,融合诊断,True,7.0,78.6341,79.2243,0.5902,8720.95,8530.0,1.0224,96.4118,96.4052,0.0,0.0008,0.0008,1.0,0.0012,0.0012,1.0,79.7368,79.9384,0.2016,100.0,4685.25,79.0948,capability_or_probe_issue,medium,真实调用正常但标准任务下降，可能存在特定能力回退或拨测环境问题,性能分78.6/基线79.2；P95 8721ms/基线8530ms；成功率96.41%/基线96.4%；单请求成本0.000800/基线0.000800；主动拨测成功率100.00%；诊断=capability_or_probe_issue
2026-05-26,Minimax-M2.5,MiniMax,91.5308,20.0,低,0.0,0.0,20.0,0.0,0.0,0.0,fusion_diagnosis,融合诊断,True,7.0,89.4348,51.1918,0.0,2501.05,3900.3,0.6412,98.5714,96.7033,0.0,0.0016,0.0016,1.0,0.0024,0.0024,1.0,79.7664,77.704,0.0,100.0,688.0,77.3808,environment_latency_gap,low,标准拨测健康但真实调用延迟明显更高，差异更可能来自业务环境,性能分89.4/基线51.2；P95 2501ms/基线3900ms；成功率98.57%/基线96.7%；单请求成本0.001600/基线0.001600；主动拨测成功率100.00%；诊断=environment_latency_gap
2026-05-26,Qwen3.6-35B-A3B,Qwen,81.4797,20.0,低,0.0,0.0,20.0,0.0,0.0,0.0,fusion_diagnosis,融合诊断,True,7.0,70.1488,68.6967,0.0,2771.0,2405.6,1.1519,100.0,93.1034,0.0,0.0012,0.0011,1.0909,0.0016,0.0016,1.0,76.0352,81.1296,5.0944,100.0,636.75,79.0691,environment_latency_gap,low,标准拨测健康但真实调用延迟明显更高，差异更可能来自业务环境,性能分70.1/基线68.7；P95 2771ms/基线2406ms；成功率100.00%/基线93.1%；单请求成本0.001200/基线0.001100；主动拨测成功率100.00%；诊断=environment_latency_gap
2026-05-27,DeepSeek-V4,DeepSeek,84.4292,45.0,中,0.0,0.0,45.0,0.0,0.0,0.0,fusion_diagnosis,融合诊断,True,7.0,77.768,79.2243,1.4563,8923.7,8530.0,1.0462,94.8256,96.4118,1.5862,0.0008,0.0008,1.0,0.0012,0.0012,1.0,80.14,79.8096,0.0,100.0,4681.0,79.4374,capability_or_probe_issue,medium,真实调用正常但标准任务下降，可能存在特定能力回退或拨测环境问题,性能分77.8/基线79.2；P95 8924ms/基线8530ms；成功率94.83%/基线96.4%；单请求成本0.000800/基线0.000800；主动拨测成功率100.00%；诊断=capability_or_probe_issue
2026-05-27,Minimax-M2.5,MiniMax,90.0277,38.6057,中,22.52,38.6057,35.0,0.0,64.3429,0.0,success_risk,成功率异常,True,7.0,90.6732,51.1918,0.0,2351.2,3900.3,0.6028,91.1765,97.1014,5.9249,0.0015,0.0016,0.9375,0.0024,0.0024,1.0,83.0464,78.4992,0.0,100.0,687.75,77.691,platform_or_traffic_issue,medium,真实调用下降但标准拨测正常，优先排查用户输入、网络和平台链路,性能分90.7/基线51.2；P95 2351ms/基线3900ms；成功率91.18%/基线97.1%；单请求成本0.001500/基线0.001600；主动拨测成功率100.00%；诊断=platform_or_traffic_issue
2026-05-27,Qwen3.6-35B-A3B,Qwen,79.6919,35.0,中,13.2932,19.9399,35.0,33.2331,0.0,0.0,fusion_diagnosis,融合诊断,True,7.0,68.1525,70.1488,1.9963,2788.6,2405.6,1.1592,96.2264,93.1034,0.0,0.0012,0.0011,1.0909,0.0016,0.0016,1.0,77.308,81.1296,3.8216,100.0,670.0,80.85,platform_or_traffic_issue,medium,真实调用下降但标准拨测正常，优先排查用户输入、网络和平台链路,性能分68.2/基线70.1；P95 2789ms/基线2406ms；成功率96.23%/基线93.1%；单请求成本0.001200/基线0.001100；主动拨测成功率100.00%；诊断=platform_or_traffic_issue
2026-05-28,DeepSeek-V4,DeepSeek,85.8589,45.0,中,0.0,0.0,45.0,0.0,0.0,0.0,fusion_diagnosis,融合诊断,True,7.0,79.4472,79.1738,0.0,8708.4,8647.45,1.007,96.4186,96.4118,0.0,0.0008,0.0008,1.0,0.0012,0.0012,1.0,80.3192,79.9664,0.0,100.0,4653.25,79.31,capability_or_probe_issue,medium,真实调用正常但标准任务下降，可能存在特定能力回退或拨测环境问题,性能分79.4/基线79.2；P95 8708ms/基线8647ms；成功率96.42%/基线96.4%；单请求成本0.000800/基线0.000800；主动拨测成功率100.00%；诊断=capability_or_probe_issue
2026-05-28,Minimax-M2.5,MiniMax,88.1463,35.0,中,11.5566,19.8112,35.0,0.0,33.0187,0.0,fusion_diagnosis,融合诊断,True,7.0,87.1359,71.1444,0.0,2618.35,3739.85,0.7001,93.2432,95.5882,2.345,0.0017,0.0016,1.0625,0.0024,0.0024,1.0,77.424,79.188,1.764,100.0,656.75,79.1791,platform_or_traffic_issue,medium,真实调用下降但标准拨测正常，优先排查用户输入、网络和平台链路,性能分87.1/基线71.1；P95 2618ms/基线3740ms；成功率93.24%/基线95.6%；单请求成本0.001700/基线0.001600；主动拨测成功率100.00%；诊断=platform_or_traffic_issue
2026-05-28,Qwen3.6-35B-A3B,Qwen,81.2848,35.0,中,12.1984,20.9115,35.0,0.0,34.8525,0.0,fusion_diagnosis,融合诊断,True,7.0,73.1319,70.1488,0.0,2464.0,2486.85,0.9908,92.6829,94.1176,1.4347,0.0011,0.0011,1.0,0.0016,0.0016,1.0,79.6808,81.1296,1.4488,100.0,647.75,82.8775,platform_or_traffic_issue,medium,真实调用下降但标准拨测正常，优先排查用户输入、网络和平台链路,性能分73.1/基线70.1；P95 2464ms/基线2487ms；成功率92.68%/基线94.1%；单请求成本0.001100/基线0.001100；主动拨测成功率100.00%；诊断=platform_or_traffic_issue
2026-05-29,DeepSeek-V4,DeepSeek,85.087,45.0,中,0.0,0.0,45.0,0.0,0.0,0.0,fusion_diagnosis,融合诊断,True,7.0,78.4635,79.1738,0.7103,9219.85,8652.6,1.0656,95.9402,96.4118,0.4716,0.0008,0.0008,1.0,0.0012,0.0012,1.0,79.58,79.9664,0.3864,98.9583,4658.0,78.8714,capability_or_probe_issue,medium,真实调用正常但标准任务下降，可能存在特定能力回退或拨测环境问题,性能分78.5/基线79.2；P95 9220ms/基线8653ms；成功率95.94%/基线96.4%；单请求成本0.000800/基线0.000800；主动拨测成功率98.96%；诊断=capability_or_probe_issue
2026-05-29,Minimax-M2.5,MiniMax,86.6689,20.0,低,0.0,0.0,20.0,0.0,0.0,0.0,fusion_diagnosis,融合诊断,True,7.0,83.2281,73.3256,0.0,2767.8,3739.85,0.7401,95.3846,95.5882,0.2036,0.0017,0.0016,1.0625,0.0024,0.0024,1.0,75.5536,78.4992,2.9456,100.0,669.25,79.6649,environment_latency_gap,low,标准拨测健康但真实调用延迟明显更高，差异更可能来自业务环境,性能分83.2/基线73.3；P95 2768ms/基线3740ms；成功率95.38%/基线95.6%；单请求成本0.001700/基线0.001600；主动拨测成功率100.00%；诊断=environment_latency_gap
2026-05-29,Qwen3.6-35B-A3B,Qwen,79.6368,35.0,中,19.2836,33.0575,35.0,0.0,55.0959,0.0,fusion_diagnosis,融合诊断,True,7.0,73.9383,70.1488,0.0,2483.0,2486.85,0.9985,88.2353,93.1034,4.8681,0.0012,0.0011,1.0909,0.0016,0.0016,1.0,76.4888,81.1296,4.6408,100.0,656.75,78.7543,platform_or_traffic_issue,medium,真实调用下降但标准拨测正常，优先排查用户输入、网络和平台链路,性能分73.9/基线70.1；P95 2483ms/基线2487ms；成功率88.24%/基线93.1%；单请求成本0.001200/基线0.001100；主动拨测成功率100.00%；诊断=platform_or_traffic_issue
2026-05-30,DeepSeek-V4,DeepSeek,84.2682,45.0,中,0.0,0.0,45.0,0.0,0.0,0.0,fusion_diagnosis,融合诊断,True,7.0,77.6395,78.8187,1.1792,9259.0,8708.4,1.0632,95.2458,96.4118,1.166,0.0008,0.0008,1.0,0.0012,0.0012,1.0,78.5048,79.8096,1.3048,98.9583,4728.0,79.354,capability_or_probe_issue,medium,真实调用正常但标准任务下降，可能存在特定能力回退或拨测环境问题,性能分77.6/基线78.8；P95 9259ms/基线8708ms；成功率95.25%/基线96.4%；单请求成本0.000800/基线0.000800；主动拨测成功率98.96%；诊断=capability_or_probe_issue
2026-05-30,Minimax-M2.5,MiniMax,80.6389,35.0,中,27.1055,24.6716,35.0,41.1193,30.4509,0.0,fusion_diagnosis,融合诊断,True,7.0,72.5277,83.2281,10.7004,3089.0,2767.8,1.116,93.8776,95.3846,1.507,0.0019,0.0017,1.1176,0.0024,0.0024,1.0,74.5736,77.424,2.8504,100.0,642.0,80.4285,platform_or_traffic_issue,medium,真实调用下降但标准拨测正常，优先排查用户输入、网络和平台链路,性能分72.5/基线83.2；P95 3089ms/基线2768ms；成功率93.88%/基线95.4%；单请求成本0.001900/基线0.001700；主动拨测成功率100.00%；诊断=platform_or_traffic_issue
2026-05-30,Qwen3.6-35B-A3B,Qwen,75.3247,50.0428,中,43.9135,50.0428,35.0,36.8047,83.4047,0.0,success_risk,成功率异常,True,7.0,66.1116,73.1319,7.0203,3178.2,2483.0,1.28,85.0,93.1034,8.1034,0.0011,0.0011,1.0,0.0016,0.0016,1.0,81.456,79.6808,0.0,100.0,626.75,81.2291,platform_or_traffic_issue,medium,真实调用下降但标准拨测正常，优先排查用户输入、网络和平台链路,性能分66.1/基线73.1；P95 3178ms/基线2483ms；成功率85.00%/基线93.1%；单请求成本0.001100/基线0.001100；主动拨测成功率100.00%；诊断=platform_or_traffic_issue
2026-05-31,DeepSeek-V4,DeepSeek,84.5639,45.0,中,0.0,0.0,45.0,0.0,0.0,0.0,fusion_diagnosis,融合诊断,True,7.0,78.0613,78.6341,0.5728,9067.35,8720.95,1.0397,94.9057,95.9402,1.0345,0.0008,0.0008,1.0,0.0012,0.0012,1.0,79.8712,79.8096,0.0,100.0,4682.25,78.4819,capability_or_probe_issue,medium,真实调用正常但标准任务下降，可能存在特定能力回退或拨测环境问题,性能分78.1/基线78.6；P95 9067ms/基线8721ms；成功率94.91%/基线95.9%；单请求成本0.000800/基线0.000800；主动拨测成功率100.00%；诊断=capability_or_probe_issue
2026-05-31,Minimax-M2.5,MiniMax,86.4418,20.0,低,0.0,0.0,20.0,0.0,0.0,0.0,fusion_diagnosis,融合诊断,True,7.0,78.9537,83.2281,4.2744,2642.6,2767.8,0.9548,95.9184,95.3846,0.0,0.0015,0.0017,0.8824,0.0024,0.0024,1.0,87.0296,77.1104,0.0,100.0,612.5,81.9324,environment_latency_gap,low,标准拨测健康但真实调用延迟明显更高，差异更可能来自业务环境,性能分79.0/基线83.2；P95 2643ms/基线2768ms；成功率95.92%/基线95.4%；单请求成本0.001500/基线0.001700；主动拨测成功率100.00%；诊断=environment_latency_gap
2026-05-31,Qwen3.6-35B-A3B,Qwen,81.5992,46.2912,中,27.0032,46.2912,35.0,0.0,77.152,0.0,success_risk,成功率异常,True,7.0,76.1388,70.1488,0.0,2284.2,2486.85,0.9185,85.2941,92.6829,7.3888,0.0009,0.0011,0.8182,0.0016,0.0016,1.0,89.1688,79.6808,0.0,100.0,649.0,79.3208,platform_or_traffic_issue,medium,真实调用下降但标准拨测正常，优先排查用户输入、网络和平台链路,性能分76.1/基线70.1；P95 2284ms/基线2487ms；成功率85.29%/基线92.7%；单请求成本0.000900/基线0.001100；主动拨测成功率100.00%；诊断=platform_or_traffic_issue
2026-06-01,DeepSeek-V4,DeepSeek,85.0666,45.0,中,0.0,0.0,45.0,0.0,0.0,0.0,fusion_diagnosis,融合诊断,True,7.0,78.3589,78.4635,0.1046,9466.95,8923.7,1.0609,95.5654,95.5742,0.0088,0.0008,0.0008,1.0,0.0012,0.0012,1.0,80.676,79.8712,0.0,100.0,4704.5,81.8725,capability_or_probe_issue,medium,真实调用正常但标准任务下降，可能存在特定能力回退或拨测环境问题,性能分78.4/基线78.5；P95 9467ms/基线8924ms；成功率95.57%/基线95.6%；单请求成本0.000800/基线0.000800；主动拨测成功率100.00%；诊断=capability_or_probe_issue
2026-06-01,Minimax-M2.5,MiniMax,83.0027,21.2333,低,14.1555,21.2333,20.0,35.3888,0.0,0.0,performance_risk,性能下降,True,7.0,73.9194,83.2281,9.3087,2653.2,2642.6,1.004,94.5205,95.3846,0.8641,0.0016,0.0017,0.9412,0.0024,0.0024,1.0,84.1776,77.424,0.0,100.0,622.75,80.7632,environment_latency_gap,low,标准拨测健康但真实调用延迟明显更高，差异更可能来自业务环境,性能分73.9/基线83.2；P95 2653ms/基线2643ms；成功率94.52%/基线95.4%；单请求成本0.001600/基线0.001700；主动拨测成功率100.00%；诊断=environment_latency_gap
2026-06-01,Qwen3.6-35B-A3B,Qwen,78.5713,35.0,中,27.6427,26.303,35.0,30.7483,43.8383,0.0,fusion_diagnosis,融合诊断,True,7.0,69.5724,73.1319,3.5595,3040.0,2483.0,1.2243,90.2439,88.2353,0.0,0.0011,0.0011,1.0,0.0016,0.0016,1.0,79.2048,79.6808,0.476,100.0,671.75,78.5471,platform_or_traffic_issue,medium,真实调用下降但标准拨测正常，优先排查用户输入、网络和平台链路,性能分69.6/基线73.1；P95 3040ms/基线2483ms；成功率90.24%/基线88.2%；单请求成本0.001100/基线0.001100；主动拨测成功率100.00%；诊断=platform_or_traffic_issue
2026-06-02,DeepSeek-V4,DeepSeek,85.3361,45.0,中,0.0,0.0,45.0,0.0,0.0,0.0,fusion_diagnosis,融合诊断,True,7.0,78.9241,78.3589,0.0,9045.4,9067.35,0.9976,95.2355,95.5654,0.3299,0.0008,0.0008,1.0,0.0012,0.0012,1.0,81.3664,79.8712,0.0,100.0,4687.0,79.4759,capability_or_probe_issue,medium,真实调用正常但标准任务下降，可能存在特定能力回退或拨测环境问题,性能分78.9/基线78.4；P95 9045ms/基线9067ms；成功率95.24%/基线95.6%；单请求成本0.000800/基线0.000800；主动拨测成功率100.00%；诊断=capability_or_probe_issue
2026-06-02,Minimax-M2.5,MiniMax,80.3993,35.0,中,23.1652,34.7479,35.0,57.9131,0.0,0.0,fusion_diagnosis,融合诊断,True,7.0,68.4492,83.2281,14.7789,3069.5,2642.6,1.1615,94.3662,94.5205,0.1543,0.0015,0.0016,0.9375,0.0024,0.0024,1.0,85.4192,79.7664,0.0,100.0,639.0,80.5757,platform_or_traffic_issue,medium,真实调用下降但标准拨测正常，优先排查用户输入、网络和平台链路,性能分68.4/基线83.2；P95 3070ms/基线2643ms；成功率94.37%/基线94.5%；单请求成本0.001500/基线0.001600；主动拨测成功率100.00%；诊断=platform_or_traffic_issue
2026-06-02,Qwen3.6-35B-A3B,Qwen,77.3181,35.0,中,29.4804,26.303,35.0,35.3426,43.8383,0.0,fusion_diagnosis,融合诊断,True,7.0,66.9471,70.1488,3.2017,3385.0,2771.0,1.2216,90.2439,90.2439,0.0,0.0011,0.0011,1.0,0.0016,0.0016,1.0,79.6008,79.2048,0.0,100.0,638.5,80.0454,platform_or_traffic_issue,medium,真实调用下降但标准拨测正常，优先排查用户输入、网络和平台链路,性能分66.9/基线70.1；P95 3385ms/基线2771ms；成功率90.24%/基线90.2%；单请求成本0.001100/基线0.001100；主动拨测成功率100.00%；诊断=platform_or_traffic_issue
2026-06-03,DeepSeek-V4,DeepSeek,85.6615,45.0,中,0.0,0.0,45.0,0.0,0.0,0.0,fusion_diagnosis,融合诊断,True,7.0,79.0105,78.3589,0.0,9424.0,9067.35,1.0393,96.4019,95.2458,0.0,0.0008,0.0008,1.0,0.0012,0.0012,1.0,80.4984,80.14,0.0,100.0,4711.25,80.1534,capability_or_probe_issue,medium,真实调用正常但标准任务下降，可能存在特定能力回退或拨测环境问题,性能分79.0/基线78.4；P95 9424ms/基线9067ms；成功率96.40%/基线95.2%；单请求成本0.000800/基线0.000800；主动拨测成功率100.00%；诊断=capability_or_probe_issue
2026-06-03,Minimax-M2.5,MiniMax,81.1873,21.1828,低,8.8262,21.1828,20.0,0.0,0.0,35.3047,cost_risk,成本异常,True,7.0,73.1454,78.9537,5.8083,2742.0,2653.2,1.0335,95.0617,94.3662,0.0,0.0017,0.0016,1.0625,0.0024,0.0024,1.0,73.3792,83.0464,9.6672,100.0,593.0,82.0988,environment_latency_gap,low,标准拨测健康但真实调用延迟明显更高，差异更可能来自业务环境,性能分73.1/基线79.0；P95 2742ms/基线2653ms；成功率95.06%/基线94.4%；单请求成本0.001700/基线0.001600；主动拨测成功率100.00%；诊断=environment_latency_gap
2026-06-03,Qwen3.6-35B-A3B,Qwen,75.7213,57.2422,中,47.5407,57.2422,35.0,35.3735,95.4036,0.0,success_risk,成功率异常,True,7.0,66.9294,69.5724,2.643,3158.75,2788.6,1.1327,80.7692,90.2439,9.4747,0.0009,0.0011,0.8182,0.0016,0.0016,1.0,91.3456,79.6008,0.0,100.0,635.25,79.1342,platform_or_traffic_issue,medium,真实调用下降但标准拨测正常，优先排查用户输入、网络和平台链路,性能分66.9/基线69.6；P95 3159ms/基线2789ms；成功率80.77%/基线90.2%；单请求成本0.000900/基线0.001100；主动拨测成功率100.00%；诊断=platform_or_traffic_issue
2026-06-04,DeepSeek-V4,DeepSeek,84.7631,45.0,中,0.0,0.0,45.0,0.0,0.0,0.0,fusion_diagnosis,融合诊断,True,7.0,78.1057,78.4635,0.3578,9584.85,9219.85,1.0396,95.5801,95.5654,0.0,0.0008,0.0008,1.0,0.0012,0.0012,1.0,79.4624,80.3192,0.8568,100.0,4705.25,79.1311,capability_or_probe_issue,medium,真实调用正常但标准任务下降，可能存在特定能力回退或拨测环境问题,性能分78.1/基线78.5；P95 9585ms/基线9220ms；成功率95.58%/基线95.6%；单请求成本0.000800/基线0.000800；主动拨测成功率100.00%；诊断=capability_or_probe_issue
2026-06-04,Minimax-M2.5,MiniMax,79.6181,35.0,中,17.8669,26.8003,35.0,44.6672,0.0,0.0,fusion_diagnosis,融合诊断,True,7.0,66.5534,73.9194,7.366,3858.4,2742.0,1.4071,96.9231,94.5205,0.0,0.0017,0.0017,1.0,0.0024,0.0024,1.0,80.504,77.424,0.0,100.0,628.75,79.8179,platform_or_traffic_issue,medium,真实调用下降但标准拨测正常，优先排查用户输入、网络和平台链路,性能分66.6/基线73.9；P95 3858ms/基线2742ms；成功率96.92%/基线94.5%；单请求成本0.001700/基线0.001700；主动拨测成功率100.00%；诊断=platform_or_traffic_issue
2026-06-04,Qwen3.6-35B-A3B,Qwen,85.7037,35.0,中,15.6579,26.8421,35.0,0.0,44.7368,0.0,fusion_diagnosis,融合诊断,True,7.0,83.2551,69.5724,0.0,2105.3,3040.0,0.6925,90.0,88.2353,0.0,0.0011,0.0011,1.0,0.0016,0.0016,1.0,81.72,79.6808,0.0,100.0,654.25,81.2321,platform_or_traffic_issue,medium,真实调用下降但标准拨测正常，优先排查用户输入、网络和平台链路,性能分83.3/基线69.6；P95 2105ms/基线3040ms；成功率90.00%/基线88.2%；单请求成本0.001100/基线0.001100；主动拨测成功率100.00%；诊断=platform_or_traffic_issue
2026-06-05,DeepSeek-V4,DeepSeek,85.7141,45.0,中,0.0,0.0,45.0,0.0,0.0,0.0,fusion_diagnosis,融合诊断,True,7.0,80.0233,78.3589,0.0,9198.7,9259.0,0.9935,94.9022,95.5654,0.6632,0.0008,0.0008,1.0,0.0012,0.0012,1.0,81.008,79.8712,0.0,100.0,4709.75,80.2909,capability_or_probe_issue,medium,真实调用正常但标准任务下降，可能存在特定能力回退或拨测环境问题,性能分80.0/基线78.4；P95 9199ms/基线9259ms；成功率94.90%/基线95.6%；单请求成本0.000800/基线0.000800；主动拨测成功率100.00%；诊断=capability_or_probe_issue
2026-06-05,Minimax-M2.5,MiniMax,82.954,35.0,中,11.1364,19.0909,35.0,0.0,31.8182,0.0,fusion_diagnosis,融合诊断,True,7.0,75.6192,73.1454,0.0,2617.0,2767.8,0.9455,93.5065,95.0617,1.5552,0.0017,0.0017,1.0,0.0024,0.0024,1.0,80.5768,80.504,0.0,100.0,657.25,81.7447,platform_or_traffic_issue,medium,真实调用下降但标准拨测正常，优先排查用户输入、网络和平台链路,性能分75.6/基线73.1；P95 2617ms/基线2768ms；成功率93.51%/基线95.1%；单请求成本0.001700/基线0.001700；主动拨测成功率100.00%；诊断=platform_or_traffic_issue
2026-06-05,Qwen3.6-35B-A3B,Qwen,83.7165,35.0,中,15.3434,26.303,35.0,0.0,43.8383,0.0,fusion_diagnosis,融合诊断,True,7.0,80.3031,69.5724,0.0,2214.0,3040.0,0.7283,90.2439,88.2353,0.0,0.0011,0.0011,1.0,0.0016,0.0016,1.0,77.7368,81.456,3.7192,100.0,683.5,78.9745,platform_or_traffic_issue,medium,真实调用下降但标准拨测正常，优先排查用户输入、网络和平台链路,性能分80.3/基线69.6；P95 2214ms/基线3040ms；成功率90.24%/基线88.2%；单请求成本0.001100/基线0.001100；主动拨测成功率100.00%；诊断=platform_or_traffic_issue
2026-06-06,DeepSeek-V4,DeepSeek,84.9539,45.0,中,0.0,0.0,45.0,0.0,0.0,0.0,fusion_diagnosis,融合诊断,True,7.0,78.0546,78.3589,0.3043,9726.2,9259.0,1.0505,95.8379,95.2458,0.0,0.0008,0.0008,1.0,0.0012,0.0012,1.0,80.2968,80.4984,0.2016,100.0,4670.0,80.6072,capability_or_probe_issue,medium,真实调用正常但标准任务下降，可能存在特定能力回退或拨测环境问题,性能分78.1/基线78.4；P95 9726ms/基线9259ms；成功率95.84%/基线95.2%；单请求成本0.000800/基线0.000800；主动拨测成功率100.00%；诊断=capability_or_probe_issue
2026-06-06,Minimax-M2.5,MiniMax,82.2479,38.9588,中,34.4518,38.9588,35.0,0.0,52.0544,64.9313,cost_risk,成本异常,True,7.0,82.38,73.1454,0.0,2093.65,2742.0,0.7635,90.0,94.5205,4.5205,0.0022,0.0017,1.2941,0.0024,0.0024,1.0,61.5984,80.5768,18.9784,100.0,676.5,80.2266,platform_or_traffic_issue,medium,真实调用下降但标准拨测正常，优先排查用户输入、网络和平台链路,性能分82.4/基线73.1；P95 2094ms/基线2742ms；成功率90.00%/基线94.5%；单请求成本0.002200/基线0.001700；主动拨测成功率100.00%；诊断=platform_or_traffic_issue
2026-06-06,Qwen3.6-35B-A3B,Qwen,83.2502,38.7449,中,22.6012,38.7449,35.0,0.0,64.5748,0.0,success_risk,成功率异常,True,7.0,79.4223,69.5724,0.0,2587.2,3040.0,0.8511,84.6154,90.0,5.3846,0.0009,0.0011,0.8182,0.0016,0.0016,1.0,90.8304,81.456,0.0,100.0,658.75,79.9385,platform_or_traffic_issue,medium,真实调用下降但标准拨测正常，优先排查用户输入、网络和平台链路,性能分79.4/基线69.6；P95 2587ms/基线3040ms；成功率84.62%/基线90.0%；单请求成本0.000900/基线0.001100；主动拨测成功率100.00%；诊断=platform_or_traffic_issue
2026-06-07,DeepSeek-V4,DeepSeek,85.8557,45.0,中,0.0,0.0,45.0,0.0,0.0,0.0,fusion_diagnosis,融合诊断,True,7.0,80.2609,78.3589,0.0,9142.1,9424.0,0.9701,94.9327,95.5654,0.6327,0.0008,0.0008,1.0,0.0012,0.0012,1.0,81.088,80.4984,0.0,100.0,4691.25,79.1661,capability_or_probe_issue,medium,真实调用正常但标准任务下降，可能存在特定能力回退或拨测环境问题,性能分80.3/基线78.4；P95 9142ms/基线9424ms；成功率94.93%/基线95.6%；单请求成本0.000800/基线0.000800；主动拨测成功率100.00%；诊断=capability_or_probe_issue
2026-06-07,Minimax-M2.5,MiniMax,83.453,20.0,低,0.0,0.0,20.0,0.0,0.0,0.0,fusion_diagnosis,融合诊断,True,7.0,77.4933,73.9194,0.0,2524.0,2653.2,0.9513,94.6429,94.5205,0.0,0.0018,0.0017,1.0588,0.0024,0.0024,1.0,74.9784,80.5768,5.5984,98.9583,599.75,80.0393,environment_latency_gap,low,标准拨测健康但真实调用延迟明显更高，差异更可能来自业务环境,性能分77.5/基线73.9；P95 2524ms/基线2653ms；成功率94.64%/基线94.5%；单请求成本0.001800/基线0.001700；主动拨测成功率98.96%；诊断=environment_latency_gap
2026-06-07,Qwen3.6-35B-A3B,Qwen,83.5005,20.0,低,0.0,0.0,20.0,0.0,0.0,0.0,fusion_diagnosis,融合诊断,True,7.0,71.6416,76.1388,4.4972,3010.25,2587.2,1.1635,100.0,90.0,0.0,0.001,0.0011,0.9091,0.0016,0.0016,1.0,84.5312,81.72,0.0,100.0,683.75,77.0985,environment_latency_gap,low,标准拨测健康但真实调用延迟明显更高，差异更可能来自业务环境,性能分71.6/基线76.1；P95 3010ms/基线2587ms；成功率100.00%/基线90.0%；单请求成本0.001000/基线0.001100；主动拨测成功率100.00%；诊断=environment_latency_gap
2026-06-08,DeepSeek-V4,DeepSeek,86.3006,45.0,中,0.0,0.0,45.0,0.0,0.0,0.0,fusion_diagnosis,融合诊断,True,7.0,80.4457,78.9241,0.0,9372.2,9424.0,0.9945,96.5434,95.5654,0.0,0.0008,0.0008,1.0,0.0012,0.0012,1.0,79.6416,80.676,1.0344,100.0,4684.5,82.1778,capability_or_probe_issue,medium,真实调用正常但标准任务下降，可能存在特定能力回退或拨测环境问题,性能分80.4/基线78.9；P95 9372ms/基线9424ms；成功率96.54%/基线95.6%；单请求成本0.000800/基线0.000800；主动拨测成功率100.00%；诊断=capability_or_probe_issue
2026-06-08,Minimax-M2.5,MiniMax,81.0816,35.0,中,12.6459,18.9688,35.0,31.6147,0.0,0.0,fusion_diagnosis,融合诊断,True,7.0,69.2106,73.9194,4.7088,3362.4,2653.2,1.2673,97.3333,94.5205,0.0,0.0017,0.0017,1.0,0.0024,0.0024,1.0,80.4368,80.504,0.0672,100.0,624.25,80.703,platform_or_traffic_issue,medium,真实调用下降但标准拨测正常，优先排查用户输入、网络和平台链路,性能分69.2/基线73.9；P95 3362ms/基线2653ms；成功率97.33%/基线94.5%；单请求成本0.001700/基线0.001700；主动拨测成功率100.00%；诊断=platform_or_traffic_issue
2026-06-08,Qwen3.6-35B-A3B,Qwen,81.9964,35.0,中,13.5087,23.1578,35.0,0.0,38.5964,0.0,fusion_diagnosis,融合诊断,True,7.0,75.8853,71.6416,0.0,2796.25,3010.25,0.9289,91.6667,90.2439,0.0,0.0011,0.0011,1.0,0.0016,0.0016,1.0,77.6424,81.72,4.0776,98.9583,623.0,81.2881,platform_or_traffic_issue,medium,真实调用下降但标准拨测正常，优先排查用户输入、网络和平台链路,性能分75.9/基线71.6；P95 2796ms/基线3010ms；成功率91.67%/基线90.2%；单请求成本0.001100/基线0.001100；主动拨测成功率98.96%；诊断=platform_or_traffic_issue
2026-06-09,DeepSeek-V4,DeepSeek,85.7378,45.0,中,0.0,0.0,45.0,0.0,0.0,0.0,fusion_diagnosis,融合诊断,True,7.0,79.904,79.0105,0.0,9288.2,9372.2,0.991,96.2718,95.5801,0.0,0.0008,0.0008,1.0,0.0012,0.0012,1.0,78.3352,80.4984,2.1632,100.0,4683.25,82.033,capability_or_probe_issue,medium,真实调用正常但标准任务下降，可能存在特定能力回退或拨测环境问题,性能分79.9/基线79.0；P95 9288ms/基线9372ms；成功率96.27%/基线95.6%；单请求成本0.000800/基线0.000800；主动拨测成功率100.00%；诊断=capability_or_probe_issue
2026-06-09,Minimax-M2.5,MiniMax,86.2472,20.0,低,0.0,0.0,20.0,0.0,0.0,0.0,fusion_diagnosis,融合诊断,True,7.0,78.5448,73.1454,0.0,2764.8,2742.0,1.0083,98.5294,94.6429,0.0,0.0016,0.0017,0.9412,0.0024,0.0024,1.0,80.9408,80.4368,0.0,100.0,651.0,78.5667,environment_latency_gap,low,标准拨测健康但真实调用延迟明显更高，差异更可能来自业务环境,性能分78.5/基线73.1；P95 2765ms/基线2742ms；成功率98.53%/基线94.6%；单请求成本0.001600/基线0.001700；主动拨测成功率100.00%；诊断=environment_latency_gap
2026-06-09,Qwen3.6-35B-A3B,Qwen,83.7393,20.0,低,0.0,0.0,20.0,0.0,0.0,0.0,fusion_diagnosis,融合诊断,True,7.0,73.0536,75.8853,2.8317,2731.65,2796.25,0.9769,97.5,90.2439,0.0,0.001,0.0011,0.9091,0.0016,0.0016,1.0,84.952,81.72,0.0,100.0,614.5,79.8524,environment_latency_gap,low,标准拨测健康但真实调用延迟明显更高，差异更可能来自业务环境,性能分73.1/基线75.9；P95 2732ms/基线2796ms；成功率97.50%/基线90.2%；单请求成本0.001000/基线0.001100；主动拨测成功率100.00%；诊断=environment_latency_gap
2026-06-10,DeepSeek-V4,DeepSeek,86.2848,45.0,中,0.0,0.0,45.0,0.0,0.0,0.0,fusion_diagnosis,融合诊断,True,7.0,80.8996,79.904,0.0,9121.3,9372.2,0.9732,95.959,95.8379,0.0,0.0008,0.0008,1.0,0.0012,0.0012,1.0,79.4008,80.2968,0.896,100.0,4679.25,80.3535,capability_or_probe_issue,medium,真实调用正常但标准任务下降，可能存在特定能力回退或拨测环境问题,性能分80.9/基线79.9；P95 9121ms/基线9372ms；成功率95.96%/基线95.8%；单请求成本0.000800/基线0.000800；主动拨测成功率100.00%；诊断=capability_or_probe_issue
2026-06-10,Minimax-M2.5,MiniMax,79.9262,35.0,中,17.4124,29.8498,35.0,0.0,49.7496,0.0,fusion_diagnosis,融合诊断,True,7.0,73.7517,75.6192,1.8675,2870.8,2742.0,1.047,90.8046,95.0617,4.2571,0.0019,0.0017,1.1176,0.0024,0.0024,1.0,72.9848,80.4368,7.452,100.0,672.5,78.1666,platform_or_traffic_issue,medium,真实调用下降但标准拨测正常，优先排查用户输入、网络和平台链路,性能分73.8/基线75.6；P95 2871ms/基线2742ms；成功率90.80%/基线95.1%；单请求成本0.001900/基线0.001700；主动拨测成功率100.00%；诊断=platform_or_traffic_issue
2026-06-10,Qwen3.6-35B-A3B,Qwen,78.3236,38.2296,中,32.3034,38.2296,35.0,0.0,63.7161,40.0113,success_risk,成功率异常,True,7.0,74.6379,75.8853,1.2474,2865.0,2731.65,1.0488,84.8485,90.2439,5.3954,0.0011,0.001,1.1,0.0016,0.0016,1.0,73.3848,84.5312,11.1464,100.0,710.0,76.4955,platform_or_traffic_issue,medium,真实调用下降但标准拨测正常，优先排查用户输入、网络和平台链路,性能分74.6/基线75.9；P95 2865ms/基线2732ms；成功率84.85%/基线90.2%；单请求成本0.001100/基线0.001000；主动拨测成功率100.00%；诊断=platform_or_traffic_issue
2026-06-11,DeepSeek-V4,DeepSeek,86.0939,45.0,中,0.0,0.0,45.0,0.0,0.0,0.0,fusion_diagnosis,融合诊断,True,7.0,81.0293,80.0233,0.0,9051.9,9288.2,0.9746,95.2924,95.8379,0.5455,0.0008,0.0008,1.0,0.0012,0.0012,1.0,79.2664,79.6416,0.3752,100.0,4693.0,81.9319,capability_or_probe_issue,medium,真实调用正常但标准任务下降，可能存在特定能力回退或拨测环境问题,性能分81.0/基线80.0；P95 9052ms/基线9288ms；成功率95.29%/基线95.8%；单请求成本0.000800/基线0.000800；主动拨测成功率100.00%；诊断=capability_or_probe_issue
2026-06-11,Minimax-M2.5,MiniMax,85.2021,20.0,低,0.0,0.0,20.0,0.0,0.0,0.0,fusion_diagnosis,融合诊断,True,7.0,76.6301,75.6192,0.0,2546.6,2764.8,0.9211,98.3193,94.6429,0.0,0.0016,0.0017,0.9412,0.0024,0.0024,1.0,80.8512,80.4368,0.0,100.0,589.5,84.386,environment_latency_gap,low,标准拨测健康但真实调用延迟明显更高，差异更可能来自业务环境,性能分76.6/基线75.6；P95 2547ms/基线2765ms；成功率98.32%/基线94.6%；单请求成本0.001600/基线0.001700；主动拨测成功率100.00%；诊断=environment_latency_gap
2026-06-11,Qwen3.6-35B-A3B,Qwen,80.6157,35.0,中,14.0743,24.1274,35.0,0.0,40.2123,0.0,fusion_diagnosis,融合诊断,True,7.0,72.3819,75.8853,3.5034,2781.6,2731.65,1.0183,91.2281,90.2439,0.0,0.0011,0.0011,1.0,0.0016,0.0016,1.0,81.1496,81.72,0.5704,100.0,633.5,79.9581,platform_or_traffic_issue,medium,真实调用下降但标准拨测正常，优先排查用户输入、网络和平台链路,性能分72.4/基线75.9；P95 2782ms/基线2732ms；成功率91.23%/基线90.2%；单请求成本0.001100/基线0.001100；主动拨测成功率100.00%；诊断=platform_or_traffic_issue
2026-06-12,DeepSeek-V4,DeepSeek,86.0436,45.0,中,0.0,0.0,45.0,0.0,0.0,0.0,fusion_diagnosis,融合诊断,True,7.0,80.3291,80.2609,0.0,9064.3,9198.7,0.9854,96.0907,95.8379,0.0,0.0008,0.0008,1.0,0.0012,0.0012,1.0,79.384,79.6416,0.2576,100.0,4719.5,78.8878,capability_or_probe_issue,medium,真实调用正常但标准任务下降，可能存在特定能力回退或拨测环境问题,性能分80.3/基线80.3；P95 9064ms/基线9199ms；成功率96.09%/基线95.8%；单请求成本0.000800/基线0.000800；主动拨测成功率100.00%；诊断=capability_or_probe_issue
2026-06-12,Minimax-M2.5,MiniMax,87.0397,20.0,低,0.0,0.0,20.0,0.0,0.0,0.0,fusion_diagnosis,融合诊断,True,7.0,80.3744,76.6301,0.0,2387.6,2617.0,0.9123,98.3333,94.6429,0.0,0.0016,0.0017,0.9412,0.0024,0.0024,1.0,80.588,80.4368,0.0,98.9583,637.5,80.5884,environment_latency_gap,low,标准拨测健康但真实调用延迟明显更高，差异更可能来自业务环境,性能分80.4/基线76.6；P95 2388ms/基线2617ms；成功率98.33%/基线94.6%；单请求成本0.001600/基线0.001700；主动拨测成功率98.96%；诊断=environment_latency_gap
2026-06-12,Qwen3.6-35B-A3B,Qwen,73.6112,40.9093,中,38.4456,40.9093,35.0,68.1821,31.9221,0.0,performance_risk,性能下降,True,7.0,57.3651,74.6379,17.2728,4204.5,2781.6,1.5115,93.4783,91.2281,0.0,0.0011,0.0011,1.0,0.0016,0.0016,1.0,79.2048,81.1496,1.9448,100.0,642.0,80.0085,platform_or_traffic_issue,medium,真实调用下降但标准拨测正常，优先排查用户输入、网络和平台链路,性能分57.4/基线74.6；P95 4204ms/基线2782ms；成功率93.48%/基线91.2%；单请求成本0.001100/基线0.001100；主动拨测成功率100.00%；诊断=platform_or_traffic_issue
2026-06-13,DeepSeek-V4,DeepSeek,86.6916,45.0,中,0.0,0.0,45.0,0.0,0.0,0.0,fusion_diagnosis,融合诊断,True,7.0,80.7347,80.3291,0.0,9097.5,9142.1,0.9951,96.6704,95.959,0.0,0.0008,0.0008,1.0,0.0012,0.0012,1.0,80.9856,79.4008,0.0,100.0,4701.0,80.1553,capability_or_probe_issue,medium,真实调用正常但标准任务下降，可能存在特定能力回退或拨测环境问题,性能分80.7/基线80.3；P95 9098ms/基线9142ms；成功率96.67%/基线96.0%；单请求成本0.000800/基线0.000800；主动拨测成功率100.00%；诊断=capability_or_probe_issue
2026-06-13,Minimax-M2.5,MiniMax,80.2366,35.0,中,13.1272,19.6909,35.0,32.8181,0.0,0.0,fusion_diagnosis,融合诊断,True,7.0,68.8089,77.4933,8.6844,2664.05,2546.6,1.0461,97.4359,97.3333,0.0,0.0018,0.0017,1.0588,0.0024,0.0024,1.0,75.9008,80.4368,4.536,100.0,644.0,79.5631,platform_or_traffic_issue,medium,真实调用下降但标准拨测正常，优先排查用户输入、网络和平台链路,性能分68.8/基线77.5；P95 2664ms/基线2547ms；成功率97.44%/基线97.3%；单请求成本0.001800/基线0.001700；主动拨测成功率100.00%；诊断=platform_or_traffic_issue
2026-06-13,Qwen3.6-35B-A3B,Qwen,74.9715,43.9765,中,29.3177,43.9765,35.0,73.2942,0.0,0.0,performance_risk,性能下降,True,7.0,55.8883,73.0536,17.1653,4792.4,2796.25,1.7139,100.0,91.6667,0.0,0.0011,0.0011,1.0,0.0016,0.0016,1.0,80.1824,81.1496,0.9672,100.0,676.25,77.5203,platform_or_traffic_issue,medium,真实调用下降但标准拨测正常，优先排查用户输入、网络和平台链路,性能分55.9/基线73.1；P95 4792ms/基线2796ms；成功率100.00%/基线91.7%；单请求成本0.001100/基线0.001100；主动拨测成功率100.00%；诊断=platform_or_traffic_issue
2026-06-14,DeepSeek-V4,DeepSeek,86.5938,45.0,中,0.0,0.0,45.0,0.0,0.0,0.0,fusion_diagnosis,融合诊断,True,7.0,80.6842,80.4457,0.0,9025.7,9121.3,0.9895,96.6434,96.0907,0.0,0.0008,0.0008,1.0,0.0012,0.0012,1.0,80.5656,79.4008,0.0,100.0,4701.5,80.1118,capability_or_probe_issue,medium,真实调用正常但标准任务下降，可能存在特定能力回退或拨测环境问题,性能分80.7/基线80.4；P95 9026ms/基线9121ms；成功率96.64%/基线96.1%；单请求成本0.000800/基线0.000800；主动拨测成功率100.00%；诊断=capability_or_probe_issue
2026-06-14,Minimax-M2.5,MiniMax,85.0762,20.0,低,0.0,0.0,20.0,0.0,0.0,0.0,fusion_diagnosis,融合诊断,True,7.0,76.9437,76.6301,0.0,2780.75,2664.05,1.0438,98.5294,97.4359,0.0,0.0017,0.0017,1.0,0.0024,0.0024,1.0,78.4712,80.4368,1.9656,100.0,630.5,82.5685,environment_latency_gap,low,标准拨测健康但真实调用延迟明显更高，差异更可能来自业务环境,性能分76.9/基线76.6；P95 2781ms/基线2664ms；成功率98.53%/基线97.4%；单请求成本0.001700/基线0.001700；主动拨测成功率100.00%；诊断=environment_latency_gap
2026-06-14,Qwen3.6-35B-A3B,Qwen,86.8997,20.0,低,0.0,0.0,20.0,0.0,0.0,0.0,fusion_diagnosis,融合诊断,True,7.0,80.0989,72.3819,0.0,2759.5,2865.0,0.9632,100.0,93.4783,0.0,0.0011,0.0011,1.0,0.0016,0.0016,1.0,79.0016,80.1824,1.1808,100.0,631.25,82.9108,environment_latency_gap,low,标准拨测健康但真实调用延迟明显更高，差异更可能来自业务环境,性能分80.1/基线72.4；P95 2760ms/基线2865ms；成功率100.00%/基线93.5%；单请求成本0.001100/基线0.001100；主动拨测成功率100.00%；诊断=environment_latency_gap
2026-06-15,DeepSeek-V4,DeepSeek,86.6434,45.0,中,0.0,0.0,45.0,0.0,0.0,0.0,fusion_diagnosis,融合诊断,True,7.0,81.3551,80.6842,0.0,8797.75,9097.5,0.9671,96.3861,96.2718,0.0,0.0008,0.0008,1.0,0.0012,0.0012,1.0,79.2664,79.4008,0.1344,100.0,4719.75,80.0101,capability_or_probe_issue,medium,真实调用正常但标准任务下降，可能存在特定能力回退或拨测环境问题,性能分81.4/基线80.7；P95 8798ms/基线9098ms；成功率96.39%/基线96.3%；单请求成本0.000800/基线0.000800；主动拨测成功率100.00%；诊断=capability_or_probe_issue
2026-06-15,Minimax-M2.5,MiniMax,86.8327,20.0,低,0.0,0.0,20.0,0.0,0.0,0.0,fusion_diagnosis,融合诊断,True,7.0,81.6408,76.6301,0.0,2129.5,2764.8,0.7702,97.2973,98.3193,1.022,0.0017,0.0017,1.0,0.0024,0.0024,1.0,77.428,80.4368,3.0088,100.0,604.0,82.0414,environment_latency_gap,low,标准拨测健康但真实调用延迟明显更高，差异更可能来自业务环境,性能分81.6/基线76.6；P95 2130ms/基线2765ms；成功率97.30%/基线98.3%；单请求成本0.001700/基线0.001700；主动拨测成功率100.00%；诊断=environment_latency_gap
2026-06-15,Qwen3.6-35B-A3B,Qwen,82.4588,57.6359,中,33.621,57.6359,35.0,0.0,96.0599,0.0,success_risk,成功率异常,True,7.0,80.7576,73.0536,0.0,2440.75,2796.25,0.8729,83.9286,93.4783,9.5497,0.001,0.0011,0.9091,0.0016,0.0016,1.0,82.7216,79.2048,0.0,100.0,674.5,77.2111,platform_or_traffic_issue,medium,真实调用下降但标准拨测正常，优先排查用户输入、网络和平台链路,性能分80.8/基线73.1；P95 2441ms/基线2796ms；成功率83.93%/基线93.5%；单请求成本0.001000/基线0.001100；主动拨测成功率100.00%；诊断=platform_or_traffic_issue
2026-06-16,DeepSeek-V4,DeepSeek,84.0165,45.0,中,12.5,30.0,45.0,0.0,0.0,50.0,fusion_diagnosis,融合诊断,True,7.0,80.7012,80.7347,0.0335,8837.9,9064.3,0.975,95.716,96.2718,0.5558,0.001,0.0008,1.25,0.0012,0.0012,1.0,65.5128,79.384,13.8712,100.0,4674.0,79.7974,capability_or_probe_issue,medium,真实调用正常但标准任务下降，可能存在特定能力回退或拨测环境问题,性能分80.7/基线80.7；P95 8838ms/基线9064ms；成功率95.72%/基线96.3%；单请求成本0.001000/基线0.000800；主动拨测成功率100.00%；诊断=capability_or_probe_issue
2026-06-16,Minimax-M2.5,MiniMax,84.9079,29.5589,低,17.2427,29.5589,20.0,0.0,49.2649,0.0,success_risk,成功率异常,True,7.0,79.9702,76.9437,0.0,2311.55,2664.05,0.8677,94.1176,98.3193,4.2017,0.0018,0.0017,1.0588,0.0024,0.0024,1.0,77.6592,78.4712,0.812,100.0,666.5,80.8471,environment_latency_gap,low,标准拨测健康但真实调用延迟明显更高，差异更可能来自业务环境,性能分80.0/基线76.9；P95 2312ms/基线2664ms；成功率94.12%/基线98.3%；单请求成本0.001800/基线0.001700；主动拨测成功率100.00%；诊断=environment_latency_gap
2026-06-16,Qwen3.6-35B-A3B,Qwen,79.4737,35.7613,中,29.1982,35.7613,35.0,0.0,59.6021,33.3498,success_risk,成功率异常,True,7.0,75.3189,73.0536,0.0,2659.05,2781.6,0.9559,88.0952,93.4783,5.3831,0.0012,0.0011,1.0909,0.0016,0.0016,1.0,71.1296,80.1824,9.0528,100.0,663.25,78.6765,platform_or_traffic_issue,medium,真实调用下降但标准拨测正常，优先排查用户输入、网络和平台链路,性能分75.3/基线73.1；P95 2659ms/基线2782ms；成功率88.10%/基线93.5%；单请求成本0.001200/基线0.001100；主动拨测成功率100.00%；诊断=platform_or_traffic_issue
2026-06-17,DeepSeek-V4,DeepSeek,86.7524,45.0,中,0.0,0.0,45.0,0.0,0.0,0.0,fusion_diagnosis,融合诊断,True,7.0,80.9097,80.7347,0.0,8972.15,9051.9,0.9912,96.5498,96.0907,0.0,0.0008,0.0008,1.0,0.0012,0.0012,1.0,81.092,79.384,0.0,100.0,4681.75,79.7321,capability_or_probe_issue,medium,真实调用正常但标准任务下降，可能存在特定能力回退或拨测环境问题,性能分80.9/基线80.7；P95 8972ms/基线9052ms；成功率96.55%/基线96.1%；单请求成本0.000800/基线0.000800；主动拨测成功率100.00%；诊断=capability_or_probe_issue
2026-06-17,Minimax-M2.5,MiniMax,87.1776,20.0,低,0.0,0.0,20.0,0.0,0.0,0.0,fusion_diagnosis,融合诊断,True,7.0,78.8342,76.9437,0.0,2432.75,2546.6,0.9553,97.7273,97.4359,0.0,0.0015,0.0017,0.8824,0.0024,0.0024,1.0,88.0696,77.6592,0.0,100.0,631.75,82.1286,environment_latency_gap,low,标准拨测健康但真实调用延迟明显更高，差异更可能来自业务环境,性能分78.8/基线76.9；P95 2433ms/基线2547ms；成功率97.73%/基线97.4%；单请求成本0.001500/基线0.001700；主动拨测成功率100.00%；诊断=environment_latency_gap
2026-06-17,Qwen3.6-35B-A3B,Qwen,84.2244,35.0,中,20.1885,34.6088,35.0,0.0,57.6813,0.0,fusion_diagnosis,融合诊断,True,7.0,82.5561,74.6379,0.0,2269.8,2781.6,0.816,86.4865,91.2281,4.7416,0.001,0.0011,0.9091,0.0016,0.0016,1.0,82.4688,79.2048,0.0,100.0,670.75,80.2653,platform_or_traffic_issue,medium,真实调用下降但标准拨测正常，优先排查用户输入、网络和平台链路,性能分82.6/基线74.6；P95 2270ms/基线2782ms；成功率86.49%/基线91.2%；单请求成本0.001000/基线0.001100；主动拨测成功率100.00%；诊断=platform_or_traffic_issue
2026-06-18,DeepSeek-V4,DeepSeek,86.6946,45.0,中,0.0,0.0,45.0,0.0,0.0,0.0,fusion_diagnosis,融合诊断,True,7.0,81.1272,80.7347,0.0,8596.0,9025.7,0.9524,95.7887,96.3861,0.5974,0.0008,0.0008,1.0,0.0012,0.0012,1.0,81.7752,79.384,0.0,100.0,4760.5,78.6974,capability_or_probe_issue,medium,真实调用正常但标准任务下降，可能存在特定能力回退或拨测环境问题,性能分81.1/基线80.7；P95 8596ms/基线9026ms；成功率95.79%/基线96.4%；单请求成本0.000800/基线0.000800；主动拨测成功率100.00%；诊断=capability_or_probe_issue
2026-06-18,Minimax-M2.5,MiniMax,85.535,20.0,低,0.0,0.0,20.0,0.0,0.0,0.0,fusion_diagnosis,融合诊断,True,7.0,77.3779,78.8342,1.4563,2352.25,2432.75,0.9669,96.4286,97.7273,1.2987,0.0016,0.0017,0.9412,0.0024,0.0024,1.0,85.0344,78.4712,0.0,100.0,600.5,82.2858,environment_latency_gap,low,标准拨测健康但真实调用延迟明显更高，差异更可能来自业务环境,性能分77.4/基线78.8；P95 2352ms/基线2433ms；成功率96.43%/基线97.7%；单请求成本0.001600/基线0.001700；主动拨测成功率100.00%；诊断=environment_latency_gap
2026-06-18,Qwen3.6-35B-A3B,Qwen,89.4453,20.0,低,0.0,0.0,20.0,0.0,0.0,0.0,fusion_diagnosis,融合诊断,True,7.0,83.6854,75.3189,0.0,2394.2,2759.5,0.8676,100.0,91.2281,0.0,0.001,0.0011,0.9091,0.0016,0.0016,1.0,84.0176,80.1824,0.0,100.0,677.0,81.4555,environment_latency_gap,low,标准拨测健康但真实调用延迟明显更高，差异更可能来自业务环境,性能分83.7/基线75.3；P95 2394ms/基线2760ms；成功率100.00%/基线91.2%；单请求成本0.001000/基线0.001100；主动拨测成功率100.00%；诊断=environment_latency_gap
2026-06-19,DeepSeek-V4,DeepSeek,86.7889,45.0,中,0.0,0.0,45.0,0.0,0.0,0.0,fusion_diagnosis,融合诊断,True,7.0,81.3803,80.7347,0.0,8749.9,8972.15,0.9752,96.64,96.3861,0.0,0.0008,0.0008,1.0,0.0012,0.0012,1.0,79.5536,80.5656,1.012,100.0,4688.0,80.3211,capability_or_probe_issue,medium,真实调用正常但标准任务下降，可能存在特定能力回退或拨测环境问题,性能分81.4/基线80.7；P95 8750ms/基线8972ms；成功率96.64%/基线96.4%；单请求成本0.000800/基线0.000800；主动拨测成功率100.00%；诊断=capability_or_probe_issue
2026-06-19,Minimax-M2.5,MiniMax,83.7633,35.0,中,14.9713,25.665,35.0,0.0,42.775,0.0,fusion_diagnosis,融合诊断,True,7.0,78.0702,78.8342,0.764,2201.6,2387.6,0.9221,93.9759,97.4359,3.46,0.0018,0.0017,1.0588,0.0024,0.0024,1.0,76.696,78.4712,1.7752,100.0,628.5,81.5032,platform_or_traffic_issue,medium,真实调用下降但标准拨测正常，优先排查用户输入、网络和平台链路,性能分78.1/基线78.8；P95 2202ms/基线2388ms；成功率93.98%/基线97.4%；单请求成本0.001800/基线0.001700；主动拨测成功率100.00%；诊断=platform_or_traffic_issue
2026-06-19,Qwen3.6-35B-A3B,Qwen,78.4138,38.8861,中,37.0334,38.8861,35.0,35.8746,64.8101,0.0,success_risk,成功率异常,True,7.0,70.6722,80.0989,9.4267,2903.75,2659.05,1.092,87.5,93.4783,5.9783,0.001,0.0011,0.9091,0.0016,0.0016,1.0,80.956,80.1824,0.0,100.0,660.0,80.3381,platform_or_traffic_issue,medium,真实调用下降但标准拨测正常，优先排查用户输入、网络和平台链路,性能分70.7/基线80.1；P95 2904ms/基线2659ms；成功率87.50%/基线93.5%；单请求成本0.001000/基线0.001100；主动拨测成功率100.00%；诊断=platform_or_traffic_issue
2026-06-20,DeepSeek-V4,DeepSeek,86.8408,45.0,中,0.0,0.0,45.0,0.0,0.0,0.0,fusion_diagnosis,融合诊断,True,7.0,81.0449,80.9097,0.0,8587.4,8837.9,0.9717,96.732,96.5498,0.0,0.0008,0.0008,1.0,0.0012,0.0012,1.0,80.8008,80.5656,0.0,100.0,4718.25,80.1096,capability_or_probe_issue,medium,真实调用正常但标准任务下降，可能存在特定能力回退或拨测环境问题,性能分81.0/基线80.9；P95 8587ms/基线8838ms；成功率96.73%/基线96.5%；单请求成本0.000800/基线0.000800；主动拨测成功率100.00%；诊断=capability_or_probe_issue
2026-06-20,Minimax-M2.5,MiniMax,87.7331,20.0,低,0.0,0.0,20.0,0.0,0.0,0.0,fusion_diagnosis,融合诊断,True,7.0,79.8265,78.0702,0.0,2240.0,2352.25,0.9523,100.0,97.2973,0.0,0.0016,0.0017,0.9412,0.0024,0.0024,1.0,85.4656,77.6592,0.0,100.0,630.5,82.0809,environment_latency_gap,low,标准拨测健康但真实调用延迟明显更高，差异更可能来自业务环境,性能分79.8/基线78.1；P95 2240ms/基线2352ms；成功率100.00%/基线97.3%；单请求成本0.001600/基线0.001700；主动拨测成功率100.00%；诊断=environment_latency_gap
2026-06-20,Qwen3.6-35B-A3B,Qwen,83.1153,35.0,中,10.8224,18.5526,35.0,0.0,30.9211,0.0,fusion_diagnosis,融合诊断,True,7.0,76.7292,80.0989,3.3697,2519.85,2659.05,0.9477,93.75,88.0952,0.0,0.0011,0.001,1.1,0.0016,0.0016,1.0,77.3784,80.956,3.5776,100.0,679.25,78.4494,platform_or_traffic_issue,medium,真实调用下降但标准拨测正常，优先排查用户输入、网络和平台链路,性能分76.7/基线80.1；P95 2520ms/基线2659ms；成功率93.75%/基线88.1%；单请求成本0.001100/基线0.001000；主动拨测成功率100.00%；诊断=platform_or_traffic_issue
2026-06-21,DeepSeek-V4,DeepSeek,86.7102,45.0,中,0.0,0.0,45.0,0.0,0.0,0.0,fusion_diagnosis,融合诊断,True,7.0,81.0083,81.0449,0.0366,8600.25,8797.75,0.9776,97.2175,96.5498,0.0,0.0008,0.0008,1.0,0.0012,0.0012,1.0,78.908,80.5656,1.6576,100.0,4698.75,79.6727,capability_or_probe_issue,medium,真实调用正常但标准任务下降，可能存在特定能力回退或拨测环境问题,性能分81.0/基线81.0；P95 8600ms/基线8798ms；成功率97.22%/基线96.5%；单请求成本0.000800/基线0.000800；主动拨测成功率100.00%；诊断=capability_or_probe_issue
2026-06-21,Minimax-M2.5,MiniMax,85.3089,20.0,低,0.0,0.0,20.0,0.0,0.0,0.0,fusion_diagnosis,融合诊断,True,7.0,77.403,78.8342,1.4312,2295.0,2311.55,0.9928,98.0392,97.2973,0.0,0.0017,0.0017,1.0,0.0024,0.0024,1.0,79.6472,78.4712,0.0,100.0,611.75,80.1324,environment_latency_gap,low,标准拨测健康但真实调用延迟明显更高，差异更可能来自业务环境,性能分77.4/基线78.8；P95 2295ms/基线2312ms；成功率98.04%/基线97.3%；单请求成本0.001700/基线0.001700；主动拨测成功率100.00%；诊断=environment_latency_gap
2026-06-21,Qwen3.6-35B-A3B,Qwen,76.3894,39.6369,中,37.247,39.6369,35.0,66.0615,30.9211,0.0,performance_risk,性能下降,True,7.0,63.3411,80.0989,16.7578,3180.7,2519.85,1.2623,93.75,88.0952,0.0,0.0011,0.001,1.1,0.0016,0.0016,1.0,77.1664,80.956,3.7896,100.0,642.25,79.7205,platform_or_traffic_issue,medium,真实调用下降但标准拨测正常，优先排查用户输入、网络和平台链路,性能分63.3/基线80.1；P95 3181ms/基线2520ms；成功率93.75%/基线88.1%；单请求成本0.001100/基线0.001000；主动拨测成功率100.00%；诊断=platform_or_traffic_issue
2026-06-22,DeepSeek-V4,DeepSeek,86.2109,45.0,中,0.0,0.0,45.0,0.0,0.0,0.0,fusion_diagnosis,融合诊断,True,7.0,81.1367,81.0449,0.0,8447.6,8749.9,0.9655,95.8683,96.5498,0.6815,0.0008,0.0008,1.0,0.0012,0.0012,1.0,78.3312,79.5536,1.2224,100.0,4707.5,79.5979,capability_or_probe_issue,medium,真实调用正常但标准任务下降，可能存在特定能力回退或拨测环境问题,性能分81.1/基线81.0；P95 8448ms/基线8750ms；成功率95.87%/基线96.5%；单请求成本0.000800/基线0.000800；主动拨测成功率100.00%；诊断=capability_or_probe_issue
2026-06-22,Minimax-M2.5,MiniMax,85.2583,20.0,低,0.0,0.0,20.0,0.0,0.0,0.0,fusion_diagnosis,融合诊断,True,7.0,76.9725,78.8342,1.8617,2019.85,2295.0,0.8801,97.5,97.2973,0.0,0.0017,0.0017,1.0,0.0024,0.0024,1.0,82.016,79.6472,0.0,100.0,627.25,79.5272,environment_latency_gap,low,标准拨测健康但真实调用延迟明显更高，差异更可能来自业务环境,性能分77.0/基线78.8；P95 2020ms/基线2295ms；成功率97.50%/基线97.3%；单请求成本0.001700/基线0.001700；主动拨测成功率100.00%；诊断=environment_latency_gap
2026-06-22,Qwen3.6-35B-A3B,Qwen,82.1062,35.0,中,10.8224,18.5526,35.0,0.0,30.9211,0.0,fusion_diagnosis,融合诊断,True,7.0,72.9114,76.7292,3.8178,2301.55,2519.85,0.9134,93.75,88.0952,0.0,0.001,0.001,1.0,0.0016,0.0016,1.0,83.3768,80.956,0.0,100.0,683.5,77.9972,platform_or_traffic_issue,medium,真实调用下降但标准拨测正常，优先排查用户输入、网络和平台链路,性能分72.9/基线76.7；P95 2302ms/基线2520ms；成功率93.75%/基线88.1%；单请求成本0.001000/基线0.001000；主动拨测成功率100.00%；诊断=platform_or_traffic_issue
2026-06-23,DeepSeek-V4,DeepSeek,86.6058,45.0,中,0.0,0.0,45.0,0.0,0.0,0.0,fusion_diagnosis,融合诊断,True,7.0,80.8865,81.0449,0.1584,8352.3,8600.25,0.9712,96.8593,96.5498,0.0,0.0008,0.0008,1.0,0.0012,0.0012,1.0,79.4624,79.5536,0.0912,100.0,4696.0,79.6901,capability_or_probe_issue,medium,真实调用正常但标准任务下降，可能存在特定能力回退或拨测环境问题,性能分80.9/基线81.0；P95 8352ms/基线8600ms；成功率96.86%/基线96.5%；单请求成本0.000800/基线0.000800；主动拨测成功率100.00%；诊断=capability_or_probe_issue
2026-06-23,Minimax-M2.5,MiniMax,87.8464,20.0,低,0.0,0.0,20.0,0.0,0.0,0.0,fusion_diagnosis,融合诊断,True,7.0,81.5127,78.0702,0.0,1790.05,2295.0,0.78,98.4375,97.5,0.0,0.0016,0.0017,0.9412,0.0024,0.0024,1.0,81.9264,82.016,0.0896,100.0,593.25,81.2806,environment_latency_gap,low,标准拨测健康但真实调用延迟明显更高，差异更可能来自业务环境,性能分81.5/基线78.1；P95 1790ms/基线2295ms；成功率98.44%/基线97.5%；单请求成本0.001600/基线0.001700；主动拨测成功率100.00%；诊断=environment_latency_gap
2026-06-23,Qwen3.6-35B-A3B,Qwen,75.7164,35.0,中,34.6346,33.0208,35.0,38.4313,55.0346,0.0,fusion_diagnosis,融合诊断,True,7.0,65.2713,75.3189,10.0476,3088.5,2519.85,1.2257,88.8889,93.75,4.8611,0.0011,0.001,1.1,0.0016,0.0016,1.0,77.7024,80.956,3.2536,100.0,672.25,80.4735,platform_or_traffic_issue,medium,真实调用下降但标准拨测正常，优先排查用户输入、网络和平台链路,性能分65.3/基线75.3；P95 3088ms/基线2520ms；成功率88.89%/基线93.8%；单请求成本0.001100/基线0.001000；主动拨测成功率100.00%；诊断=platform_or_traffic_issue
2026-06-24,DeepSeek-V4,DeepSeek,85.945,80.0,严重,19.4762,33.3877,80.0,0.0,55.6462,0.0,fusion_diagnosis,融合诊断,True,7.0,83.1864,81.0449,0.0,7841.0,8596.0,0.9122,91.709,96.64,4.931,0.0008,0.0008,1.0,0.0012,0.0012,1.0,79.5296,79.5536,0.024,100.0,4694.75,79.5997,model_side_degradation,high,真实调用与标准环境同步下降，模型服务或模型能力更可能异常,性能分83.2/基线81.0；P95 7841ms/基线8596ms；成功率91.71%/基线96.6%；单请求成本0.000800/基线0.000800；主动拨测成功率100.00%；诊断=model_side_degradation
2026-06-24,Minimax-M2.5,MiniMax,82.9984,20.0,低,0.0,0.0,20.0,0.0,0.0,0.0,fusion_diagnosis,融合诊断,True,7.0,74.1834,78.0702,3.8868,2269.25,2240.0,1.0131,98.0,97.7273,0.0,0.0017,0.0016,1.0625,0.0024,0.0024,1.0,75.068,82.016,6.948,98.9583,588.75,80.7713,environment_latency_gap,low,标准拨测健康但真实调用延迟明显更高，差异更可能来自业务环境,性能分74.2/基线78.1；P95 2269ms/基线2240ms；成功率98.00%/基线97.7%；单请求成本0.001700/基线0.001600；主动拨测成功率98.96%；诊断=environment_latency_gap
2026-06-24,Qwen3.6-35B-A3B,Qwen,85.2972,20.0,低,0.0,0.0,20.0,0.0,0.0,0.0,fusion_diagnosis,融合诊断,True,7.0,77.046,72.9114,0.0,2653.0,2519.85,1.0528,98.3607,93.75,0.0,0.001,0.001,1.0,0.0016,0.0016,1.0,80.0016,80.956,0.9544,100.0,614.75,82.8774,environment_latency_gap,low,标准拨测健康但真实调用延迟明显更高，差异更可能来自业务环境,性能分77.0/基线72.9；P95 2653ms/基线2520ms；成功率98.36%/基线93.8%；单请求成本0.001000/基线0.001000；主动拨测成功率100.00%；诊断=environment_latency_gap
2026-06-25,DeepSeek-V4,DeepSeek,86.1964,80.0,严重,20.364,34.9097,80.0,0.0,58.1829,0.0,fusion_diagnosis,融合诊断,True,7.0,83.706,81.1272,0.0,7413.8,8587.4,0.8633,91.4191,96.64,5.2209,0.0008,0.0008,1.0,0.0012,0.0012,1.0,80.1568,79.5296,0.0,100.0,4721.75,79.5705,model_side_degradation,high,真实调用与标准环境同步下降，模型服务或模型能力更可能异常,性能分83.7/基线81.1；P95 7414ms/基线8587ms；成功率91.42%/基线96.6%；单请求成本0.000800/基线0.000800；主动拨测成功率100.00%；诊断=model_side_degradation
2026-06-25,Minimax-M2.5,MiniMax,89.0764,20.0,低,0.0,0.0,20.0,0.0,0.0,0.0,fusion_diagnosis,融合诊断,True,7.0,83.3665,77.403,0.0,1866.4,2240.0,0.8332,100.0,98.0,0.0,0.0016,0.0017,0.9412,0.0024,0.0024,1.0,82.6208,81.9264,0.0,100.0,645.0,78.5552,environment_latency_gap,low,标准拨测健康但真实调用延迟明显更高，差异更可能来自业务环境,性能分83.4/基线77.4；P95 1866ms/基线2240ms；成功率100.00%/基线98.0%；单请求成本0.001600/基线0.001700；主动拨测成功率100.00%；诊断=environment_latency_gap
2026-06-25,Qwen3.6-35B-A3B,Qwen,83.2533,20.0,低,0.0,0.0,20.0,0.0,0.0,0.0,fusion_diagnosis,融合诊断,True,7.0,74.7522,72.9114,0.0,2754.0,2653.0,1.0381,97.561,93.75,0.0,0.0011,0.001,1.1,0.0016,0.0016,1.0,75.9064,80.0016,4.0952,100.0,639.5,80.8812,environment_latency_gap,low,标准拨测健康但真实调用延迟明显更高，差异更可能来自业务环境,性能分74.8/基线72.9；P95 2754ms/基线2653ms；成功率97.56%/基线93.8%；单请求成本0.001100/基线0.001000；主动拨测成功率100.00%；诊断=environment_latency_gap
2026-06-26,DeepSeek-V4,DeepSeek,86.7295,45.0,中,0.0,0.0,45.0,0.0,0.0,0.0,fusion_diagnosis,融合诊断,True,7.0,81.1588,81.1367,0.0,7956.35,8447.6,0.9418,96.3158,96.64,0.3242,0.0008,0.0008,1.0,0.0012,0.0012,1.0,80.6608,79.5296,0.0,100.0,4674.25,82.1006,capability_or_probe_issue,medium,真实调用正常但标准任务下降，可能存在特定能力回退或拨测环境问题,性能分81.2/基线81.1；P95 7956ms/基线8448ms；成功率96.32%/基线96.6%；单请求成本0.000800/基线0.000800；主动拨测成功率100.00%；诊断=capability_or_probe_issue
2026-06-26,Minimax-M2.5,MiniMax,73.8075,58.6048,中,58.6048,57.7829,35.0,62.2453,96.3049,0.0,success_risk,成功率异常,True,7.0,62.2392,78.0702,15.831,3001.8,2201.6,1.3635,88.4615,98.0392,9.5777,0.0018,0.0017,1.0588,0.0024,0.0024,1.0,76.0912,81.9264,5.8352,100.0,638.5,80.0658,platform_or_traffic_issue,medium,真实调用下降但标准拨测正常，优先排查用户输入、网络和平台链路,性能分62.2/基线78.1；P95 3002ms/基线2202ms；成功率88.46%/基线98.0%；单请求成本0.001800/基线0.001700；主动拨测成功率100.00%；诊断=platform_or_traffic_issue
2026-06-26,Qwen3.6-35B-A3B,Qwen,83.6991,20.0,低,0.0,0.0,20.0,0.0,0.0,0.0,fusion_diagnosis,融合诊断,True,7.0,75.981,72.9114,0.0,2644.55,2754.0,0.9603,95.0,93.75,0.0,0.0011,0.0011,1.0,0.0016,0.0016,1.0,80.8184,77.7024,0.0,100.0,635.0,80.7821,environment_latency_gap,low,标准拨测健康但真实调用延迟明显更高，差异更可能来自业务环境,性能分76.0/基线72.9；P95 2645ms/基线2754ms；成功率95.00%/基线93.8%；单请求成本0.001100/基线0.001100；主动拨测成功率100.00%；诊断=environment_latency_gap
2026-06-27,DeepSeek-V4,DeepSeek,70.7602,80.0,严重,56.6697,60.0,80.0,100.0,47.6278,0.0,fusion_diagnosis,融合诊断,True,7.0,52.2657,81.1367,28.871,14847.5,8352.3,1.7777,92.3012,96.3158,4.0146,0.0008,0.0008,1.0,0.0012,0.0012,1.0,79.9704,79.5296,0.0,100.0,4676.75,79.692,model_side_degradation,high,真实调用与标准环境同步下降，模型服务或模型能力更可能异常,性能分52.3/基线81.1；P95 14848ms/基线8352ms；成功率92.30%/基线96.3%；单请求成本0.000800/基线0.000800；主动拨测成功率100.00%；诊断=model_side_degradation
2026-06-27,Minimax-M2.5,MiniMax,83.2878,40.3135,中,27.4173,40.3135,20.0,0.0,30.343,67.1891,cost_risk,成本异常,True,7.0,80.0252,77.403,0.0,1950.55,2240.0,0.8708,96.0,98.0392,2.0392,0.0022,0.0017,1.2941,0.0024,0.0024,1.0,62.2384,81.9264,19.688,100.0,606.0,82.0924,environment_latency_gap,low,标准拨测健康但真实调用延迟明显更高，差异更可能来自业务环境,性能分80.0/基线77.4；P95 1951ms/基线2240ms；成功率96.00%/基线98.0%；单请求成本0.002200/基线0.001700；主动拨测成功率100.00%；诊断=environment_latency_gap
2026-06-27,Qwen3.6-35B-A3B,Qwen,83.129,20.0,低,0.0,0.0,20.0,0.0,0.0,0.0,fusion_diagnosis,融合诊断,True,7.0,75.1218,74.7522,0.0,2736.0,2653.0,1.0313,96.1538,93.75,0.0,0.0011,0.0011,1.0,0.0016,0.0016,1.0,77.1624,77.7024,0.54,100.0,632.5,80.1785,environment_latency_gap,low,标准拨测健康但真实调用延迟明显更高，差异更可能来自业务环境,性能分75.1/基线74.8；P95 2736ms/基线2653ms；成功率96.15%/基线93.8%；单请求成本0.001100/基线0.001100；主动拨测成功率100.00%；诊断=environment_latency_gap
2026-06-28,DeepSeek-V4,DeepSeek,86.1356,45.0,中,0.0,0.0,45.0,0.0,0.0,0.0,fusion_diagnosis,融合诊断,True,7.0,79.5618,81.1367,1.5749,8297.0,8352.3,0.9934,97.0162,95.8683,0.0,0.0008,0.0008,1.0,0.0012,0.0012,1.0,80.3736,79.5296,0.0,100.0,4705.0,80.2777,capability_or_probe_issue,medium,真实调用正常但标准任务下降，可能存在特定能力回退或拨测环境问题,性能分79.6/基线81.1；P95 8297ms/基线8352ms；成功率97.02%/基线95.9%；单请求成本0.000800/基线0.000800；主动拨测成功率100.00%；诊断=capability_or_probe_issue
2026-06-28,Minimax-M2.5,MiniMax,86.9326,0.0,低,0.0,0.0,0.0,0.0,0.0,0.0,performance_risk,性能下降,True,7.0,79.5712,77.403,0.0,1709.1,2019.85,0.8462,100.0,98.0,0.0,0.0017,0.0017,1.0,0.0024,0.0024,1.0,80.98,79.6472,0.0,100.0,627.5,79.4114,healthy,none,真实调用与标准拨测均处于健康范围,性能分79.6/基线77.4；P95 1709ms/基线2020ms；成功率100.00%/基线98.0%；单请求成本0.001700/基线0.001700；主动拨测成功率100.00%；诊断=healthy
2026-06-28,Qwen3.6-35B-A3B,Qwen,75.805,48.9918,中,42.8359,48.9918,35.0,35.6434,81.653,0.0,success_risk,成功率异常,True,7.0,66.7752,74.7522,7.977,3367.0,2736.0,1.2306,87.0968,95.0,7.9032,0.0011,0.0011,1.0,0.0016,0.0016,1.0,77.504,77.7024,0.1984,100.0,602.25,82.0131,platform_or_traffic_issue,medium,真实调用下降但标准拨测正常，优先排查用户输入、网络和平台链路,性能分66.8/基线74.8；P95 3367ms/基线2736ms；成功率87.10%/基线95.0%；单请求成本0.001100/基线0.001100；主动拨测成功率100.00%；诊断=platform_or_traffic_issue
2026-06-29,DeepSeek-V4,DeepSeek,86.3451,45.0,中,0.0,0.0,45.0,0.0,0.0,0.0,fusion_diagnosis,融合诊断,True,7.0,79.5907,81.1367,1.546,8377.4,8297.0,1.0097,97.0185,95.8683,0.0,0.0008,0.0008,1.0,0.0012,0.0012,1.0,81.6688,79.9704,0.0,100.0,4678.5,79.673,capability_or_probe_issue,medium,真实调用正常但标准任务下降，可能存在特定能力回退或拨测环境问题,性能分79.6/基线81.1；P95 8377ms/基线8297ms；成功率97.02%/基线95.9%；单请求成本0.000800/基线0.000800；主动拨测成功率100.00%；诊断=capability_or_probe_issue
2026-06-29,Minimax-M2.5,MiniMax,83.2708,20.0,低,0.0,0.0,20.0,0.0,0.0,0.0,fusion_diagnosis,融合诊断,True,7.0,73.5406,79.5712,6.0306,2099.75,1950.55,1.0765,97.1429,98.0,0.8571,0.0017,0.0017,1.0,0.0024,0.0024,1.0,81.0472,80.98,0.0,100.0,641.75,80.9174,environment_latency_gap,low,标准拨测健康但真实调用延迟明显更高，差异更可能来自业务环境,性能分73.5/基线79.6；P95 2100ms/基线1951ms；成功率97.14%/基线98.0%；单请求成本0.001700/基线0.001700；主动拨测成功率100.00%；诊断=environment_latency_gap
2026-06-29,Qwen3.6-35B-A3B,Qwen,85.264,20.0,低,0.0,0.0,20.0,0.0,0.0,0.0,fusion_diagnosis,融合诊断,True,7.0,77.031,74.7522,0.0,2550.4,2736.0,0.9322,95.0,95.0,0.0,0.0009,0.0011,0.8182,0.0016,0.0016,1.0,87.7512,77.7024,0.0,100.0,670.0,78.1784,environment_latency_gap,low,标准拨测健康但真实调用延迟明显更高，差异更可能来自业务环境,性能分77.0/基线74.8；P95 2550ms/基线2736ms；成功率95.00%/基线95.0%；单请求成本0.000900/基线0.001100；主动拨测成功率100.00%；诊断=environment_latency_gap
2026-06-30,DeepSeek-V4,DeepSeek,86.1545,45.0,中,0.0,0.0,45.0,0.0,0.0,0.0,fusion_diagnosis,融合诊断,True,7.0,80.306,80.8865,0.5805,8113.15,8297.0,0.9778,95.7955,96.3158,0.5203,0.0008,0.0008,1.0,0.0012,0.0012,1.0,80.896,80.1568,0.0,100.0,4664.75,79.7258,capability_or_probe_issue,medium,真实调用正常但标准任务下降，可能存在特定能力回退或拨测环境问题,性能分80.3/基线80.9；P95 8113ms/基线8297ms；成功率95.80%/基线96.3%；单请求成本0.000800/基线0.000800；主动拨测成功率100.00%；诊断=capability_or_probe_issue
2026-06-30,Minimax-M2.5,MiniMax,84.3687,20.0,低,0.0,0.0,20.0,0.0,0.0,0.0,fusion_diagnosis,融合诊断,True,7.0,74.3931,79.5712,5.1781,2116.8,1950.55,1.0852,98.8764,98.0,0.0,0.0016,0.0017,0.9412,0.0024,0.0024,1.0,81.4392,80.98,0.0,100.0,667.0,76.2541,environment_latency_gap,low,标准拨测健康但真实调用延迟明显更高，差异更可能来自业务环境,性能分74.4/基线79.6；P95 2117ms/基线1951ms；成功率98.88%/基线98.0%；单请求成本0.001600/基线0.001700；主动拨测成功率100.00%；诊断=environment_latency_gap
2026-06-30,Qwen3.6-35B-A3B,Qwen,75.712,58.079,中,47.7321,58.079,35.0,34.6317,96.7984,0.0,success_risk,成功率异常,True,7.0,67.3533,75.1218,7.7685,3373.0,2736.0,1.2328,85.3659,95.0,9.6341,0.0011,0.0011,1.0,0.0016,0.0016,1.0,79.0368,77.7024,0.0,100.0,637.5,79.4428,platform_or_traffic_issue,medium,真实调用下降但标准拨测正常，优先排查用户输入、网络和平台链路,性能分67.4/基线75.1；P95 3373ms/基线2736ms；成功率85.37%/基线95.0%；单请求成本0.001100/基线0.001100；主动拨测成功率100.00%；诊断=platform_or_traffic_issue
2026-07-01,DeepSeek-V4,DeepSeek,86.6089,45.0,中,0.0,0.0,45.0,0.0,0.0,0.0,fusion_diagnosis,融合诊断,True,7.0,80.5677,80.306,0.0,8108.7,8113.15,0.9995,97.0006,95.7955,0.0,0.0008,0.0008,1.0,0.0012,0.0012,1.0,80.2128,80.3736,0.1608,100.0,4717.25,80.0893,capability_or_probe_issue,medium,真实调用正常但标准任务下降，可能存在特定能力回退或拨测环境问题,性能分80.6/基线80.3；P95 8109ms/基线8113ms；成功率97.00%/基线95.8%；单请求成本0.000800/基线0.000800；主动拨测成功率100.00%；诊断=capability_or_probe_issue
2026-07-01,Minimax-M2.5,MiniMax,84.7023,20.0,低,0.0,0.0,20.0,0.0,0.0,0.0,fusion_diagnosis,融合诊断,True,7.0,76.7496,74.3931,0.0,2011.1,2099.75,0.9578,97.1429,98.0,0.8571,0.0017,0.0017,1.0,0.0024,0.0024,1.0,79.8936,80.98,1.0864,100.0,595.5,81.0972,environment_latency_gap,low,标准拨测健康但真实调用延迟明显更高，差异更可能来自业务环境,性能分76.7/基线74.4；P95 2011ms/基线2100ms；成功率97.14%/基线98.0%；单请求成本0.001700/基线0.001700；主动拨测成功率100.00%；诊断=environment_latency_gap
2026-07-01,Qwen3.6-35B-A3B,Qwen,77.3389,35.0,中,15.9333,23.9,35.0,39.8334,0.0,0.0,fusion_diagnosis,融合诊断,True,7.0,64.7337,75.1218,10.3881,3487.6,2736.0,1.2747,94.7368,95.0,0.2632,0.0012,0.0011,1.0909,0.0016,0.0016,1.0,76.528,79.0368,2.5088,100.0,644.5,77.9869,platform_or_traffic_issue,medium,真实调用下降但标准拨测正常，优先排查用户输入、网络和平台链路,性能分64.7/基线75.1；P95 3488ms/基线2736ms；成功率94.74%/基线95.0%；单请求成本0.001200/基线0.001100；主动拨测成功率100.00%；诊断=platform_or_traffic_issue
2026-07-02,DeepSeek-V4,DeepSeek,85.1466,45.0,中,0.0,0.0,45.0,0.0,0.0,0.0,fusion_diagnosis,融合诊断,True,7.0,78.9421,80.306,1.3639,8416.8,8113.15,1.0374,95.6647,96.3158,0.6511,0.0008,0.0008,1.0,0.0012,0.0012,1.0,79.0312,80.3736,1.3424,98.9583,4684.25,80.2392,capability_or_probe_issue,medium,真实调用正常但标准任务下降，可能存在特定能力回退或拨测环境问题,性能分78.9/基线80.3；P95 8417ms/基线8113ms；成功率95.66%/基线96.3%；单请求成本0.000800/基线0.000800；主动拨测成功率98.96%；诊断=capability_or_probe_issue
2026-07-02,Minimax-M2.5,MiniMax,85.4766,20.132,低,11.7437,20.132,20.0,0.0,33.5534,0.0,success_risk,成功率异常,True,7.0,78.3648,76.7496,0.0,1872.5,2011.1,0.9311,94.7368,97.1429,2.4061,0.0015,0.0017,0.8824,0.0024,0.0024,1.0,85.3424,80.98,0.0,100.0,630.5,82.6402,environment_latency_gap,low,标准拨测健康但真实调用延迟明显更高，差异更可能来自业务环境,性能分78.4/基线76.7；P95 1872ms/基线2011ms；成功率94.74%/基线97.1%；单请求成本0.001500/基线0.001700；主动拨测成功率100.00%；诊断=environment_latency_gap
2026-07-02,Qwen3.6-35B-A3B,Qwen,86.8207,35.0,中,21.7731,21.8182,35.0,0.0,36.2348,36.3636,fusion_diagnosis,融合诊断,True,7.0,86.7975,74.7522,0.0,1896.1,2754.0,0.6885,92.3077,95.0,2.6923,0.0013,0.0011,1.1818,0.0016,0.0016,1.0,71.9192,77.504,5.5848,100.0,627.0,79.1647,platform_or_traffic_issue,medium,真实调用下降但标准拨测正常，优先排查用户输入、网络和平台链路,性能分86.8/基线74.8；P95 1896ms/基线2754ms；成功率92.31%/基线95.0%；单请求成本0.001300/基线0.001100；主动拨测成功率100.00%；诊断=platform_or_traffic_issue
2026-07-03,DeepSeek-V4,DeepSeek,86.1489,45.0,中,0.0,0.0,45.0,0.0,0.0,0.0,fusion_diagnosis,融合诊断,True,7.0,80.1039,79.5907,0.0,8284.7,8297.0,0.9985,96.5502,96.3158,0.0,0.0008,0.0008,1.0,0.0012,0.0012,1.0,79.7536,80.3736,0.62,98.9583,4685.25,79.4191,capability_or_probe_issue,medium,真实调用正常但标准任务下降，可能存在特定能力回退或拨测环境问题,性能分80.1/基线79.6；P95 8285ms/基线8297ms；成功率96.55%/基线96.3%；单请求成本0.000800/基线0.000800；主动拨测成功率98.96%；诊断=capability_or_probe_issue
2026-07-03,Minimax-M2.5,MiniMax,83.4783,20.0,低,0.0,0.0,20.0,0.0,0.0,0.0,fusion_diagnosis,融合诊断,True,7.0,74.0055,76.7496,2.7441,2246.4,2011.1,1.117,97.4359,97.1429,0.0,0.0017,0.0017,1.0,0.0024,0.0024,1.0,80.1904,80.98,0.7896,100.0,626.75,79.9435,environment_latency_gap,low,标准拨测健康但真实调用延迟明显更高，差异更可能来自业务环境,性能分74.0/基线76.7；P95 2246ms/基线2011ms；成功率97.44%/基线97.1%；单请求成本0.001700/基线0.001700；主动拨测成功率100.00%；诊断=environment_latency_gap
2026-07-03,Qwen3.6-35B-A3B,Qwen,87.2118,20.0,低,0.0,0.0,20.0,0.0,0.0,0.0,fusion_diagnosis,融合诊断,True,7.0,83.7263,75.1218,0.0,2106.0,2736.0,0.7697,94.1176,94.7368,0.6192,0.0011,0.0011,1.0,0.0016,0.0016,1.0,80.4984,77.504,0.0,100.0,689.25,78.0894,environment_latency_gap,low,标准拨测健康但真实调用延迟明显更高，差异更可能来自业务环境,性能分83.7/基线75.1；P95 2106ms/基线2736ms；成功率94.12%/基线94.7%；单请求成本0.001100/基线0.001100；主动拨测成功率100.00%；诊断=environment_latency_gap
2026-07-04,DeepSeek-V4,DeepSeek,85.6595,45.0,中,0.0,0.0,45.0,0.0,0.0,0.0,fusion_diagnosis,融合诊断,True,7.0,79.4785,79.5907,0.1122,8338.65,8297.0,1.005,96.3974,96.5502,0.1528,0.0008,0.0008,1.0,0.0012,0.0012,1.0,78.936,80.2128,1.2768,100.0,4707.25,78.2948,capability_or_probe_issue,medium,真实调用正常但标准任务下降，可能存在特定能力回退或拨测环境问题,性能分79.5/基线79.6；P95 8339ms/基线8297ms；成功率96.40%/基线96.6%；单请求成本0.000800/基线0.000800；主动拨测成功率100.00%；诊断=capability_or_probe_issue
2026-07-04,Minimax-M2.5,MiniMax,84.7639,20.0,低,0.0,0.0,20.0,0.0,0.0,0.0,fusion_diagnosis,融合诊断,True,7.0,76.9971,76.7496,0.0,1899.4,2011.1,0.9445,96.4706,97.1429,0.6723,0.0016,0.0017,0.9412,0.0024,0.0024,1.0,81.064,80.98,0.0,100.0,628.5,80.3875,environment_latency_gap,low,标准拨测健康但真实调用延迟明显更高，差异更可能来自业务环境,性能分77.0/基线76.7；P95 1899ms/基线2011ms；成功率96.47%/基线97.1%；单请求成本0.001600/基线0.001700；主动拨测成功率100.00%；诊断=environment_latency_gap
2026-07-04,Qwen3.6-35B-A3B,Qwen,84.1612,50.1174,中,29.2351,50.1174,35.0,0.0,83.529,0.0,success_risk,成功率异常,True,7.0,82.5198,75.1218,0.0,2130.3,2736.0,0.7786,86.0,94.1176,8.1176,0.0011,0.0011,1.0,0.0016,0.0016,1.0,83.3152,77.504,0.0,100.0,699.5,77.826,platform_or_traffic_issue,medium,真实调用下降但标准拨测正常，优先排查用户输入、网络和平台链路,性能分82.5/基线75.1；P95 2130ms/基线2736ms；成功率86.00%/基线94.1%；单请求成本0.001100/基线0.001100；主动拨测成功率100.00%；诊断=platform_or_traffic_issue
2026-07-05,DeepSeek-V4,DeepSeek,85.6183,45.0,中,0.0,0.0,45.0,0.0,0.0,0.0,fusion_diagnosis,融合诊断,True,7.0,78.8914,79.5907,0.6993,8709.1,8297.0,1.0497,96.6454,96.5502,0.0,0.0008,0.0008,1.0,0.0012,0.0012,1.0,80.0336,80.2128,0.1792,100.0,4712.75,80.091,capability_or_probe_issue,medium,真实调用正常但标准任务下降，可能存在特定能力回退或拨测环境问题,性能分78.9/基线79.6；P95 8709ms/基线8297ms；成功率96.65%/基线96.6%；单请求成本0.000800/基线0.000800；主动拨测成功率100.00%；诊断=capability_or_probe_issue
2026-07-05,Minimax-M2.5,MiniMax,70.9368,60.0,高,40.0,60.0,35.0,100.0,0.0,0.0,performance_risk,性能下降,True,7.0,47.9392,76.7496,28.8104,3578.0,2011.1,1.7791,100.0,97.1429,0.0,0.0017,0.0017,1.0,0.0024,0.0024,1.0,79.7816,81.0472,1.2656,100.0,612.0,82.8195,platform_or_traffic_issue,medium,真实调用下降但标准拨测正常，优先排查用户输入、网络和平台链路,性能分47.9/基线76.7；P95 3578ms/基线2011ms；成功率100.00%/基线97.1%；单请求成本0.001700/基线0.001700；主动拨测成功率100.00%；诊断=platform_or_traffic_issue
2026-07-05,Qwen3.6-35B-A3B,Qwen,82.4239,20.0,低,0.0,0.0,20.0,0.0,0.0,0.0,fusion_diagnosis,融合诊断,True,7.0,71.4493,77.031,5.5817,2696.0,2550.4,1.0571,95.6522,92.3077,0.0,0.001,0.0011,0.9091,0.0016,0.0016,1.0,85.8856,79.0368,0.0,100.0,668.75,77.6313,environment_latency_gap,low,标准拨测健康但真实调用延迟明显更高，差异更可能来自业务环境,性能分71.4/基线77.0；P95 2696ms/基线2550ms；成功率95.65%/基线92.3%；单请求成本0.001000/基线0.001100；主动拨测成功率100.00%；诊断=environment_latency_gap
2026-07-06,DeepSeek-V4,DeepSeek,85.7235,45.0,中,0.0,0.0,45.0,0.0,0.0,0.0,fusion_diagnosis,融合诊断,True,7.0,79.273,79.5907,0.3177,8510.0,8338.65,1.0205,96.4626,96.5502,0.0876,0.0008,0.0008,1.0,0.0012,0.0012,1.0,79.8936,80.0336,0.14,97.9167,4666.25,82.0517,capability_or_probe_issue,medium,真实调用正常但标准任务下降，可能存在特定能力回退或拨测环境问题,性能分79.3/基线79.6；P95 8510ms/基线8339ms；成功率96.46%/基线96.6%；单请求成本0.000800/基线0.000800；主动拨测成功率97.92%；诊断=capability_or_probe_issue
2026-07-06,Minimax-M2.5,MiniMax,72.4337,55.1413,中,36.7609,55.1413,35.0,91.9022,0.0,0.0,performance_risk,性能下降,True,7.0,51.3597,74.3931,23.0334,3782.0,2099.75,1.8012,99.1736,97.1429,0.0,0.0017,0.0017,1.0,0.0024,0.0024,1.0,78.3592,81.0472,2.688,100.0,639.5,80.418,platform_or_traffic_issue,medium,真实调用下降但标准拨测正常，优先排查用户输入、网络和平台链路,性能分51.4/基线74.4；P95 3782ms/基线2100ms；成功率99.17%/基线97.1%；单请求成本0.001700/基线0.001700；主动拨测成功率100.00%；诊断=platform_or_traffic_issue
2026-07-06,Qwen3.6-35B-A3B,Qwen,72.7708,60.0,高,54.7361,60.0,35.0,49.3402,100.0,0.0,success_risk,成功率异常,True,7.0,64.3341,77.031,12.6969,3511.75,2550.4,1.3769,81.8182,94.1176,12.2994,0.0011,0.0011,1.0,0.0016,0.0016,1.0,77.8544,80.4984,2.644,100.0,654.75,80.1157,platform_or_traffic_issue,medium,真实调用下降但标准拨测正常，优先排查用户输入、网络和平台链路,性能分64.3/基线77.0；P95 3512ms/基线2550ms；成功率81.82%/基线94.1%；单请求成本0.001100/基线0.001100；主动拨测成功率100.00%；诊断=platform_or_traffic_issue
2026-07-07,DeepSeek-V4,DeepSeek,85.8694,45.0,中,0.0,0.0,45.0,0.0,0.0,0.0,fusion_diagnosis,融合诊断,True,7.0,79.5129,79.4785,0.0,8542.0,8338.65,1.0244,96.6096,96.4626,0.0,0.0008,0.0008,1.0,0.0012,0.0012,1.0,79.72,79.8936,0.1736,100.0,4697.5,79.4045,capability_or_probe_issue,medium,真实调用正常但标准任务下降，可能存在特定能力回退或拨测环境问题,性能分79.5/基线79.5；P95 8542ms/基线8339ms；成功率96.61%/基线96.5%；单请求成本0.000800/基线0.000800；主动拨测成功率100.00%；诊断=capability_or_probe_issue
2026-07-07,Minimax-M2.5,MiniMax,86.4045,20.0,低,0.0,0.0,20.0,0.0,0.0,0.0,fusion_diagnosis,融合诊断,True,7.0,78.6791,74.3931,0.0,1912.0,2116.8,0.9033,99.1736,97.4359,0.0,0.0016,0.0017,0.9412,0.0024,0.0024,1.0,80.4328,80.1904,0.0,100.0,622.5,79.6745,environment_latency_gap,low,标准拨测健康但真实调用延迟明显更高，差异更可能来自业务环境,性能分78.7/基线74.4；P95 1912ms/基线2117ms；成功率99.17%/基线97.4%；单请求成本0.001600/基线0.001700；主动拨测成功率100.00%；诊断=environment_latency_gap
2026-07-07,Qwen3.6-35B-A3B,Qwen,77.9135,35.0,中,29.3782,27.1624,35.0,33.8337,45.2707,0.0,fusion_diagnosis,融合诊断,True,7.0,67.8093,71.4493,3.64,3228.8,2696.0,1.1976,89.8551,92.3077,2.4526,0.0011,0.0011,1.0,0.0016,0.0016,1.0,81.6128,79.0368,0.0,100.0,623.5,80.2409,platform_or_traffic_issue,medium,真实调用下降但标准拨测正常，优先排查用户输入、网络和平台链路,性能分67.8/基线71.4；P95 3229ms/基线2696ms；成功率89.86%/基线92.3%；单请求成本0.001100/基线0.001100；主动拨测成功率100.00%；诊断=platform_or_traffic_issue
2026-07-08,DeepSeek-V4,DeepSeek,85.2873,45.0,中,0.0,0.0,45.0,0.0,0.0,0.0,fusion_diagnosis,融合诊断,True,7.0,78.842,79.4785,0.6365,8882.1,8416.8,1.0553,95.9469,96.5502,0.6033,0.0008,0.0008,1.0,0.0012,0.0012,1.0,79.6376,79.7536,0.116,100.0,4725.75,78.4231,capability_or_probe_issue,medium,真实调用正常但标准任务下降，可能存在特定能力回退或拨测环境问题,性能分78.8/基线79.5；P95 8882ms/基线8417ms；成功率95.95%/基线96.6%；单请求成本0.000800/基线0.000800；主动拨测成功率100.00%；诊断=capability_or_probe_issue
2026-07-08,Minimax-M2.5,MiniMax,86.3923,20.0,低,0.0,0.0,20.0,0.0,0.0,0.0,fusion_diagnosis,融合诊断,True,7.0,78.4873,76.7496,0.0,1987.4,2011.1,0.9882,99.187,97.4359,0.0,0.0016,0.0017,0.9412,0.0024,0.0024,1.0,80.9912,80.1904,0.0,100.0,598.25,81.1237,environment_latency_gap,low,标准拨测健康但真实调用延迟明显更高，差异更可能来自业务环境,性能分78.5/基线76.7；P95 1987ms/基线2011ms；成功率99.19%/基线97.4%；单请求成本0.001600/基线0.001700；主动拨测成功率100.00%；诊断=environment_latency_gap
2026-07-08,Qwen3.6-35B-A3B,Qwen,81.8977,20.0,低,0.0,0.0,20.0,0.0,0.0,0.0,fusion_diagnosis,融合诊断,True,7.0,72.6432,71.4493,0.0,2993.45,2696.0,1.1103,94.8276,92.3077,0.0,0.0011,0.0011,1.0,0.0016,0.0016,1.0,80.3416,80.4984,0.1568,100.0,655.75,80.5473,environment_latency_gap,low,标准拨测健康但真实调用延迟明显更高，差异更可能来自业务环境,性能分72.6/基线71.4；P95 2993ms/基线2696ms；成功率94.83%/基线92.3%；单请求成本0.001100/基线0.001100；主动拨测成功率100.00%；诊断=environment_latency_gap
2026-07-09,DeepSeek-V4,DeepSeek,85.8827,45.0,中,0.0,0.0,45.0,0.0,0.0,0.0,fusion_diagnosis,融合诊断,True,7.0,79.0989,79.273,0.1741,8715.7,8510.0,1.0242,96.5724,96.4626,0.0,0.0008,0.0008,1.0,0.0012,0.0012,1.0,81.2768,79.72,0.0,100.0,4692.25,80.3561,capability_or_probe_issue,medium,真实调用正常但标准任务下降，可能存在特定能力回退或拨测环境问题,性能分79.1/基线79.3；P95 8716ms/基线8510ms；成功率96.57%/基线96.5%；单请求成本0.000800/基线0.000800；主动拨测成功率100.00%；诊断=capability_or_probe_issue
2026-07-09,Minimax-M2.5,MiniMax,85.3472,23.6159,低,13.776,23.6159,0.0,0.0,39.3599,0.0,success_risk,成功率异常,True,7.0,78.6654,76.9971,0.0,1748.8,1987.4,0.8799,96.1039,99.1736,3.0697,0.0016,0.0016,1.0,0.0024,0.0024,1.0,80.256,80.4328,0.1768,100.0,636.75,80.4272,healthy,none,真实调用与标准拨测均处于健康范围,性能分78.7/基线77.0；P95 1749ms/基线1987ms；成功率96.10%/基线99.2%；单请求成本0.001600/基线0.001600；主动拨测成功率100.00%；诊断=healthy
2026-07-09,Qwen3.6-35B-A3B,Qwen,81.8171,20.0,低,0.0,0.0,20.0,0.0,0.0,0.0,fusion_diagnosis,融合诊断,True,7.0,71.4528,72.6432,1.1904,2961.0,2696.0,1.0983,96.0784,92.3077,0.0,0.0011,0.0011,1.0,0.0016,0.0016,1.0,80.824,80.4984,0.0,100.0,631.5,80.9821,environment_latency_gap,low,标准拨测健康但真实调用延迟明显更高，差异更可能来自业务环境,性能分71.5/基线72.6；P95 2961ms/基线2696ms；成功率96.08%/基线92.3%；单请求成本0.001100/基线0.001100；主动拨测成功率100.00%；诊断=environment_latency_gap
2026-07-10,DeepSeek-V4,DeepSeek,84.6798,45.0,中,0.0,0.0,45.0,0.0,0.0,0.0,fusion_diagnosis,融合诊断,True,7.0,78.1957,79.273,1.0773,8990.35,8542.0,1.0525,95.0317,96.5502,1.5185,0.0008,0.0008,1.0,0.0012,0.0012,1.0,79.8992,79.7536,0.0,100.0,4676.75,82.1598,capability_or_probe_issue,medium,真实调用正常但标准任务下降，可能存在特定能力回退或拨测环境问题,性能分78.2/基线79.3；P95 8990ms/基线8542ms；成功率95.03%/基线96.6%；单请求成本0.000800/基线0.000800；主动拨测成功率100.00%；诊断=capability_or_probe_issue
2026-07-10,Minimax-M2.5,MiniMax,83.4721,20.0,低,0.0,0.0,20.0,0.0,0.0,0.0,fusion_diagnosis,融合诊断,True,7.0,73.7119,76.9971,3.2852,2331.4,1987.4,1.1731,97.7528,99.1736,1.4208,0.0016,0.0016,1.0,0.0024,0.0024,1.0,80.3808,80.256,0.0,100.0,639.25,80.9568,environment_latency_gap,low,标准拨测健康但真实调用延迟明显更高，差异更可能来自业务环境,性能分73.7/基线77.0；P95 2331ms/基线1987ms；成功率97.75%/基线99.2%；单请求成本0.001600/基线0.001600；主动拨测成功率100.00%；诊断=environment_latency_gap
2026-07-10,Qwen3.6-35B-A3B,Qwen,78.6349,35.0,中,27.1656,25.4545,35.0,30.7929,42.4241,0.0,fusion_diagnosis,融合诊断,True,7.0,69.5469,71.4528,1.9059,3179.2,2961.0,1.0737,90.6977,94.1176,3.4199,0.0011,0.0011,1.0,0.0016,0.0016,1.0,78.644,80.824,2.18,100.0,644.25,80.1738,platform_or_traffic_issue,medium,真实调用下降但标准拨测正常，优先排查用户输入、网络和平台链路,性能分69.5/基线71.5；P95 3179ms/基线2961ms；成功率90.70%/基线94.1%；单请求成本0.001100/基线0.001100；主动拨测成功率100.00%；诊断=platform_or_traffic_issue
2026-07-11,DeepSeek-V4,DeepSeek,85.4939,45.0,中,0.0,0.0,45.0,0.0,0.0,0.0,fusion_diagnosis,融合诊断,True,7.0,78.8382,79.0989,0.2607,8836.5,8709.1,1.0146,96.3378,96.4626,0.1248,0.0008,0.0008,1.0,0.0012,0.0012,1.0,80.1064,79.8936,0.0,100.0,4698.0,79.0357,capability_or_probe_issue,medium,真实调用正常但标准任务下降，可能存在特定能力回退或拨测环境问题,性能分78.8/基线79.1；P95 8836ms/基线8709ms；成功率96.34%/基线96.5%；单请求成本0.000800/基线0.000800；主动拨测成功率100.00%；诊断=capability_or_probe_issue
2026-07-11,Minimax-M2.5,MiniMax,84.3384,21.5826,低,12.5898,21.5826,20.0,0.0,35.971,0.0,success_risk,成功率异常,True,7.0,76.5003,76.9971,0.4968,1819.0,1987.4,0.9153,96.4912,99.1736,2.6824,0.0017,0.0016,1.0625,0.0024,0.0024,1.0,79.8344,80.3808,0.5464,100.0,601.0,81.9001,environment_latency_gap,low,标准拨测健康但真实调用延迟明显更高，差异更可能来自业务环境,性能分76.5/基线77.0；P95 1819ms/基线1987ms；成功率96.49%/基线99.2%；单请求成本0.001700/基线0.001600；主动拨测成功率100.00%；诊断=environment_latency_gap
2026-07-11,Qwen3.6-35B-A3B,Qwen,73.2554,60.0,高,49.6872,60.0,35.0,36.7181,100.0,0.0,success_risk,成功率异常,True,7.0,66.1611,71.4493,5.2882,3366.7,2993.45,1.1247,79.4118,90.6977,11.2859,0.0011,0.0011,1.0,0.0016,0.0016,1.0,80.6664,80.824,0.1576,100.0,591.0,83.7041,platform_or_traffic_issue,medium,真实调用下降但标准拨测正常，优先排查用户输入、网络和平台链路,性能分66.2/基线71.4；P95 3367ms/基线2993ms；成功率79.41%/基线90.7%；单请求成本0.001100/基线0.001100；主动拨测成功率100.00%；诊断=platform_or_traffic_issue
2026-07-12,DeepSeek-V4,DeepSeek,85.2202,45.0,中,0.0,0.0,45.0,0.0,0.0,0.0,fusion_diagnosis,融合诊断,True,7.0,78.607,78.8914,0.2844,9093.0,8715.7,1.0433,95.5224,96.4626,0.9402,0.0008,0.0008,1.0,0.0012,0.0012,1.0,80.9744,79.8992,0.0,100.0,4700.25,80.3012,capability_or_probe_issue,medium,真实调用正常但标准任务下降，可能存在特定能力回退或拨测环境问题,性能分78.6/基线78.9；P95 9093ms/基线8716ms；成功率95.52%/基线96.5%；单请求成本0.000800/基线0.000800；主动拨测成功率100.00%；诊断=capability_or_probe_issue
2026-07-12,Minimax-M2.5,MiniMax,81.9937,20.0,低,0.0,0.0,20.0,0.0,0.0,0.0,fusion_diagnosis,融合诊断,True,7.0,70.5647,76.5003,5.9356,2327.9,1987.4,1.1713,98.3333,99.1736,0.8403,0.0017,0.0016,1.0625,0.0024,0.0024,1.0,79.6472,80.256,0.6088,100.0,647.75,77.7416,environment_latency_gap,low,标准拨测健康但真实调用延迟明显更高，差异更可能来自业务环境,性能分70.6/基线76.5；P95 2328ms/基线1987ms；成功率98.33%/基线99.2%；单请求成本0.001700/基线0.001600；主动拨测成功率100.00%；诊断=environment_latency_gap
2026-07-12,Qwen3.6-35B-A3B,Qwen,84.0346,20.0,低,0.0,0.0,20.0,0.0,0.0,0.0,fusion_diagnosis,融合诊断,True,7.0,77.0397,69.5469,0.0,2788.2,3179.2,0.877,96.5517,90.6977,0.0,0.0012,0.0011,1.0909,0.0016,0.0016,1.0,75.8688,80.6664,4.7976,100.0,673.75,78.319,environment_latency_gap,low,标准拨测健康但真实调用延迟明显更高，差异更可能来自业务环境,性能分77.0/基线69.5；P95 2788ms/基线3179ms；成功率96.55%/基线90.7%；单请求成本0.001200/基线0.001100；主动拨测成功率100.00%；诊断=environment_latency_gap
2026-07-13,DeepSeek-V4,DeepSeek,85.19,45.0,中,0.0,0.0,45.0,0.0,0.0,0.0,fusion_diagnosis,融合诊断,True,7.0,79.0246,78.842,0.0,9019.4,8836.5,1.0207,95.7873,96.3378,0.5505,0.0008,0.0008,1.0,0.0012,0.0012,1.0,78.7568,79.8992,1.1424,100.0,4705.5,78.5478,capability_or_probe_issue,medium,真实调用正常但标准任务下降，可能存在特定能力回退或拨测环境问题,性能分79.0/基线78.8；P95 9019ms/基线8836ms；成功率95.79%/基线96.3%；单请求成本0.000800/基线0.000800；主动拨测成功率100.00%；诊断=capability_or_probe_issue
2026-07-13,Minimax-M2.5,MiniMax,87.5217,20.0,低,0.0,0.0,20.0,0.0,0.0,0.0,fusion_diagnosis,融合诊断,True,7.0,82.8437,76.5003,0.0,1773.5,1987.4,0.8924,98.6111,98.3333,0.0,0.0018,0.0016,1.125,0.0024,0.0024,1.0,74.9152,80.256,5.3408,100.0,627.0,81.2133,environment_latency_gap,low,标准拨测健康但真实调用延迟明显更高，差异更可能来自业务环境,性能分82.8/基线76.5；P95 1774ms/基线1987ms；成功率98.61%/基线98.3%；单请求成本0.001800/基线0.001600；主动拨测成功率100.00%；诊断=environment_latency_gap
2026-07-13,Qwen3.6-35B-A3B,Qwen,81.5881,35.0,中,17.4162,29.8564,35.0,0.0,49.7606,0.0,fusion_diagnosis,融合诊断,True,7.0,76.3125,69.5469,0.0,2885.5,3179.2,0.9076,88.6364,90.6977,2.0613,0.0011,0.0011,1.0,0.0016,0.0016,1.0,80.6384,80.3416,0.0,100.0,643.0,79.469,platform_or_traffic_issue,medium,真实调用下降但标准拨测正常，优先排查用户输入、网络和平台链路,性能分76.3/基线69.5；P95 2886ms/基线3179ms；成功率88.64%/基线90.7%；单请求成本0.001100/基线0.001100；主动拨测成功率100.00%；诊断=platform_or_traffic_issue
2026-07-14,DeepSeek-V4,DeepSeek,78.3679,80.0,严重,39.2024,42.392,80.0,36.1843,70.6534,0.0,fusion_diagnosis,融合诊断,True,7.0,69.3401,78.842,9.5019,11646.9,8882.1,1.3113,89.3008,95.9469,6.6461,0.0008,0.0008,1.0,0.0012,0.0012,1.0,80.8456,79.8992,0.0,100.0,4673.25,79.6636,model_side_degradation,high,真实调用与标准环境同步下降，模型服务或模型能力更可能异常,性能分69.3/基线78.8；P95 11647ms/基线8882ms；成功率89.30%/基线95.9%；单请求成本0.000800/基线0.000800；主动拨测成功率100.00%；诊断=model_side_degradation
2026-07-14,Minimax-M2.5,MiniMax,85.1636,20.0,低,0.0,0.0,20.0,0.0,0.0,0.0,fusion_diagnosis,融合诊断,True,7.0,76.4424,78.4873,2.0449,2025.75,1912.0,1.0595,98.8372,98.3333,0.0,0.0016,0.0016,1.0,0.0024,0.0024,1.0,80.0,80.256,0.256,98.9583,638.25,80.4178,environment_latency_gap,low,标准拨测健康但真实调用延迟明显更高，差异更可能来自业务环境,性能分76.4/基线78.5；P95 2026ms/基线1912ms；成功率98.84%/基线98.3%；单请求成本0.001600/基线0.001600；主动拨测成功率98.96%；诊断=environment_latency_gap
2026-07-14,Qwen3.6-35B-A3B,Qwen,69.2544,52.3182,中,48.6162,52.3182,35.0,87.197,39.2496,0.0,performance_risk,性能下降,True,7.0,49.5621,71.4528,21.8907,5277.2,2993.45,1.7629,91.4894,90.6977,0.0,0.0011,0.0011,1.0,0.0016,0.0016,1.0,80.8576,80.6384,0.0,100.0,681.75,78.3236,platform_or_traffic_issue,medium,真实调用下降但标准拨测正常，优先排查用户输入、网络和平台链路,性能分49.6/基线71.5；P95 5277ms/基线2993ms；成功率91.49%/基线90.7%；单请求成本0.001100/基线0.001100；主动拨测成功率100.00%；诊断=platform_or_traffic_issue
2026-07-15,DeepSeek-V4,DeepSeek,64.2499,80.0,严重,53.1537,60.0,80.0,100.0,37.5819,0.0,fusion_diagnosis,融合诊断,True,7.0,39.0923,78.8382,39.7459,19876.25,8990.35,2.2108,92.9208,95.7873,2.8665,0.0008,0.0008,1.0,0.0012,0.0012,1.0,79.02,80.1064,1.0864,100.0,4655.5,79.8041,model_side_degradation,high,真实调用与标准环境同步下降，模型服务或模型能力更可能异常,性能分39.1/基线78.8；P95 19876ms/基线8990ms；成功率92.92%/基线95.8%；单请求成本0.000800/基线0.000800；主动拨测成功率100.00%；诊断=model_side_degradation
2026-07-15,Minimax-M2.5,MiniMax,86.1877,20.0,低,0.0,0.0,20.0,0.0,0.0,0.0,fusion_diagnosis,融合诊断,True,7.0,78.7786,76.5003,0.0,1886.0,1987.4,0.949,100.0,98.3333,0.0,0.0017,0.0016,1.0625,0.0024,0.0024,1.0,78.656,80.0,1.344,100.0,642.25,78.9271,environment_latency_gap,low,标准拨测健康但真实调用延迟明显更高，差异更可能来自业务环境,性能分78.8/基线76.5；P95 1886ms/基线1987ms；成功率100.00%/基线98.3%；单请求成本0.001700/基线0.001600；主动拨测成功率100.00%；诊断=environment_latency_gap
2026-07-15,Qwen3.6-35B-A3B,Qwen,63.8844,60.0,高,52.1984,60.0,35.0,100.0,34.8525,0.0,performance_risk,性能下降,True,7.0,38.9847,71.4528,32.4681,6366.0,2993.45,2.1266,92.6829,91.4894,0.0,0.0011,0.0011,1.0,0.0016,0.0016,1.0,77.5024,80.6384,3.136,100.0,645.5,78.4214,platform_or_traffic_issue,medium,真实调用下降但标准拨测正常，优先排查用户输入、网络和平台链路,性能分39.0/基线71.5；P95 6366ms/基线2993ms；成功率92.68%/基线91.5%；单请求成本0.001100/基线0.001100；主动拨测成功率100.00%；诊断=platform_or_traffic_issue
2026-07-16,DeepSeek-V4,DeepSeek,63.5945,80.0,严重,50.9369,60.0,80.0,100.0,31.2482,0.0,fusion_diagnosis,融合诊断,True,7.0,37.063,78.607,41.544,20870.05,9019.4,2.3139,93.6612,95.5224,1.8612,0.0008,0.0008,1.0,0.0012,0.0012,1.0,79.6696,80.1064,0.4368,100.0,4684.25,79.6984,model_side_degradation,high,真实调用与标准环境同步下降，模型服务或模型能力更可能异常,性能分37.1/基线78.6；P95 20870ms/基线9019ms；成功率93.66%/基线95.5%；单请求成本0.000800/基线0.000800；主动拨测成功率100.00%；诊断=model_side_degradation
2026-07-16,Minimax-M2.5,MiniMax,73.1422,58.1437,中,58.1437,46.5481,35.0,77.5802,77.4618,0.0,performance_risk,性能下降,True,7.0,56.9451,76.5003,19.5552,2742.2,1886.0,1.454,90.9091,98.3333,7.4242,0.0015,0.0017,0.8824,0.0024,0.0024,1.0,83.5336,79.8344,0.0,100.0,613.5,81.1184,platform_or_traffic_issue,medium,真实调用下降但标准拨测正常，优先排查用户输入、网络和平台链路,性能分56.9/基线76.5；P95 2742ms/基线1886ms；成功率90.91%/基线98.3%；单请求成本0.001500/基线0.001700；主动拨测成功率100.00%；诊断=platform_or_traffic_issue
2026-07-16,Qwen3.6-35B-A3B,Qwen,69.9971,42.1585,中,42.1585,41.1835,35.0,68.6392,42.0079,0.0,performance_risk,性能下降,True,7.0,52.1631,69.5469,17.3838,5060.0,3179.2,1.5916,90.7407,91.4894,0.7487,0.0011,0.0011,1.0,0.0016,0.0016,1.0,78.9032,80.6384,1.7352,100.0,654.5,79.0972,platform_or_traffic_issue,medium,真实调用下降但标准拨测正常，优先排查用户输入、网络和平台链路,性能分52.2/基线69.5；P95 5060ms/基线3179ms；成功率90.74%/基线91.5%；单请求成本0.001100/基线0.001100；主动拨测成功率100.00%；诊断=platform_or_traffic_issue
2026-07-17,DeepSeek-V4,DeepSeek,85.5017,45.0,中,0.0,0.0,45.0,0.0,0.0,0.0,fusion_diagnosis,融合诊断,True,7.0,79.3145,78.1957,0.0,9293.15,9093.0,1.022,95.7458,95.0317,0.0,0.0008,0.0008,1.0,0.0012,0.0012,1.0,79.9664,79.8992,0.0,98.9583,4681.25,80.2282,capability_or_probe_issue,medium,真实调用正常但标准任务下降，可能存在特定能力回退或拨测环境问题,性能分79.3/基线78.2；P95 9293ms/基线9093ms；成功率95.75%/基线95.0%；单请求成本0.000800/基线0.000800；主动拨测成功率98.96%；诊断=capability_or_probe_issue
2026-07-17,Minimax-M2.5,MiniMax,69.326,60.0,高,40.0,60.0,35.0,100.0,0.0,0.0,performance_risk,性能下降,True,7.0,46.3025,76.4424,30.1399,3643.6,2025.75,1.7986,96.7742,98.3333,1.5591,0.0017,0.0017,1.0,0.0024,0.0024,1.0,79.744,79.8344,0.0904,100.0,660.0,80.7685,platform_or_traffic_issue,medium,真实调用下降但标准拨测正常，优先排查用户输入、网络和平台链路,性能分46.3/基线76.4；P95 3644ms/基线2026ms；成功率96.77%/基线98.3%；单请求成本0.001700/基线0.001700；主动拨测成功率100.00%；诊断=platform_or_traffic_issue
2026-07-17,Qwen3.6-35B-A3B,Qwen,83.0096,35.0,中,12.4342,21.3158,35.0,0.0,35.5263,0.0,fusion_diagnosis,融合诊断,True,7.0,74.4609,66.1611,0.0,3650.9,3366.7,1.0844,92.5,90.7407,0.0,0.001,0.0011,0.9091,0.0016,0.0016,1.0,87.1808,78.9032,0.0,100.0,668.25,79.0207,platform_or_traffic_issue,medium,真实调用下降但标准拨测正常，优先排查用户输入、网络和平台链路,性能分74.5/基线66.2；P95 3651ms/基线3367ms；成功率92.50%/基线90.7%；单请求成本0.001000/基线0.001100；主动拨测成功率100.00%；诊断=platform_or_traffic_issue
2026-07-18,DeepSeek-V4,DeepSeek,85.781,45.0,中,0.0,0.0,45.0,0.0,0.0,0.0,fusion_diagnosis,融合诊断,True,7.0,79.8156,78.607,0.0,9372.0,9293.15,1.0085,95.6154,95.5224,0.0,0.0008,0.0008,1.0,0.0012,0.0012,1.0,80.4648,79.9664,0.0,100.0,4673.5,80.3067,capability_or_probe_issue,medium,真实调用正常但标准任务下降，可能存在特定能力回退或拨测环境问题,性能分79.8/基线78.6；P95 9372ms/基线9293ms；成功率95.62%/基线95.5%；单请求成本0.000800/基线0.000800；主动拨测成功率100.00%；诊断=capability_or_probe_issue
2026-07-18,Minimax-M2.5,MiniMax,87.3745,20.0,低,0.0,0.0,20.0,0.0,0.0,0.0,fusion_diagnosis,融合诊断,True,7.0,81.5277,76.4424,0.0,1774.75,2025.75,0.8761,98.8372,98.3333,0.0,0.0017,0.0017,1.0,0.0024,0.0024,1.0,77.788,79.744,1.956,100.0,627.0,82.655,environment_latency_gap,low,标准拨测健康但真实调用延迟明显更高，差异更可能来自业务环境,性能分81.5/基线76.4；P95 1775ms/基线2026ms；成功率98.84%/基线98.3%；单请求成本0.001700/基线0.001700；主动拨测成功率100.00%；诊断=environment_latency_gap
2026-07-18,Qwen3.6-35B-A3B,Qwen,78.2025,35.0,中,22.626,25.5909,35.0,0.0,42.6516,30.7916,fusion_diagnosis,融合诊断,True,7.0,70.6515,66.1611,0.0,3936.2,3650.9,1.0781,90.566,91.4894,0.9234,0.0012,0.0011,1.0909,0.0016,0.0016,1.0,72.3896,80.6384,8.2488,100.0,606.5,82.0084,platform_or_traffic_issue,medium,真实调用下降但标准拨测正常，优先排查用户输入、网络和平台链路,性能分70.7/基线66.2；P95 3936ms/基线3651ms；成功率90.57%/基线91.5%；单请求成本0.001200/基线0.001100；主动拨测成功率100.00%；诊断=platform_or_traffic_issue
2026-07-19,DeepSeek-V4,DeepSeek,86.1005,45.0,中,0.0,0.0,45.0,0.0,0.0,0.0,fusion_diagnosis,融合诊断,True,7.0,80.5793,78.607,0.0,9117.5,9372.0,0.9728,95.2991,95.5224,0.2233,0.0008,0.0008,1.0,0.0012,0.0012,1.0,80.7952,79.9664,0.0,100.0,4685.0,80.2739,capability_or_probe_issue,medium,真实调用正常但标准任务下降，可能存在特定能力回退或拨测环境问题,性能分80.6/基线78.6；P95 9118ms/基线9372ms；成功率95.30%/基线95.5%；单请求成本0.000800/基线0.000800；主动拨测成功率100.00%；诊断=capability_or_probe_issue
2026-07-19,Minimax-M2.5,MiniMax,79.0024,35.0,中,34.3677,22.3134,35.0,31.2387,37.189,35.4244,fusion_diagnosis,融合诊断,True,7.0,69.2922,76.4424,7.1502,2030.3,2025.75,1.0022,95.7895,98.6111,2.8216,0.002,0.0017,1.1765,0.0024,0.0024,1.0,69.9424,79.6472,9.7048,100.0,657.25,79.0534,platform_or_traffic_issue,medium,真实调用下降但标准拨测正常，优先排查用户输入、网络和平台链路,性能分69.3/基线76.4；P95 2030ms/基线2026ms；成功率95.79%/基线98.6%；单请求成本0.002000/基线0.001700；主动拨测成功率100.00%；诊断=platform_or_traffic_issue
2026-07-19,Qwen3.6-35B-A3B,Qwen,83.3114,35.0,中,12.6822,21.7409,35.0,0.0,36.2348,0.0,fusion_diagnosis,融合诊断,True,7.0,76.1178,70.6515,0.0,4066.5,3936.2,1.0331,92.3077,91.4894,0.0,0.001,0.0011,0.9091,0.0016,0.0016,1.0,84.1232,78.9032,0.0,100.0,661.5,79.0209,platform_or_traffic_issue,medium,真实调用下降但标准拨测正常，优先排查用户输入、网络和平台链路,性能分76.1/基线70.7；P95 4066ms/基线3936ms；成功率92.31%/基线91.5%；单请求成本0.001000/基线0.001100；主动拨测成功率100.00%；诊断=platform_or_traffic_issue
2026-07-20,DeepSeek-V4,DeepSeek,86.0404,45.0,中,0.0,0.0,45.0,0.0,0.0,0.0,fusion_diagnosis,融合诊断,True,7.0,80.1281,79.0246,0.0,9488.3,9372.0,1.0124,95.6364,95.2991,0.0,0.0008,0.0008,1.0,0.0012,0.0012,1.0,81.1032,79.9664,0.0,100.0,4717.75,79.9717,capability_or_probe_issue,medium,真实调用正常但标准任务下降，可能存在特定能力回退或拨测环境问题,性能分80.1/基线79.0；P95 9488ms/基线9372ms；成功率95.64%/基线95.3%；单请求成本0.000800/基线0.000800；主动拨测成功率100.00%；诊断=capability_or_probe_issue
2026-07-20,Minimax-M2.5,MiniMax,82.5465,20.0,低,0.0,0.0,20.0,0.0,0.0,0.0,fusion_diagnosis,融合诊断,True,7.0,72.5724,76.4424,3.87,2043.8,2025.75,1.0089,97.1429,98.6111,1.4682,0.0017,0.0017,1.0,0.0024,0.0024,1.0,79.4456,78.656,0.0,100.0,643.0,79.3974,environment_latency_gap,low,标准拨测健康但真实调用延迟明显更高，差异更可能来自业务环境,性能分72.6/基线76.4；P95 2044ms/基线2026ms；成功率97.14%/基线98.6%；单请求成本0.001700/基线0.001700；主动拨测成功率100.00%；诊断=environment_latency_gap
2026-07-20,Qwen3.6-35B-A3B,Qwen,83.7514,35.0,中,13.3326,22.8559,35.0,0.0,38.0931,0.0,fusion_diagnosis,融合诊断,True,7.0,76.4007,70.6515,0.0,3552.0,4066.5,0.8735,91.8033,91.4894,0.0,0.001,0.0011,0.9091,0.0016,0.0016,1.0,87.3024,80.6384,0.0,100.0,617.75,80.2468,platform_or_traffic_issue,medium,真实调用下降但标准拨测正常，优先排查用户输入、网络和平台链路,性能分76.4/基线70.7；P95 3552ms/基线4066ms；成功率91.80%/基线91.5%；单请求成本0.001000/基线0.001100；主动拨测成功率100.00%；诊断=platform_or_traffic_issue
2026-07-21,DeepSeek-V4,DeepSeek,85.4881,45.0,中,0.0,0.0,45.0,0.0,0.0,0.0,fusion_diagnosis,融合诊断,True,7.0,80.3928,79.3145,0.0,9458.8,9488.3,0.9969,94.4674,95.2991,0.8317,0.0008,0.0008,1.0,0.0012,0.0012,1.0,79.2944,80.4648,1.1704,100.0,4702.5,80.1126,capability_or_probe_issue,medium,真实调用正常但标准任务下降，可能存在特定能力回退或拨测环境问题,性能分80.4/基线79.3；P95 9459ms/基线9488ms；成功率94.47%/基线95.3%；单请求成本0.000800/基线0.000800；主动拨测成功率100.00%；诊断=capability_or_probe_issue
2026-07-21,Minimax-M2.5,MiniMax,88.911,20.0,低,0.0,0.0,20.0,0.0,0.0,0.0,fusion_diagnosis,融合诊断,True,7.0,82.782,72.5724,0.0,1698.8,2030.3,0.8367,99.0654,97.1429,0.0,0.0016,0.0017,0.9412,0.0024,0.0024,1.0,83.4664,79.4456,0.0,100.0,604.5,83.3245,environment_latency_gap,low,标准拨测健康但真实调用延迟明显更高，差异更可能来自业务环境,性能分82.8/基线72.6；P95 1699ms/基线2030ms；成功率99.07%/基线97.1%；单请求成本0.001600/基线0.001700；主动拨测成功率100.00%；诊断=environment_latency_gap
2026-07-21,Qwen3.6-35B-A3B,Qwen,83.1868,35.0,中,15.0438,25.7895,35.0,0.0,42.9824,0.0,fusion_diagnosis,融合诊断,True,7.0,76.9137,70.6515,0.0,3661.4,4066.5,0.9004,90.4762,91.8033,1.3271,0.001,0.0011,0.9091,0.0016,0.0016,1.0,84.956,80.8576,0.0,100.0,593.0,82.8647,platform_or_traffic_issue,medium,真实调用下降但标准拨测正常，优先排查用户输入、网络和平台链路,性能分76.9/基线70.7；P95 3661ms/基线4066ms；成功率90.48%/基线91.8%；单请求成本0.001000/基线0.001100；主动拨测成功率100.00%；诊断=platform_or_traffic_issue
